SPRINT,START_DATE,END_DATE,TICKET,PR_ID,USER,PR_ADDED,PR_REMOVED,COMMIT_ADDED,COMMIT_REMOVED,APPROVED,COMMENTED,DECLINED,MERGED,OPENED,RESCOPED,UNAPPROVED,UPDATED,AUTHOR,COMMENTS,COMMIT_MESSAGES
Snx-Haaldersbroekerdwarsstraat,2023/04/13,2023/04/26,HUB-96193,1407,DChen,98,13,0,0,0,0,0,0,0,0,0,0,DChen,,
Sprint Totals,,,,,,PR_ADDED: 98,PR_REMOVED: 13,COMMIT_ADDED: 0,COMMIT_REMOVED: 0,APPROVED: 0,COMMENTED: 0,DECLINED: 0,MERGED: 0,OPENED: 0,RESCOPED: 0,UNAPPROVED: 0,UPDATED: 0,,,

Snax - Idiotville (4/27-5/10),2023/04/27,2023/05/10,HUB-96193,1407,DChen,98,13,19,7,0,0,0,1,1,0,0,0,DChen,,"1. PROD-164945: stop webinar events from creating IX jobs
2. PROD-164945: resolve conflict
3. Revert ""PROD-164945: resolve conflict""  This reverts commit 42ff40d8cb24b7d275c76465e078e88c80ad56cf.
4. PROD-164945: resolve conflict
5. Pull request #1403: PROD-164945: Stop webinar events from creating IX jobs  Merge in FAL/falcon-data from PROD-164945 to develop  * commit 'c8052100995db35715288090149bbf8c67143327':    Revert ""PROD-164945: resolve conflict""    PROD-164945: resolve conflict    PROD-164945: stop webinar events from creating IX jobs
6. Pull request #1405: Downmerge master -> develop  Merge in FAL/falcon-data from master to develop  * commit '7c9a7279c309ac062af97e615b6c85c46cfa4cca':    prepare for next development iteration    RELEASE: falcon-data-parent@1.4.90    HUB-91092: Prep for release/1.4.90
7. Release/1.4.91 | Update Changelog"
Sprint Totals,,,,,,PR_ADDED: 98,PR_REMOVED: 13,COMMIT_ADDED: 19,COMMIT_REMOVED: 7,APPROVED: 0,COMMENTED: 0,DECLINED: 0,MERGED: 1,OPENED: 1,RESCOPED: 0,UNAPPROVED: 0,UPDATED: 0,,,

Overall Totals,,,,,,PR_ADDED: 196,PR_REMOVED: 26,COMMIT_ADDED: 19,COMMIT_REMOVED: 7,APPROVED: 0,COMMENTED: 0,DECLINED: 0,MERGED: 1,OPENED: 1,RESCOPED: 0,UNAPPROVED: 0,UPDATED: 0,,,
