SPRINT,START_DATE,END_DATE,TICKET,PR_ID,USER,PR_ADDED,PR_REMOVED,COMMIT_ADDED,COMMIT_REMOVED,APPROVED,COMMENTED,DECLINED,MERGED,OPENED,RESCOPED,UNAPPROVED,UPDATED,AUTHOR,COMMENTS,COMMIT_MESSAGES
PP-Gummy Bears,2023/04/04,2023/04/18,HUB-24122,9087,ACheng,4711,1559,0,0,0,0,0,0,0,0,0,0,ACheng,,
PP-Gummy Bears,2023/04/04,2023/04/18,HUB-88391,3419,ACheng,0,0,400,31,0,0,0,0,0,0,0,0,CLeech,,"1. Pull request #3386: HUB-92435: Fix bug with encoding url that is already encoded when saving custom pages  Merge in AX/attendee-experience-data from hub-92435 to develop  * commit '9b8ee36e6a6ea368012e6fddd42a95dc7f27e26a':    HUB-92435: add try catch and fall back to only encoding url if url is malformed    HUB-92435: add a comment explaining why we need to decode and re-encode uri    fix tests    HUB-92435: fix a couple eslint warnings    HUB-92435: Fix bug with encoding url that is already encoded when saving custom pages
2. HUB-94942: add ability to sort by matchRate when searching attendees by recommendations
3. add comment, add type to fetchAttendees, use map of attendee ids to improve performance
4. HUB-94942: fix types
5. HUB-94942: add comment about limitation of sorting by matchRate
6. Pull request #3404: HUB-94942: add ability to sort by matchRate when searching attendees by recommendations  Merge in AX/attendee-experience-data from hub-94942 to develop  * commit '621629845cb44274a8add1b150a4d12088b2cabd':    HUB-94942: add comment about limitation of sorting by matchRate    HUB-94942: fix types    add comment, add type to fetchAttendees, use map of attendee ids to improve performance    HUB-94942: add ability to sort by matchRate when searching attendees by recommendations"
PP-Gummy Bears,2023/04/04,2023/04/18,HUB-88391,3450,ACheng,6755,3245,0,0,0,0,0,0,0,0,0,0,ACheng,,
PP-Gummy Bears,2023/04/04,2023/04/18,HUB-88391,9087,ACheng,4711,1559,0,0,0,0,0,0,0,0,0,0,ACheng,,
PP-Gummy Bears,2023/04/04,2023/04/18,HUB-88391,3448,ACheng,6755,3245,0,0,0,0,0,0,0,0,0,0,ACheng,,
Sprint Totals,,,,,,PR_ADDED: 22932,PR_REMOVED: 9608,COMMIT_ADDED: 400,COMMIT_REMOVED: 31,APPROVED: 0,COMMENTED: 0,DECLINED: 0,MERGED: 0,OPENED: 0,RESCOPED: 0,UNAPPROVED: 0,UPDATED: 0,,,

PP-Ho Hos,2023/04/18,2023/05/02,PROD-165049,3506,ACheng,0,0,47,6,0,0,0,0,0,0,0,0,CEkrut,,"1. HUB-94903: Return registration:true in getEventFeatures for non container events
2. create separate fixture for container event
3. Pull request #3481: HUB-94903: Return registration:true in getEventFeatures for non container events  Merge in AX/attendee-experience-data from hub-94903 to develop  * commit 'b0d0746199bd57a8f7db88bb46e76548be378615':    create separate fixture for container event    HUB-94903: Return registration:true in getEventFeatures for non container events
4. Merge branch 'master' into downmerge/2.9.1
5. add changeset and comment"
Sprint Totals,,,,,,PR_ADDED: 0,PR_REMOVED: 0,COMMIT_ADDED: 47,COMMIT_REMOVED: 6,APPROVED: 0,COMMENTED: 0,DECLINED: 0,MERGED: 0,OPENED: 0,RESCOPED: 0,UNAPPROVED: 0,UPDATED: 0,,,

PP-Idli,2023/05/02,2023/05/16,HUB-98019,9219,ACheng,0,0,58,281,0,0,0,0,0,0,0,0,Subratkumar.Sahoo,,"1. Merge branch 'develop' of ssh://stash.cvent.net:7999/ax/attendee-experience-web into hub-94903
2. HUB-94903: remove attendeeListRecommendedFilter feature flag and clean up/update tests
3. fix lint
4. remove extra changeset
5. PROD:165840: update changeset
6. Merge branch 'develop' of ssh://stash.cvent.net:7999/ax/attendee-experience-web into hub-94903
7. Merge branch 'develop' of ssh://stash.cvent.net:7999/ax/attendee-experience-web into hub-94903
8. HUB-94903: fix tests
9. Pull request #9186: HUB-94903: remove attendeeListRecommendedFilter feature flag and clean up/update tests  Merge in AX/attendee-experience-web from hub-94903 to develop  * commit 'ee824fc5d115ee0a0b667cc80f78c100552d1362':    HUB-94903: fix tests    PROD:165840: update changeset    remove extra changeset    fix lint    HUB-94903: remove attendeeListRecommendedFilter feature flag and clean up/update tests    use one expect per it block    HUB-94903: fix attendee list e2e tests to update filter positions"
Sprint Totals,,,,,,PR_ADDED: 0,PR_REMOVED: 0,COMMIT_ADDED: 58,COMMIT_REMOVED: 281,APPROVED: 0,COMMENTED: 0,DECLINED: 0,MERGED: 0,OPENED: 0,RESCOPED: 0,UNAPPROVED: 0,UPDATED: 0,,,

PP-Jalapeno Poppers,2023/05/16,2023/05/30,HUB-81331,9354,ACheng,0,0,841,145,0,0,0,0,0,0,0,0,JMcGough,,"1. HUB-98570: restructure code, add phrase keys, fix styling, write tests
2. HUB-99256: add leave prevention modal for messaging page
3. add accessibility label to dismiss attendee from attendee search box
4. add changeset
5. use phrase keys, fix leave modal when one attendee is selected by not updating query param when getting first attendee channel
6. fix test
7. remove wrapping error object
8. Pull request #9339: HUB-98570 and HUB-99256: add new step in message creation process and add leave prevention modal on messaging page  Merge in AX/attendee-experience-web from hub-99256 to develop  * commit '5fed12b502bccae349ed0559e287f5ca8102ed0d':    remove wrapping error object    fix test    use phrase keys, fix leave modal when one attendee is selected by not updating query param when getting first attendee channel    add changeset    add accessibility label to dismiss attendee from attendee search box    HUB-99256: add leave prevention modal for messaging page    HUB-98570: restructure code, add phrase keys, fix styling, write tests"
Sprint Totals,,,,,,PR_ADDED: 0,PR_REMOVED: 0,COMMIT_ADDED: 841,COMMIT_REMOVED: 145,APPROVED: 0,COMMENTED: 0,DECLINED: 0,MERGED: 0,OPENED: 0,RESCOPED: 0,UNAPPROVED: 0,UPDATED: 0,,,

PP-Kit Kat(05/30-06/13),2023/05/30,2023/06/13,HUB-97425,9507,ACheng,0,0,9,1,0,0,0,0,0,0,0,0,GStarr,,"1. HUB-100757: use publicRuntimeConfig.ENVIRONMENT_NAME as fallback when searching for channels by user ids from Stream since environment from appProps is blank in production
2. Pull request #9491: HUB-100757: use publicRuntimeConfig.ENVIRONMENT_NAME as fallback when searching for channels by user ids from Stream since environment from appProps is blank in production  Merge in AX/attendee-experience-web from hub-100757-prod-env to develop  * commit '5e38d3a9b185ce2e96e8147d28428dd77bb21286':    HUB-100757: use publicRuntimeConfig.ENVIRONMENT_NAME as fallback when searching for channels by user ids from Stream since environment from appProps is blank in production"
PP-Kit Kat(05/30-06/13),2023/05/30,2023/06/13,HUB-100398,9551,ACheng,0,0,0,0,0,0,0,0,0,0,0,0,MGangani,,
Sprint Totals,,,,,,PR_ADDED: 0,PR_REMOVED: 0,COMMIT_ADDED: 9,COMMIT_REMOVED: 1,APPROVED: 0,COMMENTED: 0,DECLINED: 0,MERGED: 0,OPENED: 0,RESCOPED: 0,UNAPPROVED: 0,UPDATED: 0,,,

PP-Lollipop (06/13-06/27),2023/06/13,2023/06/27,HUB-99176,1560,ACheng,0,0,18,0,0,0,0,0,0,0,0,0,MGangani,,"1. HUB-83811: fix some accessibility issues with home page cards and quick link modal
2. add role to list item
3. Pull request #1534: HUB-83811: fix some accessibility issues with home page cards and quick link modal  Merge in AX/attendee-experience-builder from hub-83811 to develop  * commit 'cbda74c681c92b50d9ee8d0ec4220843b2826961':    add role to list item    HUB-83811: fix some accessibility issues with home page cards and quick link modal"
PP-Lollipop (06/13-06/27),2023/06/13,2023/06/27,HUB-99177,9551,ACheng,0,0,1309,1302,0,0,0,0,0,1,0,0,MGangani,,"1. HUB-91408: release attendeeMessagingV2 in version 73, fix bug with stream filter being too complex when querying for existing channel with attendees
2. HUB-91408: split out createMessagingChannel into its own hook
3. Pull request #9533: HUB-91408: release attendeeMessagingV2 in version 73, fix bug with stream filter being too complex when querying for existing channel with attendees  Merge in AX/attendee-experience-web from hub-91408-fix to develop  * commit 'e339c3f5d50959d45ceffee21bc35325fce55596':    HUB-91408: split out createMessagingChannel into its own hook    HUB-91408: release attendeeMessagingV2 in version 73, fix bug with stream filter being too complex when querying for existing channel with attendees
4. HUB-91408: disable attendee-messaging v1 e2e tests when attendeeMessagingV2 feature is on, fix e2es, add some changes made to v1 but not v2
5. revert updating GET_ATTENDEE query in Messaging.js in v2
6. Pull request #9558: HUB-91408: disable attendee-messaging v1 e2e tests when attendeeMessagingV2 feature is on, fix e2es, add some changes made to v1 but not v2  Merge in AX/attendee-experience-web from hub-91408-fix-e2e to release/2.21.0  * commit '01e07280520e0749507b464744265d8dba25c73f':    revert updating GET_ATTENDEE query in Messaging.js in v2    HUB-91408: disable attendee-messaging v1 e2e tests when attendeeMessagingV2 feature is on, fix e2es, add some changes made to v1 but not v2"
PP-Lollipop (06/13-06/27),2023/06/13,2023/06/27,HUB-100398,9551,ACheng,0,0,0,0,0,0,0,0,0,0,0,0,MGangani,,
PP-Lollipop (06/13-06/27),2023/06/13,2023/06/27,HUB-104098,9618,ACheng,0,0,394,20,0,0,0,0,0,0,0,0,SSimpson,,"1. HUB-99846: handle url as custom page
2. add new fields of custom page settings to getAttendeeHubConfig
3. HUB-99846: replace data tag in external url, make external page open in new tab for mobile and tablet
4. move url check to a helper function"
Sprint Totals,,,,,,PR_ADDED: 0,PR_REMOVED: 0,COMMIT_ADDED: 1721,COMMIT_REMOVED: 1322,APPROVED: 0,COMMENTED: 0,DECLINED: 0,MERGED: 0,OPENED: 0,RESCOPED: 1,UNAPPROVED: 0,UPDATED: 0,,,

Overall Totals,,,,,,PR_ADDED: 22932,PR_REMOVED: 9608,COMMIT_ADDED: 3076,COMMIT_REMOVED: 1786,APPROVED: 0,COMMENTED: 0,DECLINED: 0,MERGED: 0,OPENED: 0,RESCOPED: 1,UNAPPROVED: 0,UPDATED: 0,,,
