SPRINT,START_DATE,END_DATE,TICKET,PR_ID,USER,PR_ADDED,PR_REMOVED,COMMIT_ADDED,COMMIT_REMOVED,APPROVED,COMMENTED,DECLINED,MERGED,OPENED,RESCOPED,UNAPPROVED,UPDATED,AUTHOR,COMMENTS,COMMIT_MESSAGES
WOW - S7 (30 Mar - 12Apr) 33,2023/03/30,2023/04/12,WEBINAR-4958,6064,qtpman,4137,5863,0,0,0,0,0,0,0,0,0,0,qtpman,,
WOW - S7 (30 Mar - 12Apr) 33,2023/03/30,2023/04/12,WEBINAR-4958,6065,qtpman,4326,5674,0,0,0,0,0,0,0,0,0,0,qtpman,,
WOW - S7 (30 Mar - 12Apr) 33,2023/03/30,2023/04/12,WEBINAR-4958,6254,qtpman,4065,5935,0,0,0,0,0,0,0,0,0,0,qtpman,,
WOW - S7 (30 Mar - 12Apr) 33,2023/03/30,2023/04/12,WEBINAR-4958,6293,qtpman,4411,5589,0,0,0,0,0,0,0,0,0,0,qtpman,,
WOW - S7 (30 Mar - 12Apr) 33,2023/03/30,2023/04/12,WEBINAR-4958,147812,qtpman,787,556,0,0,0,0,0,0,1,0,0,0,qtpman,,
WOW - S7 (30 Mar - 12Apr) 33,2023/03/30,2023/04/12,WEBINAR-4958,147833,qtpman,338,10,0,0,0,0,0,0,1,0,0,0,qtpman,,
WOW - S7 (30 Mar - 12Apr) 33,2023/03/30,2023/04/12,WEBINAR-5422,147736,qtpman,1387,591,0,0,0,0,0,0,1,0,0,0,qtpman,,
WOW - S7 (30 Mar - 12Apr) 33,2023/03/30,2023/04/12,WEBINAR-5607,147812,qtpman,787,556,0,0,0,0,0,0,0,0,0,0,qtpman,,
WOW - S7 (30 Mar - 12Apr) 33,2023/03/30,2023/04/12,WEBINAR-5607,147833,qtpman,338,10,0,0,0,0,0,0,0,0,0,0,qtpman,,
WOW - S7 (30 Mar - 12Apr) 33,2023/03/30,2023/04/12,WEBINAR-5607,150459,qtpman,997,393,0,0,0,0,0,0,0,0,0,0,qtpman,,
WOW - S7 (30 Mar - 12Apr) 33,2023/03/30,2023/04/12,WEBINAR-6036,11050,qtpman,6698,3302,0,0,0,0,0,0,0,0,0,0,qtpman,,
Sprint Totals,,,,,,PR_ADDED: 28271,PR_REMOVED: 28479,COMMIT_ADDED: 0,COMMIT_REMOVED: 0,APPROVED: 0,COMMENTED: 0,DECLINED: 0,MERGED: 0,OPENED: 3,RESCOPED: 0,UNAPPROVED: 0,UPDATED: 0,,,

WOW - S8 (13 - 26 Apr),2023/04/13,2023/04/26,PROD-164110,148325,qtpman,683,3800,0,0,0,0,0,0,1,0,0,0,qtpman,,
WOW - S8 (13 - 26 Apr),2023/04/13,2023/04/26,WEBINAR-6335,11050,qtpman,6698,3302,0,0,0,0,0,0,0,0,0,0,qtpman,,
WOW - S8 (13 - 26 Apr),2023/04/13,2023/04/26,WEBINAR-7051,148664,qtpman,876,454,0,0,0,0,0,0,0,0,0,0,qtpman,,
Sprint Totals,,,,,,PR_ADDED: 8257,PR_REMOVED: 7556,COMMIT_ADDED: 0,COMMIT_REMOVED: 0,APPROVED: 0,COMMENTED: 0,DECLINED: 0,MERGED: 0,OPENED: 1,RESCOPED: 0,UNAPPROVED: 0,UPDATED: 0,,,

Q2 -WOW - S9 (27 - 10 May) -33,2023/04/27,2023/05/10,PROD-166432,148776,qtpman,437,262,0,0,0,0,0,0,1,0,0,0,qtpman,,
Q2 -WOW - S9 (27 - 10 May) -33,2023/04/27,2023/05/10,PROD-166432,148702,qtpman,437,262,0,0,0,0,0,0,1,0,0,0,qtpman,,
Q2 -WOW - S9 (27 - 10 May) -33,2023/04/27,2023/05/10,WEBINAR-7906,148776,qtpman,437,262,0,0,0,0,0,0,0,0,0,0,qtpman,,
Q2 -WOW - S9 (27 - 10 May) -33,2023/04/27,2023/05/10,WEBINAR-7906,148877,qtpman,1024,263,0,0,0,0,0,0,1,0,0,0,qtpman,,
Q2 -WOW - S9 (27 - 10 May) -33,2023/04/27,2023/05/10,WEBINAR-7906,148702,qtpman,437,262,0,0,0,0,0,0,0,0,0,0,qtpman,,
Q2 -WOW - S9 (27 - 10 May) -33,2023/04/27,2023/05/10,WEBINAR-7906,148829,qtpman,1024,263,0,0,0,0,0,0,1,0,0,0,qtpman,,
Q2 -WOW - S9 (27 - 10 May) -33,2023/04/27,2023/05/10,WEBINAR-7906,148881,qtpman,2483,884,0,0,0,0,0,0,1,0,0,0,qtpman,,
Q2 -WOW - S9 (27 - 10 May) -33,2023/04/27,2023/05/10,WEBINAR-7910,2088,qtpman,3406,2825,0,0,0,0,0,0,0,0,0,0,qtpman,,
Q2 -WOW - S9 (27 - 10 May) -33,2023/04/27,2023/05/10,WEBINAR-7982,148928,qtpman,1459,621,0,0,0,0,0,0,1,0,0,0,qtpman,,
Q2 -WOW - S9 (27 - 10 May) -33,2023/04/27,2023/05/10,WEBINAR-7982,148881,qtpman,2483,884,0,0,0,0,0,0,0,0,0,0,qtpman,,
Q2 -WOW - S9 (27 - 10 May) -33,2023/04/27,2023/05/10,WEBINAR-8478,148977,qtpman,1007,878,0,0,0,0,0,0,1,0,0,0,qtpman,,
Sprint Totals,,,,,,PR_ADDED: 14634,PR_REMOVED: 7666,COMMIT_ADDED: 0,COMMIT_REMOVED: 0,APPROVED: 0,COMMENTED: 0,DECLINED: 0,MERGED: 0,OPENED: 7,RESCOPED: 0,UNAPPROVED: 0,UPDATED: 0,,,

Q2 - WOW - S10(11 - 24 May) 30,2023/05/11,2023/05/24,PROD-166742,149588,qtpman,687,389,0,0,0,0,0,0,1,0,0,0,qtpman,,
Sprint Totals,,,,,,PR_ADDED: 687,PR_REMOVED: 389,COMMIT_ADDED: 0,COMMIT_REMOVED: 0,APPROVED: 0,COMMENTED: 0,DECLINED: 0,MERGED: 0,OPENED: 1,RESCOPED: 0,UNAPPROVED: 0,UPDATED: 0,,,

Q2 - WOW S11 (25 May-7 Jun),2023/05/25,2023/06/07,PROD-157033,150117,qtpman,2739,788,0,0,0,0,0,0,1,0,0,0,qtpman,,
Q2 - WOW S11 (25 May-7 Jun),2023/05/25,2023/06/07,PROD-157033,150111,qtpman,2739,788,0,0,0,0,0,0,1,0,0,0,qtpman,,
Sprint Totals,,,,,,PR_ADDED: 5478,PR_REMOVED: 1576,COMMIT_ADDED: 0,COMMIT_REMOVED: 0,APPROVED: 0,COMMENTED: 0,DECLINED: 0,MERGED: 0,OPENED: 2,RESCOPED: 0,UNAPPROVED: 0,UPDATED: 0,,,

Q2 - WOW S12 (8 - 21 Jun),2023/06/08,2023/06/21,PROD-167534,150639,qtpman,216,12,0,0,0,0,0,0,1,0,0,0,qtpman,,
Sprint Totals,,,,,,PR_ADDED: 216,PR_REMOVED: 12,COMMIT_ADDED: 0,COMMIT_REMOVED: 0,APPROVED: 0,COMMENTED: 0,DECLINED: 0,MERGED: 0,OPENED: 1,RESCOPED: 0,UNAPPROVED: 0,UPDATED: 0,,,

Overall Totals,,,,,,PR_ADDED: 57543,PR_REMOVED: 45678,COMMIT_ADDED: 0,COMMIT_REMOVED: 0,APPROVED: 0,COMMENTED: 0,DECLINED: 0,MERGED: 0,OPENED: 15,RESCOPED: 0,UNAPPROVED: 0,UPDATED: 0,,,
