SPRINT,START_DATE,END_DATE,TICKET,PR_ID,USER,PR_ADDED,PR_REMOVED,COMMIT_ADDED,COMMIT_REMOVED,APPROVED,COMMENTED,DECLINED,MERGED,OPENED,RESCOPED,UNAPPROVED,UPDATED,AUTHOR,COMMENTS,COMMIT_MESSAGES
PP-Gummy Bears,2023/04/04,2023/04/18,HUB-24122,3907,JHorvath,79,10,0,0,0,0,0,0,0,0,0,0,JHorvath,,
PP-Gummy Bears,2023/04/04,2023/04/18,HUB-24122,9076,JHorvath,0,0,0,0,1,2,0,0,0,0,0,0,KRaparthi,"1. Can we pull this out of the if statement and reduce duplication?
2. Unit tests?",
PP-Gummy Bears,2023/04/04,2023/04/18,HUB-24122,9091,JHorvath,174,112,0,0,0,0,0,0,0,0,0,0,JHorvath,,
PP-Gummy Bears,2023/04/04,2023/04/18,HUB-58476,11168,JHorvath,0,0,0,0,1,0,0,0,0,0,0,0,BRehman,,
PP-Gummy Bears,2023/04/04,2023/04/18,HUB-86951,11127,JHorvath,0,0,0,0,0,0,0,0,0,0,0,0,CBarad,,
PP-Gummy Bears,2023/04/04,2023/04/18,HUB-88486,11145,JHorvath,0,0,0,0,0,0,0,0,0,0,0,0,JBertrand,,
PP-Gummy Bears,2023/04/04,2023/04/18,HUB-88486,11163,JHorvath,0,0,0,0,1,0,0,0,0,0,0,0,JBertrand,,
PP-Gummy Bears,2023/04/04,2023/04/18,HUB-89214,11159,JHorvath,0,0,0,0,1,0,0,0,0,0,0,0,XWang,,
PP-Gummy Bears,2023/04/04,2023/04/18,HUB-89214,11160,JHorvath,0,0,0,0,1,0,0,0,0,0,0,0,XWang,,
PP-Gummy Bears,2023/04/04,2023/04/18,HUB-89214,11161,JHorvath,0,0,0,0,1,0,0,0,0,0,0,0,XWang,,
PP-Gummy Bears,2023/04/04,2023/04/18,PROD-163163,11164,JHorvath,0,0,0,0,1,0,0,0,0,0,0,0,JBertrand,,
PP-Gummy Bears,2023/04/04,2023/04/18,HUB-86969,11207,JHorvath,0,0,0,0,0,0,0,0,0,0,0,0,KRaparthi,,
PP-Gummy Bears,2023/04/04,2023/04/18,HUB-89212,11165,JHorvath,1049,23,1050,24,0,0,0,1,1,5,0,0,JHorvath,,"1. HUB-89212: allow exhibitor admin to accept and decline EN appts
2. HUB-89212: hide private notes on exhibitor networking type
3. HUB-89212-2: use feature version 16 instead of 15
4. Merge branch 'HUB-89212-2' of ssh://stash.cvent.net:7999/appt/appointments into HUB-89212-2
5. HUB-89212: merge master
6. HUB-89212: update package versions
7. HUB-89212: merge master"
PP-Gummy Bears,2023/04/04,2023/04/18,HUB-89212,11150,JHorvath,183,38,78,24,0,2,1,0,0,1,0,0,JHorvath,"1. Please note that this is a W.I.P. - work in progress, from the title of the PR. Tests will be added in time
2. It's ensured because guests cannot edit exhibitor networking appt types from the guest calendar",1. HUB-89212: initial backend changes for exhib admin EN edit
PP-Gummy Bears,2023/04/04,2023/04/18,HUB-89213,11178,JHorvath,1109,95,1085,94,0,2,0,0,1,1,0,0,JHorvath,"1. Pull accept/decline changes once in master
2. Afaik admin should not be able to edit the appointment if their `actingAs` staff is an attendee/requestee. cc: @""R.Lopez""","1. HUB-89213: add edit btn and admin can edit hosts
2. HUB-89213: add unit test
3. HUB-89213: update admin edit staff title
4. HUB-89213: disabled virtual access checkbox for admin EN appts, update UTs
5. Merge branch 'master' into HUB-89213
6. HUB-89213: merge master
7. HUB-89213: add UT coverage for edit btn"
PP-Gummy Bears,2023/04/04,2023/04/18,HUB-92044,11188,JHorvath,0,0,0,0,0,0,0,0,0,0,0,0,MUllah,,
PP-Gummy Bears,2023/04/04,2023/04/18,HUB-92297,9091,JHorvath,174,112,0,0,0,0,0,0,0,0,0,0,JHorvath,,
PP-Gummy Bears,2023/04/04,2023/04/18,HUB-93107,11200,JHorvath,0,0,0,0,0,0,0,0,0,0,0,0,CBarad,,
PP-Gummy Bears,2023/04/04,2023/04/18,HUB-95262,11176,JHorvath,0,0,0,0,0,0,0,0,0,0,0,0,XWang,,
PP-Gummy Bears,2023/04/04,2023/04/18,HUB-95262,11182,JHorvath,0,0,0,0,0,0,0,0,0,0,0,0,XWang,,
PP-Gummy Bears,2023/04/04,2023/04/18,HUB-95262,11206,JHorvath,0,0,0,0,0,0,0,0,0,0,0,0,XWang,,
Sprint Totals,,,,,,PR_ADDED: 2768,PR_REMOVED: 390,COMMIT_ADDED: 2213,COMMIT_REMOVED: 142,APPROVED: 7,COMMENTED: 6,DECLINED: 1,MERGED: 1,OPENED: 2,RESCOPED: 7,UNAPPROVED: 0,UPDATED: 0,,,

PP-Ho Hos,2023/04/18,2023/05/02,HUB-86969,11207,JHorvath,0,0,0,0,1,0,0,0,0,0,0,0,KRaparthi,,
PP-Ho Hos,2023/04/18,2023/05/02,HUB-89212,11165,JHorvath,1049,23,0,0,0,0,0,0,0,0,0,0,JHorvath,,
PP-Ho Hos,2023/04/18,2023/05/02,HUB-89212,11150,JHorvath,183,38,0,0,0,0,0,0,0,0,0,0,JHorvath,,
PP-Ho Hos,2023/04/18,2023/05/02,HUB-89213,11178,JHorvath,1109,95,39,10,0,0,0,1,0,5,0,0,JHorvath,,"1. HUB-89213: send exhibitor id from admin calendar
2. HUB-89213: add status to edited requesters
3. HUB-89213: maintain previous status if exists
4. HUB-89213: readd blocked EN types for admin edit"
PP-Ho Hos,2023/04/18,2023/05/02,HUB-92044,11188,JHorvath,0,0,0,0,1,0,0,0,0,0,0,0,MUllah,,
PP-Ho Hos,2023/04/18,2023/05/02,HUB-92297,9091,JHorvath,174,112,266,137,0,4,0,1,1,3,0,0,JHorvath,"1. The tabs here refer to the side bar options of the exhibitor engagement panel   ![Screenshot 2023-04-19 at 4.23.36 PM.png](attachment:18181/20134).  The condition is making sure we do not report the click if the user is re-selecting the icon, which closes the panel.
2. Same as https://stash.cvent.net/projects/AX/repos/attendee-experience-web/pull-requests/9091/overview?commentId=3375991
3. This is intentional. I could not find anywhere this component is still being used, so decided to remove it as part of this story. I've added some sanity test cases for whoever tests this ticket.
4. Unsure why it was built this way tbh. But appointments/ApptPanelTriggers.js references appointments/appointmentPanel/ApptPanelTriggers.js and relies on it for the components themselves","1. HUB-92297: add schedule appointment fact for mixpanel
2. HUB-24122: Track book appointment clicks on mixpanel
3. HUB-24122: address comments
4. HUB-24122: update snapshot
5. HUB-92297: remove exhibitor create btn, update test for analytics
6. HUB-92297: add UTs for appt feature card, more analytics tests for schedule appointment btn
7. HUB-92297: merge develop
8. HUB-92297: add changeset
9. HUB-92297: update analytics snapshot
10. HUB-92297: fix test expect
11. HUB-92297: remove exhibitor create btn UT"
PP-Ho Hos,2023/04/18,2023/05/02,HUB-92297,9139,JHorvath,0,0,0,0,0,0,0,0,0,0,0,0,ABadlia,,"1. Pull request #9091: HUB-92297: add schedule appointment fact for mixpanel  Merge in AX/attendee-experience-web from HUB-92297 to develop  * commit '8b9b724150f658a60ee03ed6b721d945a53c20da':    HUB-92297: remove exhibitor create btn UT    HUB-92297: fix test expect    HUB-92297: update analytics snapshot    HUB-92297: add changeset    HUB-92297: add UTs for appt feature card, more analytics tests for schedule appointment btn    HUB-92297: remove exhibitor create btn, update test for analytics    HUB-24122: update snapshot    HUB-24122: address comments    HUB-24122: Track book appointment clicks on mixpanel    HUB-92297: add schedule appointment fact for mixpanel"
PP-Ho Hos,2023/04/18,2023/05/02,HUB-93107,11200,JHorvath,0,0,0,0,1,0,0,0,0,0,0,0,CBarad,,
PP-Ho Hos,2023/04/18,2023/05/02,HUB-95262,11176,JHorvath,0,0,0,0,1,0,0,0,0,0,0,0,XWang,,
PP-Ho Hos,2023/04/18,2023/05/02,HUB-95262,11182,JHorvath,0,0,0,0,1,0,0,0,0,0,0,0,XWang,,
PP-Ho Hos,2023/04/18,2023/05/02,HUB-95262,11206,JHorvath,0,0,0,0,1,1,0,0,0,0,0,0,XWang,1. This is going to fully cover https://jira.cvent.com/browse/HUB-96990 ? Seems like it,
PP-Ho Hos,2023/04/18,2023/05/02,HUB-95558,11190,JHorvath,183,3,181,1,0,0,0,1,1,1,0,0,JHorvath,,"1. HUB-95558: add help text to planner private notes
2. HUB-95558: add snapshot coverage for private note form
3. Merge branch 'master' into HUB-95558"
PP-Ho Hos,2023/04/18,2023/05/02,HUB-95560,10484,JHorvath,0,0,0,0,1,0,0,0,0,0,0,0,SCahail,,
PP-Ho Hos,2023/04/18,2023/05/02,HUB-95560,11198,JHorvath,0,0,0,0,1,0,0,0,0,0,0,0,SCahail,,
PP-Ho Hos,2023/04/18,2023/05/02,HUB-95560,22187,JHorvath,0,0,0,0,1,0,0,0,0,0,0,0,SCahail,,
PP-Ho Hos,2023/04/18,2023/05/02,HUB-81331,9235,JHorvath,0,0,0,0,0,0,0,0,0,0,0,0,KRaparthi,,
PP-Ho Hos,2023/04/18,2023/05/02,HUB-88496,11201,JHorvath,36,9,36,9,0,0,0,0,1,1,0,0,JHorvath,,"1. HUB-88496: disable attendees, subject, and message on admin edit when block staff create is on
2. Merge branch 'master' into HUB-88496-2
3. HUB-88496: make appttype nullable, update snapshots"
PP-Ho Hos,2023/04/18,2023/05/02,HUB-90348,11217,JHorvath,0,0,0,0,0,0,0,0,0,0,0,0,JBertrand,,
PP-Ho Hos,2023/04/18,2023/05/02,HUB-91757,11195,JHorvath,0,0,0,0,1,0,0,0,0,0,0,0,JBertrand,,
PP-Ho Hos,2023/04/18,2023/05/02,HUB-96990,11206,JHorvath,0,0,0,0,0,0,0,0,0,0,0,0,XWang,,
PP-Ho Hos,2023/04/18,2023/05/02,PROD-163051,11202,JHorvath,0,0,0,0,1,0,0,0,0,0,0,0,BRehman,,
Sprint Totals,,,,,,PR_ADDED: 2734,PR_REMOVED: 280,COMMIT_ADDED: 522,COMMIT_REMOVED: 157,APPROVED: 11,COMMENTED: 5,DECLINED: 0,MERGED: 3,OPENED: 3,RESCOPED: 10,UNAPPROVED: 0,UPDATED: 0,,,

PP-Idli,2023/05/02,2023/05/16,HUB-88496,11201,JHorvath,36,9,0,0,0,0,0,1,0,0,0,0,JHorvath,,
PP-Idli,2023/05/02,2023/05/16,HUB-88496,11220,JHorvath,0,0,0,0,0,0,0,0,0,0,0,0,Ashish.Mittal,,"1. Pull request #11201: HUB-88496: disable attendees, subject, and message on admin edit when block staff create is on  Merge in APPT/appointments from HUB-88496-2 to master  * commit '46ce384f54e96ba898c579b6dc9d55cd156c860b':    [release: appointments-guest-ui@3.0.108-SNAPSHOT.8039]    [release: appointments-ui@3.0.108-SNAPSHOT.8038]    [release: appointments-guest-ui@3.0.108-SNAPSHOT.7977]    [release: appointments-ui@3.0.108-SNAPSHOT.7976]    HUB-88496: make appttype nullable, update snapshots    [release: appointments-ui@3.0.106-SNAPSHOT.7973]    HUB-88496: disable attendees, subject, and message on admin edit when block staff create is on"
PP-Idli,2023/05/02,2023/05/16,HUB-90348,11217,JHorvath,0,0,0,0,1,1,0,0,0,0,0,0,JBertrand,1. Thank you for separating this out!,
PP-Idli,2023/05/02,2023/05/16,HUB-91757,11195,JHorvath,0,0,0,0,0,0,0,0,0,0,0,0,JBertrand,,
PP-Idli,2023/05/02,2023/05/16,HUB-96990,11206,JHorvath,0,0,0,0,0,0,0,0,0,0,0,0,XWang,,
PP-Idli,2023/05/02,2023/05/16,HUB-99139,11224,JHorvath,3,1,3,1,0,1,0,0,1,0,0,0,JHorvath,1. Thanks Kalash!,1. HUB-99139: restore onsite staff selector on admin cal
PP-Idli,2023/05/02,2023/05/16,PROD-163051,11202,JHorvath,0,0,0,0,0,0,0,0,0,0,0,0,BRehman,,
PP-Idli,2023/05/02,2023/05/16,HUB-81331,9235,JHorvath,0,0,0,0,1,0,0,0,0,0,0,0,KRaparthi,,
PP-Idli,2023/05/02,2023/05/16,HUB-99138,11231,JHorvath,0,0,0,0,1,0,0,0,0,0,0,0,XWang,,
PP-Idli,2023/05/02,2023/05/16,HUB-99172,1482,JHorvath,0,0,0,0,0,0,0,0,0,0,0,0,SCahail,,
PP-Idli,2023/05/02,2023/05/16,HUB-99172,9300,JHorvath,0,0,0,0,0,0,0,0,0,0,0,0,SCahail,,
PP-Idli,2023/05/02,2023/05/16,PROD-156149,11289,JHorvath,0,0,0,0,0,0,0,0,0,0,0,0,KRaparthi,,
PP-Idli,2023/05/02,2023/05/16,PROD-163041,25170,JHorvath,0,0,0,0,0,0,0,0,0,0,0,0,BRehman,,
PP-Idli,2023/05/02,2023/05/16,PROD-165603,9249,JHorvath,228,115,257,171,0,6,0,0,1,2,0,0,JHorvath,"1. Good idea. I had in mind to put those functions in the same component as the fetch available times call, but what you suggest makes more sense
2. Not really. We don't have a true notion of some generic appointments panel. And moving this logic up another level does not make sense in my opinion
3. I actually got this logic from that article: https://react.dev/learn/you-might-not-need-an-effect#adjusting-some-state-when-a-prop-changes. In their example it appears they are comparing two arrays in a similar fashion too, although now that I'm looking at it again it does seem odd.  The big operation we're trying to avoid is that `formatTimeList()`call. This is what bogs down performance when there are a bunch of available timeslots. And it was getting run whenever there was _any_ user input within the form, such as the Subject textbox.  But in essence, we are needing to format a (sometimes large) list of timeslots, and we only want to compute that whenever `availableTimes`has been changed. This normally happens when we add a new attendee to the appointment and we need to [grab a new list](https://stash.cvent.net/projects/AX/repos/attendee-experience-web/browse/packages/attendee-experience-web/src/components/appointments/appointmentPanel/CustomApptForm.js#151) based on everyone's availability.  I suppose we could replace a couple of the state variables with a useMemo or useEffect. But hoping to get some followup opinions.
4. Can definitely do that. But I guess I'm not following the example, because to me `items !== prevItems` looks like a list comparison, not a boolean one  edit: from the doc ""This List component receives a list of `items` as a prop""
5. Run appointments e2e tests
6. Wasn't able to get tests to run successfully from jenkins or locally. Will monitor S606 after merging instead.","1. PROD-165603: address slowness on appt create/edit forms when there are many timeslots
2. PROD-165603: move funcs one component higher
3. PROD-165603: add to new funcs to proptypes"
Sprint Totals,,,,,,PR_ADDED: 267,PR_REMOVED: 125,COMMIT_ADDED: 260,COMMIT_REMOVED: 172,APPROVED: 3,COMMENTED: 8,DECLINED: 0,MERGED: 1,OPENED: 2,RESCOPED: 2,UNAPPROVED: 0,UPDATED: 0,,,

PP-Jalapeno Poppers,2023/05/16,2023/05/30,HUB-81331,9235,JHorvath,0,0,0,0,0,0,0,0,0,0,0,0,KRaparthi,,
PP-Jalapeno Poppers,2023/05/16,2023/05/30,HUB-96963,11246,JHorvath,0,0,0,0,1,0,0,0,0,0,0,0,KRaparthi,,
PP-Jalapeno Poppers,2023/05/16,2023/05/30,HUB-96963,11251,JHorvath,0,0,0,0,1,0,0,0,0,0,0,0,KRaparthi,,
PP-Jalapeno Poppers,2023/05/16,2023/05/30,HUB-96963,11255,JHorvath,0,0,3,2,0,0,0,0,0,0,0,0,Ashish.Mittal,,"1. NA-0: fix staff selector on edit for non EN appt types
2. Merge branch 'master' into NA-0-admin
3. NA-0: merge master
4. Pull request #11252: NA-0: fix staff selector on edit for non EN appt types  Merge in APPT/appointments from NA-0-admin to master  * commit '92d4a4d5b3370c90e638f67b5f16762635a3f2a8':    [release: appointments-guest-ui@3.0.112-SNAPSHOT.8442]    [release: appointments-ui@3.0.112-SNAPSHOT.8441]    NA-0: fix staff selector on edit for non EN appt types"
PP-Jalapeno Poppers,2023/05/16,2023/05/30,HUB-99138,11231,JHorvath,0,0,0,0,0,0,0,0,0,0,0,0,XWang,,
PP-Jalapeno Poppers,2023/05/16,2023/05/30,HUB-99146,11246,JHorvath,0,0,0,0,0,0,0,0,0,0,0,0,KRaparthi,,
PP-Jalapeno Poppers,2023/05/16,2023/05/30,HUB-99146,11251,JHorvath,0,0,0,0,0,0,0,0,0,0,0,0,KRaparthi,,
PP-Jalapeno Poppers,2023/05/16,2023/05/30,HUB-99172,1482,JHorvath,0,0,0,0,1,0,0,0,0,0,0,0,SCahail,,
PP-Jalapeno Poppers,2023/05/16,2023/05/30,HUB-99172,9300,JHorvath,0,0,0,0,1,0,0,0,0,0,0,0,SCahail,,
PP-Jalapeno Poppers,2023/05/16,2023/05/30,PROD-163041,25170,JHorvath,0,0,0,0,2,0,0,0,0,0,1,0,BRehman,,
PP-Jalapeno Poppers,2023/05/16,2023/05/30,PROD-165603,9249,JHorvath,228,115,47,20,0,0,0,1,0,2,0,0,JHorvath,,"1. Merge branch 'develop' into PROD-165603
2. PROD-165603: useMemo instead of extra state vars
3. PROD-165603: set selected time for appt edit
4. PROD-165603: document time suggestions props"
PP-Jalapeno Poppers,2023/05/16,2023/05/30,HUB-98048,9402,JHorvath,0,0,0,0,0,0,0,0,0,0,0,0,CEkrut,,
PP-Jalapeno Poppers,2023/05/16,2023/05/30,HUB-99173,1899,JHorvath,1205,94,0,0,0,0,0,0,0,0,0,0,JHorvath,,
PP-Jalapeno Poppers,2023/05/16,2023/05/30,HUB-99173,1901,JHorvath,139,82,0,0,0,0,0,0,0,0,0,0,JHorvath,,
PP-Jalapeno Poppers,2023/05/16,2023/05/30,HUB-99173,1904,JHorvath,7,4,0,0,0,0,0,0,0,0,0,0,JHorvath,,
PP-Jalapeno Poppers,2023/05/16,2023/05/30,HUB-99173,1895,JHorvath,1250,95,0,0,0,0,0,0,0,0,0,0,JHorvath,,
PP-Jalapeno Poppers,2023/05/16,2023/05/30,HUB-99175,3585,JHorvath,0,0,0,0,0,0,0,0,0,0,0,0,SCahail,,
PP-Jalapeno Poppers,2023/05/16,2023/05/30,HUB-99175,3595,JHorvath,0,0,0,0,0,0,0,0,0,0,0,0,SCahail,,
PP-Jalapeno Poppers,2023/05/16,2023/05/30,PROD-156149,11289,JHorvath,0,0,0,0,0,0,0,0,0,0,0,0,KRaparthi,,
PP-Jalapeno Poppers,2023/05/16,2023/05/30,PROD-167232,57,JHorvath,0,0,0,0,0,0,0,0,0,0,0,0,JBertrand,,
PP-Jalapeno Poppers,2023/05/16,2023/05/30,PROD-167232,11287,JHorvath,0,0,0,0,0,0,0,0,0,0,0,0,JBertrand,,
Sprint Totals,,,,,,PR_ADDED: 2829,PR_REMOVED: 390,COMMIT_ADDED: 50,COMMIT_REMOVED: 22,APPROVED: 6,COMMENTED: 0,DECLINED: 0,MERGED: 1,OPENED: 0,RESCOPED: 2,UNAPPROVED: 1,UPDATED: 0,,,

PP-Kit Kat(05/30-06/13),2023/05/30,2023/06/13,HUB-98048,9402,JHorvath,0,0,0,0,1,0,0,0,0,0,0,0,CEkrut,,
PP-Kit Kat(05/30-06/13),2023/05/30,2023/06/13,HUB-99173,1899,JHorvath,1205,94,1667,556,0,1,0,1,1,1,0,0,JHorvath,1. Created this new PR based off of https://stash.cvent.net/projects/FAL/repos/falcon-planner/pull-requests/1895/overview after the previous one got bogged down in commits for testing/logging purposes,"1. HUB-99173: Update falcon planner to generate default settings
2. HUB-99173: Update falcon planner to generate default settings
3. HUB-99173: add to appointments endpoint flow, check for exhibitor feature
4. HUB-99173: finish w.i.p. flows for appointment card creation, plus removal on event copy
5. HUB-99173: add endpoint to settings client, include appt card in old settings save
6. HUB-99173: remove unused method
7. HUB-99173: update test coverage for appointment card flows, add to card order for old settings
8. HUB-99173 add changeset :(
9. HUB-99173: add appt service tracing, add more details to logs, refactor add appt card func
10. HUB-99173: fix lint - removed empty catch, added log instead
11. HUB-99173: add checks for planner coordinated event and attendee list feature
12. HUB-99173: update default card text, add integration test
13. HUB-99173: move name logic up
14. HUB-99173: more null checks, fix appointment node get func
15. HUB-99173: fix attribute typo
16. HUB-99173: fix appt card being added to unscheduled cards
17. HUB-99173: fix staff attr names, new get feature approach, check range obj
18. HUB-99173: add type checking for range obj in migration flow
19. HUB-99173: restore line from cherry pick
20. HUB-99173: add staffName to mapping func"
PP-Kit Kat(05/30-06/13),2023/05/30,2023/06/13,HUB-99173,1901,JHorvath,139,82,166,109,0,0,0,0,1,13,0,0,JHorvath,,"1. HUB-99173: ensure system card list is not empty
2. HUB-99173: use same null check flow as before
3. HUB-99173: implement temporary alt feature check
4. HUB-99173: send 404 instead of 500
5. HUB-99173: refactor feature setting to reuse original feature setting delegate
6. HUB-99173: populate appointment card as a part of content sync
7. HUB-99173: fix unit test refs for settings delegate
8. HUB-99173: populate appointment card as a part of content sync
9. HUB-99173: properly remove appointment card on event copy
10. HUB-99173: remove trivial logs
11. HUB-99173: also remove the appointment card from ordered cards on event copy"
PP-Kit Kat(05/30-06/13),2023/05/30,2023/06/13,HUB-99173,1904,JHorvath,7,4,0,0,0,0,0,0,0,0,0,0,JHorvath,,
PP-Kit Kat(05/30-06/13),2023/05/30,2023/06/13,HUB-99173,1895,JHorvath,1250,95,1102,566,0,22,1,0,1,15,0,1,JHorvath,"1. Add single karate test to cover NotFound scenario
2. Good catch
3. Should be caught by the calling func. See [here](https://stash.cvent.net/projects/FAL/repos/falcon-planner/pull-requests/1895/diff#falcon-planner-service/src/main/java/com/cvent/falcon/planner/services/AppointmentsService.java?t=56)
4. Was initially reserving the EventGuideAttributes for ones common across EventGuideLink, EventGuideVideo, and EventGuideLinkAppointments
5. Discussed thru Slack. We will keep the 204 as is for now
6. This should be possible. Will push the change up on Monday
7. Just checked and we do not. Good catch. Will update in next commit
8. This is a good point. I can move it up. This is carryover logic from other similar functions
9. Do migration helper / old event guide setting changes need to be reverted? Given that we do not want the card to be copied over between events.
10. Determined that the best solution is to keep the changes to the migration helper. Hopefully ensuring that no external logic gets broken. The appointment card will still always be removed on event copy. cc: @""David.Collins""
11. ID is guaranteed to not be null, however, the staff attributes could be. So I will update to check for this
12. Given that targetName == targetType in the cases that I've seen, I think we're okay to leave as is. We are currently doing something like `getTargetType().name()` to get its string equivalent
13. The default for these card types seems to be null
14. Naming was not considered for my changes. I went with what was there, but we can drop the plural or even change the name entirely. Could go with something like `EventGuideAppointment`.  Our component can only be a single card, never a list of appointment cards. Hence it not being wrapped in a List.
15. I don't quite understand. That sounds misleading?
16. We could consider extending [EventGuideLink](https://stash.cvent.net/projects/FAL/repos/falcon-planner/browse/falcon-planner-api/src/main/java/com/cvent/falcon/planner/model/eventAppContent/EventGuideLink.java#22). I count 3 properties that we would ignore if so. However, there does not exist a more generic base class for all these home screen cards.
17. There's also the difference of possibly wanting to enforce certain attributes that EventGuideLink, say, has as nullable
18. Thought we weren't changing it given the different nullable attributes. But perhaps I am misunderstanding?
19. Nope, they are just being used for testing the snapshot image on staging. However, any logs that still seem to have use afterwards will definitely be dropped down to debug level before merging
20. Was going to leave it to owning teams. Since I feel that if I start doing that I might as well replace all string literals with the [EventGuideAttributes](https://stash.cvent.net/projects/FAL/repos/falcon-planner/pull-requests/1895/diff#falcon-planner-service/src/main/java/com/cvent/falcon/planner/model/EventGuideAttribute.java?t=8). And that would take awhile
21. https://jira.cvent.com/browse/HUB-102164
22. I have not noticed any order requirement in falcon-planner. Frontend also does not appear to rely on an assumed ordering. cc: @SCahail","1. HUB-99173: add to appointments endpoint flow, check for exhibitor feature
2. HUB-99173: finish w.i.p. flows for appointment card creation, plus removal on event copy
3. HUB-99173: add endpoint to settings client, include appt card in old settings save
4. HUB-99173: remove unused method
5. HUB-99173: update test coverage for appointment card flows, add to card order for old settings
6. HUB-99173 add changeset :(
7. HUB-99173: add appt service tracing, add more details to logs, refactor add appt card func
8. HUB-99173: fix lint - removed empty catch, added log instead
9. HUB-99173: add checks for planner coordinated event and attendee list feature
10. HUB-99173: update default card text, add integration test
11. HUB-99173: move name logic up
12. HUB-99173: more null checks, fix appointment node get func
13. HUB-99173: fix attribute typo
14. HUB-99173: add temp warn logs for testing
15. HUB-99173: fix log lint errors
16. HUB-99173: fix null check for logs
17. HUB-99173: fix appt card being added to unscheduled cards
18. Merge branch 'HUB-99173' of ssh://stash.cvent.net:7999/fal/falcon-planner into HUB-99173
19. Merge branch 'HUB-99173' of ssh://stash.cvent.net:7999/fal/falcon-planner into HUB-99173
20. HUB-99173: fix staff attr names, new get feature approach, check range obj
21. HUB-99173: fix logs
22. HUB-99173: add more logs for feature checking
23. HUB-99173: add type checking for range obj in migration flow"
PP-Kit Kat(05/30-06/13),2023/05/30,2023/06/13,HUB-99174,11260,JHorvath,0,0,0,0,0,2,0,0,0,0,0,0,XWang,"1. If you have time you may also consider upgrading our[ previous falcon-planner models](https://stash.cvent.net/projects/APPT/repos/appointments/browse/appointments-model/src/main/java/com/cvent/appointments/models/appBuilder/EventAppBuilderSettings.java#15). However, we can also create a followup ticket no problem
2. Looks like we already have an established falcon-planner endpoint",
PP-Kit Kat(05/30-06/13),2023/05/30,2023/06/13,HUB-99175,3585,JHorvath,0,0,0,0,0,7,0,0,0,0,0,0,SCahail,"1. `exhibitorId` was not included as an attribute for the appt card. See interface [here](https://stash.cvent.net/projects/FAL/repos/falcon-planner/browse/falcon-planner-api/src/main/java/com/cvent/falcon/planner/model/eventAppContent/EventGuideLinkAppointments.java). You'd also be able to remove it from the test data
2. Don't think it matters too much, but we did decide to enforce more than just the `id` and `cardType` on the backend. Wondering if we should do the same here?
3. ~~I didn't entirely think it through. Having the AppointmentCard be totally separate from HomeCard does make sense too, as those other cards will most likely never have a need for our additional attributes~~
4. I think I'm missing something.. why are we setting the `id` to an empty string here?
5. Should the `appointmentCard`also be a `HomeCard`? Also, do we need to make it an array? There should only ever be one appointment card.
6. I didn't entirely think it through. Having the AppointmentCard be totally separate from HomeCard does make sense too, as those other cards will most likely never have a need for our additional attributes
7. Yes let's keep the appointment card object separate then at this point",
PP-Kit Kat(05/30-06/13),2023/05/30,2023/06/13,HUB-99175,3595,JHorvath,0,0,0,0,0,0,0,0,0,0,0,0,SCahail,,
PP-Kit Kat(05/30-06/13),2023/05/30,2023/06/13,HUB-99176,1530,JHorvath,0,0,0,0,0,0,0,0,0,0,0,0,SCahail,,
PP-Kit Kat(05/30-06/13),2023/05/30,2023/06/13,HUB-100398,9542,JHorvath,0,0,0,0,0,0,0,0,0,0,0,0,KRaparthi,,
PP-Kit Kat(05/30-06/13),2023/05/30,2023/06/13,HUB-101717,11298,JHorvath,0,0,0,0,0,0,0,0,0,0,0,0,Kevin.Gallagher,,
PP-Kit Kat(05/30-06/13),2023/05/30,2023/06/13,HUB-101852,11284,JHorvath,0,0,0,0,0,0,0,0,0,0,0,0,MUllah,,
PP-Kit Kat(05/30-06/13),2023/05/30,2023/06/13,HUB-102329,3603,JHorvath,0,0,0,0,0,0,0,0,0,0,0,0,JBertrand,,
PP-Kit Kat(05/30-06/13),2023/05/30,2023/06/13,PROD-167673,11260,JHorvath,0,0,0,0,0,0,0,0,0,0,0,0,XWang,,
Sprint Totals,,,,,,PR_ADDED: 2601,PR_REMOVED: 275,COMMIT_ADDED: 2935,COMMIT_REMOVED: 1231,APPROVED: 1,COMMENTED: 32,DECLINED: 1,MERGED: 1,OPENED: 3,RESCOPED: 29,UNAPPROVED: 0,UPDATED: 1,,,

PP-Lollipop (06/13-06/27),2023/06/13,2023/06/27,HUB-89579,263,JHorvath,232,116,253,137,0,3,0,1,1,6,0,0,JHorvath,"1. Yeah, so given you guys are wanting to soon migrate all the logic to this repo and reference it for ax-web, I am kinda stuck between trying to carry over as much of the logic as possible while also not breaking anything. See examples such as [here](https://stash.cvent.net/projects/AX/repos/attendee-experience-web/browse/packages/attendee-experience-web/src/components/multiDimensionalProfile/ProfileCardFrame.tsx#111,122), where I chose not to duplicate this css because it was extending the frame too far in the storybook for whatever reason.
2. But my assumption is that a full migration (+blocks inclusion) in the future would eliminate any weird css stuff like was mentioned ^
3. Probably not for now? I can remove the clickable styles","1. HUB-89579: add action icons and relocate overflow menu on profile view
2. HUB-89579: update obj name references, fix ts error
3. HUB-89579: fix lint - remove unused deps
4. HUB-89579: remove clickable container css
5. HUB-89579: have overflow btn not respond to clicks
6. HUB-89579: use contrasting color for vertical icon
7. HUB-89579: add accessibility label to overflow menu btn"
PP-Lollipop (06/13-06/27),2023/06/13,2023/06/27,HUB-89579,1574,JHorvath,201,142,549,186,0,1,0,1,1,1,0,0,JHorvath,1. Note: pulled the latest phrase changes,"1. HUB-89579: update profile card preview to use action icons, relocate overflow menu
2. HUB-89579: update multi dimensional profile package version
3. HUB-89579: phrase pull, use updated phrase keys for action icon titles
4. HUB-89579: update profile card unit test
5. HUB-89579: add changeset
6. Merge branch 'develop' into HUB-89579"
PP-Lollipop (06/13-06/27),2023/06/13,2023/06/27,HUB-89579,1583,JHorvath,0,0,0,0,0,0,0,0,0,0,0,0,SSimpson,,"1. Pull request #1574: HUB-89579: update profile card preview to use action icons, relocate overflow menu  Merge in AX/attendee-experience-builder from HUB-89579 to develop  * commit 'd2dff135da0ab577badfcaa38b2e6ad24fbd99be':    HUB-89579: add changeset    HUB-89579: update profile card unit test    HUB-89579: phrase pull, use updated phrase keys for action icon titles    HUB-89579: update multi dimensional profile package version    HUB-89579: update profile card preview to use action icons, relocate overflow menu"
PP-Lollipop (06/13-06/27),2023/06/13,2023/06/27,HUB-99173,1899,JHorvath,1205,94,0,0,0,0,0,0,0,0,0,0,JHorvath,,
PP-Lollipop (06/13-06/27),2023/06/13,2023/06/27,HUB-99173,1901,JHorvath,139,82,0,0,0,0,0,0,0,0,0,0,JHorvath,,
PP-Lollipop (06/13-06/27),2023/06/13,2023/06/27,HUB-99173,1904,JHorvath,7,4,7,4,0,0,0,1,1,2,0,0,JHorvath,,"1. HUB-99173: use bearer token instead of api key for client POST endpoint
2. HUB-99173: don't require account id for bearer auth"
PP-Lollipop (06/13-06/27),2023/06/13,2023/06/27,HUB-99173,1895,JHorvath,1250,95,0,0,0,0,0,0,0,0,0,0,JHorvath,,
PP-Lollipop (06/13-06/27),2023/06/13,2023/06/27,HUB-99174,11260,JHorvath,0,0,0,0,0,0,0,0,0,0,0,0,XWang,,
PP-Lollipop (06/13-06/27),2023/06/13,2023/06/27,HUB-99175,3585,JHorvath,0,0,0,0,0,0,0,0,0,0,0,0,SCahail,,
PP-Lollipop (06/13-06/27),2023/06/13,2023/06/27,HUB-99175,3595,JHorvath,0,0,0,0,1,0,0,0,0,0,0,0,SCahail,,
PP-Lollipop (06/13-06/27),2023/06/13,2023/06/27,HUB-99176,1530,JHorvath,0,0,0,0,0,0,0,0,0,0,0,0,SCahail,,
PP-Lollipop (06/13-06/27),2023/06/13,2023/06/27,HUB-99177,9522,JHorvath,0,0,0,0,1,2,0,0,0,0,0,0,SCahail,"1. nit: can be removed. Same with `parentId` and `url`
2. [nit], also `url` can be removed",
PP-Lollipop (06/13-06/27),2023/06/13,2023/06/27,HUB-100398,9542,JHorvath,0,0,0,0,1,0,0,0,0,0,0,0,KRaparthi,,
PP-Lollipop (06/13-06/27),2023/06/13,2023/06/27,HUB-101852,11284,JHorvath,0,0,0,0,1,1,0,0,0,0,0,0,MUllah,1. [nit] Should be singular? `existing appointment event`,
PP-Lollipop (06/13-06/27),2023/06/13,2023/06/27,HUB-102329,3603,JHorvath,0,0,0,0,1,0,0,0,0,0,0,0,JBertrand,,
PP-Lollipop (06/13-06/27),2023/06/13,2023/06/27,HUB-104098,9563,JHorvath,0,0,0,0,1,2,0,0,0,0,0,0,KRaparthi,"1. [nit] can simply use `aria-haspopup`, as it defaults to `true`
2. From my other testing this seems to work 🤷",
PP-Lollipop (06/13-06/27),2023/06/13,2023/06/27,PROD-167232,57,JHorvath,0,0,0,0,0,0,0,0,0,0,0,0,JBertrand,,
PP-Lollipop (06/13-06/27),2023/06/13,2023/06/27,PROD-167232,11287,JHorvath,0,0,0,0,1,0,0,0,0,0,0,0,JBertrand,,
PP-Lollipop (06/13-06/27),2023/06/13,2023/06/27,PROD-167673,11260,JHorvath,0,0,0,0,0,0,0,0,0,0,0,0,XWang,,
PP-Lollipop (06/13-06/27),2023/06/13,2023/06/27,PROD-171190,11291,JHorvath,0,0,0,0,1,0,0,0,0,0,0,0,KRaparthi,,
PP-Lollipop (06/13-06/27),2023/06/13,2023/06/27,PROD-171190,11292,JHorvath,0,0,0,0,1,0,0,0,0,0,0,0,KRaparthi,,
PP-Lollipop (06/13-06/27),2023/06/13,2023/06/27,HUB-101717,11298,JHorvath,0,0,0,0,0,0,0,0,0,0,0,0,Kevin.Gallagher,,
PP-Lollipop (06/13-06/27),2023/06/13,2023/06/27,HUB-101754,9653,JHorvath,0,0,0,0,0,0,0,0,0,0,0,0,XWang,,
PP-Lollipop (06/13-06/27),2023/06/13,2023/06/27,PROD-156149,11289,JHorvath,0,0,0,0,1,0,0,0,0,0,0,0,KRaparthi,,
PP-Lollipop (06/13-06/27),2023/06/13,2023/06/27,PROD-170669,9585,JHorvath,0,0,0,0,1,0,0,0,0,0,0,0,SCahail,,
Sprint Totals,,,,,,PR_ADDED: 3034,PR_REMOVED: 533,COMMIT_ADDED: 809,COMMIT_REMOVED: 327,APPROVED: 11,COMMENTED: 9,DECLINED: 0,MERGED: 3,OPENED: 3,RESCOPED: 9,UNAPPROVED: 0,UPDATED: 0,,,

Overall Totals,,,,,,PR_ADDED: 14233,PR_REMOVED: 1993,COMMIT_ADDED: 6789,COMMIT_REMOVED: 2051,APPROVED: 39,COMMENTED: 60,DECLINED: 2,MERGED: 10,OPENED: 13,RESCOPED: 59,UNAPPROVED: 1,UPDATED: 1,,,
