SPRINT,START_DATE,END_DATE,TICKET,PR_ID,USER,PR_ADDED,PR_REMOVED,COMMIT_ADDED,COMMIT_REMOVED,APPROVED,COMMENTED,DECLINED,MERGED,OPENED,RESCOPED,UNAPPROVED,UPDATED,AUTHOR,COMMENTS,COMMIT_MESSAGES
Q2 2023 - Sprint 2,2023/04/20,2023/05/03,PROD-165670,148309,VGadhiya,8679,1321,0,0,0,0,0,0,1,7,0,0,VGadhiya,,
Q2 2023 - Sprint 2,2023/04/20,2023/05/03,PROD-165670,148437,VGadhiya,0,0,0,0,1,0,0,0,0,0,0,1,SMahale,,
Q2 2023 - Sprint 2,2023/04/20,2023/05/03,PROD-165670,148438,VGadhiya,0,0,0,0,1,0,0,0,0,0,0,1,ASuthar,,
Q2 2023 - Sprint 2,2023/04/20,2023/05/03,PROD-165670,148624,VGadhiya,0,0,0,0,1,0,0,0,0,0,0,1,Dhruti.Shah,,
Q2 2023 - Sprint 2,2023/04/20,2023/05/03,PROD-165670,149030,VGadhiya,0,0,102,83,0,0,0,0,0,0,0,0,ALakshkar,,"1. Merge branch 'prod' of ssh://stash.cvent.net:7999/cvt/c4 into prod-164150
2. PROD-164150 : Return the Invitee and Guest Order and Payment Information
3. Merge branch 'prod' of ssh://stash.cvent.net:7999/cvt/c4 into prod-164150
4. PROD-164150 : Adding Changes in SP for particular scenario
5. Merge branch 'prod' of ssh://stash.cvent.net:7999/cvt/c4 into prod-164150
6. PROD-164150 : Consolidated the Order Details as per the Invitee and Guest
7. Merge branch 'prod' of ssh://stash.cvent.net:7999/cvt/c4 into prod-164150
8. Merge branch 'prod' of ssh://stash.cvent.net:7999/cvt/c4 into prod-164150
9. Merge branch 'prod' of ssh://stash.cvent.net:7999/cvt/c4 into prod-164150
10. PROD-164150 : Adding the Non Cluster Index for temptable"
Q2 2023 - Sprint 2,2023/04/20,2023/05/03,HUB-97991,148309,VGadhiya,8679,1321,0,0,0,0,0,0,0,0,0,0,VGadhiya,,
Q2 2023 - Sprint 2,2023/04/20,2023/05/03,HUB-97991,149599,VGadhiya,0,0,0,0,0,0,0,0,0,0,0,0,VGadhiya,,
Sprint Totals,,,,,,PR_ADDED: 17358,PR_REMOVED: 2642,COMMIT_ADDED: 102,COMMIT_REMOVED: 83,APPROVED: 3,COMMENTED: 0,DECLINED: 0,MERGED: 0,OPENED: 1,RESCOPED: 7,UNAPPROVED: 0,UPDATED: 3,,,

Q2 2023 - Sprint 3,2023/05/04,2023/05/17,HUB-97991,148309,VGadhiya,8679,1321,0,0,0,0,0,0,0,2,0,0,VGadhiya,,"1. Merge branch 'prod' of ssh://stash.cvent.net:7999/cvt/c4 into prod-164150
2. Merge branch 'prod' of ssh://stash.cvent.net:7999/cvt/c4 into prod-164150"
Q2 2023 - Sprint 3,2023/05/04,2023/05/17,HUB-97991,149599,VGadhiya,0,0,0,0,0,0,0,0,0,0,0,0,VGadhiya,,
Sprint Totals,,,,,,PR_ADDED: 8679,PR_REMOVED: 1321,COMMIT_ADDED: 0,COMMIT_REMOVED: 0,APPROVED: 0,COMMENTED: 0,DECLINED: 0,MERGED: 0,OPENED: 0,RESCOPED: 2,UNAPPROVED: 0,UPDATED: 0,,,

Q2 2023 - Sprint 5,2023/06/01,2023/06/14,PROD-168082,150459,VGadhiya,0,0,65,0,0,0,0,0,0,0,0,0,qtpman,,"1. PROD-169603 : Create new sp for fetching data using the temp table
2. Merge branch 'prod' of ssh://stash.cvent.net:7999/cvt/c4 into prod-169603
3. Merge branch 'prod' of ssh://stash.cvent.net:7999/cvt/c4 into prod-169603"
Q2 2023 - Sprint 5,2023/06/01,2023/06/14,PROD-168082,150552,VGadhiya,8009,1991,0,0,0,0,0,0,0,0,0,0,VGadhiya,,
Q2 2023 - Sprint 5,2023/06/01,2023/06/14,PROD-168082,150584,VGadhiya,0,0,0,0,0,0,0,0,0,0,0,0,SSao,,
Q2 2023 - Sprint 5,2023/06/01,2023/06/14,PROD-168082,150606,VGadhiya,0,0,0,0,0,0,0,0,0,0,0,0,SSao,,
Sprint Totals,,,,,,PR_ADDED: 8009,PR_REMOVED: 1991,COMMIT_ADDED: 65,COMMIT_REMOVED: 0,APPROVED: 0,COMMENTED: 0,DECLINED: 0,MERGED: 0,OPENED: 0,RESCOPED: 0,UNAPPROVED: 0,UPDATED: 0,,,

Overall Totals,,,,,,PR_ADDED: 34046,PR_REMOVED: 5954,COMMIT_ADDED: 167,COMMIT_REMOVED: 83,APPROVED: 3,COMMENTED: 0,DECLINED: 0,MERGED: 0,OPENED: 1,RESCOPED: 9,UNAPPROVED: 0,UPDATED: 3,,,
