SPRINT,START_DATE,END_DATE,TICKET,PR_ID,USER,PR_ADDED,PR_REMOVED,COMMIT_ADDED,COMMIT_REMOVED,APPROVED,COMMENTED,DECLINED,MERGED,OPENED,RESCOPED,UNAPPROVED,UPDATED,AUTHOR,COMMENTS,COMMIT_MESSAGES
Q2 2023 - Sprint 2,2023/04/20,2023/05/03,HUB-94986,3502,Kailash.Goswami,60,0,61,1,0,0,0,0,1,1,0,0,Kailash.Goswami,,"1. HUB-94986 :  disable useInMemoryCacheFirst for enrolledSessions to fix cache issue geting old enrollment status some time
2. Applied suggestion"
Q2 2023 - Sprint 2,2023/04/20,2023/05/03,PROD-161513,740,Kailash.Goswami,0,0,0,0,0,0,0,0,0,0,0,0,Vidul.Kumar,,
Q2 2023 - Sprint 2,2023/04/20,2023/05/03,PROD-161513,17357,Kailash.Goswami,0,0,0,0,0,0,0,0,0,0,0,0,Vidul.Kumar,,
Q2 2023 - Sprint 2,2023/04/20,2023/05/03,HUB-84672,3542,Kailash.Goswami,118,3,0,0,0,0,0,0,0,0,0,0,Kailash.Goswami,,
Sprint Totals,,,,,,PR_ADDED: 178,PR_REMOVED: 3,COMMIT_ADDED: 61,COMMIT_REMOVED: 1,APPROVED: 0,COMMENTED: 0,DECLINED: 0,MERGED: 0,OPENED: 1,RESCOPED: 1,UNAPPROVED: 0,UPDATED: 0,,,

Q2 2023 - Sprint 3,2023/05/04,2023/05/17,HUB-84672,3542,Kailash.Goswami,118,3,118,3,0,9,1,0,1,2,0,0,Kailash.Goswami,"1. ![image.png](attachment:19134/21577)   ![image.png](attachment:19134/21578)   ![image.png](attachment:19134/21576)
2. Currently integration tests are skipped with comment // Yellowish Investigating broken catalog in sg50+  I verified on local existing tests are getting passed
3. Collaborative sessions are not supported on APP hence, these should not be listed in OnDemand List in Event App, That's why we filter out collaborative session.  You can check  AC5 in https://jira.cvent.com/browse/HUB-84672
4. Since this is a development issue, you can refer [parent ticket](https://jira.cvent.com/browse/HUB-84672) for test cases and all the details.
5. Since this is a development issue, you can refer [parent ticket](https://jira.cvent.com/browse/HUB-84672) for test cases and all the details.
6. Now changes associated to parent issue, updated the title with parent ticket
7. Should I need to change the commite message as well?
8. done
9. Earlier, the product team decided that we would not show collaborative session videos in the on-demand list as we are not streaming collaborative sessions on the event app. But we reiterated it with the product team, and the product team decided to show collaborative session videos on demand as well in the on-demand list to make it consistent with the web.  So this is not needed now.",1. HUB-84672: add allowCollaborative flag in getAttendeeOnDemandCatalogV2 query
Sprint Totals,,,,,,PR_ADDED: 118,PR_REMOVED: 3,COMMIT_ADDED: 118,COMMIT_REMOVED: 3,APPROVED: 0,COMMENTED: 9,DECLINED: 1,MERGED: 0,OPENED: 1,RESCOPED: 2,UNAPPROVED: 0,UPDATED: 0,,,

Overall Totals,,,,,,PR_ADDED: 296,PR_REMOVED: 6,COMMIT_ADDED: 179,COMMIT_REMOVED: 4,APPROVED: 0,COMMENTED: 9,DECLINED: 1,MERGED: 0,OPENED: 2,RESCOPED: 3,UNAPPROVED: 0,UPDATED: 0,,,
