SPRINT,START_DATE,END_DATE,TICKET,PR_ID,USER,PR_ADDED,PR_REMOVED,COMMIT_ADDED,COMMIT_REMOVED,APPROVED,COMMENTED,DECLINED,MERGED,OPENED,RESCOPED,UNAPPROVED,UPDATED,AUTHOR,COMMENTS,COMMIT_MESSAGES
Snx-Haaldersbroekerdwarsstraat,2023/04/13,2023/04/26,HUB-85544,3449,IArgyle,0,0,0,0,1,0,0,0,0,0,0,0,A.Li,,
Snx-Haaldersbroekerdwarsstraat,2023/04/13,2023/04/26,HUB-85544,3486,IArgyle,0,0,91,88,0,0,0,0,0,0,0,0,ABadlia,,"1. HUB-95589: Fix merge conflict
2. HUB-95589: Fix eslint errors
3. Merge branch 'develop' into HUB-95589
4. HUB-95589: Fix unit test
5. HUB-95589: Apply suggestions
6. Merge branch 'develop' into HUB-95589
7. HUB-95589: Add dates to session filters
8. HUB-95589: Remove eventId from query
9. Merge branch 'develop' into HUB-95589
10. HUB-95589: Lower eslint warnings
11. HUB-95589: Fix build failures
12. HUB-95589: Fix eslint warning
13. Merge branch 'develop' into HUB-95589
14. HUB-95589: Fix merge conflict
15. Pull request #3458: HUB-95589: Create new sessionFilters query  Merge in AX/attendee-experience-data from HUB-95589 to develop  * commit '5d49c0a332c1f65eff1aef80eb383963155ee200':    HUB-95589: Fix eslint warning    HUB-95589: Fix build failures    HUB-95589: Lower eslint warnings    HUB-95589: Remove eventId from query    HUB-95589: Add dates to session filters    HUB-95589: Apply suggestions    HUB-95589: Fix unit test    HUB-95589: Fix eslint errors    HUB-95589: Add changeset    HUB-95589: Create new sessionFilters query"
Snx-Haaldersbroekerdwarsstraat,2023/04/13,2023/04/26,HUB-95589,3458,IArgyle,198,10,194,9,0,2,0,1,1,10,0,0,IArgyle,"1. Didn't find any issues. We talked about both methods in the design doc, I discussed this with my team and we came to the conclusion that it'd be simpler to use a seperate query.
2. Actually dates should be part of this query, I overlooked that, I'll update this PR. Currently dates and filters (which include locations, categories, and custom fields) are part of the me query. The point was to remove them from the me query.  I think what @RLiwag means by this is that if dates & filters were added to the searchSessions query, the FE would need to conditionally request the dates & filters fields to avoid gathering unnecessary data every time, which would require the skip/include directives, which arent supported yet.","1. HUB-95589: Create new sessionFilters query
2. HUB-95589: Add changeset"
Snx-Haaldersbroekerdwarsstraat,2023/04/13,2023/04/26,PROD-165588,3462,IArgyle,0,0,0,0,1,0,0,0,0,0,0,0,A.Li,,
Snx-Haaldersbroekerdwarsstraat,2023/04/13,2023/04/26,HUB-95596,3441,IArgyle,193,129,204,140,0,5,0,1,1,2,0,0,IArgyle,"1. This makes sense, I'll update the code.
2. I agree, empty arrays are truthy. I think it's only necessary to check if locale is truthy here. I'll update the code.
3. I'll copy the TCW over to the subtask and bring this up with my team. For the performace verification, do you have an example of a TCW that includes performance testing? Not sure how to go about doing that.
4. Makes sense, I'll contact Suhaim, thanks!
5. So after talking with my team and Suhaim we think it'd be overkill to do dedicated performance testing here. Instead we're going to keep a close eye on the affected SLO and go from there. I've created a small ticket just to ensure we do this: HUB-96477  We have a few other tickets that need to be completed as well for this which I've linked to the above ticket.  Also, I talked with my team and manager about our TCW system. Everyone wants to continue putting their TCWs in the parent ticket. But from now on we'll link the TCW comment in our PRs.","1. HUB-95596: Move blocking calls to Promise.all in ME query
2. HUB-95596: Make field required again
3. HUB-95596: Apply suggestions
4. Merge branch 'develop' into HUB-95596"
Snx-Haaldersbroekerdwarsstraat,2023/04/13,2023/04/26,HUB-96019,84,IArgyle,556,12,418,3,0,0,0,0,0,0,0,0,IArgyle,,"1. HUB-96019: Write initial code to add content tagging datasource
2. HUB-96019: Expose endpoints"
Sprint Totals,,,,,,PR_ADDED: 947,PR_REMOVED: 151,COMMIT_ADDED: 907,COMMIT_REMOVED: 240,APPROVED: 2,COMMENTED: 7,DECLINED: 0,MERGED: 2,OPENED: 2,RESCOPED: 12,UNAPPROVED: 0,UPDATED: 0,,,

Snax - Idiotville (4/27-5/10),2023/04/27,2023/05/10,HUB-95596,3441,IArgyle,193,129,0,0,0,0,0,0,0,0,0,0,IArgyle,,
Snax - Idiotville (4/27-5/10),2023/04/27,2023/05/10,HUB-96019,84,IArgyle,556,12,759,1284,0,6,0,0,0,12,0,0,IArgyle,"1. Done
2. No, I've removed it
3. Yes, I've added it here and in the TagDocumentData class.
4. Makes sense. I've replaced all my uses of eventId with groupId.
5. Taking this from: https://stash.cvent.net/projects/SEAR/repos/invitee-search-service/browse/invitee-search-service/src/main/java/com/cvent/inviteesearch/resources/ElasticsearchDatasourceResource.java#147
6. But really you can get tag based on any parameters, is it really necessary to specify account id and env here?","1. HUB-96019: Add new TagData class
2. HUB-96019: Change delimiter to <:$:>
3. HUB-96019: Impliment suggestions
4. HUB-96019: elementTypeId -> elementTypeIds
5. HUB-96019: Replace eventId with groupId
6. HUB-96019: Create datasource endpoints for tags & elements
7. HUB-96019: Clean up code, add tests
8. HUB-96019: Fix tests, clean up code
9. HUB-96019: Fix checkstyle issue
10. HUB-96019: Add tags datasource endpoint, update tests and raml
11. HUB-96019: Clean up code
12. Merge branch 'master' into HUB-96019
13. HUB-96019: Apply suggestions, fix tests"
Sprint Totals,,,,,,PR_ADDED: 749,PR_REMOVED: 141,COMMIT_ADDED: 759,COMMIT_REMOVED: 1284,APPROVED: 0,COMMENTED: 6,DECLINED: 0,MERGED: 0,OPENED: 0,RESCOPED: 12,UNAPPROVED: 0,UPDATED: 0,,,

Snax - Jerrys Nose (5/11-5/24),2023/05/11,2023/05/25,HUB-98202,3549,IArgyle,651,43,833,225,0,9,0,1,1,7,0,0,IArgyle,"1. Are you refering to SearchSessionCriteria/SearchSessionsBySpeakerCriteria? If so these both have lots fields that don't apply to the new query. Or am I missing a different input type?
2. Oh I see, I'll remove this type
3. So on further investigation it seems this type is necessary, it's actually different from the one defined in the graph. The one in the graph has a `speakerIds` field, this one instead has a `speakerSessionIds` field. This type is only used by the `searchPlannerSessionsFilter` function which builds the filter based on the params from this type.  This makes it easier to call `searchPlannerSessionsFilter` without explicitly defining all of the parameters. The `searchPlannerSessionsFilter` function does the same thing.
4. Forgot about that, I've updated the code to use clientFactory instead.
5. I considered this, but that would result in this query no longer being backwards compatible. The reason being we want to use the `PageCriteria` type in the input, not the `SessionPagination` type which only supports passing a page token. I think it would be better to deprecate this query and move to the new one.
6. Just marked the `getPaginatedSessions` as deprecated.
7. I've created a ticket to remove this query: HUB-100118  Ax-web doesn't curerntly use the query so we should be ok to just remove it.
8. Changed the new query to use LiveQaSession instead.
9. This comment is out of date, after a discussion with my team we decided to go with the regular Session type instead of LiveQaSession.","1. HUB-98202: Add new searchPlannerSessions query
2. HUB-98202: Add changeset
3. HUB-98202: change query return type, apply suggestions
4. HUB-98202: Update searchPlannerSessions query to use SessionPaginatedResults
5. HUB-98202: Utilize clientFactory for searchPlannerSessions, define params for planner sessions filter
6. HUB-98202: Fix eslint error
7. Applied suggestion
8. Merge branch 'develop' into HUB-98202
9. HUB-98202: Update types"
Snax - Jerrys Nose (5/11-5/24),2023/05/11,2023/05/25,HUB-98202,3566,IArgyle,0,0,0,0,0,0,0,0,0,0,0,0,TCox,,"1. Pull request #3549: HUB-98202: Create new query to fetch planner sessions with filter criteria  Merge in AX/attendee-experience-data from HUB-98202 to develop  * commit '3ae2445067be48131d90de757e92d2a3760b7643':    HUB-98202: Update types    Applied suggestion    HUB-98202: Fix eslint error    HUB-98202: Utilize clientFactory for searchPlannerSessions, define params for planner sessions filter    HUB-98202: Update searchPlannerSessions query to use SessionPaginatedResults    HUB-98202: change query return type, apply suggestions    HUB-98202: Add changeset    HUB-98202: Add new searchPlannerSessions query
2. Merge remote-tracking branch 'origin/master' into downmerge/2.13.0"
Snax - Jerrys Nose (5/11-5/24),2023/05/11,2023/05/25,HUB-98820,3554,IArgyle,1351,328,0,0,0,0,0,1,1,0,0,0,IArgyle,,
Snax - Jerrys Nose (5/11-5/24),2023/05/11,2023/05/25,HUB-99718,86,IArgyle,0,0,5,12,0,0,0,0,0,0,0,0,SKadam,,1. HUB-99718: Fix flakey test
Snax - Jerrys Nose (5/11-5/24),2023/05/11,2023/05/25,HUB-99718,85,IArgyle,0,0,0,0,0,1,0,0,0,1,0,0,SKadam,"1. It was being flakey in jenkins when it was in the background (but not locally). After some googling I think this is related to a different version being used in jenkins which occasionally causes the 'afterFeature' to run before the test is complete, causing the test to fail. I've spent many hours trying to debug this and this is the only way I can get it to consistantly pass in jenkins, if you have any other solution then please let me know.",
Snax - Jerrys Nose (5/11-5/24),2023/05/11,2023/05/25,HUB-93998,223,IArgyle,69,22,5,0,0,0,0,1,1,0,0,0,IArgyle,,1. HUB-93998: Phrase app changes
Snax - Jerrys Nose (5/11-5/24),2023/05/11,2023/05/25,HUB-93998,240,IArgyle,0,0,0,0,0,0,0,0,0,0,0,0,SBundale,,1. Pull request #223: HUB-93998: Phrase app changes  Merge in AX/language-management from hub-93998-phraseapp to master  * commit '57d6d377fe9cb99a077c54f38461b4c20b41d134':    HUB-93998: Phrase app changes    HUB-93998: phraseapp changes
Sprint Totals,,,,,,PR_ADDED: 2071,PR_REMOVED: 393,COMMIT_ADDED: 843,COMMIT_REMOVED: 237,APPROVED: 0,COMMENTED: 10,DECLINED: 0,MERGED: 3,OPENED: 3,RESCOPED: 8,UNAPPROVED: 0,UPDATED: 0,,,

Snax - Sprint Kickapoo,2023/05/25,2023/06/07,HUB-90849,3567,IArgyle,210,13,273,76,0,2,0,1,1,2,0,0,IArgyle,"1. `tags` is an array of strings (the tag names), and `sessionTags` is an array of objects containing the tag name and id. I dicussed this with my team yesterday, originally I wanted to deprecate `tags` in favor of `sessionTags` but my team suggested we keep tags as is. Instead `sessionTags` is an ""internal"" field, it never gets exposed via the graph and is only used by the session filters query.
2. Makes sense, I'll deprecate the old field and create a new one that's exposed on the graph","1. HUB-90849: Add tags to session filters query
2. HUB-90849: Add tag ids to searchSessionsWithAdmissionData response
3. HUB-90849: Add changeset
4. HUB-90849: Add tags ids to searchSessionCriteria
5. HUB-90849: Update types
6. HUB-90849: Add new contentTags field to session type
7. HUB-90849: Update changeset"
Snax - Sprint Kickapoo,2023/05/25,2023/06/07,HUB-90849,3573,IArgyle,0,0,0,0,0,0,0,0,0,0,0,0,ATawfik,,1. Pull request #3567: HUB-90849: Add tags to sessionFilters query  Merge in AX/attendee-experience-data from HUB-90849 to develop  * commit 'f12ee9a5d8a02919da203c22fe797c812f783876':    HUB-90849: Update changeset    HUB-90849: Add new contentTags field to session type    HUB-90849: Update types    HUB-90849: Add tags ids to searchSessionCriteria    HUB-90849: Add changeset    HUB-90849: Add tag ids to searchSessionsWithAdmissionData response    HUB-90849: Add tags to session filters query
Snax - Sprint Kickapoo,2023/05/25,2023/06/07,HUB-93998,223,IArgyle,69,22,0,0,0,0,0,0,0,0,0,0,IArgyle,,
Snax - Sprint Kickapoo,2023/05/25,2023/06/07,HUB-90798,3615,IArgyle,0,0,0,0,0,0,0,0,0,0,0,0,SKadam,,
Sprint Totals,,,,,,PR_ADDED: 279,PR_REMOVED: 35,COMMIT_ADDED: 273,COMMIT_REMOVED: 76,APPROVED: 0,COMMENTED: 2,DECLINED: 0,MERGED: 1,OPENED: 1,RESCOPED: 2,UNAPPROVED: 0,UPDATED: 0,,,

Snax - Las Vegas,2023/06/08,2023/06/22,HUB-90798,3615,IArgyle,0,0,0,0,1,0,0,0,0,0,0,0,SKadam,,
Snax - Las Vegas,2023/06/08,2023/06/22,HUB-102299,1424,IArgyle,0,0,0,0,0,0,0,0,0,0,0,0,SKadam,,
Snax - Las Vegas,2023/06/08,2023/06/22,HUB-103041,3606,IArgyle,0,0,0,0,0,1,0,0,0,0,0,0,A.Li,"1. It looks like this is only accounting for when mergeSessionFilters fails, do we also want to handle the case when the calls to universal-sessions service fails?",
Snax - Las Vegas,2023/06/08,2023/06/22,HUB-103041,3635,IArgyle,0,0,245,60,0,0,0,0,0,0,0,0,SSimpson,,"1. HUB-103566: etch PreFilterAnswers based on Planner SessionFilters Selection
2. HUB-103566: Fix lint errors and IT
3. HUB-103566: Add changeset
4. HUB-103566: Get session filters and planner sessions asynchronously
5. HUB-103566: Fix lint error
6. HUB-103566: Fix ITs
7. Pull request #3617: HUB-103566: Fetch pre filter answers based on planner session filters selection  Merge in AX/attendee-experience-data from HUB-103566 to develop  * commit '91abe3f00cccc5a2c46a9786c59a2df2dfa25add':    HUB-103566: Fix ITs    HUB-103566: Fix lint error    HUB-103566: Get session filters and planner sessions asynchronously    HUB-103566: Add changeset    HUB-103566: Fix lint errors and IT    HUB-103566: etch PreFilterAnswers based on Planner SessionFilters Selection"
Snax - Las Vegas,2023/06/08,2023/06/22,HUB-103566,3617,IArgyle,200,15,0,0,0,1,0,1,1,3,0,0,IArgyle,"1. Yeah it's a little weird, but we need to consolidate duplicates in three different ways:  - categories with the same id are the same, so we can just remove the duplicates  - custom fields with the same id will have different options that need to be merged together  - locations are just strings, so it's easiest to just use a Set  I can't think of a great way to consolidate these unless you have any sugestions.",
Snax - Las Vegas,2023/06/08,2023/06/22,HUB-97884,1906,IArgyle,598,0,1524,1029,0,3,0,1,1,2,0,0,IArgyle,"1. Renamed this class to PreFilter to differentiate from other filters, do you think that's ok?
2. Merged this in with PreFilterList class.
3. Are you suggesting that I rename PrefilterList to PreFilter and rename PreFilter to Filter? Or something else?","1. HUB-97884: Add new tables for prefilters, create new models
2. HUB-97884: Add SessionGuide schema
3. HUB-97884: Add count to prefilter
4. HUB-97884: Add changeset
5. HUB-97884: Rename PrefilterSettings to Prefilter
6. HUB-97884: prefilters -> preFilters
7. HUB-97884: Rename PreFilterList -> PreFilter and PreFilter -> Filter"
Sprint Totals,,,,,,PR_ADDED: 798,PR_REMOVED: 15,COMMIT_ADDED: 1769,COMMIT_REMOVED: 1089,APPROVED: 1,COMMENTED: 5,DECLINED: 0,MERGED: 2,OPENED: 2,RESCOPED: 5,UNAPPROVED: 0,UPDATED: 0,,,

Overall Totals,,,,,,PR_ADDED: 4844,PR_REMOVED: 735,COMMIT_ADDED: 4551,COMMIT_REMOVED: 2926,APPROVED: 3,COMMENTED: 30,DECLINED: 0,MERGED: 8,OPENED: 8,RESCOPED: 39,UNAPPROVED: 0,UPDATED: 0,,,
