SPRINT,START_DATE,END_DATE,TICKET,PR_ID,USER,PR_ADDED,PR_REMOVED,COMMIT_ADDED,COMMIT_REMOVED,APPROVED,COMMENTED,DECLINED,MERGED,OPENED,RESCOPED,UNAPPROVED,UPDATED,AUTHOR,COMMENTS,COMMIT_MESSAGES
Krypto Q2 23' S1 (8w 3d),2023/04/05,2023/04/19,PROD-164396,12535,ASuthar,0,0,0,0,1,0,0,0,0,0,0,1,VGadhiya,,
Krypto Q2 23' S1 (8w 3d),2023/04/05,2023/04/19,PROD-164396,12559,ASuthar,0,0,0,0,0,0,0,0,0,0,0,0,NSaliu,,1. Pull request #12542: PROD-165093:Updated config file  Merge in REP/reporting-content from prod-165093 to master  * commit 'e2207b44e7e3f26918b3e2f9883dd8ad54960c57':    PROD-165093:Updated config file
Krypto Q2 23' S1 (8w 3d),2023/04/05,2023/04/19,PROD-164396,12573,ASuthar,0,0,0,0,0,0,0,0,0,0,0,0,BBaurai,,"1. Pull request #12563: Master  Merge in REP/reporting-content from master to prod-145085  * commit '5621d554c7baa350b4dc6ad9f22a6f0cc790fa85':    PROD-163530: replaced showLoopedInstances to showLoopedChapterInstancesWithScoring  from r_a_d alias criteria    PROD-163530: replaced r_a_d.showLoopedInstances with r_a_d.showLoopedChapterInstancesWithScoring for reports using CROSS_SURVEY_RESPONDENT_ANSWER_DUMP DS    PROD-164663: remove unnecessary dependency    PROD-164663: remove unnecessary dependency    PROD-164663: reporting values support in event reports in survey blade.    PROD-164663: reporting values support in event reports in survey blade.
2. Scanning.  Merge in REP/reporting-content from prod-145085 to master  * commit '6d9c4c76d5c4956826ddd753d721d571911bd229':    PROD-145085 : Using domain name from the context. To Avoid the the issue from Access Portal"
Sprint Totals,,,,,,PR_ADDED: 0,PR_REMOVED: 0,COMMIT_ADDED: 0,COMMIT_REMOVED: 0,APPROVED: 1,COMMENTED: 0,DECLINED: 0,MERGED: 0,OPENED: 0,RESCOPED: 0,UNAPPROVED: 0,UPDATED: 1,,,

Krypto Q2 23' S2 (10w 1d),2023/04/19,2023/05/03,PROD-165626,148438,ASuthar,2973,705,0,0,0,0,0,1,1,0,0,0,ASuthar,,
Sprint Totals,,,,,,PR_ADDED: 2973,PR_REMOVED: 705,COMMIT_ADDED: 0,COMMIT_REMOVED: 0,APPROVED: 0,COMMENTED: 0,DECLINED: 0,MERGED: 1,OPENED: 1,RESCOPED: 0,UNAPPROVED: 0,UPDATED: 0,,,

Krypto Q2 23' S4 (10w 1d),2023/05/18,2023/06/01,PROD-167055,12714,ASuthar,0,0,0,0,0,0,0,0,0,0,0,0,Mohitkumar.Shah,,"1. Pull request #12680: Master  Merge in REP/reporting-content from master to prod-167890  * commit '9e6214d95787d7c729c365270b52fa47666e2c2b':    EINT-9663 hard coded title replace with resx key.    EINT-9663 change the title of event card summary report.    GROUP-91689 IBK-Passkey Reporting datasource    EINT-9663 Event level card summary PR comment resolved.    EINT-9663 validForm column is not display issue resolved    EINT-9663 : remove resource key from card status prompt    EINT-9663 : update the card summary report json file    EINT-9663 : added phrase app key for Card Summary new report    EINT-9663 : Card Summary new report authoring changes
2. Pull request #12694: PROD-167890:removed report and view files of crowd compass report  Merge in REP/reporting-content from prod-167890 to master  * commit 'dcb4895adb6a01c70499a86f7a864526f9100695':    PROD-167890:removed report and view files of crowd compass report
3. Pull request #12697: PROD-168069:Increased metadata length  Merge in REP/reporting-content from prod-168069 to master  * commit 'ad2e68a5feab7a1a41df2a752a4d84fbad8c1b3e':    PROD-168069:Increased metadata length"
Sprint Totals,,,,,,PR_ADDED: 0,PR_REMOVED: 0,COMMIT_ADDED: 0,COMMIT_REMOVED: 0,APPROVED: 0,COMMENTED: 0,DECLINED: 0,MERGED: 0,OPENED: 0,RESCOPED: 0,UNAPPROVED: 0,UPDATED: 0,,,

Overall Totals,,,,,,PR_ADDED: 2973,PR_REMOVED: 705,COMMIT_ADDED: 0,COMMIT_REMOVED: 0,APPROVED: 1,COMMENTED: 0,DECLINED: 0,MERGED: 1,OPENED: 1,RESCOPED: 0,UNAPPROVED: 0,UPDATED: 1,,,
