SPRINT,START_DATE,END_DATE,TICKET,PR_ID,USER,PR_ADDED,PR_REMOVED,COMMIT_ADDED,COMMIT_REMOVED,APPROVED,COMMENTED,DECLINED,MERGED,OPENED,RESCOPED,UNAPPROVED,UPDATED,AUTHOR,COMMENTS,COMMIT_MESSAGES
Quasar: J'23 (May 11- May 24),2023/05/11,2023/05/24,PROD-162137,149333,SPrachi,0,0,9999,1,0,0,0,0,0,0,0,0,qtpman,,"1. Merge branch 'prod' of ssh://stash.cvent.net:7999/cvt/c4 into downmerge-prod-15052023
2. downmerge"
Quasar: J'23 (May 11- May 24),2023/05/11,2023/05/24,PROD-162137,150376,SPrachi,9339,661,0,0,0,0,0,0,0,0,0,0,SPrachi,,
Sprint Totals,,,,,,PR_ADDED: 9339,PR_REMOVED: 661,COMMIT_ADDED: 9999,COMMIT_REMOVED: 1,APPROVED: 0,COMMENTED: 0,DECLINED: 0,MERGED: 0,OPENED: 0,RESCOPED: 0,UNAPPROVED: 0,UPDATED: 0,,,

Overall Totals,,,,,,PR_ADDED: 9339,PR_REMOVED: 661,COMMIT_ADDED: 9999,COMMIT_REMOVED: 1,APPROVED: 0,COMMENTED: 0,DECLINED: 0,MERGED: 0,OPENED: 0,RESCOPED: 0,UNAPPROVED: 0,UPDATED: 0,,,
