SPRINT,START_DATE,END_DATE,TICKET,PR_ID,USER,PR_ADDED,PR_REMOVED,COMMIT_ADDED,COMMIT_REMOVED,APPROVED,COMMENTED,DECLINED,MERGED,OPENED,RESCOPED,UNAPPROVED,UPDATED,AUTHOR,COMMENTS,COMMIT_MESSAGES
Krypto Q2 23' S1 (8w 3d),2023/04/05,2023/04/19,HUB-77903,9038,JCurtis,0,0,0,0,1,1,0,0,0,0,0,0,MGangani,"1. [nit] These annotations are not very useful. Prefer the typescript types instead, unless you are going to actually document something.",
Krypto Q2 23' S1 (8w 3d),2023/04/05,2023/04/19,HUB-77903,9039,JCurtis,0,0,0,0,1,6,0,0,0,0,0,0,MDola,"1. [nit] Unnecessary fragment
2. Consider not using testIDs unless strictly necessary. We want to avoid adding unnecessary bloat, and promote using accessible selectors.
3. [nit] Instead of naming this parameter after some application context could we name it after what it does? Looks like it's used as a testID so maybe something like  ```suggestion    testID = 'session'  ```
4. Reference the type from the Carina package instead of duplicating our own definition
5. Always check that the component is correctly rendered before checking for non-existence.
6. Prefer selecting accessible elements instead of testIDs https://testing-library.com/docs/queries/about/#priority",
Krypto Q2 23' S1 (8w 3d),2023/04/05,2023/04/19,HUB-82329,9039,JCurtis,0,0,0,0,0,0,0,0,0,0,0,0,MDola,,
Krypto Q2 23' S1 (8w 3d),2023/04/05,2023/04/19,HUB-82329,8198,JCurtis,0,0,0,0,0,0,0,0,0,0,0,0,Harshita.Sharma,,
Krypto Q2 23' S1 (8w 3d),2023/04/05,2023/04/19,HUB-94865,9039,JCurtis,0,0,0,0,0,0,0,0,0,0,0,0,MDola,,
Krypto Q2 23' S1 (8w 3d),2023/04/05,2023/04/19,HUB-95249,9039,JCurtis,0,0,0,0,0,0,0,0,0,0,0,0,MDola,,
Krypto Q2 23' S1 (8w 3d),2023/04/05,2023/04/19,HUB-80706,9040,JCurtis,0,0,0,0,0,5,0,0,0,0,0,0,Harshita.Sharma,"1. [nit] Passing `key` here doesn't do anything
2. Consider not giving everything a testID until it's actually needed. Promote selecting by role!
3. Should the e2e tests be a part of this PR?
4. This means we are deploying untested code. Automation should be part of the definition of done for a ticket.
5. In the future we need to make this a part of the same PR and ticket. Our end goal is continuous delivery - which means every merge into the development branch needs to be fully automated (UT + e2e where appropriate).",
Krypto Q2 23' S1 (8w 3d),2023/04/05,2023/04/19,HUB-89095,3397,JCurtis,0,0,0,0,1,0,0,0,0,0,0,0,Harshita.Sharma,,
Krypto Q2 23' S1 (8w 3d),2023/04/05,2023/04/19,HUB-89095,3506,JCurtis,0,0,0,0,0,0,0,0,0,0,0,0,CEkrut,,
Krypto Q2 23' S1 (8w 3d),2023/04/05,2023/04/19,PROD-161672,9026,JCurtis,0,0,0,0,1,5,0,0,0,0,0,0,MGangani,"1. How did you pick 160px here?
2. I don't think this is correct in either case. The header and footer are of variable height. I assume that's what this is adjusting for? As I mentioned AppPanelPortal already handles setting this height. I think the solution is to remove styles, not add them.
3. Do you have a screenshot of this issue? AppPanelPortal was created to solve this issue - I think. Hard to say without seeing it.
4. Ah from this screenshot it looks like the issue might actually be with the content. See how the footer is not sticking to the bottom of the page.
5. Can you share a link to an exhibitor where this is reproducible in S606?",
Sprint Totals,,,,,,PR_ADDED: 0,PR_REMOVED: 0,COMMIT_ADDED: 0,COMMIT_REMOVED: 0,APPROVED: 4,COMMENTED: 17,DECLINED: 0,MERGED: 0,OPENED: 0,RESCOPED: 0,UNAPPROVED: 0,UPDATED: 0,,,

Krypto Q2 23' S2 (10w 1d),2023/04/19,2023/05/03,HUB-80706,9040,JCurtis,0,0,0,0,1,0,0,0,0,0,0,0,Harshita.Sharma,,
Krypto Q2 23' S2 (10w 1d),2023/04/19,2023/05/03,HUB-80708,9161,JCurtis,0,0,0,0,1,1,0,0,0,0,0,0,MGangani,1. Looks like this function is required? If not we should add null handling to the onClick.   ```suggestion    showViewPanel: PropTypes.func.isRequired  ```,
Krypto Q2 23' S2 (10w 1d),2023/04/19,2023/05/03,HUB-80708,9219,JCurtis,0,0,0,0,0,0,0,0,0,0,0,0,Subratkumar.Sahoo,,
Krypto Q2 23' S2 (10w 1d),2023/04/19,2023/05/03,HUB-81427,9124,JCurtis,0,0,0,0,1,2,0,0,0,0,0,0,Harshita.Sharma,"1. Agreed. We should not care what timezone our data is in. They are in ISO date format. We only care which timezone it's in when displaying to the user.
2. If they are not in ISO format or the correct time without a timezone applied then this needs to be fixed at the data layer, not here.",
Krypto Q2 23' S2 (10w 1d),2023/04/19,2023/05/03,HUB-89095,3397,JCurtis,0,0,0,0,0,0,0,0,0,0,0,0,Harshita.Sharma,,
Krypto Q2 23' S2 (10w 1d),2023/04/19,2023/05/03,HUB-89095,3506,JCurtis,0,0,710,1041,0,0,0,0,0,0,0,0,CEkrut,,"1. HUB-81153: Handle no account found for eventInfo query
2. HUB-81153: Fix a couple types
3. Pull request #3478: HUB-81153: Fix a couple types  Merge in AX/attendee-experience-data from HUB-81153-2 to develop  * commit '1d20a64ca2b0ee01314b01b252212dc30fe0f73e':    HUB-81153: Fix a couple types    HUB-81153: Handle no account found for eventInfo query
4. NA-0: Give the local logs a makeover
5. Pull request #3483: NA-0: Give the local logs a makeover  Merge in AX/attendee-experience-data from pino-pretty to develop  * commit '5d0e2d1f6d80ae75c9fd29728590f6b19b742405':    NA-0: Give the local logs a makeover
6. Merge branch 'master' into downmerge/2.9.2
7. Pull request #3499: Downmerge/2.9.2  Merge in AX/attendee-experience-data from downmerge/2.9.2 to develop  * commit '6fc7c34005d88792b13d15593535d2bc89d56e36':    RELEASING: Releasing 3 package(s)    PROD-166430: Added a check for speakerbio query updated the changeset    PROD-166430: Added a check for speakerbio query    PROD-166340: Added a null check for sessions and tags for speakerBio.ts"
Krypto Q2 23' S2 (10w 1d),2023/04/19,2023/05/03,PROD-161672,9026,JCurtis,0,0,0,0,0,0,0,0,0,0,0,0,MGangani,,
Krypto Q2 23' S2 (10w 1d),2023/04/19,2023/05/03,PROD-161672,9139,JCurtis,0,0,166,147,0,0,0,0,0,0,0,0,ABadlia,,"1. HUB-84705: Upgrade @types/react to v18 in preparation for React 18
2. HUB-84705: Update redundant prop type to be just React.ReactNode
3. Pull request #9108: HUB-84705: Upgrade @types/react to v18 in preparation for React 18  Merge in AX/attendee-experience-web from HUB-84705-2 to develop  * commit '9264bb8ccb7d442d80fef95a01c1d315e0a1015f':    HUB-84705: Update redundant prop type to be just React.ReactNode    HUB-84705: Upgrade @types/react to v18 in preparation for React 18"
Krypto Q2 23' S2 (10w 1d),2023/04/19,2023/05/03,HUB-72793,9116,JCurtis,0,0,0,0,0,1,0,0,0,0,0,0,MDola,1. This is effectively doubling the initial load time of this page because we now have to wait for the dates query to resolve before we can fetch the schedule data. I don't think this is acceptable from a performance standpoint.   My suggestion when the dates query PR was raised was to include the dates in the existing query to avoid this situation: https://stash.cvent.net/projects/AX/repos/attendee-experience-data/pull-requests/3361/overview?commentId=3304618,
Krypto Q2 23' S2 (10w 1d),2023/04/19,2023/05/03,HUB-72793,9354,JCurtis,0,0,0,0,0,0,0,0,0,0,0,0,JMcGough,,
Krypto Q2 23' S2 (10w 1d),2023/04/19,2023/05/03,HUB-82374,9116,JCurtis,0,0,0,0,0,0,0,0,0,0,0,0,MDola,,
Krypto Q2 23' S2 (10w 1d),2023/04/19,2023/05/03,HUB-82374,9354,JCurtis,0,0,0,0,0,0,0,0,0,0,0,0,JMcGough,,
Krypto Q2 23' S2 (10w 1d),2023/04/19,2023/05/03,HUB-89097,9169,JCurtis,0,0,0,0,0,0,0,0,0,0,0,0,MGangani,,
Krypto Q2 23' S2 (10w 1d),2023/04/19,2023/05/03,HUB-89097,9293,JCurtis,0,0,0,0,0,0,0,0,0,0,0,0,Shea.Sullivan,,
Sprint Totals,,,,,,PR_ADDED: 0,PR_REMOVED: 0,COMMIT_ADDED: 876,COMMIT_REMOVED: 1188,APPROVED: 3,COMMENTED: 4,DECLINED: 0,MERGED: 0,OPENED: 0,RESCOPED: 0,UNAPPROVED: 0,UPDATED: 0,,,

Krypto Q2 23' S3 (10w 2d),2023/05/03,2023/05/18,HUB-72793,9116,JCurtis,0,0,0,0,1,3,0,0,0,0,0,0,MDola,"1. This file is getting rather massive. Can we move these mocks to a separate file? Specifically for MySchedule tests (not the generic mockQueries file).
2. Instead of mocking you can set the value of the TimezoneContext provider:  ```  <TimezoneContext.Provider value={{ eventTimezone: 'America/New_York', ...etc }}>    <MySchedule {...}  </TimezoneContext.Provider>  ```  This will matchup a little better with how the hook is actually used.
3. We should still strive to clean these up when possible",
Krypto Q2 23' S3 (10w 2d),2023/05/03,2023/05/18,HUB-72793,9354,JCurtis,0,0,0,0,0,0,0,0,0,0,0,0,JMcGough,,
Krypto Q2 23' S3 (10w 2d),2023/05/03,2023/05/18,HUB-82374,9116,JCurtis,0,0,0,0,0,0,0,0,0,0,0,0,MDola,,
Krypto Q2 23' S3 (10w 2d),2023/05/03,2023/05/18,HUB-82374,9354,JCurtis,0,0,0,0,0,0,0,0,0,0,0,0,JMcGough,,
Krypto Q2 23' S3 (10w 2d),2023/05/03,2023/05/18,HUB-89097,9169,JCurtis,0,0,0,0,1,3,0,0,0,0,0,0,MGangani,"1. Prefer importing the specific module you need here. We are looking to remove the index file.
2. Prefer passing your appFeatures to `MockedProvider` instead
3. Since this assertion is after a click I would suggest wrapping it in a `waitFor`. I had to add a number of these [in the React 18 upgrade](https://stash.cvent.net/projects/AX/repos/attendee-experience-web/pull-requests/9110/overview)",
Krypto Q2 23' S3 (10w 2d),2023/05/03,2023/05/18,HUB-89097,9293,JCurtis,0,0,304,106,1,0,0,0,0,3,0,0,Shea.Sullivan,,"1. HUB-84705: Flaky QAModeratorScreen.spec test
2. Pull request #9250: HUB-84705: Flaky QAModeratorScreen.spec test  Merge in AX/attendee-experience-web from HUB-84705-liveQA to develop  * commit 'cf06b59e69cb237f159e84648f6109b17e42e8c1':    HUB-84705: Flaky QAModeratorScreen.spec test
3. NA-0: Document linking to a cleanup ticket when adding new feature flags, deploying experiments to all environments
4. Pull request #9263: NA-0: Document linking to a cleanup ticket when adding new feature flags, deploying experiments to all environments  Merge in AX/attendee-experience-web from appFeaturesCleanup to develop  * commit '4d0e09771f2192fc34f713721d34c29a09f1d5a1':    NA-0: Document linking to a cleanup ticket when adding new feature flags, deploying experiments to all environments
5. HUB-84304: Create /400 and /500 error pages
6. Pull request #9248: HUB-84304: Create /400 and /500 error pages  Merge in AX/attendee-experience-web from HUB-84304 to develop  * commit 'f9d27126a2f50b47bfb33fce347d19e61b2c9d87':    HUB-84304: Create /400 and /500 error pages
7. Bump timeouts on flaky Connections unit tests
8. NA-0: Tweak flaky MyGame test, move to custom screen queries
9. NA-0: Bump timeout for AttendeeConnectionsList test
10. NA-0: Bump timeout and consolidate duplicate test renders for ConnectionsList
11. Pull request #9272: Bump timeouts on flaky Connections unit tests  Merge in AX/attendee-experience-web from connections to develop  * commit 'f1f3f40d88ae7f4ac3b81f468c672aa21e6d909f':    NA-0: Bump timeout and consolidate duplicate test renders for ConnectionsList    NA-0: Bump timeout for AttendeeConnectionsList test    NA-0: Tweak flaky MyGame test, move to custom screen queries    Bump timeouts on flaky Connections unit tests
12. PROD-167648: Delete legacy cookies on server load
13. Pull request #9277: PROD-167648: Delete legacy cookies on server load  Merge in AX/attendee-experience-web from PROD-167648 to develop  * commit 'ee684b85479850b871d9472901a496d5f0c9f24c':    PROD-167648: Delete legacy cookies on server load
14. HUB-99643: Fix scrollLock not releasing when VirtualRoomContent gets unmounted
15. Pull request #9290: HUB-99643: Fix scrollLock not releasing when VirtualRoomContent gets unmounted  Merge in AX/attendee-experience-web from HUB-99643 to release/2.16.0  * commit 'ca28066bbce5cff5bfe67410a77161ccba0bc1fe':    HUB-99643: Fix scrollLock not releasing when VirtualRoomContent gets unmounted
16. PROD-167648: disable cleanupCookies function to validate performance issues"
Krypto Q2 23' S3 (10w 2d),2023/05/03,2023/05/18,HUB-96537,3516,JCurtis,0,0,0,0,1,0,0,0,0,0,0,0,Harshita.Sharma,,
Krypto Q2 23' S3 (10w 2d),2023/05/03,2023/05/18,HUB-96537,3546,JCurtis,0,0,0,0,1,0,0,0,0,0,0,0,Shea.Sullivan,,
Krypto Q2 23' S3 (10w 2d),2023/05/03,2023/05/18,HUB-97152,9236,JCurtis,0,0,0,0,1,0,0,0,0,0,0,0,Harshita.Sharma,,
Krypto Q2 23' S3 (10w 2d),2023/05/03,2023/05/18,HUB-97152,9354,JCurtis,0,0,0,0,0,0,0,0,0,0,0,0,JMcGough,,
Krypto Q2 23' S3 (10w 2d),2023/05/03,2023/05/18,HUB-98052,9195,JCurtis,0,0,0,0,1,0,0,0,0,0,0,0,MGangani,,
Krypto Q2 23' S3 (10w 2d),2023/05/03,2023/05/18,HUB-98052,9222,JCurtis,0,0,2317,2954,0,0,0,0,0,0,0,0,SKebede,,"1. HUB-84705: React 18  @testing-library/react 14
2. Revert me! Extend ci stack life to 5 days
3. HUB-84705: Fix references to @testing-library/react-hooks
4. HUB-84805: Fix or skip failing unit tests
5. HUB-84705: Skip 3 more failing unit test files
6. HUB-84705: Adjust a few more flaky tests
7. HUB-84705: Address flakiness with FilterPanel.spec, useLoadChimeMeetingAndAttendee.spec and usePendingConnectionCount.spec
8. HUB-84705: More unit test fixing
9. HUB-84705: More flaky unit tests
10. HUB-84705: Lower coverage threshold
11. Merge remote-tracking branch 'origin/develop' into HUB-84705-3
12. HUB-84705: Adjust LivePolls.spec for flakiness
13. HUB-84705: remove old scroll fix workaround
14. Merge remote-tracking branch 'origin/develop' into HUB-84705-3
15. HUB-84705: Increase timeout for assertAllFiltersRender check
16. HUB-84705: More flaky test adjustments
17. HUB-84705: Fix timeout option
18. Merge remote-tracking branch 'origin/develop' into HUB-84705-3"
Krypto Q2 23' S3 (10w 2d),2023/05/03,2023/05/18,HUB-98128,9230,JCurtis,0,0,0,0,1,0,0,0,0,0,0,0,MGangani,,
Krypto Q2 23' S3 (10w 2d),2023/05/03,2023/05/18,HUB-98128,9354,JCurtis,0,0,0,0,0,0,0,0,0,0,0,0,JMcGough,,
Krypto Q2 23' S3 (10w 2d),2023/05/03,2023/05/18,HUB-98128,9448,JCurtis,0,0,0,0,0,0,0,0,0,0,0,0,ATawfik,,
Krypto Q2 23' S3 (10w 2d),2023/05/03,2023/05/18,HUB-96409,9510,JCurtis,0,0,0,0,0,0,0,0,0,0,0,0,MGangani,,
Krypto Q2 23' S3 (10w 2d),2023/05/03,2023/05/18,HUB-98167,9318,JCurtis,0,0,0,0,0,0,0,0,0,0,0,0,MDola,,
Krypto Q2 23' S3 (10w 2d),2023/05/03,2023/05/18,HUB-98167,9448,JCurtis,0,0,0,0,0,0,0,0,0,0,0,0,ATawfik,,
Krypto Q2 23' S3 (10w 2d),2023/05/03,2023/05/18,HUB-98167,9256,JCurtis,0,0,0,0,0,1,0,0,0,0,0,0,MDola,1. Lets follow the convention of naming it `testID`  ```suggestion  export default function EmptyScheduleStateSVG({ testID }) {  ```  We should also document the props and return type,
Sprint Totals,,,,,,PR_ADDED: 0,PR_REMOVED: 0,COMMIT_ADDED: 2621,COMMIT_REMOVED: 3060,APPROVED: 8,COMMENTED: 7,DECLINED: 0,MERGED: 0,OPENED: 0,RESCOPED: 3,UNAPPROVED: 0,UPDATED: 0,,,

Krypto Q2 23' S4 (10w 1d),2023/05/18,2023/06/01,HUB-91101,8851,JCurtis,266,303,0,0,0,0,0,0,0,0,0,0,JCurtis,,
Krypto Q2 23' S4 (10w 1d),2023/05/18,2023/06/01,HUB-95973,9448,JCurtis,0,0,113,47,0,0,0,0,0,0,0,0,ATawfik,,"1. HUB-98048: Fix skipped unit tests, added missing data"
Krypto Q2 23' S4 (10w 1d),2023/05/18,2023/06/01,HUB-98167,9318,JCurtis,0,0,0,0,1,1,0,0,0,0,0,0,MDola,1. Do you have a screenshot of this with a dark theme? `window.cvent.setThemeNightMood()`,
Krypto Q2 23' S4 (10w 1d),2023/05/18,2023/06/01,HUB-98167,9448,JCurtis,0,0,0,0,0,0,0,0,0,0,0,0,ATawfik,,
Krypto Q2 23' S4 (10w 1d),2023/05/18,2023/06/01,HUB-98167,9256,JCurtis,0,0,0,0,0,0,0,0,0,0,0,0,MDola,,
Krypto Q2 23' S4 (10w 1d),2023/05/18,2023/06/01,HUB-99787,9354,JCurtis,0,0,23,5,1,0,0,0,0,0,0,0,JMcGough,,"1. NA-0: Address more flaky unit tests
2. Bump timeout to AllSpeakers.spec.tsx
3. Pull request #9320: NA-0: Address more flaky unit tests  Merge in AX/attendee-experience-web from flake to develop  * commit 'dbc7a4531d063649f522414c688e350a8410e3d9':    Bump timeout to AllSpeakers.spec.tsx    NA-0: Address more flaky unit tests"
Krypto Q2 23' S4 (10w 1d),2023/05/18,2023/06/01,HUB-99617,9444,JCurtis,0,0,0,0,0,0,0,0,0,0,0,0,MGangani,,
Krypto Q2 23' S4 (10w 1d),2023/05/18,2023/06/01,HUB-99617,9507,JCurtis,0,0,0,0,0,0,0,0,0,0,0,0,GStarr,,
Krypto Q2 23' S4 (10w 1d),2023/05/18,2023/06/01,HUB-99617,9423,JCurtis,0,0,0,0,0,0,0,0,0,0,0,0,MGangani,,
Krypto Q2 23' S4 (10w 1d),2023/05/18,2023/06/01,HUB-100677,3573,JCurtis,0,0,0,0,0,0,0,0,0,0,0,0,ATawfik,,
Krypto Q2 23' S4 (10w 1d),2023/05/18,2023/06/01,HUB-100677,9448,JCurtis,0,0,0,0,0,0,0,0,0,0,0,0,ATawfik,,
Krypto Q2 23' S4 (10w 1d),2023/05/18,2023/06/01,HUB-100677,9507,JCurtis,0,0,0,0,0,0,0,0,0,0,0,0,GStarr,,
Krypto Q2 23' S4 (10w 1d),2023/05/18,2023/06/01,PROD-168163,9344,JCurtis,0,0,0,0,0,2,0,0,0,0,0,0,Harshita.Sharma,"1. Avoid wrapping errors in an extra object layer  ```suggestion        LOG.error('Error fetching booth staff', error);  ```
2. Does this mean we're going to fetch the booth staff, without a cache, every time an appointment form is loaded?",
Krypto Q2 23' S4 (10w 1d),2023/05/18,2023/06/01,PROD-168163,9409,JCurtis,0,0,2830,2659,1,0,0,0,0,0,0,0,TCox,,"1. HUB-100554: Migrate to @cvent/eslint-config for e2e and cdk packages
2. HUB-100554: Fix linting for web package after dep upgrades
3. Pull request #9381: HUB-100554: Migrate to @cvent/eslint-config for e2e and cdk packages  Merge in AX/attendee-experience-web from HUB-100554 to develop  * commit '9ea0120e46814d68ba99686623a6894fb6eb9761':    HUB-100554: Fix linting for web package after dep upgrades    HUB-100554: Migrate to @cvent/eslint-config for e2e and cdk packages"
Sprint Totals,,,,,,PR_ADDED: 266,PR_REMOVED: 303,COMMIT_ADDED: 2966,COMMIT_REMOVED: 2711,APPROVED: 3,COMMENTED: 3,DECLINED: 0,MERGED: 0,OPENED: 0,RESCOPED: 0,UNAPPROVED: 0,UPDATED: 0,,,

Krypto Q2 23' S5(9w 2d),2023/06/01,2023/06/14,HUB-99617,9444,JCurtis,0,0,0,0,1,9,0,0,0,0,0,0,MGangani,"1. Can we add it to just the relevant pages? If this isn't used by all pages I don't think it belongs here.
2. What's the purpose of this context? Can we add a comment explaining it?   Could we have used a Reactive Variable instead to simplify the implementation? https://www.apollographql.com/docs/react/local-state/reactive-variables/
3. We're going to need more than zero unit tests!
4. If you make this a hook you don't have to duplicate the code that get all the extra data like the apolloClient, event dates, preferred timezone, etc  ```  const useUpdateAgendaItemsCache = () => {    const apolloClient = useApolloClient();    const { me: ... } = useMeQuery();    const { preferredTimezone } = usePreferredTimezone();    return {      updateAgendaItemsCache: ({...}) => {          // ... do cache updates        }      }    }    ```
5. [nit] Lets add a comment as to what this is used for
6. You'll want to reference this using the `useReactiveVar` hook so that this component re-renders when it gets updated https://www.apollographql.com/docs/react/local-state/reactive-variables/#usereactivevar-hook
7. [nit] This can go under `components/appointments/` or `components/mySchedule/` for better code ownership
8. We'll also want to make it a Typescript file! Looks like this file would especially benefit from types.
9. Is `null` a valid value here since that's what we initialize the variable with?",
Krypto Q2 23' S5(9w 2d),2023/06/01,2023/06/14,HUB-99617,9507,JCurtis,0,0,0,0,0,0,0,0,0,0,0,0,GStarr,,
Krypto Q2 23' S5(9w 2d),2023/06/01,2023/06/14,HUB-99617,9423,JCurtis,0,0,0,0,1,1,0,0,0,0,0,0,MGangani,"1. Since we aren't using the `resetResultCache` option this seems fine to me. As noted in the docs it's recommended to gc after evicting.   The caveat here being that this operation isn't happening continuously. Can we confirm this this flow only gets triggered on user interaction, when a user declines an appointment?",
Krypto Q2 23' S5(9w 2d),2023/06/01,2023/06/14,HUB-100677,3573,JCurtis,0,0,0,0,1,0,0,0,0,0,0,0,ATawfik,,
Krypto Q2 23' S5(9w 2d),2023/06/01,2023/06/14,HUB-100677,9448,JCurtis,0,0,6,1,1,0,0,0,0,0,0,0,ATawfik,,"1. NA-0: Remove max-warnings from fix:eslint command
2. Pull request #9437: NA-0: Remove max-warnings from fix:eslint command  Merge in AX/attendee-experience-web from fix-eslint to develop  * commit 'bf4f42850150a5edac985ed5f7925287df96ee1d':    NA-0: Remove max-warnings from fix:eslint command"
Krypto Q2 23' S5(9w 2d),2023/06/01,2023/06/14,HUB-100677,9507,JCurtis,0,0,0,0,0,0,0,0,0,0,0,0,GStarr,,
Krypto Q2 23' S5(9w 2d),2023/06/01,2023/06/14,HUB-101270,9450,JCurtis,0,0,0,0,1,3,0,0,0,0,0,0,Harshita.Sharma,"1. 1. What's the reason for the custom experiment here? Why can't this be achieved using a regular feature version?  2. Please include the ticket where this experiment will be retired and the code cleaned up.
2. Ok. I believe we can achieve a slow ramp up using the regular feature version but if we want to exclude Connect for the next two months than that's a little trickier.   The last item on the list - has this experiment been deployed to all environments, including production? See the ""IMPORTANT!"" notice above.
3. Looks like no https://backstage.core.cvent.org/experiments/attendee_hub_my_schedule_dates",
Krypto Q2 23' S5(9w 2d),2023/06/01,2023/06/14,HUB-101270,9507,JCurtis,0,0,0,0,0,0,0,0,0,0,0,0,GStarr,,
Krypto Q2 23' S5(9w 2d),2023/06/01,2023/06/14,HUB-102465,3614,JCurtis,0,0,0,0,0,0,0,0,0,0,0,0,MGangani,,
Krypto Q2 23' S5(9w 2d),2023/06/01,2023/06/14,HUB-102465,3584,JCurtis,0,0,0,0,0,1,0,0,0,0,0,0,Harshita.Sharma,1. Can't we set these to null on the client instead?,
Krypto Q2 23' S5(9w 2d),2023/06/01,2023/06/14,HUB-102766,9499,JCurtis,0,0,0,0,1,0,0,0,0,0,0,0,ShubhamR,,
Krypto Q2 23' S5(9w 2d),2023/06/01,2023/06/14,HUB-102766,9507,JCurtis,0,0,0,0,0,0,0,0,0,0,0,0,GStarr,,
Krypto Q2 23' S5(9w 2d),2023/06/01,2023/06/14,PROD-164612,9473,JCurtis,0,0,0,0,1,0,0,0,0,0,0,0,MGangani,,
Krypto Q2 23' S5(9w 2d),2023/06/01,2023/06/14,PROD-164612,9507,JCurtis,0,0,0,0,0,0,0,0,0,0,0,0,GStarr,,
Krypto Q2 23' S5(9w 2d),2023/06/01,2023/06/14,PROD-168163,9344,JCurtis,0,0,0,0,0,0,0,0,0,0,0,0,Harshita.Sharma,,
Krypto Q2 23' S5(9w 2d),2023/06/01,2023/06/14,PROD-168163,9409,JCurtis,0,0,0,0,0,0,0,0,0,0,0,0,TCox,,
Krypto Q2 23' S5(9w 2d),2023/06/01,2023/06/14,PROD-169112,9443,JCurtis,0,0,0,0,1,1,0,0,0,0,0,0,ShubhamR,1. It looks like we missed re-adding this one.,
Krypto Q2 23' S5(9w 2d),2023/06/01,2023/06/14,PROD-169112,9507,JCurtis,0,0,0,0,0,0,0,0,0,0,0,0,GStarr,,
Krypto Q2 23' S5(9w 2d),2023/06/01,2023/06/14,HUB-78303,9618,JCurtis,0,0,0,0,0,0,0,0,0,0,0,0,SSimpson,,
Krypto Q2 23' S5(9w 2d),2023/06/01,2023/06/14,HUB-96409,9510,JCurtis,0,0,0,0,0,0,0,0,0,0,0,0,MGangani,,
Sprint Totals,,,,,,PR_ADDED: 0,PR_REMOVED: 0,COMMIT_ADDED: 6,COMMIT_REMOVED: 1,APPROVED: 8,COMMENTED: 15,DECLINED: 0,MERGED: 0,OPENED: 0,RESCOPED: 0,UNAPPROVED: 0,UPDATED: 0,,,

Krypto Q2 23' S6 (8w 4d),2023/06/16,2023/06/29,HUB-78303,9618,JCurtis,0,0,0,0,1,0,0,0,0,0,0,0,SSimpson,,
Krypto Q2 23' S6 (8w 4d),2023/06/16,2023/06/29,HUB-92820,9537,JCurtis,0,0,0,0,1,2,0,0,0,0,0,0,MDola,"1. Should we be checking for the presence of `onApptSuccessAlert` instead?
2. Ha ok I just saw @CBarad's comment https://stash.cvent.net/projects/AX/repos/attendee-experience-web/pull-requests/9537/overview?commentId=3543915  I'm curious why this is a better implementation? In a pure component sense there's no reason there's going to be a `onApptSuccessAlert` function if `inWebView` is true. That may be true in our actual usage, but who knows if that'll change in the future?  Maybe we check for both?",
Krypto Q2 23' S6 (8w 4d),2023/06/16,2023/06/29,HUB-92820,9618,JCurtis,0,0,0,0,0,0,0,0,0,0,0,0,SSimpson,,
Krypto Q2 23' S6 (8w 4d),2023/06/16,2023/06/29,HUB-96409,9510,JCurtis,0,0,0,0,1,0,0,0,0,0,0,0,MGangani,,
Krypto Q2 23' S6 (8w 4d),2023/06/16,2023/06/29,PROD-169654,9579,JCurtis,0,0,0,0,1,0,0,0,0,0,0,0,Harshita.Sharma,,
Krypto Q2 23' S6 (8w 4d),2023/06/16,2023/06/29,PROD-169654,9618,JCurtis,0,0,0,0,0,0,0,0,0,0,0,0,SSimpson,,
Krypto Q2 23' S6 (8w 4d),2023/06/16,2023/06/29,PROD-170676,9618,JCurtis,0,0,0,0,0,0,0,0,0,0,0,0,SSimpson,,
Krypto Q2 23' S6 (8w 4d),2023/06/16,2023/06/29,PROD-171600,1560,JCurtis,0,0,0,0,1,0,0,0,0,0,0,0,MGangani,,
Krypto Q2 23' S6 (8w 4d),2023/06/16,2023/06/29,PROD-171600,1579,JCurtis,0,0,0,0,1,0,0,1,0,0,0,0,SCahail,,
Krypto Q2 23' S6 (8w 4d),2023/06/16,2023/06/29,HUB-95678,265,JCurtis,0,0,0,0,0,0,0,0,0,0,0,0,MDola,,
Sprint Totals,,,,,,PR_ADDED: 0,PR_REMOVED: 0,COMMIT_ADDED: 0,COMMIT_REMOVED: 0,APPROVED: 6,COMMENTED: 2,DECLINED: 0,MERGED: 1,OPENED: 0,RESCOPED: 0,UNAPPROVED: 0,UPDATED: 0,,,

Overall Totals,,,,,,PR_ADDED: 266,PR_REMOVED: 303,COMMIT_ADDED: 6469,COMMIT_REMOVED: 6960,APPROVED: 32,COMMENTED: 48,DECLINED: 0,MERGED: 1,OPENED: 0,RESCOPED: 3,UNAPPROVED: 0,UPDATED: 0,,,
