SPRINT,START_DATE,END_DATE,TICKET,PR_ID,USER,PR_ADDED,PR_REMOVED,COMMIT_ADDED,COMMIT_REMOVED,APPROVED,COMMENTED,DECLINED,MERGED,OPENED,RESCOPED,UNAPPROVED,UPDATED,AUTHOR,COMMENTS,COMMIT_MESSAGES
Quasar: J'23 (May 11- May 24),2023/05/11,2023/05/24,PROD-162137,149414,Arzoo.Goyal,9112,888,1,1,0,0,0,0,1,0,0,0,Arzoo.Goyal,,1. PROD-166982: Replaced UNION ALL with UNION operator to return unique records
Sprint Totals,,,,,,PR_ADDED: 9112,PR_REMOVED: 888,COMMIT_ADDED: 1,COMMIT_REMOVED: 1,APPROVED: 0,COMMENTED: 0,DECLINED: 0,MERGED: 0,OPENED: 1,RESCOPED: 0,UNAPPROVED: 0,UPDATED: 0,,,

Overall Totals,,,,,,PR_ADDED: 9112,PR_REMOVED: 888,COMMIT_ADDED: 1,COMMIT_REMOVED: 1,APPROVED: 0,COMMENTED: 0,DECLINED: 0,MERGED: 0,OPENED: 1,RESCOPED: 0,UNAPPROVED: 0,UPDATED: 0,,,
