SPRINT,START_DATE,END_DATE,TICKET,PR_ID,USER,PR_ADDED,PR_REMOVED,COMMIT_ADDED,COMMIT_REMOVED,APPROVED,COMMENTED,DECLINED,MERGED,OPENED,RESCOPED,UNAPPROVED,UPDATED,AUTHOR,COMMENTS,COMMIT_MESSAGES
PP-Idli,2023/05/02,2023/05/16,HUB-98025,240,SBundale,7067,667,0,0,0,0,0,0,0,0,0,0,SBundale,,
Sprint Totals,,,,,,PR_ADDED: 7067,PR_REMOVED: 667,COMMIT_ADDED: 0,COMMIT_REMOVED: 0,APPROVED: 0,COMMENTED: 0,DECLINED: 0,MERGED: 0,OPENED: 0,RESCOPED: 0,UNAPPROVED: 0,UPDATED: 0,,,

Overall Totals,,,,,,PR_ADDED: 7067,PR_REMOVED: 667,COMMIT_ADDED: 0,COMMIT_REMOVED: 0,APPROVED: 0,COMMENTED: 0,DECLINED: 0,MERGED: 0,OPENED: 0,RESCOPED: 0,UNAPPROVED: 0,UPDATED: 0,,,
