SPRINT,START_DATE,END_DATE,TICKET,PR_ID,USER,PR_ADDED,PR_REMOVED,COMMIT_ADDED,COMMIT_REMOVED,APPROVED,COMMENTED,DECLINED,MERGED,OPENED,RESCOPED,UNAPPROVED,UPDATED,AUTHOR,COMMENTS,COMMIT_MESSAGES
Q2 23' S4,2023/05/09,2023/05/23,HUB-97154,1429,TBehunin,913,40,15,0,0,0,0,0,0,0,0,0,TBehunin,,"1. Pull request #1415: Downmerge master->develop  Merge in FAL/falcon-data from master to develop  * commit '77940f2358af79c3c5190e7e698c93867a427f48':    prepare for next development iteration    RELEASE: falcon-data-parent@1.4.92    NA-0: Changelog
2. HUB-93329: autoscaling properties for load/prod
3. Pull request #1416: HUB-93329: autoscaling properties for load/prod  Merge in FAL/falcon-data from hub-93329 to develop  * commit '889d228d35e2a08601118d9f6966df1d49eb1d54':    HUB-93329: autoscaling properties for load/prod"
Sprint Totals,,,,,,PR_ADDED: 913,PR_REMOVED: 40,COMMIT_ADDED: 15,COMMIT_REMOVED: 0,APPROVED: 0,COMMENTED: 0,DECLINED: 0,MERGED: 0,OPENED: 0,RESCOPED: 0,UNAPPROVED: 0,UPDATED: 0,,,

Q2 23' S5,2023/05/23,2023/06/06,HUB-99888,1419,TBehunin,0,0,0,0,0,2,0,0,0,0,0,0,Prashant.Bansal,"1. Is the datasource already returning this property IN PROD TODAY? Because that would need to happen before this PR can be merged.
2. Please post the Slack link of the datasources' deployment notification in the PR when that happens and I'll approve.",
Q2 23' S5,2023/05/23,2023/06/06,HUB-99888,1429,TBehunin,913,40,0,0,0,0,0,0,0,0,0,0,TBehunin,,
Q2 23' S5,2023/05/23,2023/06/06,HUB-99888,1431,TBehunin,0,0,0,0,0,0,0,0,0,0,0,0,Prashant.Bansal,,
Q2 23' S5,2023/05/23,2023/06/06,HUB-99888,1435,TBehunin,0,0,0,0,0,0,0,0,0,0,0,0,Prashant.Bansal,,
Q2 23' S5,2023/05/23,2023/06/06,HUB-99888,1436,TBehunin,129,13,0,0,0,0,0,0,0,0,0,0,TBehunin,,
Sprint Totals,,,,,,PR_ADDED: 1042,PR_REMOVED: 53,COMMIT_ADDED: 0,COMMIT_REMOVED: 0,APPROVED: 0,COMMENTED: 2,DECLINED: 0,MERGED: 0,OPENED: 0,RESCOPED: 0,UNAPPROVED: 0,UPDATED: 0,,,

Q2 23'S6-Y to sch h k bhagwn h,2023/06/06,2023/06/20,HUB-99888,1419,TBehunin,0,0,0,0,1,0,0,0,0,0,0,0,Prashant.Bansal,,
Q2 23'S6-Y to sch h k bhagwn h,2023/06/06,2023/06/20,HUB-99888,1429,TBehunin,913,40,14,4,0,0,0,1,1,0,0,0,TBehunin,,"1. Pull request #1423: Downmerge master  Merge in FAL/falcon-data from downmerge_master to develop  * commit '7087f716bacb9e182c5cda5a32ed60b6ecb2fc0e':    NA-0: Fix changelog    prepare for next development iteration    RELEASE: falcon-data-parent@1.4.93    PROD-169087: Updated CHANGELOG.md    PROD-169087: Bump job version    PROD-169087: Use softDelete for hotel request and air actual documents
2. Pull request #1417: Update all dependencies  Merge in FAL/falcon-data from renovate/all to develop  * commit 'fa17e8d56a208c5c5ee77579e7d6da6ac885a2d5':    Update all dependencies
3. HUB-93328: upgrade to java 17
4. HUB-93328: add changelog
5. HUB-93328: remove line since it exists above
6. Pull request #1428: HUB-93328: upgrade to java 17  Merge in FAL/falcon-data from hub-93328 to develop  * commit '94c4a69c5f69695b2fea5382659569831e0357bc':    HUB-93328: remove line since it exists above    HUB-93328: add changelog    HUB-93328: upgrade to java 17
7. HUB-93328: update changelog prior to release"
Q2 23'S6-Y to sch h k bhagwn h,2023/06/06,2023/06/20,HUB-99888,1431,TBehunin,0,0,0,0,1,3,0,0,0,0,0,0,Prashant.Bansal,"1. I would move this whole section under line 65. And change it to an if/else expression - no need to evaluate the same expression multiple times.
2. I would move this whole section under line 84. And change it to an if/else expression - no need to evaluate the same expression multiple times.
3. Nit: add a carriage return between these two lines to break them up.",
Q2 23'S6-Y to sch h k bhagwn h,2023/06/06,2023/06/20,HUB-99888,1435,TBehunin,0,0,0,0,0,0,0,0,0,0,0,0,Prashant.Bansal,,
Q2 23'S6-Y to sch h k bhagwn h,2023/06/06,2023/06/20,HUB-99888,1436,TBehunin,129,13,0,0,0,0,0,0,0,0,0,0,TBehunin,,1. Pull request #1429: Release/1.4.94  Merge in FAL/falcon-data from release/1.4.94 to master  * commit '1775853935e1c78a7b2382ff6fbaf8a0101b8ebd': (40 commits)    HUB-93328: update changelog prior to release    HUB-93328: remove line since it exists above    HUB-93328: add changelog    HUB-93328: upgrade to java 17    Reverted tags related code    Reverted tags related code    fixed test failure    Disabled SessionTags and SpeakerTags in ix-engine job    NA-0: Fix changelog    Added SessionTags and SpeakerTags job details    bumped job version    removed unncessary conditions    HUB-99888: Updated Type of updatedAt field to timestamp    HUB-99888: Removed Unused Imports    HUB-99888: Changes to add updatedAtWaterMark field in exhibitor weblink and exhibitor attachment doc    updated changelog    HUB-99888: Changes to add updatedAtWaterMark field in exhibitor weblink and exhibitor attachment doc    Renamed sink type    ix-engine config url    corrected deployment error    ...
Sprint Totals,,,,,,PR_ADDED: 1042,PR_REMOVED: 53,COMMIT_ADDED: 14,COMMIT_REMOVED: 4,APPROVED: 2,COMMENTED: 3,DECLINED: 0,MERGED: 1,OPENED: 1,RESCOPED: 0,UNAPPROVED: 0,UPDATED: 0,,,

Overall Totals,,,,,,PR_ADDED: 2997,PR_REMOVED: 146,COMMIT_ADDED: 29,COMMIT_REMOVED: 4,APPROVED: 2,COMMENTED: 5,DECLINED: 0,MERGED: 1,OPENED: 1,RESCOPED: 0,UNAPPROVED: 0,UPDATED: 0,,,
