SPRINT,START_DATE,END_DATE,TICKET,PR_ID,USER,PR_ADDED,PR_REMOVED,COMMIT_ADDED,COMMIT_REMOVED,APPROVED,COMMENTED,DECLINED,MERGED,OPENED,RESCOPED,UNAPPROVED,UPDATED,AUTHOR,COMMENTS,COMMIT_MESSAGES
Q2 2023 - Sprint 2,2023/04/20,2023/05/03,HUB-94986,3506,ATawfik,0,0,16,23,0,0,0,0,0,0,0,0,CEkrut,,"1. HUB-92434: Update SEARCH_ATTENDEE query to use the new filter term match to support multi term search
2. Pull request #3487: HUB-92434: Update SEARCH_ATTENDEES query to use the new filter term match to support multi term search  Merge in AX/attendee-experience-data from HUB-92434 to develop  * commit '99e47675fa85cc4b4ce206d23f00eda575024fb3':    HUB-92434: Update SEARCH_ATTENDEE query to use the new filter term match to support multi term search"
Q2 2023 - Sprint 2,2023/04/20,2023/05/03,HUB-97991,1481,ATawfik,0,0,0,0,0,0,0,0,0,0,0,0,Shea.Sullivan,,
Q2 2023 - Sprint 2,2023/04/20,2023/05/03,HUB-97991,1495,ATawfik,0,0,0,0,0,0,0,0,0,0,0,0,JMcGough,,
Sprint Totals,,,,,,PR_ADDED: 0,PR_REMOVED: 0,COMMIT_ADDED: 16,COMMIT_REMOVED: 23,APPROVED: 0,COMMENTED: 0,DECLINED: 0,MERGED: 0,OPENED: 0,RESCOPED: 0,UNAPPROVED: 0,UPDATED: 0,,,

Q2 2023 - Sprint 3,2023/05/04,2023/05/17,HUB-91763,9354,ATawfik,0,0,0,0,0,0,0,0,0,0,0,0,JMcGough,,
Q2 2023 - Sprint 3,2023/05/04,2023/05/17,HUB-97991,1481,ATawfik,0,0,399,153,1,0,0,0,0,0,0,0,Shea.Sullivan,,"1. HUB-98388: Replace getAttendeeInterestChoices query with getProfessionalInterestChoices
2. HUB-98388: Replace updateAttendeeInterestChoices mutation with updateProfessionalInterestChoices
3. HUB-98388: Replace deleteAttendeeInterestChoices mutation with deleteProfessionalInterestChoices
4. Pull request #1466: HUB-98388 replace get/update/delete AttendeeInterestChoices with get/update/delete ProfessionalInterestChoices  Merge in AX/attendee-experience-builder from HUB-98388 to develop  * commit '0847e24bfee25996b8150a2bf986218409078bd4':    HUB-98388: Replace deleteAttendeeInterestChoices mutation with deleteProfessionalInterestChoices    HUB-98388: Replace updateAttendeeInterestChoices mutation with updateProfessionalInterestChoices    HUB-98388: Replace getAttendeeInterestChoices query with getProfessionalInterestChoices"
Q2 2023 - Sprint 3,2023/05/04,2023/05/17,HUB-97991,1495,ATawfik,0,0,0,0,0,0,0,0,0,0,0,0,JMcGough,,
Q2 2023 - Sprint 3,2023/05/04,2023/05/17,HUB-98016,3546,ATawfik,0,0,255,391,1,0,0,0,0,0,0,0,Shea.Sullivan,,"1. HUB-98387: Add changeset and revert launch.json
2. HUB-98387: Renamed get/update ProfessionalAttendeeInterestChoices to get/update ProfessionalInterestChoices
3. Pull request #3525: HUB-98387  Merge in AX/attendee-experience-data from HUB-98387 to develop  * commit '0ff8627687887006035018da11d4ca1f295dbb35':    HUB-98387: Renamed get/update ProfessionalAttendeeInterestChoices to get/update ProfessionalInterestChoices    HUB-98387: Add changeset and revert launch.json    HUB-98387: Deprecate updateAttendeeInterestChoices mutation and add updateProfessionalAttedneeInterestChoices instead    HUB-98387: Deprecate getAttendeeInterestChoices query and add getProfessionalAttedneeInterestChoices instead
4. HUB-98387: Deprecate deletetAttendeeInterestChoices mutation and replace with deleteProfessionalInterestChoices
5. HUB-98387: Add more unit tests to appBuilderResolver.spec.ts to increase the code coverage
6. Merge branch 'develop' into HUB-98387
7. HUB-98387: Ignore the deprecated files from the code coverage scope
8. HUB-98387: cleanup and removing obsolete code
9. HUB-98387: Update appBuilderResolver to combine the case statement for get/update/delete AttendeeInterestChoices and get/update/delete ProfessionalinterestChoices
10. Pull request #3531: HUB-98387 Deprecate deleteAttendeeInterestChoices mutation and replace with deleteProfessionalInterestChoices  Merge in AX/attendee-experience-data from HUB-98387 to develop  * commit '57470c39fa8a31c2395c398a747cf4d21c228670':    HUB-98387: Update appBuilderResolver to combine the case statement for get/update/delete AttendeeInterestChoices and get/update/delete ProfessionalinterestChoices    HUB-98387: cleanup and removing obsolete code    HUB-98387: Ignore the deprecated files from the code coverage scope    HUB-98387: Add more unit tests to appBuilderResolver.spec.ts to increase the code coverage    HUB-98387: Deprecate deletetAttendeeInterestChoices mutation and replace with deleteProfessionalInterestChoices"
Q2 2023 - Sprint 3,2023/05/04,2023/05/17,HUB-98163,1481,ATawfik,0,0,0,0,0,0,0,0,0,0,0,0,Shea.Sullivan,,
Q2 2023 - Sprint 3,2023/05/04,2023/05/17,HUB-98258,3554,ATawfik,0,0,0,0,0,0,0,0,0,0,0,0,IArgyle,,
Q2 2023 - Sprint 3,2023/05/04,2023/05/17,HUB-98258,9354,ATawfik,0,0,0,0,0,0,0,0,0,0,0,0,JMcGough,,
Q2 2023 - Sprint 3,2023/05/04,2023/05/17,PROD-165205,9219,ATawfik,0,0,0,0,1,0,0,0,0,0,0,0,Subratkumar.Sahoo,,
Q2 2023 - Sprint 3,2023/05/04,2023/05/17,PROD-164120,1495,ATawfik,0,0,0,0,0,0,0,0,0,0,0,0,JMcGough,,
Sprint Totals,,,,,,PR_ADDED: 0,PR_REMOVED: 0,COMMIT_ADDED: 654,COMMIT_REMOVED: 544,APPROVED: 3,COMMENTED: 0,DECLINED: 0,MERGED: 0,OPENED: 0,RESCOPED: 0,UNAPPROVED: 0,UPDATED: 0,,,

Q2 2023 - Sprint 4,2023/05/18,2023/05/31,HUB-93102,1518,ATawfik,3126,2595,0,0,0,0,0,0,0,0,0,0,ATawfik,,
Q2 2023 - Sprint 4,2023/05/18,2023/05/31,HUB-93102,9448,ATawfik,5454,4546,0,0,0,0,0,0,0,0,0,0,ATawfik,,
Q2 2023 - Sprint 4,2023/05/18,2023/05/31,HUB-95866,9448,ATawfik,5454,4546,0,0,0,0,0,0,0,0,0,0,ATawfik,,
Q2 2023 - Sprint 4,2023/05/18,2023/05/31,HUB-97864,1495,ATawfik,0,0,0,0,1,0,0,0,0,0,0,0,JMcGough,,
Q2 2023 - Sprint 4,2023/05/18,2023/05/31,HUB-98327,1495,ATawfik,0,0,0,0,0,0,0,0,0,0,0,0,JMcGough,,
Q2 2023 - Sprint 4,2023/05/18,2023/05/31,PROD-164120,1495,ATawfik,0,0,0,0,0,0,0,0,0,0,0,0,JMcGough,,
Q2 2023 - Sprint 4,2023/05/18,2023/05/31,HUB-74531,9448,ATawfik,5454,4546,0,0,0,0,0,0,0,0,0,0,ATawfik,,
Q2 2023 - Sprint 4,2023/05/18,2023/05/31,HUB-99072,3566,ATawfik,0,0,0,0,1,0,0,0,0,0,0,0,TCox,,
Q2 2023 - Sprint 4,2023/05/18,2023/05/31,HUB-99508,9448,ATawfik,5454,4546,0,0,0,0,0,0,0,0,0,0,ATawfik,,
Sprint Totals,,,,,,PR_ADDED: 24942,PR_REMOVED: 20779,COMMIT_ADDED: 0,COMMIT_REMOVED: 0,APPROVED: 2,COMMENTED: 0,DECLINED: 0,MERGED: 0,OPENED: 0,RESCOPED: 0,UNAPPROVED: 0,UPDATED: 0,,,

Q2 2023 - Sprint 5,2023/06/01,2023/06/14,HUB-74531,9448,ATawfik,5454,4546,10,3,0,0,0,1,1,0,0,0,ATawfik,,"1. HUB-101443: Add changeset for 2.19.0 release
2. HUB-101443: Update appFeatures.js to move 70 to the released section
3. Merge branch 'develop' into release/2.19.0"
Q2 2023 - Sprint 5,2023/06/01,2023/06/14,HUB-97982,9507,ATawfik,0,0,0,0,1,0,0,0,0,0,0,0,GStarr,,
Q2 2023 - Sprint 5,2023/06/01,2023/06/14,HUB-99072,240,ATawfik,0,0,5,0,0,0,0,0,0,0,0,0,SBundale,,"1. HUB-101443 Update phrase locales
2. Pull request #228: Hub 101443 phraseapp  Merge in AX/language-management from hub-101443-phraseapp to master  * commit '05caec35737094267a31da52f9a71e6afa6fc6a2':    HUB-101443 Update phrase locales    HUB-101443: phraseapp changes"
Q2 2023 - Sprint 5,2023/06/01,2023/06/14,HUB-99072,3566,ATawfik,0,0,0,0,0,0,0,0,0,0,0,0,TCox,,
Q2 2023 - Sprint 5,2023/06/01,2023/06/14,HUB-99508,9448,ATawfik,5454,4546,0,0,0,0,0,0,0,0,0,0,ATawfik,,
Q2 2023 - Sprint 5,2023/06/01,2023/06/14,HUB-102406,9507,ATawfik,0,0,0,0,0,0,0,0,0,0,0,0,GStarr,,
Q2 2023 - Sprint 5,2023/06/01,2023/06/14,PROD-167883,1531,ATawfik,0,0,7,0,1,0,0,0,0,0,0,1,GStarr,,"1. Merge remote-tracking branch 'origin/master' into downmerge/1.105.0
2. HUB-101443: Prepare for next 1.106.0 release
3. Pull request #1524: Downmerge/1.105.0  Merge in AX/attendee-experience-builder from downmerge/1.105.0 to develop  * commit 'b2dd00c57f81b9e218f8820c42f44b8907304f87':    HUB-101443: Prepare for next 1.106.0 release    RELEASING: Releasing 3 package(s)    HUB-101443: Fix sessionFilters automation test    HUB-101443: Add changeset for 1.105.0 release"
Q2 2023 - Sprint 5,2023/06/01,2023/06/14,PROD-167883,3593,ATawfik,0,0,7,0,1,0,0,0,0,0,0,0,GStarr,,"1. Merge remote-tracking branch 'origin/master' into downmerge/2.15.0
2. HUB-101443: Add a changeset to prepare for 2.16.0 next release
3. Pull request #3579: Downmerge/2.15.0  Merge in AX/attendee-experience-data from downmerge/2.15.0 to develop  * commit 'a5d8d501caba45a362c23e6a0a4403dcac7d17ec':    HUB-101443: Add a changeset to prepare for 2.16.0 next release    RELEASING: Releasing 3 package(s)    HUB-101443: Fix the  changeset for 2.15.0 release to minor instead of major    HUB-101443: Add changeset for 2.15.0 release    RELEASING: Releasing 3 package(s)"
Q2 2023 - Sprint 5,2023/06/01,2023/06/14,HUB-101324,9551,ATawfik,0,0,0,0,0,0,0,0,0,0,0,0,MGangani,,
Q2 2023 - Sprint 5,2023/06/01,2023/06/14,HUB-101324,9618,ATawfik,0,0,0,0,0,0,0,0,0,0,0,0,SSimpson,,
Sprint Totals,,,,,,PR_ADDED: 10908,PR_REMOVED: 9092,COMMIT_ADDED: 29,COMMIT_REMOVED: 3,APPROVED: 3,COMMENTED: 0,DECLINED: 0,MERGED: 1,OPENED: 1,RESCOPED: 0,UNAPPROVED: 0,UPDATED: 1,,,

Q2 2023 - Sprint 6,2023/06/15,2023/06/28,HUB-92821,9551,ATawfik,0,0,0,0,1,0,0,0,0,0,0,0,MGangani,,
Q2 2023 - Sprint 6,2023/06/15,2023/06/28,HUB-99210,3635,ATawfik,0,0,0,0,0,0,0,0,0,0,0,0,SSimpson,,
Q2 2023 - Sprint 6,2023/06/15,2023/06/28,HUB-101324,9551,ATawfik,0,0,0,0,0,0,0,0,0,0,0,0,MGangani,,
Q2 2023 - Sprint 6,2023/06/15,2023/06/28,HUB-101324,9618,ATawfik,0,0,0,0,0,0,0,0,0,0,0,0,SSimpson,,
Q2 2023 - Sprint 6,2023/06/15,2023/06/28,HUB-103238,3635,ATawfik,0,0,0,0,0,0,0,0,0,0,0,0,SSimpson,,
Sprint Totals,,,,,,PR_ADDED: 0,PR_REMOVED: 0,COMMIT_ADDED: 0,COMMIT_REMOVED: 0,APPROVED: 1,COMMENTED: 0,DECLINED: 0,MERGED: 0,OPENED: 0,RESCOPED: 0,UNAPPROVED: 0,UPDATED: 0,,,

Overall Totals,,,,,,PR_ADDED: 35850,PR_REMOVED: 29871,COMMIT_ADDED: 699,COMMIT_REMOVED: 570,APPROVED: 9,COMMENTED: 0,DECLINED: 0,MERGED: 1,OPENED: 1,RESCOPED: 0,UNAPPROVED: 0,UPDATED: 1,,,
