SPRINT,START_DATE,END_DATE,TICKET,PR_ID,USER,PR_ADDED,PR_REMOVED,COMMIT_ADDED,COMMIT_REMOVED,APPROVED,COMMENTED,DECLINED,MERGED,OPENED,RESCOPED,UNAPPROVED,UPDATED,AUTHOR,COMMENTS,COMMIT_MESSAGES
Q2 2023 - Sprint 2,2023/04/20,2023/05/03,HUB-97991,148928,Jerin.Joseph,0,0,2605,1858,0,0,0,0,0,0,0,0,qtpman,,"1. WEBINAR-5308: Added bulk owner change endpoint to webinar owner change popup
2. WEBINAR-5308: Added error message when error is thrown
3. WEBINAR-5308: Minor changes
4. WEBINAR-5308: Updated csproj file
5. WEBINAR-5308: Updated planner event dot net client and model versions in c4
6. WEBINAR-5308: Removed planner dot net client version in cvii module
7. WEBINAR-5408:Added resx keys
8. Revert ""WEBINAR-5308:Added resx keys""  This reverts commit 371bd01170c74abd5ee3ab008735a685824fb4c9.
9. Merge branch 'prod' of ssh://stash.cvent.net:7999/cvt/c4 into webinar-5308
10. WEBINAR-5308: Updated resx keys again
11. WEBINAR:5308: Updated client registration
12. Merge branch 'webinar-5308' of ssh://stash.cvent.net:7999/cvt/c4 into webinar-5308"
Sprint Totals,,,,,,PR_ADDED: 0,PR_REMOVED: 0,COMMIT_ADDED: 2605,COMMIT_REMOVED: 1858,APPROVED: 0,COMMENTED: 0,DECLINED: 0,MERGED: 0,OPENED: 0,RESCOPED: 0,UNAPPROVED: 0,UPDATED: 0,,,

Q2 2023 - Sprint 5,2023/06/01,2023/06/14,PROD-168082,150596,Jerin.Joseph,7633,2367,0,0,0,0,0,0,0,0,0,0,Jerin.Joseph,,
Sprint Totals,,,,,,PR_ADDED: 7633,PR_REMOVED: 2367,COMMIT_ADDED: 0,COMMIT_REMOVED: 0,APPROVED: 0,COMMENTED: 0,DECLINED: 0,MERGED: 0,OPENED: 0,RESCOPED: 0,UNAPPROVED: 0,UPDATED: 0,,,

Overall Totals,,,,,,PR_ADDED: 7633,PR_REMOVED: 2367,COMMIT_ADDED: 2605,COMMIT_REMOVED: 1858,APPROVED: 0,COMMENTED: 0,DECLINED: 0,MERGED: 0,OPENED: 0,RESCOPED: 0,UNAPPROVED: 0,UPDATED: 0,,,
