SPRINT,START_DATE,END_DATE,TICKET,PR_ID,USER,PR_ADDED,PR_REMOVED,COMMIT_ADDED,COMMIT_REMOVED,APPROVED,COMMENTED,DECLINED,MERGED,OPENED,RESCOPED,UNAPPROVED,UPDATED,AUTHOR,COMMENTS,COMMIT_MESSAGES
Krypto Q2 23' S1 (8w 3d),2023/04/05,2023/04/19,PROD-164396,12517,ShubhamR,0,0,0,0,1,0,0,0,0,0,0,0,PrabhjotS,,
Krypto Q2 23' S1 (8w 3d),2023/04/05,2023/04/19,PROD-161672,9026,ShubhamR,0,0,0,0,1,0,0,0,0,0,0,0,MGangani,,
Sprint Totals,,,,,,PR_ADDED: 0,PR_REMOVED: 0,COMMIT_ADDED: 0,COMMIT_REMOVED: 0,APPROVED: 2,COMMENTED: 0,DECLINED: 0,MERGED: 0,OPENED: 0,RESCOPED: 0,UNAPPROVED: 0,UPDATED: 0,,,

Krypto Q2 23' S2 (10w 1d),2023/04/19,2023/05/03,PROD-161672,9026,ShubhamR,0,0,0,0,0,0,0,0,0,0,0,0,MGangani,,
Krypto Q2 23' S2 (10w 1d),2023/04/19,2023/05/03,PROD-165626,148317,ShubhamR,0,0,60,62,0,0,0,0,0,0,0,0,Aashray.Sharma,,"1. PROD-165626: Update up_impt_LoadImportFile SP to use up_cvnt_CONTACT_IsNewPreprocessorEnabled for checking if new preprocessor is enabled or not
2. PROD-165626: Add deprecation notice"
Krypto Q2 23' S2 (10w 1d),2023/04/19,2023/05/03,PROD-165626,148265,ShubhamR,60,62,0,0,0,0,0,0,1,1,0,0,ShubhamR,,
Krypto Q2 23' S2 (10w 1d),2023/04/19,2023/05/03,PROD-164537,11213,ShubhamR,0,0,0,0,1,0,0,0,0,0,0,0,Ashish.Mittal,,
Krypto Q2 23' S2 (10w 1d),2023/04/19,2023/05/03,PROD-164537,22204,ShubhamR,0,0,0,0,1,0,0,0,0,0,0,0,PrabhjotS,,
Sprint Totals,,,,,,PR_ADDED: 60,PR_REMOVED: 62,COMMIT_ADDED: 60,COMMIT_REMOVED: 62,APPROVED: 2,COMMENTED: 0,DECLINED: 0,MERGED: 0,OPENED: 1,RESCOPED: 1,UNAPPROVED: 0,UPDATED: 0,,,

Krypto Q2 23' S3 (10w 2d),2023/05/03,2023/05/18,PROD-164537,11213,ShubhamR,0,0,0,0,0,0,0,0,0,0,0,0,Ashish.Mittal,,
Krypto Q2 23' S3 (10w 2d),2023/05/03,2023/05/18,PROD-164537,22204,ShubhamR,0,0,0,0,0,0,0,0,0,0,0,0,PrabhjotS,,
Sprint Totals,,,,,,PR_ADDED: 0,PR_REMOVED: 0,COMMIT_ADDED: 0,COMMIT_REMOVED: 0,APPROVED: 0,COMMENTED: 0,DECLINED: 0,MERGED: 0,OPENED: 0,RESCOPED: 0,UNAPPROVED: 0,UPDATED: 0,,,

Krypto Q2 23' S4 (10w 1d),2023/05/18,2023/06/01,PROD-167055,12710,ShubhamR,0,0,0,0,1,0,0,0,0,0,0,0,PrabhjotS,,
Krypto Q2 23' S4 (10w 1d),2023/05/18,2023/06/01,PROD-168163,9344,ShubhamR,0,0,0,0,1,1,0,0,0,0,0,0,Harshita.Sharma,1. This information is time sensitive (involves availability which changes with time) that is why no read from cache.,
Sprint Totals,,,,,,PR_ADDED: 0,PR_REMOVED: 0,COMMIT_ADDED: 0,COMMIT_REMOVED: 0,APPROVED: 2,COMMENTED: 1,DECLINED: 0,MERGED: 0,OPENED: 0,RESCOPED: 0,UNAPPROVED: 0,UPDATED: 0,,,

Krypto Q2 23' S5(9w 2d),2023/06/01,2023/06/14,PROD-164612,9507,ShubhamR,0,0,602,489,0,0,0,0,0,0,0,0,GStarr,,"1. HUB-102766: Make quick respond feature ready for release
2. Pull request #9499: HUB-102766: Make quick respond feature ready for release  Merge in AX/attendee-experience-web from hub-102766 to develop  * commit 'e78e3fc3a028e170cc6006da5472f666205efedc':    HUB-102766: Make quick respond feature ready for release
3. HUB-99617: Add search criteria info in context  Co-authored-by: mgangani <mgangani@cvent.com>  Co-authored-by: Rajput, Shubham <shubhamr@cvent.com>
4. HUB-99617: Since the combination of variables is unpredicatble when search term and filter by agenda type is used, switch to 'no-network' cache policy  Otherwise, user may be exposed to stale data if we keep using default cache-first policy
5. HUB-99617: Refactor updateAgendaItems function  - Pass searchScheduleCriteria only when needed  - Miscellaneous refactoring  Co-authored-by: Gangani, Mohit <mgangani@cvent.com>""
6. Merge branch 'hub-99617-2' of ssh://stash.cvent.net:7999/ax/attendee-experience-web into hub-99617-2
7. HUB-99617: PR feedback - Wrap updateAgendaItemCache function inside a hook"
Krypto Q2 23' S5(9w 2d),2023/06/01,2023/06/14,PROD-168163,9344,ShubhamR,0,0,0,0,0,0,0,0,0,0,0,0,Harshita.Sharma,,
Krypto Q2 23' S5(9w 2d),2023/06/01,2023/06/14,PROD-169112,9443,ShubhamR,53,16,53,16,0,1,0,1,1,2,0,0,ShubhamR,1. @BRehman @SCahail @JCurtis   I could see that some related code was removed as part of hotfix  https://stash.cvent.net/projects/AX/repos/attendee-experience-web/pull-requests/8839/overview  Related slack conversation: https://cvent.slack.com/archives/CUAGY0BD2/p1677178110691359?thread_ts=1677100504.023909&cid=CUAGY0BD2  Could you please help and share how that code caused the issue so that I can think of alternatives or verify that the [original issue](https://jira.cvent.com/browse/PROD-162375) does not regress.  Thanks.,"1. PROD-169112: apptId searchParam needs to be cleared out once the user closes appointment details panel  The panel was actually opened only because of the presence of the apptId searchParam, we do not want  to again open it when user routes to a different component (new date tab)
2. PROD-169112: Add test case"
Sprint Totals,,,,,,PR_ADDED: 53,PR_REMOVED: 16,COMMIT_ADDED: 655,COMMIT_REMOVED: 505,APPROVED: 0,COMMENTED: 1,DECLINED: 0,MERGED: 1,OPENED: 1,RESCOPED: 2,UNAPPROVED: 0,UPDATED: 0,,,

Krypto Q2 23' S6 (8w 4d),2023/06/16,2023/06/29,PROD-166554,11286,ShubhamR,0,0,0,0,1,0,0,0,0,0,0,0,Harshita.Sharma,,
Krypto Q2 23' S6 (8w 4d),2023/06/16,2023/06/29,PROD-166554,22714,ShubhamR,0,0,0,0,1,0,0,0,0,0,0,0,Harshita.Sharma,,
Krypto Q2 23' S6 (8w 4d),2023/06/16,2023/06/29,PROD-166554,11273,ShubhamR,0,0,0,0,1,0,0,0,0,0,0,0,Harshita.Sharma,,
Krypto Q2 23' S6 (8w 4d),2023/06/16,2023/06/29,PROD-170676,9578,ShubhamR,55,9,55,9,0,0,0,1,1,1,0,0,ShubhamR,,1. PROD-170676: Fix deleted appointments-notifications appearing in notifications center
Sprint Totals,,,,,,PR_ADDED: 55,PR_REMOVED: 9,COMMIT_ADDED: 55,COMMIT_REMOVED: 9,APPROVED: 3,COMMENTED: 0,DECLINED: 0,MERGED: 1,OPENED: 1,RESCOPED: 1,UNAPPROVED: 0,UPDATED: 0,,,

Overall Totals,,,,,,PR_ADDED: 168,PR_REMOVED: 87,COMMIT_ADDED: 770,COMMIT_REMOVED: 576,APPROVED: 9,COMMENTED: 2,DECLINED: 0,MERGED: 2,OPENED: 3,RESCOPED: 4,UNAPPROVED: 0,UPDATED: 0,,,
