SPRINT,START_DATE,END_DATE,TICKET,PR_ID,USER,PR_ADDED,PR_REMOVED,COMMIT_ADDED,COMMIT_REMOVED,APPROVED,COMMENTED,DECLINED,MERGED,OPENED,RESCOPED,UNAPPROVED,UPDATED,AUTHOR,COMMENTS,COMMIT_MESSAGES
PP-Gummy Bears,2023/04/04,2023/04/18,HUB-24122,9087,JBertrand,0,0,174,54,0,0,0,0,0,0,0,0,ACheng,,"1. HUB_88391: disable subject, description, and attendee search for non booth staff with allowBoothStaffEnabled is set to false
2. HUB-88391: add changeset
3. HUB_88391: disable subject, description, and attendee search for non booth staff with allowBoothStaffEnabled is set to false
4. HUB-88391: use better identifier in test
5. HUB-88391: remove logic for undefined variable now defualted in graph
6. HUB-88391: remove logic for undefined variable now defualted in graph
7. HUB-88391: remove logic for undefined variable now defualted in graph
8. HUB-88391: add context for filtered attendees
9. HUB-88391: better selector
10. Pull request #9034: HUB-88391: disable subject, description, and attendee search for non booth staff with allowBoothStaffEnabled is set to false  Merge in AX/attendee-experience-web from hub-88391 to develop  * commit '3b8a5d368980fd0dbe999e79e5de88639b876b86':    HUB-88391: better selector    HUB-88391: add context for filtered attendees    HUB-88391: remove logic for undefined variable now defualted in graph    HUB-88391: remove logic for undefined variable now defualted in graph    HUB-88391: remove logic for undefined variable now defualted in graph    HUB-88391: use better identifier in test    HUB_88391: disable subject, description, and attendee search for non booth staff with allowBoothStaffEnabled is set to false    HUB-88391: add changeset    HUB_88391: disable subject, description, and attendee search for non booth staff with allowBoothStaffEnabled is set to false"
PP-Gummy Bears,2023/04/04,2023/04/18,HUB-86949,1379,JBertrand,289,16,0,0,0,0,0,0,0,0,0,0,JBertrand,,
PP-Gummy Bears,2023/04/04,2023/04/18,HUB-86949,17323,JBertrand,6,0,0,0,0,0,0,0,0,0,0,0,JBertrand,,
PP-Gummy Bears,2023/04/04,2023/04/18,HUB-86949,17366,JBertrand,6,0,6,0,0,0,0,1,1,0,0,0,JBertrand,,1. HUB-86949: turn on prompt skip for appointments in staging
PP-Gummy Bears,2023/04/04,2023/04/18,HUB-86951,11137,JBertrand,0,0,0,0,0,0,0,0,0,0,0,0,CBarad,,
PP-Gummy Bears,2023/04/04,2023/04/18,HUB-86956,11137,JBertrand,0,0,0,0,0,0,0,0,0,0,0,0,CBarad,,
PP-Gummy Bears,2023/04/04,2023/04/18,HUB-86956,11144,JBertrand,0,0,0,0,0,0,0,0,0,0,0,0,CBarad,,
PP-Gummy Bears,2023/04/04,2023/04/18,HUB-88391,3412,JBertrand,16,0,16,0,0,0,0,1,1,2,0,0,JBertrand,,"1. HUB-99391: add allowBoothStaffCreate to appointment type object
2. HUB-99391: add allowBoothStaffCreate tests
3. HUB-88391: add changeset"
PP-Gummy Bears,2023/04/04,2023/04/18,HUB-88391,3419,JBertrand,0,0,0,0,0,0,0,0,0,0,0,0,CLeech,,1. Pull request #3412: HUB-88391: add allowBoothStaffCreate to appointment type object  Merge in AX/attendee-experience-data from HUB-88391 to develop  * commit 'c839edc0581c40a7760156ee6beb71e670cd2900':    HUB-88391: add changeset    HUB-99391: add allowBoothStaffCreate tests    HUB-99391: add allowBoothStaffCreate to appointment type object
PP-Gummy Bears,2023/04/04,2023/04/18,HUB-88391,3422,JBertrand,13,5,18,10,0,1,0,1,1,8,0,0,JBertrand,1. Would that mean that it would be broken until the web change to add that field to the query?,"1. HUB-88391: add default value for allowBoothStaffCreate
2. HUB-88391: make allowBoothStaffCreate required in schema
3. HUB-88391: make allowBoothStaffCreate required in schema
4. HUB-88391: make allowBoothStaffCreate required in schema
5. Merge branch 'develop' into HUB-88391
6. HUB-88391: make allowBoothStaffCreate required in schema
7. disable failing tests
8. HUB-88391: adding default value to for allowBoothStaffCreate appointment type field
9. HUB-88391: adding default value to for allowBoothStaffCreate appointment type field"
PP-Gummy Bears,2023/04/04,2023/04/18,HUB-88391,3450,JBertrand,0,0,0,0,0,0,0,0,0,0,0,0,ACheng,,1. Pull request #3422: HUB-88391: add default value for allowBoothStaffCreate  Merge in AX/attendee-experience-data from HUB-88391 to develop  * commit '3688d0f81feed55636394a83a7a9a03674c6bcab':    HUB-88391: adding default value to for allowBoothStaffCreate appointment type field    HUB-88391: adding default value to for allowBoothStaffCreate appointment type field    disable failing tests    HUB-88391: make allowBoothStaffCreate required in schema    HUB-88391: make allowBoothStaffCreate required in schema    HUB-88391: make allowBoothStaffCreate required in schema    HUB-88391: make allowBoothStaffCreate required in schema    HUB-88391: add default value for allowBoothStaffCreate
PP-Gummy Bears,2023/04/04,2023/04/18,HUB-88391,9034,JBertrand,129,9,0,0,0,5,0,1,1,7,0,0,JBertrand,"1. Theoretically, it should never happen as every type returned should have the field, this was added because it happened while testing.  Do you have any examples of setting default value from graph?  I couldn't find any.
2. https://stash.cvent.net/projects/AX/repos/attendee-experience-data/pull-requests/3422/overview
3. This has been merged.
4. Yes, done.
5. done",
PP-Gummy Bears,2023/04/04,2023/04/18,HUB-88486,11145,JBertrand,753,139,0,0,0,0,0,1,0,3,0,0,JBertrand,,"1. Merge branch 'master' into hub-88486
2. Merge branch 'silo606' into hub-88486"
PP-Gummy Bears,2023/04/04,2023/04/18,HUB-88486,11163,JBertrand,756,140,4,4,0,0,0,1,1,1,0,0,JBertrand,,1. HUB-88486: change response code on case of booth staff edit error
PP-Gummy Bears,2023/04/04,2023/04/18,HUB-88741,10388,JBertrand,0,0,0,0,1,0,0,0,0,0,0,1,CEkrut,,
PP-Gummy Bears,2023/04/04,2023/04/18,HUB-88741,21979,JBertrand,0,0,0,0,1,0,0,0,0,0,0,1,CEkrut,,
PP-Gummy Bears,2023/04/04,2023/04/18,HUB-89214,11148,JBertrand,0,0,0,0,0,0,0,0,0,0,0,0,XWang,,
PP-Gummy Bears,2023/04/04,2023/04/18,HUB-89214,11167,JBertrand,0,0,0,0,1,0,0,0,0,0,0,0,XWang,,
PP-Gummy Bears,2023/04/04,2023/04/18,HUB-89390,11136,JBertrand,0,0,0,0,0,0,0,0,0,0,0,0,MUllah,,
PP-Gummy Bears,2023/04/04,2023/04/18,HUB-89390,11147,JBertrand,0,0,0,0,0,0,0,0,0,0,0,0,MUllah,,
PP-Gummy Bears,2023/04/04,2023/04/18,HUB-89390,11149,JBertrand,0,0,0,0,0,0,0,0,0,0,0,0,MUllah,,
PP-Gummy Bears,2023/04/04,2023/04/18,PROD-163163,11164,JBertrand,195,8,219,32,0,2,0,1,1,5,0,0,JBertrand,"1. We decided against it because it isn't prevented anywhere else so it doesn't really solve the problem as creating attendees on our side is tiny portion of attendee registrations.  The real problem is the old core opt out web page that has the potential exploit so the idea is to use the newer flex one that doesn't whenever we can.
2. If it isn't a restriction in core, it probably shouldn't be a restriction for us.","1. PROD-163163: get opt out link from datatags service
2. PROD-163163: adding test for unsub link
3. Merge branch 'master' into prod-163163
4. attempt to fix conflict
5. PROD-163163: use dropwizard2 version of resolution client
6. PROD-163163: use dropwizard2 version of resolution client"
PP-Gummy Bears,2023/04/04,2023/04/18,PROD-163163,11172,JBertrand,195,8,1,1,0,0,0,1,1,0,0,0,JBertrand,,1. add trailing slash to url
PP-Gummy Bears,2023/04/04,2023/04/18,PROD-163163,11177,JBertrand,6,6,6,6,0,0,0,1,1,0,0,0,JBertrand,,1. PROD-163163: add trailing slash to datatag resolution urls
PP-Gummy Bears,2023/04/04,2023/04/18,HUB-89212,11150,JBertrand,0,0,0,0,0,1,0,0,0,0,0,0,JHorvath,"1. Are you using requestedApptType for anything other than category here?  If not, you can set the fetchQuestions boolean to false to save an external call.",
PP-Gummy Bears,2023/04/04,2023/04/18,HUB-93107,11200,JBertrand,0,0,0,0,0,0,0,0,0,0,0,0,CBarad,,
PP-Gummy Bears,2023/04/04,2023/04/18,HUB-95262,11182,JBertrand,0,0,0,0,0,0,0,0,0,0,0,0,XWang,,
Sprint Totals,,,,,,PR_ADDED: 2364,PR_REMOVED: 331,COMMIT_ADDED: 444,COMMIT_REMOVED: 107,APPROVED: 3,COMMENTED: 9,DECLINED: 0,MERGED: 9,OPENED: 8,RESCOPED: 26,UNAPPROVED: 0,UPDATED: 2,,,

PP-Ho Hos,2023/04/18,2023/05/02,HUB-89212,11150,JBertrand,0,0,0,0,0,0,0,0,0,0,0,0,JHorvath,,
PP-Ho Hos,2023/04/18,2023/05/02,HUB-93107,11200,JBertrand,0,0,0,0,1,0,0,0,0,0,0,0,CBarad,,
PP-Ho Hos,2023/04/18,2023/05/02,HUB-95262,11182,JBertrand,0,0,0,0,1,0,0,0,0,0,0,0,XWang,,
PP-Ho Hos,2023/04/18,2023/05/02,HUB-74373,11192,JBertrand,0,0,0,0,1,0,0,0,0,0,0,0,BRehman,,
PP-Ho Hos,2023/04/18,2023/05/02,HUB-74373,11237,JBertrand,0,0,0,0,0,0,0,0,0,0,0,0,CBarad,,
PP-Ho Hos,2023/04/18,2023/05/02,HUB-81331,9235,JBertrand,0,0,0,0,0,0,0,0,0,0,0,0,KRaparthi,,
PP-Ho Hos,2023/04/18,2023/05/02,HUB-90348,11217,JBertrand,1151,542,0,0,0,0,0,0,0,0,0,0,JBertrand,,
PP-Ho Hos,2023/04/18,2023/05/02,HUB-91757,11195,JBertrand,298,10,310,22,0,5,0,1,1,5,0,0,JBertrand,"1. It is set on creation and is currently 5 minutes.  Not sure what you mean by adding log about it?  A comment?
2. Added some.  I'm a little torn on what to do in the case of an error though.  I don't know that it makes sense to not render the page if a regular accessToken with the correct credentials does get passed in.
3. It won't render because the appointments calls will fail if there is a bad token.  The question is if we allow an explicitly good token to come in or not. The answer to that, imo, would be yes if they already have one.
4. The token only lasts 5 minutes before it needs to be refreshed, doubt that is even enough time to do anything about a security issue that would come up in logs, but I can bump it up to error.  The underlying call only throws AuthServiceExceptions.
5. Like I said on the other comment, depends on if we want to support direct access via a legitimate access token or not.","1. HUB-91757: create temporary token whenever opening calendar from stargate
2. HUB-91757: add tests for stargate container token
3. HUB-91757: add some error handling around temp token generation
4. HUB-91757: add some error handling around temp token generation
5. HUB-91757: refresh token TTL minimum fix
6. Merge branch 'master' into hub-91757
7. HUB-91757: create temporary token whenever opening calendar from stargate"
PP-Ho Hos,2023/04/18,2023/05/02,HUB-91757,11209,JBertrand,298,10,0,0,0,0,0,0,1,0,0,0,JBertrand,,
PP-Ho Hos,2023/04/18,2023/05/02,HUB-91757,11216,JBertrand,63,9,0,0,0,0,0,0,0,0,0,0,JBertrand,,
PP-Ho Hos,2023/04/18,2023/05/02,HUB-94623,10566,JBertrand,0,0,0,0,0,0,0,0,0,0,0,0,CEkrut,,
PP-Ho Hos,2023/04/18,2023/05/02,PROD-165454,11203,JBertrand,0,0,0,0,1,2,0,0,0,0,0,0,BRehman,"1. Won't this still break on the next line if their real email has upper case in it?
2. Ah, I blame the weird breaking up of the source that stash does. :smiley:",
Sprint Totals,,,,,,PR_ADDED: 1810,PR_REMOVED: 571,COMMIT_ADDED: 310,COMMIT_REMOVED: 22,APPROVED: 4,COMMENTED: 7,DECLINED: 0,MERGED: 1,OPENED: 2,RESCOPED: 5,UNAPPROVED: 0,UPDATED: 0,,,

PP-Idli,2023/05/02,2023/05/16,HUB-74373,11192,JBertrand,0,0,0,0,0,0,0,0,0,0,0,0,BRehman,,
PP-Idli,2023/05/02,2023/05/16,HUB-74373,11237,JBertrand,0,0,0,0,0,0,0,0,0,0,0,0,CBarad,,
PP-Idli,2023/05/02,2023/05/16,HUB-88496,11220,JBertrand,0,0,0,0,0,0,0,0,0,0,0,0,Ashish.Mittal,,1. Pull request #11217: HUB-90348: add testing for planner created EN appointment emails  Merge in APPT/appointments from hub-90348 to master  * commit 'ab5172561cebcf8d630829d0906ec7d295551cfb':    HUB-90348: add testing for planner created EN appointment emails    HUB-90348: add tests for EN planner emails
PP-Idli,2023/05/02,2023/05/16,HUB-90348,11217,JBertrand,1151,542,0,0,0,0,0,1,0,0,0,0,JBertrand,,
PP-Idli,2023/05/02,2023/05/16,HUB-91757,11195,JBertrand,298,10,0,0,0,0,0,0,0,0,0,0,JBertrand,,
PP-Idli,2023/05/02,2023/05/16,HUB-91757,11209,JBertrand,298,10,0,0,0,0,0,0,0,0,0,0,JBertrand,,
PP-Idli,2023/05/02,2023/05/16,HUB-91757,11216,JBertrand,63,9,0,0,0,0,0,0,0,0,0,0,JBertrand,,
PP-Idli,2023/05/02,2023/05/16,PROD-165454,11203,JBertrand,0,0,0,0,0,0,0,0,0,0,0,0,BRehman,,
PP-Idli,2023/05/02,2023/05/16,PROD-167039,11223,JBertrand,0,0,0,0,1,1,0,0,0,0,0,0,CBarad,"1. Yeah, probably should pass true into the above call and not do the fall back if so.  Also check for deleted in the attendee null check below.",
PP-Idli,2023/05/02,2023/05/16,PROD-167039,11230,JBertrand,0,0,0,0,1,0,0,0,0,0,0,0,CBarad,,
PP-Idli,2023/05/02,2023/05/16,HUB-81331,9235,JBertrand,0,0,0,0,1,0,0,0,0,0,0,0,KRaparthi,,
PP-Idli,2023/05/02,2023/05/16,HUB-94623,10566,JBertrand,0,0,0,0,1,0,0,0,0,0,0,0,CEkrut,,
PP-Idli,2023/05/02,2023/05/16,HUB-97414,1541,JBertrand,7,0,7,0,0,3,0,0,1,0,0,0,JBertrand,"1. No, it will not be part of the attendee model, filtering plan is described here in option 3 https://wiki.cvent.com/pages/viewpage.action?spaceKey=RD&title=Spike%3A+Plan+to+add+appointment+type+filter+to+attendee+list
2. I explain it below in the notes section. It is expecting a uuid.  Would welcome a better name for it
3. I had asked in slack if a response field was required to be a filter and was told that it was not. https://cvent.slack.com/archives/CUN2MS77W/p1683213154985769  This should not be a field that is retrieved from this call. It would be terribly inefficient because I was told we could not add it as part of the indexed attendee in ES.  The list of types would have to be cross referenced from universal-appointments calls to get appointment types.  It would work just fine as a filter and a requirement of being in the response object in order to be filtered seems unreasonable to me.",1. HUB-97414: add appointment type filter to attendee filter search spec
PP-Idli,2023/05/02,2023/05/16,HUB-99138,11231,JBertrand,0,0,0,0,1,0,0,0,0,0,0,0,XWang,,
PP-Idli,2023/05/02,2023/05/16,HUB-99138,11233,JBertrand,0,0,0,0,1,0,0,0,0,0,0,0,XWang,,
PP-Idli,2023/05/02,2023/05/16,HUB-99150,11234,JBertrand,0,0,0,0,0,0,0,0,0,0,0,0,MUllah,,
PP-Idli,2023/05/02,2023/05/16,HUB-99150,11242,JBertrand,0,0,0,0,0,0,0,0,0,0,0,0,MUllah,,
PP-Idli,2023/05/02,2023/05/16,HUB-99172,1482,JBertrand,0,0,0,0,0,0,0,0,0,0,0,0,SCahail,,
PP-Idli,2023/05/02,2023/05/16,HUB-99172,9300,JBertrand,0,0,0,0,0,0,0,0,0,0,0,0,SCahail,,
PP-Idli,2023/05/02,2023/05/16,PROD-163041,11229,JBertrand,0,0,0,0,0,2,0,0,0,0,0,0,BRehman,"1. Do we know if this will affect things other than flex?  ie OSS, c4. Looks like we have this call in the dot net client, so something uses it
2. Why even open PR then?  You can create a build with just a branch.",
PP-Idli,2023/05/02,2023/05/16,PROD-163041,25170,JBertrand,0,0,0,0,0,0,0,0,0,0,0,0,BRehman,,
Sprint Totals,,,,,,PR_ADDED: 1817,PR_REMOVED: 571,COMMIT_ADDED: 7,COMMIT_REMOVED: 0,APPROVED: 6,COMMENTED: 6,DECLINED: 0,MERGED: 1,OPENED: 1,RESCOPED: 0,UNAPPROVED: 0,UPDATED: 0,,,

PP-Jalapeno Poppers,2023/05/16,2023/05/30,HUB-81331,9235,JBertrand,0,0,0,0,0,0,0,0,0,0,0,0,KRaparthi,,
PP-Jalapeno Poppers,2023/05/16,2023/05/30,HUB-94186,2803,JBertrand,40,4,40,4,0,0,0,0,1,1,0,0,JBertrand,,"1. HUB-94186: force refresh of access token when loading appointments calendar list
2. HUB-94186: force refresh of access token when loading appointments calendar list"
PP-Jalapeno Poppers,2023/05/16,2023/05/30,HUB-94186,10575,JBertrand,1,0,1,0,0,0,0,1,1,0,0,0,JBertrand,,1. HUB-94186: add locator for appointment calendar close button
PP-Jalapeno Poppers,2023/05/16,2023/05/30,HUB-94186,22407,JBertrand,5,0,6,1,0,1,0,0,1,1,0,0,JBertrand,1. T2 run: https://qeportal.cvent.net/blucumberExecution/1879539,"1. HUB-94186: Force refresh of access token when loading appointments list widget
2. HUB-94186: Force refresh of access token when loading appointments list widget
3. HUB-94186: Force refresh of access token when loading appointments list widget"
PP-Jalapeno Poppers,2023/05/16,2023/05/30,HUB-94623,10566,JBertrand,0,0,0,0,0,0,0,0,0,0,0,0,CEkrut,,
PP-Jalapeno Poppers,2023/05/16,2023/05/30,HUB-99138,11231,JBertrand,0,0,0,0,0,0,0,0,0,0,0,0,XWang,,
PP-Jalapeno Poppers,2023/05/16,2023/05/30,HUB-99138,11233,JBertrand,0,0,0,0,0,0,0,0,0,0,0,0,XWang,,
PP-Jalapeno Poppers,2023/05/16,2023/05/30,HUB-99150,11234,JBertrand,0,0,0,0,1,4,0,0,0,0,0,0,MUllah,"1. On the line above he means  `!AppointmentStatus.PENDING_APPROVAL.equals(request.getStatus()` because request.getStatus could conceivably be null sometimes
2. I don't think we really care about the existing appointment for this case.  The main thing you want to fix here is not to filter if there is only one requester in the request.  I think the best way to do that would be to add that check to the stream filter on line 266 of this file so it doesn't filter out the requester just because it wasn't in the appointment before.  I believe that code exists because, usually, additional hosts being added past the first do not get auto confirmed.
3. But why have the annotation there at all?
4. It is for a 1-1 host swap.  Effectively creating a new case for when there is only one host that gets its status set appropriately (in this case confirmed).  If there is more than 1 host, then tentative status gets applied to any hosts that are new.",
PP-Jalapeno Poppers,2023/05/16,2023/05/30,HUB-99150,11242,JBertrand,0,0,0,0,1,0,0,0,0,0,0,0,MUllah,,
PP-Jalapeno Poppers,2023/05/16,2023/05/30,HUB-99172,1482,JBertrand,0,0,0,0,1,0,0,0,0,0,0,0,SCahail,,
PP-Jalapeno Poppers,2023/05/16,2023/05/30,HUB-99172,9300,JBertrand,0,0,0,0,1,0,0,0,0,0,0,0,SCahail,,
PP-Jalapeno Poppers,2023/05/16,2023/05/30,HUB-99465,1565,JBertrand,0,0,0,0,1,0,0,0,0,0,0,0,CBarad,,
PP-Jalapeno Poppers,2023/05/16,2023/05/30,PROD-163041,11229,JBertrand,0,0,0,0,1,0,0,0,0,0,0,0,BRehman,,
PP-Jalapeno Poppers,2023/05/16,2023/05/30,PROD-163041,25170,JBertrand,0,0,0,0,1,0,0,0,0,0,0,0,BRehman,,
PP-Jalapeno Poppers,2023/05/16,2023/05/30,HUB-97425,9424,JBertrand,582,35,155,7,0,0,0,0,0,0,0,0,JBertrand,,1. HUB-97425: adding appointment type filter to attendees list
PP-Jalapeno Poppers,2023/05/16,2023/05/30,HUB-99543,11244,JBertrand,0,0,0,0,1,1,0,0,0,0,0,0,MUllah,1. What happens if they are all deleted?,
PP-Jalapeno Poppers,2023/05/16,2023/05/30,HUB-99543,11253,JBertrand,0,0,0,0,0,0,0,0,0,0,0,0,MUllah,,
PP-Jalapeno Poppers,2023/05/16,2023/05/30,PROD-164078,11264,JBertrand,0,0,0,0,0,0,0,0,0,0,0,0,MUllah,,
PP-Jalapeno Poppers,2023/05/16,2023/05/30,PROD-164078,11266,JBertrand,0,0,0,0,0,0,0,0,0,0,0,0,MUllah,,
PP-Jalapeno Poppers,2023/05/16,2023/05/30,PROD-164078,11256,JBertrand,0,0,0,0,0,0,0,0,0,0,0,0,MUllah,,
PP-Jalapeno Poppers,2023/05/16,2023/05/30,PROD-167232,57,JBertrand,5,1,0,0,0,0,0,0,0,0,0,0,JBertrand,,
PP-Jalapeno Poppers,2023/05/16,2023/05/30,PROD-167232,58,JBertrand,12,1,0,0,0,0,0,0,0,0,0,0,JBertrand,,
PP-Jalapeno Poppers,2023/05/16,2023/05/30,PROD-167232,11270,JBertrand,13,13,0,0,0,0,0,0,0,0,0,0,JBertrand,,
PP-Jalapeno Poppers,2023/05/16,2023/05/30,PROD-167232,11285,JBertrand,1,1,0,0,0,0,0,0,0,0,0,0,JBertrand,,
PP-Jalapeno Poppers,2023/05/16,2023/05/30,PROD-167232,11287,JBertrand,9,9,0,0,0,0,0,0,0,0,0,0,JBertrand,,
PP-Jalapeno Poppers,2023/05/16,2023/05/30,PROD-167232,11265,JBertrand,14,14,0,0,0,0,0,0,0,0,0,0,JBertrand,,
Sprint Totals,,,,,,PR_ADDED: 682,PR_REMOVED: 78,COMMIT_ADDED: 202,COMMIT_REMOVED: 12,APPROVED: 8,COMMENTED: 6,DECLINED: 0,MERGED: 1,OPENED: 3,RESCOPED: 2,UNAPPROVED: 0,UPDATED: 0,,,

PP-Kit Kat(05/30-06/13),2023/05/30,2023/06/13,HUB-97425,9424,JBertrand,582,35,756,355,0,4,0,1,1,10,0,0,JBertrand,"1. Sure, done.
2. I think the change I made should take care of it.
3. Done
4. Moved it.","1. HUB-97425: adding appointment type filter dropdown to attendee list
2. HUB-97425: adding appointment type filter dropdown to attendee list
3. HUB-97425: adding appointment type filter to attendees list
4. HUB-97425: adding appointment type filter dropdown to attendee list
5. HUB-97425: adding appointment type filter to attendees list
6. HUB-97425: adding appointment type filter to attendees list
7. Merge branch 'develop' into hub-97425
8. HUB-97425: adding appointment type filter dropdown to attendee list
9. HUB-97245: remove debug print
10. HUB-97425: adding appointment type filter dropdown to attendee list
11. HUB-97425: adding appointment type filter dropdown to attendee list
12. Merge branch 'develop' into hub-97425
13. HUB-97425: adding appointment type filter dropdown to attendee list
14. HUB-97425: adding appointment type filter dropdown to attendee list
15. HUB-97425: adding appointment type filter dropdown to attendee list
16. HUB-97425: fix issues with single appointment type button
17. Merge branch 'develop' into hub-97425
18. HUB-97245: add small margin based on UX feedback"
PP-Kit Kat(05/30-06/13),2023/05/30,2023/06/13,HUB-99543,11244,JBertrand,0,0,0,0,0,0,0,0,0,0,0,0,MUllah,,
PP-Kit Kat(05/30-06/13),2023/05/30,2023/06/13,HUB-99543,11253,JBertrand,0,0,0,0,1,0,0,0,0,0,0,0,MUllah,,
PP-Kit Kat(05/30-06/13),2023/05/30,2023/06/13,PROD-164078,11264,JBertrand,0,0,0,0,1,1,0,0,0,0,0,0,MUllah,1. Would it be possible to have a test that does create defaults if group duplication setting is off or do we have one already that does that?,
PP-Kit Kat(05/30-06/13),2023/05/30,2023/06/13,PROD-164078,11266,JBertrand,0,0,0,0,1,0,0,0,0,0,0,0,MUllah,,
PP-Kit Kat(05/30-06/13),2023/05/30,2023/06/13,PROD-164078,11256,JBertrand,0,0,0,0,0,3,0,0,0,0,0,0,MUllah,"1. I don't think ApptEventDuplicateService is the place to have this logic.  Default types and groups are created in ApptEventCreateHandler and this logic is specifically for groups that are not the defaults which should have isDefault set to false.  There is code around line 311 here that handles the case of default types and should update rather than attempt to create them if they exist in the copied event.
2. I don't think you want to do that.  You should look at the code in ApptEventCreateHandler.  The ACs on this ticket are a little confusing, but it sounds like maybe they want you to not create defaults if copying event, so you should talk to Riley and make sure that is true.  If so, you should just be able to check for duplicating event and shut off default creation in that case.
3. Currently, we let the create code do all of the default appointment type and group creation regardless of duplication and then this code updates those created on the new event with whatever settings were changed on the one we are duplicating from.  That is a fine approach, but it leads to problems like recreating default types that were manually deleted in the old event and things get dicey if we ever decide to internationalize those type names.  The alternative would be to instead not create types/groups/rules on duplication, but instead just do straight copies of any that existed on the duplicated event which is what the ACs on the ticket seem to imply.  That's a bigger change going forward though and carries some regression risk.  But yes, this code will need to be changed to remove the special case for default if you went with that approach.",
PP-Kit Kat(05/30-06/13),2023/05/30,2023/06/13,HUB-99174,11260,JBertrand,0,0,0,0,0,1,0,0,0,0,0,0,XWang,1. Personally I'd lean towards no and might even suggest that this creation of the card live in the ApptEventCreateHandler.,
PP-Kit Kat(05/30-06/13),2023/05/30,2023/06/13,HUB-99174,11268,JBertrand,0,0,0,0,0,0,0,0,0,0,0,0,XWang,,
PP-Kit Kat(05/30-06/13),2023/05/30,2023/06/13,HUB-99174,11274,JBertrand,0,0,0,0,0,0,0,0,0,0,0,0,XWang,,
PP-Kit Kat(05/30-06/13),2023/05/30,2023/06/13,HUB-100398,9504,JBertrand,0,0,0,0,0,0,0,0,0,0,0,0,KRaparthi,,
PP-Kit Kat(05/30-06/13),2023/05/30,2023/06/13,HUB-101717,11298,JBertrand,0,0,0,0,0,0,0,0,0,0,0,0,Kevin.Gallagher,,
PP-Kit Kat(05/30-06/13),2023/05/30,2023/06/13,HUB-101852,11271,JBertrand,0,0,0,0,0,0,0,0,0,0,0,0,MUllah,,
PP-Kit Kat(05/30-06/13),2023/05/30,2023/06/13,HUB-102329,3603,JBertrand,75,16,0,0,0,0,0,0,0,0,0,0,JBertrand,,
PP-Kit Kat(05/30-06/13),2023/05/30,2023/06/13,PROD-167673,11260,JBertrand,0,0,0,0,0,0,0,0,0,0,0,0,XWang,,
PP-Kit Kat(05/30-06/13),2023/05/30,2023/06/13,PROD-167673,11268,JBertrand,0,0,0,0,0,0,0,0,0,0,0,0,XWang,,
Sprint Totals,,,,,,PR_ADDED: 657,PR_REMOVED: 51,COMMIT_ADDED: 756,COMMIT_REMOVED: 355,APPROVED: 3,COMMENTED: 9,DECLINED: 0,MERGED: 1,OPENED: 1,RESCOPED: 10,UNAPPROVED: 0,UPDATED: 0,,,

PP-Lollipop (06/13-06/27),2023/06/13,2023/06/27,HUB-82893,3614,JBertrand,0,0,88,29,0,0,0,0,0,0,0,0,MGangani,,"1. HUB-102329: add boothStaff role to ME query
2. HUB-102329: Add boothStaff role to permissions in me query
3. HUB-102329: Add boothStaff role to permissions in me query
4. HUB-102329: fixing typescript error and removed ignore
5. Pull request #3603: HUB-102329: Add boothStaff role to permissions in me query  Merge in AX/attendee-experience-data from hub-102329 to develop  * commit '049bd0c0af8936bfc0524233accdd092f4e202c7':    HUB-102329: fixing typescript error and removed ignore    HUB-102329: Add boothStaff role to permissions in me query    HUB-102329: Add boothStaff role to permissions in me query    HUB-102329: add boothStaff role to ME query"
PP-Lollipop (06/13-06/27),2023/06/13,2023/06/27,HUB-99174,11260,JBertrand,0,0,0,0,0,0,0,0,0,0,0,0,XWang,,
PP-Lollipop (06/13-06/27),2023/06/13,2023/06/27,HUB-99174,11268,JBertrand,0,0,0,0,0,0,0,0,0,0,0,0,XWang,,
PP-Lollipop (06/13-06/27),2023/06/13,2023/06/27,HUB-99174,11274,JBertrand,0,0,0,0,1,0,0,0,0,0,0,0,XWang,,
PP-Lollipop (06/13-06/27),2023/06/13,2023/06/27,HUB-100398,9504,JBertrand,0,0,0,0,1,0,0,0,0,0,0,0,KRaparthi,,
PP-Lollipop (06/13-06/27),2023/06/13,2023/06/27,HUB-101852,11271,JBertrand,0,0,0,0,1,3,0,0,0,0,0,0,MUllah,"1. Given how often we are calling into reg event for this piece of data that will rarely change, I feel like maybe we should consider caching it.  Though I am not sure if it should happen as part of this story.  Maybe some others have some thoughts on it?
2. Right
3. I think Ashish added these originally, so he would probably know better definitively.  But it looks like every method in this file has the experiment check, so it could be as simple as consistency or maintaining state.",
PP-Lollipop (06/13-06/27),2023/06/13,2023/06/27,HUB-102329,3603,JBertrand,75,16,0,0,0,0,0,1,1,2,0,0,JBertrand,,
PP-Lollipop (06/13-06/27),2023/06/13,2023/06/27,PROD-167232,57,JBertrand,5,1,0,0,0,0,0,0,0,0,0,0,JBertrand,,
PP-Lollipop (06/13-06/27),2023/06/13,2023/06/27,PROD-167232,58,JBertrand,12,1,15,4,0,1,0,1,1,1,0,0,JBertrand,"1. Theoretically, it is fine, but I can change the other one to be in the same id as one with the same offset.","1. PROD-167232: change 110 timezone to map to joda WET
2. PROD-167232: change 110 timezone to map to joda WET
3. PROD-167232: change 110 timezone to map to joda WET
4. Merge branch 'master' into prod-167232
5. HUB-167232: change iana to cvent mapping for WET time zone
6. HUB-167232: change iana to cvent mapping for WET time zone"
PP-Lollipop (06/13-06/27),2023/06/13,2023/06/27,PROD-167232,11270,JBertrand,13,13,1,1,0,0,0,1,1,0,0,0,JBertrand,,1. remove common upgrade
PP-Lollipop (06/13-06/27),2023/06/13,2023/06/27,PROD-167232,11285,JBertrand,1,1,1,1,0,0,0,1,1,0,0,0,JBertrand,,1. PROD-167232: update version of appointments common to fix WET time zone issue
PP-Lollipop (06/13-06/27),2023/06/13,2023/06/27,PROD-167232,11287,JBertrand,9,9,8,8,0,0,0,1,1,2,0,0,JBertrand,,"1. Merge branch 'master' into prod-167232
2. fix master build"
PP-Lollipop (06/13-06/27),2023/06/13,2023/06/27,PROD-167232,11265,JBertrand,14,14,0,0,0,0,1,0,0,0,0,0,JBertrand,,
PP-Lollipop (06/13-06/27),2023/06/13,2023/06/27,PROD-167673,11260,JBertrand,0,0,0,0,0,0,0,0,0,0,0,0,XWang,,
PP-Lollipop (06/13-06/27),2023/06/13,2023/06/27,PROD-167673,11268,JBertrand,0,0,0,0,0,0,0,0,0,0,0,0,XWang,,
PP-Lollipop (06/13-06/27),2023/06/13,2023/06/27,PROD-169396,11280,JBertrand,0,0,0,0,1,2,0,0,0,0,0,0,XWang,"1. Do you need to check if this is a requester to handle planner created case?
2. Yeah, didn't look terribly hard.  Seems fine.",
PP-Lollipop (06/13-06/27),2023/06/13,2023/06/27,PROD-171190,11291,JBertrand,0,0,0,0,1,1,0,0,0,0,0,0,KRaparthi,1. Do we not need a check for the attendee being a booth staff for this or is it always true for those cases where they aren't?,
PP-Lollipop (06/13-06/27),2023/06/13,2023/06/27,HUB-101717,11298,JBertrand,0,0,0,0,0,0,0,0,0,0,0,0,Kevin.Gallagher,,
PP-Lollipop (06/13-06/27),2023/06/13,2023/06/27,HUB-101754,9653,JBertrand,0,0,0,0,0,0,0,0,0,0,0,0,XWang,,
Sprint Totals,,,,,,PR_ADDED: 129,PR_REMOVED: 55,COMMIT_ADDED: 113,COMMIT_REMOVED: 43,APPROVED: 5,COMMENTED: 7,DECLINED: 1,MERGED: 5,OPENED: 5,RESCOPED: 5,UNAPPROVED: 0,UPDATED: 0,,,

Overall Totals,,,,,,PR_ADDED: 7459,PR_REMOVED: 1657,COMMIT_ADDED: 1832,COMMIT_REMOVED: 539,APPROVED: 29,COMMENTED: 44,DECLINED: 1,MERGED: 18,OPENED: 20,RESCOPED: 48,UNAPPROVED: 0,UPDATED: 2,,,
