SPRINT,START_DATE,END_DATE,TICKET,PR_ID,USER,PR_ADDED,PR_REMOVED,COMMIT_ADDED,COMMIT_REMOVED,APPROVED,COMMENTED,DECLINED,MERGED,OPENED,RESCOPED,UNAPPROVED,UPDATED,AUTHOR,COMMENTS,COMMIT_MESSAGES
Krypto Q2 23' S2 (10w 1d),2023/04/19,2023/05/03,PROD-165626,142461,MKanis,0,0,0,0,0,0,0,0,0,2,0,0,"Verma, Tushar",,
Krypto Q2 23' S2 (10w 1d),2023/04/19,2023/05/03,PROD-165626,143061,MKanis,0,0,0,0,0,0,0,0,0,2,0,0,Ayesha.Khan,,
Krypto Q2 23' S2 (10w 1d),2023/04/19,2023/05/03,PROD-165626,144525,MKanis,0,0,0,0,0,0,0,0,0,2,0,0,spujara,,
Krypto Q2 23' S2 (10w 1d),2023/04/19,2023/05/03,PROD-165626,148894,MKanis,0,0,0,0,0,0,0,0,0,0,0,0,SNitin,,
Krypto Q2 23' S2 (10w 1d),2023/04/19,2023/05/03,PROD-165626,148210,MKanis,0,0,0,0,0,0,0,0,0,1,0,0,Vinodkumar.Yadav,,"1. Pull request #148583: PROD-165999: removed from ccid-2546 Revert ""Pull request #148489: Src 8557 new""  Merge in CVT/c4 from ccid-2546 to ccid-2547  * commit '4d88b4ea81edbab4e5b5f4cf12f0424460ee2f16':    PROD-165999: removed from ccid-2546 Revert ""Pull request #148489: Src 8557 new""
2. Pull request #148585: HUB-96782: add assistant:write permission to bearer token in c4  Merge in CVT/c4 from prod-166182 to ccid-2547  * commit 'be03921c03d248dbf9802a65f0e0674155f3bc49':    HUB-96782: add assistant:write permission to bearer token in c4
3. Pull request #148584: Fix for questions not showing up  Merge in CVT/c4 from prod-166058 to ccid-2547  * commit 'c8397d925e10ad41598a68088cf6baba9e650121':    Fix for questions not showing up
4. Pull request #148590: Remove binding redirect that might be the reason user editing in cvii is failing.  Merge in CVT/c4 from ccid-2547-maybe-fix to ccid-2547  * commit 'a5588a1ec767b8f5caf79277edb8fdd4b4c620d5':    Remove binding redirect that might be the reason user editing in cvii is failing.
5. Pull request #148643: Prod  Merge in CVT/c4 from prod to ccid-2547  * commit 'c475980d4e6b3cc2e0b238dbc9045381817c545d':"
Krypto Q2 23' S2 (10w 1d),2023/04/19,2023/05/03,PROD-165626,148416,MKanis,0,0,0,0,0,0,0,0,0,0,0,0,qtpman,,"1. Pull request #148350: Ent 22903  Merge in CVT/c4 from ent-22903 to ccid-2540  * commit '6b93aa953b13ec58ad8f64114bbff063863b37d5':    ENT-22903: fix new user active value default    ENT-22903: Update active load    ENT-22903: allow editing of active flag
2. Pull request #148357: Ccid 2538  Merge in CVT/c4 from ccid-2538 to ccid-2540  * commit 'e975c0b426334d1c0f902d77f92d0487c6bfa1ca':"
Krypto Q2 23' S2 (10w 1d),2023/04/19,2023/05/03,PROD-165626,148608,MKanis,0,0,0,0,0,0,0,0,0,0,0,0,SBandekar,,1. Pull request #148532: PROD-157009: ConfigTransform redis-cache dev replacement value  Merge in CVT/c4 from prod-157009-jb to prod  * commit 'd979955b65dd585d775cf813e102f4800f0ff055':    PROD-157009: Correcting incorrect password    PROD-157009: Correcting replacement value    PROD-157009: Adding redis cach dev password
Krypto Q2 23' S2 (10w 1d),2023/04/19,2023/05/03,PROD-165626,148822,MKanis,0,0,0,0,0,0,0,0,0,0,0,0,APrajapati,,"1. Pull request #148801: Ccid 2552  Merge in CVT/c4 from ccid-2552 to prod  * commit '02e94b4f6e88e16b1b60f675734f41971d3c6fe5': (31 commits)    commit for PROD-166579 reverting commit of PROD-166070    reverting PROD-166432 from ccid-2548 Revert ""Pull request #148681: Webinar 7906""    reverting PROd-164728 from ccid-2548 Revert ""Pull request #148668: Prod 164728""    PROD-166145 : ccid forward fix    PROD-166145: Added roles to planner video solution    WEBINAR-7906: Fixed Updation for allow_webinars for selfServiceAccount    PROD-166093: Removed duplicate entries after merge conflict fix    WEBINAR-6514:updated cent control version    PROD-163323: Discrepancy in registered attendee count under session stats if session is included to an admission item    PROD-159811: fixed timezone 110 mapping for windows so it properly returns the offset    PROD-164728 : Package update using master branch build version    WEBINAR-7314: Keep delete single record async    PROD-159811: fixed timezone 110 to be correct ""Europe/Lisbon"" instead of ""Europe/Berlin""    PROD-164372: Added SB code    WEBINAR-7314: Fix padding issue on users grid page    PROD-164728 : Cvent.Controls and related package version update    PROD-164728 : Cvent.Controls and related package version update    WEBINAR-7906: Fetched allow_webinars key from LU_ACCOINT_CONFIG in spited of visible_flag is off    PROD-163323: Discrepancy in registered attendee count under session stats if session is included to an admission item    CSNALL-66655 - Update content for IATA ID in CVII    ..."
Krypto Q2 23' S2 (10w 1d),2023/04/19,2023/05/03,PROD-165626,149559,MKanis,0,0,0,0,0,0,0,0,0,0,0,0,P.Ahuja,,
Krypto Q2 23' S2 (10w 1d),2023/04/19,2023/05/03,HUB-97358,16399,MKanis,0,0,0,0,0,0,0,0,0,0,0,0,ashish.a,,
Krypto Q2 23' S2 (10w 1d),2023/04/19,2023/05/03,HUB-97358,16414,MKanis,0,0,0,0,0,0,0,0,0,0,0,0,"Jaiswal, Nikita",,
Krypto Q2 23' S2 (10w 1d),2023/04/19,2023/05/03,HUB-97358,22266,MKanis,2205,889,0,0,0,0,0,0,0,0,0,0,MKanis,,
Krypto Q2 23' S2 (10w 1d),2023/04/19,2023/05/03,PROD-164537,16399,MKanis,0,0,0,0,0,0,0,0,0,0,0,0,ashish.a,,
Krypto Q2 23' S2 (10w 1d),2023/04/19,2023/05/03,PROD-164537,16414,MKanis,0,0,0,0,0,0,0,0,0,0,0,0,"Jaiswal, Nikita",,
Sprint Totals,,,,,,PR_ADDED: 2205,PR_REMOVED: 889,COMMIT_ADDED: 0,COMMIT_REMOVED: 0,APPROVED: 0,COMMENTED: 0,DECLINED: 0,MERGED: 0,OPENED: 0,RESCOPED: 7,UNAPPROVED: 0,UPDATED: 0,,,

Krypto Q2 23' S3 (10w 2d),2023/05/03,2023/05/18,HUB-97358,16399,MKanis,0,0,0,0,0,0,0,0,0,0,0,0,ashish.a,,
Krypto Q2 23' S3 (10w 2d),2023/05/03,2023/05/18,HUB-97358,16414,MKanis,0,0,0,0,0,0,0,0,0,0,0,0,"Jaiswal, Nikita",,
Krypto Q2 23' S3 (10w 2d),2023/05/03,2023/05/18,HUB-97358,22266,MKanis,2205,889,0,0,0,0,0,0,1,0,0,0,MKanis,,
Krypto Q2 23' S3 (10w 2d),2023/05/03,2023/05/18,PROD-164537,16399,MKanis,0,0,0,0,0,0,0,0,0,0,0,0,ashish.a,,
Krypto Q2 23' S3 (10w 2d),2023/05/03,2023/05/18,PROD-164537,16414,MKanis,0,0,0,0,0,0,0,0,0,0,0,0,"Jaiswal, Nikita",,
Sprint Totals,,,,,,PR_ADDED: 2205,PR_REMOVED: 889,COMMIT_ADDED: 0,COMMIT_REMOVED: 0,APPROVED: 0,COMMENTED: 0,DECLINED: 0,MERGED: 0,OPENED: 1,RESCOPED: 0,UNAPPROVED: 0,UPDATED: 0,,,

Krypto Q2 23' S5(9w 2d),2023/06/01,2023/06/14,HUB-101134,142461,MKanis,0,0,0,0,0,0,0,0,0,0,0,0,"Verma, Tushar",,
Krypto Q2 23' S5(9w 2d),2023/06/01,2023/06/14,HUB-101134,143061,MKanis,0,0,0,0,0,0,0,0,0,0,0,0,Ayesha.Khan,,
Krypto Q2 23' S5(9w 2d),2023/06/01,2023/06/14,HUB-101134,144525,MKanis,0,0,0,0,0,0,0,0,0,0,0,0,spujara,,
Krypto Q2 23' S5(9w 2d),2023/06/01,2023/06/14,HUB-101134,148894,MKanis,0,0,0,0,0,0,0,0,0,0,0,0,SNitin,,
Sprint Totals,,,,,,PR_ADDED: 0,PR_REMOVED: 0,COMMIT_ADDED: 0,COMMIT_REMOVED: 0,APPROVED: 0,COMMENTED: 0,DECLINED: 0,MERGED: 0,OPENED: 0,RESCOPED: 0,UNAPPROVED: 0,UPDATED: 0,,,

Overall Totals,,,,,,PR_ADDED: 4410,PR_REMOVED: 1778,COMMIT_ADDED: 0,COMMIT_REMOVED: 0,APPROVED: 0,COMMENTED: 0,DECLINED: 0,MERGED: 0,OPENED: 1,RESCOPED: 7,UNAPPROVED: 0,UPDATED: 0,,,
