SPRINT,START_DATE,END_DATE,TICKET,PR_ID,USER,PR_ADDED,PR_REMOVED,COMMIT_ADDED,COMMIT_REMOVED,APPROVED,COMMENTED,DECLINED,MERGED,OPENED,RESCOPED,UNAPPROVED,UPDATED,AUTHOR,COMMENTS,COMMIT_MESSAGES
Q2 2023 - Sprint 2,2023/04/20,2023/05/03,PROD-165670,142461,JKaur,0,0,0,0,0,0,0,0,0,0,0,0,"Verma, Tushar",,
Q2 2023 - Sprint 2,2023/04/20,2023/05/03,PROD-165670,143061,JKaur,0,0,0,0,0,0,0,0,0,0,0,0,Ayesha.Khan,,
Q2 2023 - Sprint 2,2023/04/20,2023/05/03,PROD-165670,144525,JKaur,0,0,0,0,0,0,0,0,0,0,0,0,spujara,,
Q2 2023 - Sprint 2,2023/04/20,2023/05/03,PROD-165670,148894,JKaur,0,0,0,0,0,0,0,0,0,0,0,0,SNitin,,
Q2 2023 - Sprint 2,2023/04/20,2023/05/03,PROD-165670,148210,JKaur,0,0,0,0,0,0,0,0,0,0,0,0,Vinodkumar.Yadav,,"1. Pull request #148506: Reverting PROD-163585 from ccid-2545 Revert ""Pull request #148435: [prod-163585] : Logic changed to show proper message for MRF created and MRF updated.""  Merge in CVT/c4 from ccid-2545 to ccid-2546  * commit 'a2f09a6f9d02d6cb38cefd146aaee4effb12882b':    Reverting PROD-163585 from ccid-2545 Revert ""Pull request #148435: [prod-163585] : Logic changed to show proper message for MRF created and MRF updated.""
2. Pull request #148556: Prod 165373 version update  Merge in CVT/c4 from prod-165373-version-update to ccid-2547  * commit '07ded302a9b2e1dd1a79f4768d014e38b55e69dc': (61 commits)    PROD-165373: Resolve conflicts    PROD-165373: Version update    CSNALL-61056: Updated LU Scripts    NA-0: Fix downmerge    CSNALL-61056: Updates to LU scripts    CSNALL-61056: Updates to the cvent controls version    CSNALL-61056: Accounts client and entity update    CSNALL-61056: Edit csproj    Applied suggestion    CSNALL-61056: CHanges in question designer    CSNALL-61056: Cvent 2 fixed    CSNALL-61056: Updated projects    CSNALL-61056: Changes to framework base and others    CSNALL-61056: Revert unnecessary version updates    CSNALL-61056: Updated events, dashboard, admin, appointments    CSNALL-61056: Changes in name badge,. rfp, event test    CSNALL-61056: Chnges to account, event, import    CSNALL-61056: Removed unnecessary updates from cvent solutions    CSNALL-61056: Changes to event and pub project to revert framework versions    CSNALL-61056: Changes to module api folder    ..."
Q2 2023 - Sprint 2,2023/04/20,2023/05/03,PROD-165670,148608,JKaur,0,0,0,0,0,0,0,0,0,0,0,0,SBandekar,,"1. Pull request #148430: PROD-165470: Remove crowd compass  Merge in CVT/c4 from prod-165470 to ccid-2545  * commit '3b513afc39da3de5375fe2b112a5448ce0379f17':    PROD-165470: Remove crowd compass
2. Pull request #148435: [prod-163585] : Logic changed to show proper message for MRF created and MRF updated.  Merge in CVT/c4 from prod-163585 to ccid-2545  * commit '3602f761f84f04308bc13bffdc14db2d482e672f':    [prod-163585] : Logic changed to show proper message for MRF created and MRF updated.
3. Pull request #148432: PROD-164365 | Phrase Pull for ""h23.009""  Merge in CVT/c4 from prod-164365 to ccid-2545  * commit '1ac5d61593a7e5d9ad4d940093168cb52844900c':    PROD-164365 | Phrase Pull for ""h23.009""
4. Pull request #148431: FLEX-88029 Update column  Merge in CVT/c4 from prod-165547 to ccid-2545  * commit '14704d54b02223417195d38a3c92c4b5b9e08e37':    FLEX-88029    NA-0: Revert of revert    FLEX-88029 Update column"
Q2 2023 - Sprint 2,2023/04/20,2023/05/03,PROD-165670,149030,JKaur,0,0,0,0,0,0,0,0,0,0,0,0,ALakshkar,,
Q2 2023 - Sprint 2,2023/04/20,2023/05/03,PROD-165670,149559,JKaur,0,0,0,0,0,0,0,0,0,0,0,0,P.Ahuja,,
Q2 2023 - Sprint 2,2023/04/20,2023/05/03,HUB-97991,142461,JKaur,0,0,0,0,0,0,0,0,0,0,0,0,"Verma, Tushar",,
Q2 2023 - Sprint 2,2023/04/20,2023/05/03,HUB-97991,143061,JKaur,0,0,0,0,0,0,0,0,0,0,0,0,Ayesha.Khan,,
Q2 2023 - Sprint 2,2023/04/20,2023/05/03,HUB-97991,144525,JKaur,0,0,0,0,0,0,0,0,0,0,0,0,spujara,,
Q2 2023 - Sprint 2,2023/04/20,2023/05/03,HUB-97991,148894,JKaur,0,0,0,0,0,0,0,0,0,0,0,0,SNitin,,
Q2 2023 - Sprint 2,2023/04/20,2023/05/03,HUB-97991,149030,JKaur,0,0,0,0,0,0,0,0,0,0,0,0,ALakshkar,,
Q2 2023 - Sprint 2,2023/04/20,2023/05/03,HUB-97991,149087,JKaur,0,0,0,0,0,0,0,0,0,0,0,0,Arvind.Negi,,
Q2 2023 - Sprint 2,2023/04/20,2023/05/03,HUB-97991,149559,JKaur,0,0,0,0,0,0,0,0,0,0,0,0,P.Ahuja,,
Sprint Totals,,,,,,PR_ADDED: 0,PR_REMOVED: 0,COMMIT_ADDED: 0,COMMIT_REMOVED: 0,APPROVED: 0,COMMENTED: 0,DECLINED: 0,MERGED: 0,OPENED: 0,RESCOPED: 0,UNAPPROVED: 0,UPDATED: 0,,,

Q2 2023 - Sprint 3,2023/05/04,2023/05/17,HUB-97991,142461,JKaur,0,0,0,0,0,0,0,0,0,1,0,0,"Verma, Tushar",,
Q2 2023 - Sprint 3,2023/05/04,2023/05/17,HUB-97991,143061,JKaur,0,0,0,0,0,0,0,0,0,1,0,0,Ayesha.Khan,,
Q2 2023 - Sprint 3,2023/05/04,2023/05/17,HUB-97991,144525,JKaur,0,0,0,0,0,0,0,0,0,1,0,0,spujara,,
Q2 2023 - Sprint 3,2023/05/04,2023/05/17,HUB-97991,148894,JKaur,0,0,0,0,0,0,0,0,0,1,0,0,SNitin,,
Q2 2023 - Sprint 3,2023/05/04,2023/05/17,HUB-97991,149030,JKaur,0,0,27,185,0,0,0,0,0,1,0,0,ALakshkar,,"1. commit for PROD-167315 reverting commit of PROD-166596  Revert ""Pull request #148974: Prod 166596""  This reverts commit b096c342069382be0974c4457ec247c82f5b4e63, reversing  changes made to a0c4eb215cffeeb98b66f732cd11982e65d3c92e.
2. Pull request #149078: commit for PROD-167315 reverting commit of PROD-166596 Revert ""Pull request #148974: Prod 166596""  Merge in CVT/c4 from ccid-2561 to ccid-2558  * commit '51c68fadb86fb1cbdab7fd2bb3ecfc36c4b27664':    commit for PROD-167315 reverting commit of PROD-166596 Revert ""Pull request #148974: Prod 166596""
3. Pull request #149118: Ccid 2558  Merge in CVT/c4 from ccid-2558 to prod  * commit '2aab3f921cb501e65b5c166c203959ba2f2584e6':    Move join  to if clause    Adding join on form stub    Revert ""Revert ""PROD-166720: removed from ccid-2556 Revert ""Pull request #148954: PROD-166720: Disable off option for onarrival badge designer""""""    HUB-98910: Adding writingAssistantUrl to the props of _CvpCoreUploader    PROD-166846: Fixed OnsiteQuestions (Registration and CheckIn) 's ""Required"" and ""Optional"" select list item so they effectively change languages when the user profile's language is changed    FLEX-88046: Updating to new cvent.controls    FLEX-88046: Add writing assistant to event creation    HUB-80305: Now hiding OnArrivalNameBadge and NameBadge types from library    HUB-80305: Small bug with custom Stocks    HUB-80305: Made ReloadWizard async    HUB-80305: Block Edit/Create of badges when the new setting is enabled    FLEX-88046: Config updates    FLEX-88046: Updates to put the writing assistant behind an experiment    FLEX-88046: Reverting incorrect changes to the package    FLEX-88046: Update packages to use the new cvent.controls    FLEX-88046: Use the new assisted rich text box
4. Pull request #149119: Prod  Merge in CVT/c4 from prod to ccid-2559  * commit '7e538ff972f4150d08ad2c37fd9cfcb357f7039b':    Move join  to if clause    Adding join on form stub    Revert ""Revert ""PROD-166720: removed from ccid-2556 Revert ""Pull request #148954: PROD-166720: Disable off option for onarrival badge designer""""""    HUB-98910: Adding writingAssistantUrl to the props of _CvpCoreUploader    PROD-166846: Fixed OnsiteQuestions (Registration and CheckIn) 's ""Required"" and ""Optional"" select list item so they effectively change languages when the user profile's language is changed    FLEX-88046: Updating to new cvent.controls    FLEX-88046: Add writing assistant to event creation    HUB-80305: Now hiding OnArrivalNameBadge and NameBadge types from library    HUB-80305: Small bug with custom Stocks    HUB-80305: Made ReloadWizard async    HUB-80305: Block Edit/Create of badges when the new setting is enabled    FLEX-88046: Config updates    FLEX-88046: Updates to put the writing assistant behind an experiment    FLEX-88046: Reverting incorrect changes to the package    FLEX-88046: Update packages to use the new cvent.controls    FLEX-88046: Use the new assisted rich text box"
Q2 2023 - Sprint 3,2023/05/04,2023/05/17,HUB-97991,149087,JKaur,0,0,0,0,0,0,0,0,0,1,0,0,Arvind.Negi,,1. Pull request #149120: Prod  Merge in CVT/c4 from prod to ccid-2562  * commit '7e538ff972f4150d08ad2c37fd9cfcb357f7039b':
Q2 2023 - Sprint 3,2023/05/04,2023/05/17,HUB-97991,149325,JKaur,0,0,0,0,0,0,0,0,0,0,0,0,THarsh,,"1. Pull request #149121: Ccid 2562  Merge in CVT/c4 from ccid-2562 to ccid-2563  * commit '9617d33e6815c085d4f01a598be5374b1bd39e3a':
2. Pull request #149143: Ccid 2562  Merge in CVT/c4 from ccid-2562 to ccid-2563  * commit 'ff033aa18f39ff326f8d91f0d21853a311161c9a':    [PROD-165249] : Changes made to resolve conflicts.    [PROD-165249] : Resolved conflicts    [PROD-165249] : Added Column names in insert query to avoid exception for newly added columns in ENTITY_VISIBILITY table.    [PROD-165249] : Added Column names in insert query to avoid exception for newly added columns in ENTITY_VISIBILITY table.    [PROD-165249] : Added DBCR script in newly created Maintainnance CCID ticket.    PROD-163417:ENable cdc for contact_rollup table    PROD-163417:ENable cdc for cvent_rollup db"
Q2 2023 - Sprint 3,2023/05/04,2023/05/17,HUB-97991,149559,JKaur,0,0,0,0,0,0,0,0,0,0,0,0,P.Ahuja,,
Sprint Totals,,,,,,PR_ADDED: 0,PR_REMOVED: 0,COMMIT_ADDED: 27,COMMIT_REMOVED: 185,APPROVED: 0,COMMENTED: 0,DECLINED: 0,MERGED: 0,OPENED: 0,RESCOPED: 6,UNAPPROVED: 0,UPDATED: 0,,,

Q2 2023 - Sprint 4,2023/05/18,2023/05/31,HUB-84318,11977,JKaur,1105,138,0,0,0,0,0,0,0,0,0,0,JKaur,,
Q2 2023 - Sprint 4,2023/05/18,2023/05/31,PROD-166215,11977,JKaur,1105,138,0,0,0,0,0,0,0,0,0,0,JKaur,,
Sprint Totals,,,,,,PR_ADDED: 2210,PR_REMOVED: 276,COMMIT_ADDED: 0,COMMIT_REMOVED: 0,APPROVED: 0,COMMENTED: 0,DECLINED: 0,MERGED: 0,OPENED: 0,RESCOPED: 0,UNAPPROVED: 0,UPDATED: 0,,,

Q2 2023 - Sprint 5,2023/06/01,2023/06/14,HUB-84318,11977,JKaur,1105,138,0,0,0,0,1,0,1,0,0,0,JKaur,,
Q2 2023 - Sprint 5,2023/06/01,2023/06/14,PROD-166215,11977,JKaur,1105,138,0,0,0,0,0,0,0,0,0,0,JKaur,,
Q2 2023 - Sprint 5,2023/06/01,2023/06/14,PROD-168082,142461,JKaur,0,0,0,0,0,0,0,0,0,1,0,0,"Verma, Tushar",,
Q2 2023 - Sprint 5,2023/06/01,2023/06/14,PROD-168082,143061,JKaur,0,0,0,0,0,0,0,0,0,1,0,0,Ayesha.Khan,,
Q2 2023 - Sprint 5,2023/06/01,2023/06/14,PROD-168082,144525,JKaur,0,0,0,0,0,0,0,0,0,1,0,0,spujara,,
Q2 2023 - Sprint 5,2023/06/01,2023/06/14,PROD-168082,148894,JKaur,0,0,0,0,0,0,0,0,0,1,0,0,SNitin,,
Q2 2023 - Sprint 5,2023/06/01,2023/06/14,PROD-168082,149732,JKaur,0,0,0,0,0,0,0,0,0,1,0,0,SSao,,
Q2 2023 - Sprint 5,2023/06/01,2023/06/14,PROD-168082,150459,JKaur,0,0,0,0,0,0,0,0,0,0,0,0,qtpman,,
Q2 2023 - Sprint 5,2023/06/01,2023/06/14,PROD-168082,150473,JKaur,0,0,0,0,0,0,0,0,0,0,0,0,APrajapati,,"1. Pull request #150354: Ccid 2595  Merge in CVT/c4 from ccid-2595 to prod  * commit '6e845e300cb58fab197059bc44a92c92b0b3439b': (42 commits)    Reverting PROD-168960 from ccid-2595 Revert ""Pull request #150321: Webinar 882""    PROD-170011: Adding a default route to MobilePass that will rediriect to Apple Wallet    PROD-168997: dup entries removed    HUB-101134: Add check on IMPORT_QUEUE_STATUS ID to ease roll-back    PROD-168997: latest resx pull    PROD-168997: event soa package update    PROD-165807: move 300 to const    PROD-165807: truncate custom field choice string if longer than 300    HUB-101134: Fix typo    HUB-101134: Add rollback hint    SURVEY-68308: invalid check removed    SURVEY-68308: sp invalid acct id & userstub handled    HUB-101134: Use new flow for 10% prod accounts    SURVEY-68347: package update    SURVEY-68347: event soa package update    SURVEY-68347: pcakge update    PROD-168591: Marking parameter as ready for retirement    SURVEY-68308: sp renamed    SURVEY-68308: eventVisibility sp added    PROD-168591: WIP: Migrating code to Cvent.Imports.Async    ..."
Q2 2023 - Sprint 5,2023/06/01,2023/06/14,PROD-168082,150073,JKaur,0,0,0,0,0,0,0,0,0,1,0,0,AJagtap,,
Sprint Totals,,,,,,PR_ADDED: 2210,PR_REMOVED: 276,COMMIT_ADDED: 0,COMMIT_REMOVED: 0,APPROVED: 0,COMMENTED: 0,DECLINED: 1,MERGED: 0,OPENED: 1,RESCOPED: 6,UNAPPROVED: 0,UPDATED: 0,,,

Overall Totals,,,,,,PR_ADDED: 4420,PR_REMOVED: 552,COMMIT_ADDED: 27,COMMIT_REMOVED: 185,APPROVED: 0,COMMENTED: 0,DECLINED: 1,MERGED: 0,OPENED: 1,RESCOPED: 12,UNAPPROVED: 0,UPDATED: 0,,,
