SPRINT,START_DATE,END_DATE,TICKET,PR_ID,USER,PR_ADDED,PR_REMOVED,COMMIT_ADDED,COMMIT_REMOVED,APPROVED,COMMENTED,DECLINED,MERGED,OPENED,RESCOPED,UNAPPROVED,UPDATED,AUTHOR,COMMENTS,COMMIT_MESSAGES
Krypto Q2 23' S1 (8w 3d),2023/04/05,2023/04/19,PROD-164396,12525,Kritika.Gupta,0,0,76,86,0,0,0,0,0,0,0,0,MMuqsit,,"1. Pull request #12519: Master  Merge in REP/reporting-content from master to smm-49960  * commit 'd16e2ec0fde7cdbc004b9271241aa1ca0a99da25': (55 commits)    PROD-163653: Removed pdf Export For Onsite T&C Report    PROD-160991 : Added limit 10000 for rfpOrganizationQuery    PROD-162530 : Fix issue with Poll reporting sorting functionality    PROD-163970:added check for new survey to show legacy survey report    HUB-94411: Added support to show link for Linked event name    Revert ""Pull request #12482: PROD-160991 : Removed limit 200 on rfpOrganizationQuery""    Revert ""HUB-93011: Revert 'Pull request #12486: Release HUB-93011'. This reverts commit 7daaec0ce0d8cf47d5b1f7f4ae4839c760b0c95c""    Revert ""Pull request #12495: Revert ""Pull request #12481: Hubble Release""""    Revert ""Pull request #12481: Hubble Release""    CSNALL-62621 Use blank string for page titles    CSNALL-62464 Add support for experiment to hide the analytics widgets    PROD-162051: Update report to use new columns    CSNALL-62621 Add analytics widgets back in    HUB-93011: Revert 'Pull request #12486: Release HUB-93011'. This reverts commit 7daaec0ce0d8cf47d5b1f7f4ae4839c760b0c95c    PROD-162370 : As per requirement, We are replace the Inner join to Left Joi. Also passing ""returnIntrinsicColumns"" column false value so now datasource will not set default field for this report.    HUB-93011: Revert ""Pull request #12462: Revert ""Pull request #12446: Release/ah billing report updates : PROD-161922 and HUB-55109""""    HUB-93011: refactoring migration scripts: added the Standard Reg Summary Details migration to the hub-93011 script deleted hub-89272 script since we bundled it. removed the migration we did in hub-89272 for AH reg details since it's covered in the 93011 script now.    PROD-160991 : Removed limit 200 on rfpOrganizationQuery    HUB-93011: minor fix in migration script (to handle blacklisting the eventId in OAP event summary report)    HUB-93011: migration script for the 3 OAP reports and 3 AH reports - this basically replaces the saved reports with a ""fresh"" report run, so it ensures users' Saved Reports will run successfully but they will need to re-edit to their preferences.    ...
2. Pull request #12516: Smm 49960  Merge in REP/reporting-content from smm-49960 to master  * commit '1e8d90b2bde11ae449370458bd98e0a7e455d13d':    SMM-49960:authoring changes    SMM-49960:authoring changes    SMM-49960:authoring changes
3. NA-0:remove changes
4. Pull request #12520: NA-0:remove changes  Merge in REP/reporting-content from smm-49960-1 to master  * commit 'bd94d6eb1ad3f6a1cfc497e6b9d71f262ef1beb0':    NA-0:remove changes
5. SMM-49960:added my changes back
6. Pull request #12523: SMM-49960:added my changes back  Merge in REP/reporting-content from smm-49960 to master  * commit 'eac3f92032629dfcfc0fa4d688b9eb4ae4cbbe85':    SMM-49960:added my changes back"
Sprint Totals,,,,,,PR_ADDED: 0,PR_REMOVED: 0,COMMIT_ADDED: 76,COMMIT_REMOVED: 86,APPROVED: 0,COMMENTED: 0,DECLINED: 0,MERGED: 0,OPENED: 0,RESCOPED: 0,UNAPPROVED: 0,UPDATED: 0,,,

Krypto Q2 23' S2 (10w 1d),2023/04/19,2023/05/03,PROD-165626,148457,Kritika.Gupta,2973,705,0,0,0,0,0,1,1,0,0,0,Kritika.Gupta,,
Sprint Totals,,,,,,PR_ADDED: 2973,PR_REMOVED: 705,COMMIT_ADDED: 0,COMMIT_REMOVED: 0,APPROVED: 0,COMMENTED: 0,DECLINED: 0,MERGED: 1,OPENED: 1,RESCOPED: 0,UNAPPROVED: 0,UPDATED: 0,,,

Overall Totals,,,,,,PR_ADDED: 2973,PR_REMOVED: 705,COMMIT_ADDED: 76,COMMIT_REMOVED: 86,APPROVED: 0,COMMENTED: 0,DECLINED: 0,MERGED: 1,OPENED: 1,RESCOPED: 0,UNAPPROVED: 0,UPDATED: 0,,,
