SPRINT,START_DATE,END_DATE,TICKET,PR_ID,USER,PR_ADDED,PR_REMOVED,COMMIT_ADDED,COMMIT_REMOVED,APPROVED,COMMENTED,DECLINED,MERGED,OPENED,RESCOPED,UNAPPROVED,UPDATED,AUTHOR,COMMENTS,COMMIT_MESSAGES
Krypto Q2 23' S2 (10w 1d),2023/04/19,2023/05/03,PROD-165626,148210,SPrachi,0,0,4,2,0,0,0,0,0,0,0,0,Vinodkumar.Yadav,,1. Fix for questions not showing up
Krypto Q2 23' S2 (10w 1d),2023/04/19,2023/05/03,PROD-165626,148509,SPrachi,8667,1333,0,0,0,0,0,1,1,0,0,0,SPrachi,,
Krypto Q2 23' S2 (10w 1d),2023/04/19,2023/05/03,PROD-165626,148385,SPrachi,0,0,17,8,0,0,0,0,0,0,0,0,SMahale,,"1. By default the mulselect will not be visible
2. Alignment fix
3. Fix for edge browser alignment on zooming out the screen
4. Fix from Suyash related to duplicate questions in cvent standard questions folder"
Sprint Totals,,,,,,PR_ADDED: 8667,PR_REMOVED: 1333,COMMIT_ADDED: 21,COMMIT_REMOVED: 10,APPROVED: 0,COMMENTED: 0,DECLINED: 0,MERGED: 1,OPENED: 1,RESCOPED: 0,UNAPPROVED: 0,UPDATED: 0,,,

Overall Totals,,,,,,PR_ADDED: 8667,PR_REMOVED: 1333,COMMIT_ADDED: 21,COMMIT_REMOVED: 10,APPROVED: 0,COMMENTED: 0,DECLINED: 0,MERGED: 1,OPENED: 1,RESCOPED: 0,UNAPPROVED: 0,UPDATED: 0,,,
