SPRINT,START_DATE,END_DATE,TICKET,PR_ID,USER,PR_ADDED,PR_REMOVED,COMMIT_ADDED,COMMIT_REMOVED,APPROVED,COMMENTED,DECLINED,MERGED,OPENED,RESCOPED,UNAPPROVED,UPDATED,AUTHOR,COMMENTS,COMMIT_MESSAGES
Pink-Gumbo(03/30-04/13)(9.6w),2023/03/30,2023/04/13,HUB-94277,142461,Ayesha.Khan,0,0,0,0,0,0,0,0,0,2,0,0,"Verma, Tushar",,
Pink-Gumbo(03/30-04/13)(9.6w),2023/03/30,2023/04/13,HUB-94277,143061,Ayesha.Khan,9990,10,0,0,0,0,0,0,0,2,0,0,Ayesha.Khan,,
Pink-Gumbo(03/30-04/13)(9.6w),2023/03/30,2023/04/13,HUB-94277,144525,Ayesha.Khan,0,0,0,0,0,0,0,0,0,2,0,0,spujara,,
Pink-Gumbo(03/30-04/13)(9.6w),2023/03/30,2023/04/13,HUB-94277,148894,Ayesha.Khan,0,0,0,0,0,0,0,0,0,0,0,0,SNitin,,
Pink-Gumbo(03/30-04/13)(9.6w),2023/03/30,2023/04/13,HUB-94277,148210,Ayesha.Khan,0,0,0,0,0,0,0,0,0,0,0,0,Vinodkumar.Yadav,,
Pink-Gumbo(03/30-04/13)(9.6w),2023/03/30,2023/04/13,HUB-94277,149030,Ayesha.Khan,0,0,0,0,0,0,0,0,0,0,0,0,ALakshkar,,
Pink-Gumbo(03/30-04/13)(9.6w),2023/03/30,2023/04/13,HUB-94277,149559,Ayesha.Khan,0,0,0,0,0,0,0,0,0,0,0,0,P.Ahuja,,
Sprint Totals,,,,,,PR_ADDED: 9990,PR_REMOVED: 10,COMMIT_ADDED: 0,COMMIT_REMOVED: 0,APPROVED: 0,COMMENTED: 0,DECLINED: 0,MERGED: 0,OPENED: 0,RESCOPED: 6,UNAPPROVED: 0,UPDATED: 0,,,

Pink-Hamburger,2023/04/13,2023/04/27,HUB-94277,142461,Ayesha.Khan,0,0,0,0,0,0,0,0,0,1,0,0,"Verma, Tushar",,
Pink-Hamburger,2023/04/13,2023/04/27,HUB-94277,143061,Ayesha.Khan,9990,10,0,0,0,0,0,0,0,1,0,0,Ayesha.Khan,,
Pink-Hamburger,2023/04/13,2023/04/27,HUB-94277,144525,Ayesha.Khan,0,0,0,0,0,0,0,0,0,1,0,0,spujara,,
Pink-Hamburger,2023/04/13,2023/04/27,HUB-94277,148894,Ayesha.Khan,0,0,0,0,0,0,0,0,0,0,0,0,SNitin,,
Pink-Hamburger,2023/04/13,2023/04/27,HUB-94277,148210,Ayesha.Khan,0,0,0,0,0,0,0,0,0,1,0,0,Vinodkumar.Yadav,,1. Pull request #148544: Prod  Merge in CVT/c4 from prod to ccid-2546  * commit '853924cf4a1f71f337d8c2b38c938485eb51e2f6':    PROD-157009: Correcting incorrect password    PROD-157009: Correcting replacement value    PROD-157009: Adding redis cach dev password
Pink-Hamburger,2023/04/13,2023/04/27,HUB-94277,148502,Ayesha.Khan,0,0,0,0,0,0,0,0,0,0,0,0,SMahale,,"1. Pull request #148474: Ccid 2544  Merge in CVT/c4 from ccid-2544 to prod  * commit '89c3aea0cec637e087b8c0b15c8f098b8384c4d6': (60 commits)    planner phrase updates    PROD-165671: Reverting bad commit    PROD-165671: Resolving conflicts    added DELETED_FILE_AUDIT to LU_DATA_ARCHIVE_EXEMPTED_TABLE_LIST    PROD-165821: Update brand name and add a new brand    PROD-165696: Consolidate Cvent.Extensions on 4.0.3-PROD    CINT-24410: Phrase pull    Fix from Suyash related to duplicate questions in cvent standard questions folder    update to fix a issue    fix capitalization issue    update to fix contact search advanced search issue    Fix for edge browser alignment on zooming out the screen    Alignment fix    By default the mulselect will not be visible    remove unnecessary logging    logging fixes    phrase updates    Moved common css code to new css file, made changes to code asper comments    csnall-64050 Adding question category filter to preferred and rfp edit question wizard    PROD-63127:Fix rollback script    ..."
Pink-Hamburger,2023/04/13,2023/04/27,HUB-94277,148570,Ayesha.Khan,0,0,0,0,0,0,0,0,0,0,0,0,UBansal,,1. Pull request #148497: Prod  Merge in CVT/c4 from prod to ccid-2545  * commit '44eca31b0e76d1a77024b68bbba5c3ee1859f62d':
Pink-Hamburger,2023/04/13,2023/04/27,HUB-94277,149030,Ayesha.Khan,0,0,0,0,0,0,0,0,0,0,0,0,ALakshkar,,
Pink-Hamburger,2023/04/13,2023/04/27,HUB-94277,149559,Ayesha.Khan,0,0,0,0,0,0,0,0,0,0,0,0,P.Ahuja,,
Sprint Totals,,,,,,PR_ADDED: 9990,PR_REMOVED: 10,COMMIT_ADDED: 0,COMMIT_REMOVED: 0,APPROVED: 0,COMMENTED: 0,DECLINED: 0,MERGED: 0,OPENED: 0,RESCOPED: 4,UNAPPROVED: 0,UPDATED: 0,,,

Overall Totals,,,,,,PR_ADDED: 19980,PR_REMOVED: 20,COMMIT_ADDED: 0,COMMIT_REMOVED: 0,APPROVED: 0,COMMENTED: 0,DECLINED: 0,MERGED: 0,OPENED: 0,RESCOPED: 10,UNAPPROVED: 0,UPDATED: 0,,,
