SPRINT,START_DATE,END_DATE,TICKET,PR_ID,USER,PR_ADDED,PR_REMOVED,COMMIT_ADDED,COMMIT_REMOVED,APPROVED,COMMENTED,DECLINED,MERGED,OPENED,RESCOPED,UNAPPROVED,UPDATED,AUTHOR,COMMENTS,COMMIT_MESSAGES
Quasar: J'23 (May 11- May 24),2023/05/11,2023/05/24,PROD-162137,149459,Vivek.Kumar,9113,887,0,0,0,0,0,0,1,0,0,0,Vivek.Kumar,,
Quasar: J'23 (May 11- May 24),2023/05/11,2023/05/24,WEBINAR-8857,150601,Vivek.Kumar,0,0,0,0,0,0,0,0,0,0,0,0,PChugh,,
Sprint Totals,,,,,,PR_ADDED: 9113,PR_REMOVED: 887,COMMIT_ADDED: 0,COMMIT_REMOVED: 0,APPROVED: 0,COMMENTED: 0,DECLINED: 0,MERGED: 0,OPENED: 1,RESCOPED: 0,UNAPPROVED: 0,UPDATED: 0,,,

Overall Totals,,,,,,PR_ADDED: 9113,PR_REMOVED: 887,COMMIT_ADDED: 0,COMMIT_REMOVED: 0,APPROVED: 0,COMMENTED: 0,DECLINED: 0,MERGED: 0,OPENED: 1,RESCOPED: 0,UNAPPROVED: 0,UPDATED: 0,,,
