SPRINT,START_DATE,END_DATE,TICKET,PR_ID,USER,PR_ADDED,PR_REMOVED,COMMIT_ADDED,COMMIT_REMOVED,APPROVED,COMMENTED,DECLINED,MERGED,OPENED,RESCOPED,UNAPPROVED,UPDATED,AUTHOR,COMMENTS,COMMIT_MESSAGES
Q2 23' S2-Fatela jeb sil jayga,2023/04/11,2023/04/25,CMOBL-150107,805,VKanaujia,0,0,0,0,1,0,0,0,0,0,0,0,Prashant.Bansal,,
Q2 23' S2-Fatela jeb sil jayga,2023/04/11,2023/04/25,CMOBL-150108,805,VKanaujia,0,0,0,0,0,0,0,0,0,0,0,0,Prashant.Bansal,,
Q2 23' S2-Fatela jeb sil jayga,2023/04/11,2023/04/25,CMOBL-150713,9,VKanaujia,0,0,0,0,1,0,0,0,0,0,0,0,J.Kumar,,
Q2 23' S2-Fatela jeb sil jayga,2023/04/11,2023/04/25,CMOBL-151961,1104,VKanaujia,0,0,0,0,0,0,0,0,0,0,0,0,Prashant.Bansal,,
Q2 23' S2-Fatela jeb sil jayga,2023/04/11,2023/04/25,CMOBL-152748,3537,VKanaujia,0,0,0,0,1,0,0,0,0,0,0,0,Prashant.Bansal,,
Q2 23' S2-Fatela jeb sil jayga,2023/04/11,2023/04/25,CMOBL-152956,141,VKanaujia,0,0,0,0,0,0,0,0,0,0,0,0,J.Kumar,,
Q2 23' S2-Fatela jeb sil jayga,2023/04/11,2023/04/25,CMOBL-153084,146,VKanaujia,0,0,0,0,1,0,0,0,0,0,1,0,RaviM,,
Q2 23' S2-Fatela jeb sil jayga,2023/04/11,2023/04/25,CMOBL-153103,278,VKanaujia,0,0,0,0,1,0,0,0,0,0,0,0,Michael.Roscoe,,
Q2 23' S2-Fatela jeb sil jayga,2023/04/11,2023/04/25,CMOBL-153109,1107,VKanaujia,0,0,0,0,1,0,0,0,0,0,0,0,RaviM,,
Q2 23' S2-Fatela jeb sil jayga,2023/04/11,2023/04/25,CMOBL-153109,1108,VKanaujia,0,0,0,0,1,0,0,0,0,0,0,0,J.Kumar,,
Q2 23' S2-Fatela jeb sil jayga,2023/04/11,2023/04/25,CMOBL-153244,2,VKanaujia,0,0,0,0,1,0,0,0,0,0,0,0,J.Kumar,,
Q2 23' S2-Fatela jeb sil jayga,2023/04/11,2023/04/25,CMOBL-153244,293,VKanaujia,0,0,0,0,1,0,0,0,0,0,0,0,J.Kumar,,
Q2 23' S2-Fatela jeb sil jayga,2023/04/11,2023/04/25,HUB-90000,361,VKanaujia,0,0,0,0,0,0,0,1,0,0,0,0,MMenpadi,,
Q2 23' S2-Fatela jeb sil jayga,2023/04/11,2023/04/25,HUB-90748,74,VKanaujia,0,0,0,0,1,0,0,0,0,0,0,0,VShyoran,,
Q2 23' S2-Fatela jeb sil jayga,2023/04/11,2023/04/25,HUB-90748,76,VKanaujia,0,0,0,0,0,0,0,0,0,0,0,0,VShyoran,,
Q2 23' S2-Fatela jeb sil jayga,2023/04/11,2023/04/25,HUB-92744,36,VKanaujia,0,0,0,0,1,0,0,0,0,0,0,1,VShyoran,,
Q2 23' S2-Fatela jeb sil jayga,2023/04/11,2023/04/25,HUB-92744,1441,VKanaujia,0,0,0,0,1,0,0,0,0,0,0,0,VShyoran,,
Q2 23' S2-Fatela jeb sil jayga,2023/04/11,2023/04/25,HUB-92862,357,VKanaujia,0,0,0,0,1,0,0,0,0,0,0,1,VShyoran,,
Q2 23' S2-Fatela jeb sil jayga,2023/04/11,2023/04/25,HUB-92862,1443,VKanaujia,0,0,0,0,2,1,0,0,0,0,0,0,VShyoran,"1. We should pass only s3CallbackId which will be a uuid.   Status value will be `CREATED` in case file is created successfully. In case file is not created then status value should be `FAILED` with the reason.  `fullFilepath`, `location` etc. will already be present in the doc with `PENDING` status (Already created by event-api before making a call to create file endpoint)",
Q2 23' S2-Fatela jeb sil jayga,2023/04/11,2023/04/25,HUB-92862,356,VKanaujia,0,0,0,0,0,1,0,0,0,0,0,0,VShyoran,1. Please refer this comment https://stash.cvent.net/projects/PT/repos/json-schemas/pull-requests/1443/overview?commentId=3373791  You should fetch the existing record from db for that callbackId. Then update it with status `CREATED`/ `FAILED`.,
Q2 23' S2-Fatela jeb sil jayga,2023/04/11,2023/04/25,HUB-95488,143,VKanaujia,0,0,0,0,2,0,0,0,0,0,2,0,Prashant.Bansal,,
Q2 23' S2-Fatela jeb sil jayga,2023/04/11,2023/04/25,HUB-95491,2722,VKanaujia,0,0,900,511,0,0,0,0,0,0,0,0,SMartin,,"1. CMOBL-150760: Added a File upload form component
2. CMOBL-150760: Added a file upload button and list component
3. CMOBL-150760: Converted class component to functional component
4. CMOBL-150760: added test id to download icon
5. CMOBL-150760: Updated UT to support mocked translation, mocked fetch, saveAs
6. CMOBL-150760: Updated UT for download file
7. CMOBL-150760: Updated UTs and used Icon button component for delete button
8. CMOBL-150760: removed extra line
9. CMOBL-150760: added aria-label for download and delete button
10. CMOBL-150760: added test for aria-label
11. CMOBL-150760: updated css for large file names
12. CMOBL-150760: Updated UTs
13. Merge branch 'develop' of ssh://stash.cvent.net:7999/pt/onsite-shared-components into CMOBL-150760
14. Pull request #2716: CMOBL-150760: Added a File upload button and File List component  Merge in PT/onsite-shared-components from CMOBL-150760 to develop  * commit 'bbbf07fef2812e4ee81b2b0257075bfd6e575fd8':    CMOBL-150760: Updated UTs    CMOBL-150760: updated css for large file names    CMOBL-150760: added test for aria-label    CMOBL-150760: added aria-label for download and delete button    CMOBL-150760: removed extra line    CMOBL-150760: Updated UTs and used Icon button component for delete button    CMOBL-150760: Updated UT for download file    CMOBL-150760: Updated UT to support mocked translation, mocked fetch, saveAs    CMOBL-150760: added test id to download icon    CMOBL-150760: Converted class component to functional component    CMOBL-150760: Added a file upload button and list component    CMOBL-150760: Added a File upload form component"
Q2 23' S2-Fatela jeb sil jayga,2023/04/11,2023/04/25,HUB-95491,3461,VKanaujia,0,0,781,521,0,0,0,0,0,0,0,0,SMartin,,"1. CMOBL-150760: Added remove link modal and phrase pull
2. Merge branch 'develop' of ssh://stash.cvent.net:7999/pt/onsite-planner-portal into CMOBL-150760
3. CMOBL-150760: calling resetError after alert is displayed for ulc support request
4. CMOBL-150760: removed redundant usage of get method, added unique id to new file and made use of file upload form component
5. CMOBL-150760: updated snapshot
6. CMOBL-150760: Used upload button and upload list component
7. CMOBL-150760: Phrase pull, removed config env usage and updated imports
8. Merge branch 'develop' of ssh://stash.cvent.net:7999/pt/onsite-planner-portal into CMOBL-150760
9. CMOBL-150760: Added UTs for file upload scenarios
10. CMOBL-150760: yarn upgrade cvent-web-components
11. Merge branch 'develop' of ssh://stash.cvent.net:7999/pt/onsite-planner-portal into CMOBL-150760
12. CMOBL-150760: Added alert for invalid file type
13. CMOBL-150760: Refactored for more clarity"
Q2 23' S2-Fatela jeb sil jayga,2023/04/11,2023/04/25,CMOBL-146549,2693,VKanaujia,94,7,0,0,0,0,0,0,0,0,0,0,VKanaujia,,
Q2 23' S2-Fatela jeb sil jayga,2023/04/11,2023/04/25,CMOBL-146549,2707,VKanaujia,175,96,0,0,0,0,0,0,0,0,0,0,VKanaujia,,
Q2 23' S2-Fatela jeb sil jayga,2023/04/11,2023/04/25,CMOBL-146549,3436,VKanaujia,836,52,0,0,0,0,0,0,0,0,0,0,VKanaujia,,
Q2 23' S2-Fatela jeb sil jayga,2023/04/11,2023/04/25,CMOBL-146549,3443,VKanaujia,0,0,0,0,0,0,0,0,0,0,0,0,Shea.Sullivan,,
Q2 23' S2-Fatela jeb sil jayga,2023/04/11,2023/04/25,CMOBL-146549,3446,VKanaujia,0,0,0,0,0,0,0,0,0,0,0,0,Shea.Sullivan,,
Q2 23' S2-Fatela jeb sil jayga,2023/04/11,2023/04/25,CMOBL-146549,3445,VKanaujia,258,787,0,0,0,0,0,0,0,0,0,0,VKanaujia,,
Q2 23' S2-Fatela jeb sil jayga,2023/04/11,2023/04/25,CMOBL-150760,1099,VKanaujia,63,11,0,0,0,0,0,0,0,0,0,0,VKanaujia,,
Q2 23' S2-Fatela jeb sil jayga,2023/04/11,2023/04/25,CMOBL-150760,2716,VKanaujia,393,4,0,0,0,20,0,1,1,12,0,0,VKanaujia,"1. It is not a big change. I will make them functional components.
2. No problem.   BTW, I think my initial approach wasn't very good where I wrote a single component with all the stuff coupled together.  So, I have further separated upload button, file list and download file to separate functional components.  You can see their usage in this [PR](https://stash.cvent.net/projects/PT/repos/onsite-planner-portal/pull-requests/3453/overview).  _PS: I have made use of `findByTestId` in the tests for some of the elements for ex- download icon SVG as I couldn't find any other way to do it._
3. I don't know why but IntelliJ keeps giving error.  Removed it now. It is working fine though.
4. Previously Ux wanted to open a new empty tab and then download the file. But now the requirement is to download file on same page.  I have removed target attribute and  used <button> instead of <a> which resolved the ""tab"" issue.
5. Corrected it.
6. I have added tests for all the above scenarios.   For downloadFileFromExternalUrl : I have added a separate test to check if it makes two fetch calls when environment is ""alpha""
7. I have added the tests.
8. I will remove this. Previously we wanted it to support multiple file upload.
9. I don't think so. I added these tests to check the 'alpha' environment logic.
10. Yes we need it.  global.fetch = jest.fn() didnt work out.
11. I think this was caused because of using `mockReturnValue` and `MockResponse` where promise returned.   When I use `mockResolvedValueOnce` then I only need `waitFor` for the second `fetch` and `savesAs`.
12. I have made use of html list.  As for aria-label.   If I want to add it to delete button then I need to mention the file name as well. i.e. Remove File: {fileName}  But replacing keys in translation is not available in shared-components.   Should I make use of `nucleus-text`'s `useTranslate()`?
13. I have changed it to <button> but <input> and uploadIcon still need findByTestId.  Though if you want, I can make use of findByRole on `uploadFileButtonContainer`   Then use `uploadFileButtonContainer.children.item(index)` to access both input and uploadIcon. I don't know if it is a good way to do this.
14. Voice Over works for upload button
15. No, this is a tricky one. When a user clicks on Upload File button then File selector window opens after that once user selects a file then onChange makes a call to onFileSelect.
16. I tried doing this. But it fails. Do not know what could be the issue?     ```  const onFileSelect = jest.fn();    render(      <MockedProvider mockedState={{}}>        <FileUploadButton acceptedTypes={'.doc, .png'} onFileSelect={onFileSelect} />      </MockedProvider>    );    expect(await screen.findByRole('button', { name: 'Upload File' })).toBeInTheDocument();    expect(screen.getByTestId('uploadIcon')).toBeInTheDocument();    const fileInput = screen.getByTestId('fileInput');    expect(fileInput).toHaveAttribute('accept', '.doc, .png');    const file = new File(['hello'], 'hello.png', { type: 'image/png' });    await userEvent.upload(fileInput, file);    expect(fileInput.files[0]).toBe(file);    expect(onFileSelect).toBeCalled();
17. It seems userEvent.upload doesn't work when accept attribute has spaces in it. It works after removing spaces i.e.` '.doc,.png'`  https://github.com/testing-library/user-event/issues/1060
18. IconButton component has no css of its own. Therefore it looks very bad when used raw.  So instead of using it I have changed <span> to <button>.
19. Filename and download Icon together act as download button. Also the download icon we need is different from IconButton. So I have kept the download icon as is.  As for the Delete Icon  I have used the IconButton component and passed the css for button to IconButton component.  ```  const deleteButtonStyle = {    background: 'none',    border: 0,    color: colors.cventBlue,    '&:hover': {      color: colors.cventLightBlue    }  };          <IconButton              iconString={'icon-trash'}              onClick={() => {                deleteExistingFile(index);              }}              buttonStyle={deleteButtonStyle}              ariaLabel={_t('removeFileAriaLabel', { fileName: file.fileName })}            />
20. I knew we need to avoid array indexing.   But, I didn't know that `aria-label `value can be caught using `name` in `getByRole`. I thought `name` is attributed to element's value text only.  Thanks for the advice.",
Q2 23' S2-Fatela jeb sil jayga,2023/04/11,2023/04/25,CMOBL-150760,3453,VKanaujia,1223,56,0,0,0,8,0,0,0,13,0,0,VKanaujia,"1. File Object has fileName, url, lastModifiedDate and size  Initially I used `file.filename` for this key but the filename can be same. There was no unique value I could use. Therefore I made use of index. Is there any better way to do this in such case?
2. I can add a unique Id to the file when it's created in `addNewFile` but it will only be present for newly added files.   After a user hits submit that unique Id won't get saved in database.  Since it is not saved in the db, this will not be present for existing files.
3. No it is different. I tried to use it and it looked something like this.  ![image.png](attachment:2863/20046)
4. It didn't work without explicitly mentioning it. May be it is getting hindered by parent divs.
5. Addressed in shared component PR.
6. I have removed the usage of get from everywhere in this  i.e. wherever default value is not being set
7. I tried to access `leaveWithoutWarning()` from `getDerivedfromProps()` but it gives me undefined.  I accessed using `this.leaveWithoutWarning()`. I even tried making the `leaveWithoutWarning` function `static`.  Can't get my head around how to make it accessible?
8. I understand your concern. After looking at them again, it does seem confusing. I have now refactored them for clarity.",
Q2 23' S2-Fatela jeb sil jayga,2023/04/11,2023/04/25,HUB-76662,365,VKanaujia,935,106,557,86,0,3,0,0,1,4,0,0,VKanaujia,"1. Yes it is safe to use. It would just return the data normally.   I am also going to raise a event-api PR for `isOrdered` support. I am a little stuck with my UT's because of docker issue :sweat_smile:
2. @SDowney I will reverse the order received from get call everytime. This will address our concern.
3. I have added athe Uts to test drag functionality using keyboard. UT also verifies whether the order changes on UI.","1. HUB-76662: Update link content order when cards are re-ordered
2. Merge branch 'master' of ssh://stash.cvent.net:7999/pt/onsite-exhibitor-portal-nx into HUB-76662
3. Merge branch 'master' of ssh://stash.cvent.net:7999/pt/onsite-exhibitor-portal-nx into HUB-76662
4. HUB-76667: Update file content order when cards are re-ordered
5. HUB-76668: Update video content order when cards are re-ordered
6. HUB-76662:Updated UTs
7. HUB-76662: Added datasource UT for orderExhibitorContent
8. HUB-76662: Fix lint issues
9. HUB-76662: Added changeset
10. HUB-76662: Added re-order mutation IT
11. HUB-76662: Maintain state for link content draggable List on link add, edit and delete
12. HUB-76667: Maintain state for file content draggable List on file delete
13. HUB-76668: Maintain state for video content draggable List on video delete
14. HUB-76662: Updated UTs for awaitRefetchQueries
15. HUB-76662: Updated UTs
16. HUB-76662: Updated UT"
Q2 23' S2-Fatela jeb sil jayga,2023/04/11,2023/04/25,HUB-76667,365,VKanaujia,935,106,0,0,0,0,0,0,0,0,0,0,VKanaujia,,
Q2 23' S2-Fatela jeb sil jayga,2023/04/11,2023/04/25,HUB-76668,365,VKanaujia,935,106,0,0,0,0,0,0,0,0,0,0,VKanaujia,,
Q2 23' S2-Fatela jeb sil jayga,2023/04/11,2023/04/25,HUB-92743,61,VKanaujia,59,0,0,0,0,0,0,0,0,0,0,0,VKanaujia,,
Q2 23' S2-Fatela jeb sil jayga,2023/04/11,2023/04/25,HUB-92743,62,VKanaujia,32,0,0,0,0,0,0,0,0,0,0,0,VKanaujia,,
Q2 23' S2-Fatela jeb sil jayga,2023/04/11,2023/04/25,HUB-92743,63,VKanaujia,5,5,0,0,0,0,0,0,0,0,0,0,VKanaujia,,
Q2 23' S2-Fatela jeb sil jayga,2023/04/11,2023/04/25,HUB-92743,64,VKanaujia,72,29,0,0,0,0,0,0,0,0,0,0,VKanaujia,,
Q2 23' S2-Fatela jeb sil jayga,2023/04/11,2023/04/25,HUB-92743,157,VKanaujia,92,0,0,0,0,0,0,0,0,0,0,0,VKanaujia,,
Q2 23' S2-Fatela jeb sil jayga,2023/04/11,2023/04/25,HUB-92743,171,VKanaujia,76,7,0,0,0,0,0,0,0,0,0,0,VKanaujia,,
Q2 23' S2-Fatela jeb sil jayga,2023/04/11,2023/04/25,HUB-92743,1448,VKanaujia,20,0,0,0,0,0,0,0,0,0,0,0,VKanaujia,,
Q2 23' S2-Fatela jeb sil jayga,2023/04/11,2023/04/25,HUB-92743,1449,VKanaujia,30,0,0,0,0,0,0,0,0,0,0,0,VKanaujia,,
Q2 23' S2-Fatela jeb sil jayga,2023/04/11,2023/04/25,HUB-92743,3567,VKanaujia,822,13,0,0,0,0,0,0,0,0,0,0,VKanaujia,,
Q2 23' S2-Fatela jeb sil jayga,2023/04/11,2023/04/25,HUB-96535,1444,VKanaujia,10,0,12,2,0,0,0,1,1,0,0,0,VKanaujia,,"1. HUB-96535: Added query param to support custom order in list exhibitor files and weblinks endpoint
2. HUB-96535: updated description"
Q2 23' S2-Fatela jeb sil jayga,2023/04/11,2023/04/25,HUB-96535,1445,VKanaujia,2,2,0,0,0,0,0,0,0,0,0,0,VKanaujia,,
Q2 23' S2-Fatela jeb sil jayga,2023/04/11,2023/04/25,HUB-96535,3551,VKanaujia,577,40,533,41,0,3,0,0,1,0,0,0,VKanaujia,"1. * When param is `true` , event-api will sort the data on basis of custom order if present and In case custom order is absent then the data will be sorted by desc order of `updated_at`. So content order is not necessarily required for sorting.   * When param if `false`/`undefined`, event-api will simply return the data received from couchbase without applying any sort of filtering.
2. I had covered this code in these [tests](https://stash.cvent.net/projects/PT/repos/event-api/browse/server/routes/api/exhibitor-content/index.test.js#189,220,248) already. But I can add separate test for this.
3. Json Schema PRs:   https://stash.cvent.net/projects/PT/repos/json-schemas/pull-requests/1444/overview  https://stash.cvent.net/projects/PT/repos/json-schemas/pull-requests/1445/overview  As for OSS specs this endpoint is currently not present there.   As our tech initiative we have this ticket [CMOBL-153920](https://jira.cvent.com/browse/CMOBL-153920) planned for future sprint.","1. HUB-96535: Support custom ordering in list exhibitor files and weblinks endpoint on basis of query param
2. Merge branch 'develop' of ssh://stash.cvent.net:7999/pt/event-api into HUB-96535
3. HUB-96535: Updated json-schemas
4. HUB-96535: Added changeset, postman and updated UTs
5. HUB-96535: Updated condition for null value"
Q2 23' S2-Fatela jeb sil jayga,2023/04/11,2023/04/25,PROD-164667,821,VKanaujia,0,0,0,0,1,1,0,0,0,0,0,0,Prashant.Bansal,1. Why have we used `BadgekitAttendeeClientResponse` instead of `BadgekitAttendeeResponse` ?,
Sprint Totals,,,,,,PR_ADDED: 7644,PR_REMOVED: 1427,COMMIT_ADDED: 2783,COMMIT_REMOVED: 1161,APPROVED: 18,COMMENTED: 37,DECLINED: 0,MERGED: 3,OPENED: 4,RESCOPED: 29,UNAPPROVED: 3,UPDATED: 2,,,

Q2 23' S3,2023/04/25,2023/05/09,CMOBL-112323,3464,VKanaujia,0,0,0,0,1,0,0,0,0,0,0,0,Subratkumar.Sahoo,,
Q2 23' S3,2023/04/25,2023/05/09,CMOBL-146549,2693,VKanaujia,94,7,0,0,0,0,0,0,0,0,0,0,VKanaujia,,
Q2 23' S3,2023/04/25,2023/05/09,CMOBL-146549,2707,VKanaujia,175,96,0,0,0,0,0,0,0,0,0,0,VKanaujia,,
Q2 23' S3,2023/04/25,2023/05/09,CMOBL-146549,3436,VKanaujia,836,52,0,0,0,0,0,0,0,0,0,0,VKanaujia,,
Q2 23' S3,2023/04/25,2023/05/09,CMOBL-146549,3443,VKanaujia,0,0,0,0,0,0,0,0,0,0,0,0,Shea.Sullivan,,
Q2 23' S3,2023/04/25,2023/05/09,CMOBL-146549,3446,VKanaujia,0,0,0,0,0,0,0,0,0,0,0,0,Shea.Sullivan,,
Q2 23' S3,2023/04/25,2023/05/09,CMOBL-146549,3445,VKanaujia,258,787,0,0,0,0,0,0,0,0,0,0,VKanaujia,,
Q2 23' S3,2023/04/25,2023/05/09,CMOBL-150760,1099,VKanaujia,63,11,0,0,0,0,0,0,0,0,0,0,VKanaujia,,
Q2 23' S3,2023/04/25,2023/05/09,CMOBL-150760,2716,VKanaujia,393,4,0,0,0,0,0,0,0,0,0,0,VKanaujia,,
Q2 23' S3,2023/04/25,2023/05/09,CMOBL-150760,3453,VKanaujia,1223,56,0,0,0,0,0,0,0,0,0,0,VKanaujia,,
Q2 23' S3,2023/04/25,2023/05/09,HUB-73499,366,VKanaujia,0,0,0,0,1,0,0,0,0,0,0,0,Subratkumar.Sahoo,,
Q2 23' S3,2023/04/25,2023/05/09,HUB-76662,365,VKanaujia,935,106,432,62,0,1,0,1,0,4,0,0,VKanaujia,"1. Since we are now using `awaitRefetchQueries`  so `OnCompleted` waits for the `refetchQueries` to be completed, which causes the screen to rerender without the content item which just got deleted. As the Loading spinner gets unmounted with it anyways so we don't need to set `setShowLoadingSpinner` anymore.","1. HUB-76662: Added UT for content reorder on drag, updated queryParam name to useOrder and made some changes to reduce error logs in UTs
2. Merge branch 'master' of ssh://stash.cvent.net:7999/pt/onsite-exhibitor-portal-nx into HUB-76662
3. HUB-76662: Phrase pull
4. HUB-76662: Fixed console error log in UT
5. HUB-76662: changed list tag from ul to ol"
Q2 23' S3,2023/04/25,2023/05/09,HUB-76667,365,VKanaujia,935,106,0,0,0,0,0,0,0,0,0,0,VKanaujia,,
Q2 23' S3,2023/04/25,2023/05/09,HUB-76668,365,VKanaujia,935,106,0,0,0,0,0,0,0,0,0,0,VKanaujia,,
Q2 23' S3,2023/04/25,2023/05/09,HUB-90747,75,VKanaujia,0,0,0,0,1,1,0,0,0,0,0,0,Prashant.Bansal,1. We should add this condition to our query only when   `activityTypes.size() == 0` i.e. all activities are requested  or when  `activityTypes` contains `event.customCardOpened` or  `event.bannerLinkClicked`,
Q2 23' S3,2023/04/25,2023/05/09,HUB-96535,1444,VKanaujia,10,0,0,0,0,0,0,0,0,0,0,0,VKanaujia,,
Q2 23' S3,2023/04/25,2023/05/09,HUB-96535,1445,VKanaujia,2,2,2,2,0,0,0,1,1,0,0,0,VKanaujia,,1. HUB-96535: updated query param name to fetch files/ links in order
Q2 23' S3,2023/04/25,2023/05/09,HUB-96535,3551,VKanaujia,577,40,229,178,0,0,0,1,0,3,0,0,VKanaujia,,"1. HUB-96535: Added sortContentUT and updated queryParam name to useOrder
2. Merge branch 'develop' of ssh://stash.cvent.net:7999/pt/event-api into HUB-96535
3. HUB-96535: Updated UT to use await save()
4. HUB-96535: Updated UT to use await save()"
Q2 23' S3,2023/04/25,2023/05/09,PROD-164667,821,VKanaujia,0,0,0,0,0,0,0,0,0,0,0,0,Prashant.Bansal,,
Q2 23' S3,2023/04/25,2023/05/09,PROD-166009,9132,VKanaujia,0,0,0,0,1,0,0,0,0,0,0,0,MMenpadi,,
Q2 23' S3,2023/04/25,2023/05/09,HUB-90750,76,VKanaujia,0,0,0,0,0,0,0,0,0,0,0,0,VShyoran,,
Q2 23' S3,2023/04/25,2023/05/09,HUB-92743,61,VKanaujia,59,0,0,0,0,0,0,0,0,0,0,0,VKanaujia,,
Q2 23' S3,2023/04/25,2023/05/09,HUB-92743,62,VKanaujia,32,0,0,0,0,0,0,0,0,0,0,0,VKanaujia,,
Q2 23' S3,2023/04/25,2023/05/09,HUB-92743,63,VKanaujia,5,5,0,0,0,0,0,0,0,0,0,0,VKanaujia,,
Q2 23' S3,2023/04/25,2023/05/09,HUB-92743,64,VKanaujia,72,29,0,0,0,0,0,0,0,0,0,0,VKanaujia,,
Q2 23' S3,2023/04/25,2023/05/09,HUB-92743,157,VKanaujia,92,0,0,0,0,0,0,0,0,0,0,0,VKanaujia,,
Q2 23' S3,2023/04/25,2023/05/09,HUB-92743,171,VKanaujia,76,7,0,0,0,0,0,0,0,0,0,0,VKanaujia,,
Q2 23' S3,2023/04/25,2023/05/09,HUB-92743,1448,VKanaujia,20,0,0,0,0,0,0,0,0,0,0,0,VKanaujia,,
Q2 23' S3,2023/04/25,2023/05/09,HUB-92743,1449,VKanaujia,30,0,0,0,0,0,0,0,0,0,0,0,VKanaujia,,
Q2 23' S3,2023/04/25,2023/05/09,HUB-92743,3567,VKanaujia,822,13,0,0,0,0,0,0,0,0,0,0,VKanaujia,,
Sprint Totals,,,,,,PR_ADDED: 7644,PR_REMOVED: 1427,COMMIT_ADDED: 663,COMMIT_REMOVED: 242,APPROVED: 4,COMMENTED: 2,DECLINED: 0,MERGED: 3,OPENED: 1,RESCOPED: 7,UNAPPROVED: 0,UPDATED: 0,,,

Q2 23' S4,2023/05/09,2023/05/23,CMOBL-153086,60,VKanaujia,0,0,0,0,1,0,0,0,0,0,0,0,J.Kumar,,
Q2 23' S4,2023/05/09,2023/05/23,HUB-89439,3574,VKanaujia,0,0,603,112,0,0,0,0,0,0,0,0,D.Collette,,"1. HUB-92743: Added s3callback endpoint for exhibitor file upload
2. HUB-92743: Updated file-service-client version to 2.0.5
3. HUB-92743: Updated UTs and Postman Tests
4. HUB-92743: Added changeset
5. HUB-92743: fixed code logic
6. HUB-92743: moved updateS3CallbackStatus to file-util, renamed s3Callback method to exhibitorContentS3Callback and updated logs"
Q2 23' S4,2023/05/09,2023/05/23,PROD-168013,296,VKanaujia,0,0,0,0,1,0,0,0,0,0,0,0,Prashant.Bansal,,
Q2 23' S4,2023/05/09,2023/05/23,HUB-90750,76,VKanaujia,0,0,0,0,0,0,0,0,0,0,0,0,VShyoran,,
Q2 23' S4,2023/05/09,2023/05/23,HUB-92743,61,VKanaujia,59,0,63,4,0,2,0,1,1,3,0,0,VKanaujia,"1. Fixed it.
2. `upsert` will be called from event-api callback endpoint.  `get` endpoint will be called using graphQl from EPV2.","1. HUB-92743: Added upsert and get s3callback status endpoints
2. HUB-92743: updated example
3. HUB-92743: updated url
4. HUB-92743: changed json to data"
Q2 23' S4,2023/05/09,2023/05/23,HUB-92743,62,VKanaujia,32,0,35,3,0,0,0,1,1,1,0,0,VKanaujia,,"1. HUB-92743: Added upsert s3callback status endpoint
2. HUB-92743: removed async await"
Q2 23' S4,2023/05/09,2023/05/23,HUB-92743,63,VKanaujia,5,5,5,5,0,1,0,1,1,1,0,0,VKanaujia,1. @SDowney @RCreaghan   I have made use of axios here to avoid making use of any new dependencies in pre-file-v2 branch.  [PR](https://stash.cvent.net/projects/PT/repos/file-service-client/pull-requests/64/overview) raised for master branch makes use of cvent-axios.,"1. HUB-92743: used axios instead of cvent-request for upsert s3callback client
2. Merge branch 'pre-file-v2' of ssh://stash.cvent.net:7999/pt/file-service-client into feature/HUB-92743
3. HUB-92743: renamed upsertS3CallbackStatus client"
Q2 23' S4,2023/05/09,2023/05/23,HUB-92743,64,VKanaujia,72,29,72,29,0,0,0,1,1,0,0,0,VKanaujia,,1. HUB-92743: used cvent-axios instead of cvent-request for upsert s3callback client
Q2 23' S4,2023/05/09,2023/05/23,HUB-92743,157,VKanaujia,92,0,105,13,0,1,0,1,1,2,0,0,VKanaujia,1. I dont know why they didn't mention `location` field. May be they don't require it for their callback endpoint. But this callback endpoint needs `location` field for its processing.,"1. HUB-92743: Added POST endpoint in event-api to be used as s3 callback
2. HUB-92743: Updated description
3. HUB-92743: Updated example
4. HUB-92743: pnpm prettier
5. HUB-92743: added bad request response and mentioned format as URI for location field"
Q2 23' S4,2023/05/09,2023/05/23,HUB-92743,171,VKanaujia,76,7,0,0,0,0,0,0,0,0,0,0,VKanaujia,,
Q2 23' S4,2023/05/09,2023/05/23,HUB-92743,1448,VKanaujia,20,0,0,0,0,0,0,0,0,0,0,0,VKanaujia,,
Q2 23' S4,2023/05/09,2023/05/23,HUB-92743,1449,VKanaujia,30,0,0,0,0,0,0,0,0,0,0,0,VKanaujia,,
Q2 23' S4,2023/05/09,2023/05/23,HUB-92743,3567,VKanaujia,822,13,0,0,0,17,0,0,1,3,0,0,VKanaujia,"1. These are all the fields:  {      ""failureReason"": null,      ""fileId"": ""9f3895ac37788160c888acb3fc6c6922"",      ""fullFilePath"": ""CSN/16053578-c913-4622-89ff-e0825ed262cc/images/fe8c6a1613d84132b5cd6946ea4acc53_ORIGINAL.jpg"",      ""location"": ""https://s3.amazonaws.com/downloads.cvent.com/CSN/16053578-c913-4622-89ff-e0825ed262cc/images/fe8c6a1613d84132b5cd6946ea4acc53_ORIGINAL.jpg"",      ""status"": ""SCAN_SUCCESS""  }
2. S3callback status was designed in a way that in case of failure just by seeing the doc support team is able to understand that at which step this callback process failed. So that the team will retrigger only the remaining steps. It is not very helpful in this scenario but later we might have scenario where callback is spanned out to multiple services.  As for here:  Initially status is saved as STARTED and also saves the callback data in cb doc. (In case of any failure we will have all the info need to retrigger the request)  Later when file is created the fileId is saved in that doc with status FILE_CREATED. (File Id gets saved in the doc with associated s3CallbackID for that instance)  Finally, exhibitor content order is updated and status is set as COMPLETED.
3. No these steps would be manual i.e.  In case status is stuck at:  STARTED: Then call file service endpoint and file re-order endpoint  FILE_CREATED: Then only call re-order endpoint
4. I will move it under `await exhibitorContentOrder.save();`
5. I think there is confusion due to two PRs. Please refer this PR https://stash.cvent.net/projects/PT/repos/file-service-client/pull-requests/62/diff#index.js  event-api uses pre-fileV2 so another PR was raised where some suggestions were made by Riley. See if this clears your doubt.
6. Raised two PRs for master and pre-file-v2:  * [PR for pre-file-v2](https://stash.cvent.net/projects/PT/repos/file-service-client/pull-requests/63/overview): Made use of axios to avoid use of any new dependecy in pre-file-v2  * [PR for Master](https://stash.cvent.net/projects/PT/repos/file-service-client/pull-requests/64/overview): Replaced axios with cvent-axios in file-service client and used the same for upsertS3CallbackStatus
7. Update file-service-client version after[ PR for pre-file-v2](https://stash.cvent.net/projects/PT/repos/file-service-client/pull-requests/63/overview) is merged.
8. I shall add `files` to the endpoint` :exhibitorId/files/s3Callback/:s3CallbackId`  In universal-video-service they have following endpoint: `/accounts/{accountMappingId}/callback`
9. https://stash.cvent.net/projects/APISPECS/repos/oss-specs/pull-requests/157/overview
10. https://stash.cvent.net/projects/PT/repos/json-schemas/pull-requests/1448/overview
11. @RCreaghan @SDowney   Had to raise another PR to add req body schema  https://stash.cvent.net/projects/PT/repos/json-schemas/pull-requests/1449/overview
12. Previously my yarn link was not working.  Because of some issue with event-api in M1, I had to asdf install `nodejs` using `arch_x86_64` then run `yarn` using `sudo` prefix.  When I tried linking using `sudo yarn link cvent-pt-json-schemas`, it couldn't find the registered package.  Later I found that I had to run `yarn link` with `sudo` prefix in json-schemas repo too.  It works fine now.
13. I will add await.
14. It doesn't matter what we return here as it is not used by s3proxy. Same is the case in universla video callback.
15. That is a valid scenario.  I had returned 200 as to acknowledge that we have received the s3callback request. So I think we should still return 200 even if failed status is received.  As for the failures during file creation and content re-reorder we can return 500.
16. We are only logging warn in that case.
17. I have returned the `500` code when update to the S3 callback status document fails.  Also added postman test for Scenarios:  * When s3 proxy calls with a failed status and failure reason  * When invalid file url is received which causes file creation step to fail.",
Q2 23' S4,2023/05/09,2023/05/23,HUB-92905,381,VKanaujia,217,5,207,5,0,0,0,0,1,1,0,0,VKanaujia,,"1. HUB-92905: Added s3Proxy datasource to generate file upload pre-signed url
2. Merge branch 'master' of ssh://stash.cvent.net:7999/pt/onsite-exhibitor-portal-nx into HUB-92905"
Sprint Totals,,,,,,PR_ADDED: 1425,PR_REMOVED: 59,COMMIT_ADDED: 1090,COMMIT_REMOVED: 171,APPROVED: 2,COMMENTED: 21,DECLINED: 0,MERGED: 5,OPENED: 7,RESCOPED: 11,UNAPPROVED: 0,UPDATED: 0,,,

Q2 23' S5,2023/05/23,2023/06/06,CMOBL-150913,1112,VKanaujia,0,0,0,0,2,0,0,0,0,0,2,0,J.Kumar,,
Q2 23' S5,2023/05/23,2023/06/06,HUB-90750,76,VKanaujia,0,0,0,0,1,1,0,0,0,0,0,0,VShyoran,1. Please update this logic to avoid filling up the error queue.,
Q2 23' S5,2023/05/23,2023/06/06,HUB-92743,61,VKanaujia,59,0,0,0,0,0,0,0,0,0,0,0,VKanaujia,,
Q2 23' S5,2023/05/23,2023/06/06,HUB-92743,62,VKanaujia,32,0,0,0,0,0,0,0,0,0,0,0,VKanaujia,,
Q2 23' S5,2023/05/23,2023/06/06,HUB-92743,63,VKanaujia,5,5,0,0,0,0,0,0,0,0,0,0,VKanaujia,,
Q2 23' S5,2023/05/23,2023/06/06,HUB-92743,64,VKanaujia,72,29,0,0,0,0,0,0,0,0,0,0,VKanaujia,,
Q2 23' S5,2023/05/23,2023/06/06,HUB-92743,157,VKanaujia,92,0,0,0,0,0,0,0,0,0,0,0,VKanaujia,,
Q2 23' S5,2023/05/23,2023/06/06,HUB-92743,171,VKanaujia,76,7,86,37,0,8,0,0,1,3,0,0,VKanaujia,"1. This should be uuid. We will take care of converting string to uuid in code.
2. It returns empty list. I shall remove this from here.
3. https://stash.cvent.net/projects/PT/repos/user-api/browse/server/routes/api/personaapi.js#13-47  I can't see any limits to it.
4. Thanks @ATrites   I shall update the same here.
5. These are existing endpoint for which we are re-writing new Retrofit clients.  They are already badly structured.  https://stash.cvent.net/projects/PT/repos/user-api/browse/server/routes/api.js#16-17,34
6. https://stash.cvent.net/projects/APISPECS/repos/oss-specs/pull-requests/171/diff#packages/user-api/src/openapi.yaml?f=37
7. It is indeed bad documentation here.  The correct response would be :  {  ""total"": 0,  ""results"": []  }  https://stash.cvent.net/projects/PT/repos/user-api/browse/server/routes/api/lookupapi.js#90-91
8. These are existing endpoints.","1. CMOBL-153489: Added get Personas By Person Id and Profile Id to user-api
2. HUB-92743: changes get personas response from object to array
3. HUB-92743: fixed PR comments
4. HUB-92743: added max limit to list persona response"
Q2 23' S5,2023/05/23,2023/06/06,HUB-92743,1448,VKanaujia,20,0,20,0,0,0,0,1,1,0,0,0,VKanaujia,,1. HUB-92743: Added s3Callback endpoint for exhibitor file upload
Q2 23' S5,2023/05/23,2023/06/06,HUB-92743,1449,VKanaujia,30,0,30,0,0,0,0,1,1,0,0,0,VKanaujia,,1. HUB-92743: Added body schema to s3Callback endpoint for exhibitor file upload
Q2 23' S5,2023/05/23,2023/06/06,HUB-92743,3567,VKanaujia,822,13,404,86,0,0,0,1,0,2,0,0,VKanaujia,,"1. HUB-92743: Updated json-schema version, updated tests, renamed endpoint and added await before updateS3CallbackStatus
2. HUB-92743: returned 500 when update s3 callback status fails and added postman for failed status and invalid file"
Q2 23' S5,2023/05/23,2023/06/06,HUB-92743,3574,VKanaujia,0,0,59,12,0,0,0,0,0,0,0,0,D.Collette,,"1. Pull request #3567: HUB-92743:  Added s3callback endpoint for exhibitor file upload  Merge in PT/event-api from HUB-92743 to develop  * commit '9fe65b7c068941a8a430fd8561db25ef7fae6f9a':    HUB-92743: returned 500 when update s3 callback status fails and added postman for failed status and invalid file    HUB-92743: Updated json-schema version, updated tests, renamed endpoint and added await before updateS3CallbackStatus    HUB-92743: moved updateS3CallbackStatus to file-util, renamed s3Callback method to exhibitorContentS3Callback and updated logs    HUB-92743: fixed code logic    HUB-92743: Added changeset    HUB-92743: Updated UTs and Postman Tests    HUB-92743: Updated file-service-client version to 2.0.5    HUB-92743: Added s3callback endpoint for exhibitor file upload
2. HUB-99887 : Changes to add includeUpdateAtWaterMark field in list weblinks and list files endpoints
3. HUB-99887 : Changes to add updatedAtWaterMark field in list weblinks and list files endpoints"
Q2 23' S5,2023/05/23,2023/06/06,HUB-92905,381,VKanaujia,217,5,15,5,0,1,0,1,0,3,0,0,VKanaujia,1. @RCreaghan   We generally need to run multiple application in debug mode at local. So having a different debug port made sense to me.   Should I remove this though?,"1. HUB-92905: Added isHidden and displayName queryParams
2. HUB-92905: Updated UT
3. Merge branch 'master' of ssh://stash.cvent.net:7999/pt/onsite-exhibitor-portal-nx into HUB-92905"
Sprint Totals,,,,,,PR_ADDED: 1425,PR_REMOVED: 59,COMMIT_ADDED: 614,COMMIT_REMOVED: 140,APPROVED: 3,COMMENTED: 10,DECLINED: 0,MERGED: 4,OPENED: 3,RESCOPED: 8,UNAPPROVED: 2,UPDATED: 0,,,

Overall Totals,,,,,,PR_ADDED: 18138,PR_REMOVED: 2972,COMMIT_ADDED: 5150,COMMIT_REMOVED: 1714,APPROVED: 27,COMMENTED: 70,DECLINED: 0,MERGED: 15,OPENED: 15,RESCOPED: 55,UNAPPROVED: 5,UPDATED: 2,,,
