SPRINT,START_DATE,END_DATE,TICKET,PR_ID,USER,PR_ADDED,PR_REMOVED,COMMIT_ADDED,COMMIT_REMOVED,APPROVED,COMMENTED,DECLINED,MERGED,OPENED,RESCOPED,UNAPPROVED,UPDATED,AUTHOR,COMMENTS,COMMIT_MESSAGES
Pink-Gumbo(03/30-04/13)(9.6w),2023/03/30,2023/04/13,HUB-94277,148822,THarsh,0,0,0,0,0,0,0,0,0,0,0,0,APrajapati,,
Pink-Gumbo(03/30-04/13)(9.6w),2023/03/30,2023/04/13,HUB-94277,149325,THarsh,8522,1478,0,0,0,0,0,0,0,0,0,0,THarsh,,
Pink-Gumbo(03/30-04/13)(9.6w),2023/03/30,2023/04/13,HUB-94277,149327,THarsh,8521,1479,0,0,0,0,0,0,0,0,0,0,THarsh,,
Sprint Totals,,,,,,PR_ADDED: 17043,PR_REMOVED: 2957,COMMIT_ADDED: 0,COMMIT_REMOVED: 0,APPROVED: 0,COMMENTED: 0,DECLINED: 0,MERGED: 0,OPENED: 0,RESCOPED: 0,UNAPPROVED: 0,UPDATED: 0,,,

Pink-Hamburger,2023/04/13,2023/04/27,HUB-94277,148822,THarsh,0,0,0,0,0,0,0,0,0,0,0,0,APrajapati,,
Pink-Hamburger,2023/04/13,2023/04/27,HUB-94277,149325,THarsh,8522,1478,0,0,0,0,0,0,0,0,0,0,THarsh,,
Pink-Hamburger,2023/04/13,2023/04/27,HUB-94277,149327,THarsh,8521,1479,0,0,0,0,0,0,0,0,0,0,THarsh,,
Sprint Totals,,,,,,PR_ADDED: 17043,PR_REMOVED: 2957,COMMIT_ADDED: 0,COMMIT_REMOVED: 0,APPROVED: 0,COMMENTED: 0,DECLINED: 0,MERGED: 0,OPENED: 0,RESCOPED: 0,UNAPPROVED: 0,UPDATED: 0,,,

Overall Totals,,,,,,PR_ADDED: 34086,PR_REMOVED: 5914,COMMIT_ADDED: 0,COMMIT_REMOVED: 0,APPROVED: 0,COMMENTED: 0,DECLINED: 0,MERGED: 0,OPENED: 0,RESCOPED: 0,UNAPPROVED: 0,UPDATED: 0,,,
