SPRINT,START_DATE,END_DATE,TICKET,PR_ID,USER,PR_ADDED,PR_REMOVED,COMMIT_ADDED,COMMIT_REMOVED,APPROVED,COMMENTED,DECLINED,MERGED,OPENED,RESCOPED,UNAPPROVED,UPDATED,AUTHOR,COMMENTS,COMMIT_MESSAGES
Q2 23' S2-Fatela jeb sil jayga,2023/04/11,2023/04/25,HUB-53567,1476,GDionne,2078,504,0,0,0,0,0,0,0,0,0,0,GDionne,,
Sprint Totals,,,,,,PR_ADDED: 2078,PR_REMOVED: 504,COMMIT_ADDED: 0,COMMIT_REMOVED: 0,APPROVED: 0,COMMENTED: 0,DECLINED: 0,MERGED: 0,OPENED: 0,RESCOPED: 0,UNAPPROVED: 0,UPDATED: 0,,,

Q2 23' S3,2023/04/25,2023/05/09,CMOBL-112323,3472,GDionne,0,0,382,210,0,0,0,0,0,0,0,0,Shea.Sullivan,,"1. PROD-163272: Upgraded cvent-web-components
2. PROD-163272: Udated snapshots
3. Pull request #3467: PROD-163272: Upgraded cvent-web-components  Merge in PT/onsite-planner-portal from PROD-163272_V2 to develop  * commit 'b4481b5788d99f66c72a2d9f1c436f9778452a87':    PROD-163272: Udated snapshots    PROD-163272: Upgraded cvent-web-components"
Q2 23' S3,2023/04/25,2023/05/09,HUB-53567,1465,GDionne,0,0,99,51,0,0,0,0,0,0,0,0,Subratkumar.Sahoo,,"1. HUB-84781: Updated terminology for Banners and Pages tab
2. HUB-84781: Added changeset
3. HUB-84781: Updated feature flag name and fixed left nav route
4. HUB-84781: Updated snapshots
5. Pull request #1461: HUB-84781: Updated terminology for Banners and Pages tab  Merge in AX/attendee-experience-builder from HUB-84781 to develop  * commit 'b99f38892349117cbaafc41252386834c7974b77':    HUB-84781: Updated snapshots    HUB-84781: Updated feature flag name and fixed left nav route    HUB-84781: Added changeset    HUB-84781: Updated terminology for Banners and Pages tab"
Q2 23' S3,2023/04/25,2023/05/09,HUB-53567,1476,GDionne,2078,504,0,0,0,0,0,0,0,0,0,0,GDionne,,
Sprint Totals,,,,,,PR_ADDED: 2078,PR_REMOVED: 504,COMMIT_ADDED: 481,COMMIT_REMOVED: 261,APPROVED: 0,COMMENTED: 0,DECLINED: 0,MERGED: 0,OPENED: 0,RESCOPED: 0,UNAPPROVED: 0,UPDATED: 0,,,

Q2 23' S4,2023/05/09,2023/05/23,HUB-96417,1476,GDionne,2078,504,2679,1099,0,2,1,0,1,8,0,0,GDionne,"1. yea it was supposed to be 'Banner Test 4' instead, changing it now
2. There would be at most 3 pages in the `newSortedPages` array and 3 at all times in pageLocations.","1. HUB-87816: Added new placement locations
2. HUB-87816: Removed feature flag for BannerPlacements
3. HUB-87816: Added ordering to the page locations and sometweaks
4. HUB-87816: Added location list sorting and location empty state
5. HUB-87816: Added changeset
6. HUB-87816: Updated snapshots
7. HUB-87816: Fixed snapshots
8. HUB-87816: Fixed UT's to rely more on user interactable selectors and added default value for Boxes.tsx
9. HUB-87816: Tweaked some unit tests
10. HUB-87816: Some small changes to props for  EmptyLocation.tsx
11. HUB-87816: Updated unit test for changes in EmptyLocation.tsx
12. updated password for PR53
13. added changeset
14. Applied suggestion
15. NA-0: Moving PageBanner tests from black to blue
16. HUB-98388: Replace getAttendeeInterestChoices query with getProfessionalInterestChoices
17. HUB-98388: Replace updateAttendeeInterestChoices mutation with updateProfessionalInterestChoices
18. HUB-98388: Replace deleteAttendeeInterestChoices mutation with deleteProfessionalInterestChoices
19. HUB-98163: Removed on demand website only text from session content feature
20. HUB-99127: Remove on demand page under quick links
21. nit: renamed quicklink temp vartiable name
22. release/1.101.0: updating appFeature file as a part of release activity
23. HUB-96417: added changeset
24. RELEASING: Releasing 3 package(s)  Releases:    @cvent/mobile-app-builder@1.101.0    @cvent/automation-mobile-app-builder@0.46.0    @cvent/attendee-experience-builder-cdk@1.101.0  [skip ci]
25. HUB-96417: downmerge release 1.101.0
26. HUB-93092: Removed unused video discussions files
27. PROD-165740: Fix attendee profile feature card hyperlink
28. HUB-98163: Update to the latest version of @cvent/writing-assistant-component
29. HUB-98838 Fix Discussions E2E failing due to setValue concatenating instead of overriding values
30. PROD-165740: Add comment to test file for test data requirement
31. Applied suggestion
32. HUB-53567: added singleLinkCardForInternalLinkType in suite
33. HUB-53567: adding delay of 5 sec
34. HUB-53367: minor fix
35. HUB-53367: minor fix
36. HUB-53567: added changeset
37. HUB-53567: using waitFor and updated selector to not be hardcoded
38. HUB-53567: minor fix
39. HUB-85456: Update Page Banner altText form behaviour
40. HUB-87816: Added new placement locations
41. HUB-87816: Added location list sorting and location empty state"
Sprint Totals,,,,,,PR_ADDED: 2078,PR_REMOVED: 504,COMMIT_ADDED: 2679,COMMIT_REMOVED: 1099,APPROVED: 0,COMMENTED: 2,DECLINED: 1,MERGED: 0,OPENED: 1,RESCOPED: 8,UNAPPROVED: 0,UPDATED: 0,,,

Q2 23' S7-Bhagwan kaha h re tu,2023/06/20,2023/07/04,CMOBL-152343,1583,GDionne,0,0,385,117,0,0,0,0,0,0,0,0,SSimpson,,"1. HUB-102943: Added UT for new redirect link and page location sections testID's not to rely on phrase keys
2. Merge branch 'develop' into HUB-102943
3. Pull request #1549: HUB-102943: Updated page banner placement form  Merge in AX/attendee-experience-builder from HUB-102943 to develop  * commit 'd610fd18b15c4067402380ad0fd14c79d1affe1d':    HUB-102943: Added UT for new redirect link and page location sections testID's not to rely on phrase keys    HUB-102943: Removed redirect to placements tab link from create banner flow    HUB-102943: Updated page banner placement form
4. HUB-102945: Added sort function to order the banners alphabetically
5. HUB-102945: phrase pull
6. Merge branch 'develop' into HUB-102945
7. Pull request #1563: HUB-102945: Added sort function to order the banners alphabetically  Merge in AX/attendee-experience-builder from HUB-102945 to develop  * commit '9eeadabec44ea89188b99e5e61d413fa97224737':    HUB-102945: phrase pull    HUB-102945: Added sort function to order the banners alphabetically
8. HUB-102944: Relabled Exhibitor page to Associated exhibitor in banner create and edit form
9. Merge branch 'develop' into HUB-102944
10. Pull request #1575: HUB-102944: Relabled Exhibitor page to Associated exhibitor in banner create and edit form  Merge in AX/attendee-experience-builder from HUB-102944 to develop  * commit '2344b47c186eb105de7632c7b3e984f49c90d436':    HUB-102944: Relabled Exhibitor page to Associated exhibitor in banner create and edit form"
Sprint Totals,,,,,,PR_ADDED: 0,PR_REMOVED: 0,COMMIT_ADDED: 385,COMMIT_REMOVED: 117,APPROVED: 0,COMMENTED: 0,DECLINED: 0,MERGED: 0,OPENED: 0,RESCOPED: 0,UNAPPROVED: 0,UPDATED: 0,,,

Overall Totals,,,,,,PR_ADDED: 6234,PR_REMOVED: 1512,COMMIT_ADDED: 3545,COMMIT_REMOVED: 1477,APPROVED: 0,COMMENTED: 2,DECLINED: 1,MERGED: 0,OPENED: 1,RESCOPED: 8,UNAPPROVED: 0,UPDATED: 0,,,
