SPRINT,START_DATE,END_DATE,TICKET,PR_ID,USER,PR_ADDED,PR_REMOVED,COMMIT_ADDED,COMMIT_REMOVED,APPROVED,COMMENTED,DECLINED,MERGED,OPENED,RESCOPED,UNAPPROVED,UPDATED,AUTHOR,COMMENTS,COMMIT_MESSAGES
Quasar: H'23 (Apr 13- Apr 26),2023/04/13,2023/04/26,PROD-161569,1476,SKapri,143,96,0,0,0,0,0,0,0,0,0,0,SKapri,,
Sprint Totals,,,,,,PR_ADDED: 143,PR_REMOVED: 96,COMMIT_ADDED: 0,COMMIT_REMOVED: 0,APPROVED: 0,COMMENTED: 0,DECLINED: 0,MERGED: 0,OPENED: 0,RESCOPED: 0,UNAPPROVED: 0,UPDATED: 0,,,

Quasar: I'23 (Apr 27- May 10),2023/04/27,2023/05/10,PROD-161569,1476,SKapri,143,96,0,0,0,0,0,0,1,0,0,0,SKapri,,
Sprint Totals,,,,,,PR_ADDED: 143,PR_REMOVED: 96,COMMIT_ADDED: 0,COMMIT_REMOVED: 0,APPROVED: 0,COMMENTED: 0,DECLINED: 0,MERGED: 0,OPENED: 1,RESCOPED: 0,UNAPPROVED: 0,UPDATED: 0,,,

Quasar: J'23 (May 11- May 24),2023/05/11,2023/05/24,PROD-162137,142461,SKapri,0,0,0,0,0,0,0,0,0,2,0,0,"Verma, Tushar",,
Quasar: J'23 (May 11- May 24),2023/05/11,2023/05/24,PROD-162137,143061,SKapri,0,0,0,0,0,0,0,0,0,2,0,0,Ayesha.Khan,,
Quasar: J'23 (May 11- May 24),2023/05/11,2023/05/24,PROD-162137,144525,SKapri,0,0,0,0,0,0,0,0,0,2,0,0,spujara,,
Quasar: J'23 (May 11- May 24),2023/05/11,2023/05/24,PROD-162137,148894,SKapri,0,0,0,0,0,0,0,0,0,2,0,0,SNitin,,
Quasar: J'23 (May 11- May 24),2023/05/11,2023/05/24,PROD-162137,149333,SKapri,0,0,0,0,0,0,0,0,0,0,0,0,qtpman,,1. Pull request #149331: Prod  Merge in CVT/c4 from prod to ccid-2566  * commit '11c4ce37a4b70d3349c629004f5938192c54d26b':
Quasar: J'23 (May 11- May 24),2023/05/11,2023/05/24,PROD-162137,149459,SKapri,0,0,0,0,0,0,0,0,0,0,0,0,Vivek.Kumar,,1. Pull request #149373: PROD-157009: Correcting SOA Redis Cache password used in dev/silo environments  Merge in CVT/c4 from prod-157009-jb to prod  * commit 'dcdc13f594fcdfb621923430de6d0358e468f95f':    PROD-157009: Correcting SOA Redis Cache password used in dev/silo environments
Quasar: J'23 (May 11- May 24),2023/05/11,2023/05/24,PROD-162137,149493,SKapri,0,0,0,0,0,0,0,0,0,0,0,0,APrajapati,,"1. Pull request #149330: Ccid 2568  Merge in CVT/c4 from ccid-2568 to prod  * commit '0b58da09c93ddabf179761fba0743f816feac32a':    PROD-167729: some callers are explicitly sending null for unset parameters    PROD-167681: max date limit issue resolved    FLEX-86745: Removing extra line    FLEX-86745: Experiment check on Title    PROD-167316: Update data in attendee read endpoints to support new OA badge designer    Revert ""commit for PROD-167315 reverting commit of PROD-166596""    PROD-167022: decode querystring chanacter that is coming as encoded &amp; from some integration partners:    PROD-166502:Lu changes    FLEX-86745: Changed resx    FLEX-86745: Resx update    PROD-160607: Redirecting to confirmation directly instead of confirmationpage for test mode    PROD-162878: Save the form fields in flat order    PROD-165811: added the scripts    FLEX-87734: removed pageMatchRules for directly accessing the page    FLEX-87734: added new page for classic redirect"
Quasar: J'23 (May 11- May 24),2023/05/11,2023/05/24,PROD-162137,149559,SKapri,0,0,0,0,0,0,0,0,0,0,0,0,P.Ahuja,,1. Pull request #149593: Prod  Merge in CVT/c4 from prod to ccid-2572  * commit 'ed53acf1a7f189d856212fd4202f847c4fcd358e':
Quasar: J'23 (May 11- May 24),2023/05/11,2023/05/24,WEBINAR-8857,142461,SKapri,0,0,0,0,0,0,0,0,0,0,0,0,"Verma, Tushar",,
Quasar: J'23 (May 11- May 24),2023/05/11,2023/05/24,WEBINAR-8857,143061,SKapri,0,0,0,0,0,0,0,0,0,0,0,0,Ayesha.Khan,,
Quasar: J'23 (May 11- May 24),2023/05/11,2023/05/24,WEBINAR-8857,144525,SKapri,0,0,0,0,0,0,0,0,0,0,0,0,spujara,,
Quasar: J'23 (May 11- May 24),2023/05/11,2023/05/24,WEBINAR-8857,148894,SKapri,0,0,0,0,0,0,0,0,0,0,0,0,SNitin,,
Quasar: J'23 (May 11- May 24),2023/05/11,2023/05/24,WEBINAR-8857,149732,SKapri,0,0,0,0,0,0,0,0,0,0,0,0,SSao,,
Quasar: J'23 (May 11- May 24),2023/05/11,2023/05/24,WEBINAR-8857,150492,SKapri,0,0,0,0,0,0,0,0,0,0,0,0,qtpman,,
Quasar: J'23 (May 11- May 24),2023/05/11,2023/05/24,WEBINAR-8857,150073,SKapri,0,0,0,0,0,0,0,0,0,0,0,0,AJagtap,,
Sprint Totals,,,,,,PR_ADDED: 0,PR_REMOVED: 0,COMMIT_ADDED: 0,COMMIT_REMOVED: 0,APPROVED: 0,COMMENTED: 0,DECLINED: 0,MERGED: 0,OPENED: 0,RESCOPED: 8,UNAPPROVED: 0,UPDATED: 0,,,

Quasar: L'23 (Jun 08- Jun 21),2023/06/08,2023/06/21,PROD-168499,16399,SKapri,0,0,0,0,0,0,0,0,0,12,0,0,ashish.a,,
Quasar: L'23 (Jun 08- Jun 21),2023/06/08,2023/06/21,PROD-168499,16414,SKapri,0,0,0,0,0,0,0,0,0,12,0,0,"Jaiswal, Nikita",,
Quasar: L'23 (Jun 08- Jun 21),2023/06/08,2023/06/21,PROD-168499,22673,SKapri,0,0,0,0,1,0,0,1,0,0,0,0,SawanK,,
Sprint Totals,,,,,,PR_ADDED: 0,PR_REMOVED: 0,COMMIT_ADDED: 0,COMMIT_REMOVED: 0,APPROVED: 1,COMMENTED: 0,DECLINED: 0,MERGED: 1,OPENED: 0,RESCOPED: 24,UNAPPROVED: 0,UPDATED: 0,,,

Overall Totals,,,,,,PR_ADDED: 286,PR_REMOVED: 192,COMMIT_ADDED: 0,COMMIT_REMOVED: 0,APPROVED: 1,COMMENTED: 0,DECLINED: 0,MERGED: 1,OPENED: 1,RESCOPED: 32,UNAPPROVED: 0,UPDATED: 0,,,
