SPRINT,START_DATE,END_DATE,TICKET,PR_ID,USER,PR_ADDED,PR_REMOVED,COMMIT_ADDED,COMMIT_REMOVED,APPROVED,COMMENTED,DECLINED,MERGED,OPENED,RESCOPED,UNAPPROVED,UPDATED,AUTHOR,COMMENTS,COMMIT_MESSAGES
Pink-Gumbo(03/30-04/13)(9.6w),2023/03/30,2023/04/13,HUB-94277,148453,EStraw,1963,676,0,0,0,0,0,0,0,0,0,0,EStraw,,
Sprint Totals,,,,,,PR_ADDED: 1963,PR_REMOVED: 676,COMMIT_ADDED: 0,COMMIT_REMOVED: 0,APPROVED: 0,COMMENTED: 0,DECLINED: 0,MERGED: 0,OPENED: 0,RESCOPED: 0,UNAPPROVED: 0,UPDATED: 0,,,

Pink-Hamburger,2023/04/13,2023/04/27,HUB-94277,148453,EStraw,1963,676,0,0,0,0,0,1,1,0,0,0,EStraw,,1. Merge branch 'prod' into devsilo619-downmerge-04-25-2023
Pink-Hamburger,2023/04/13,2023/04/27,HUB-94277,148570,EStraw,0,0,2,2,0,0,0,0,0,0,0,0,UBansal,,1. SRC-9114: Adjust Store procedure to return empty string instead of default value to match consumer
Sprint Totals,,,,,,PR_ADDED: 1963,PR_REMOVED: 676,COMMIT_ADDED: 2,COMMIT_REMOVED: 2,APPROVED: 0,COMMENTED: 0,DECLINED: 0,MERGED: 1,OPENED: 1,RESCOPED: 0,UNAPPROVED: 0,UPDATED: 0,,,

Overall Totals,,,,,,PR_ADDED: 3926,PR_REMOVED: 1352,COMMIT_ADDED: 2,COMMIT_REMOVED: 2,APPROVED: 0,COMMENTED: 0,DECLINED: 0,MERGED: 1,OPENED: 1,RESCOPED: 0,UNAPPROVED: 0,UPDATED: 0,,,
