SPRINT,START_DATE,END_DATE,TICKET,PR_ID,USER,PR_ADDED,PR_REMOVED,COMMIT_ADDED,COMMIT_REMOVED,APPROVED,COMMENTED,DECLINED,MERGED,OPENED,RESCOPED,UNAPPROVED,UPDATED,AUTHOR,COMMENTS,COMMIT_MESSAGES
Pink-Gumbo(03/30-04/13)(9.6w),2023/03/30,2023/04/13,HUB-94277,148309,VGadhiya,8679,1321,0,0,0,0,0,0,0,0,0,0,VGadhiya,,
Pink-Gumbo(03/30-04/13)(9.6w),2023/03/30,2023/04/13,HUB-94277,148437,VGadhiya,0,0,0,0,0,0,0,0,0,0,0,0,SMahale,,
Pink-Gumbo(03/30-04/13)(9.6w),2023/03/30,2023/04/13,HUB-94277,148438,VGadhiya,0,0,0,0,0,0,0,0,0,0,0,0,ASuthar,,
Pink-Gumbo(03/30-04/13)(9.6w),2023/03/30,2023/04/13,HUB-94277,148624,VGadhiya,0,0,0,0,0,0,0,0,0,0,0,0,Dhruti.Shah,,
Pink-Gumbo(03/30-04/13)(9.6w),2023/03/30,2023/04/13,HUB-94277,149030,VGadhiya,0,0,19,11,0,0,0,0,0,0,0,0,ALakshkar,,1. PROD-164150 : Also Return Freeloader Order Details
Sprint Totals,,,,,,PR_ADDED: 8679,PR_REMOVED: 1321,COMMIT_ADDED: 19,COMMIT_REMOVED: 11,APPROVED: 0,COMMENTED: 0,DECLINED: 0,MERGED: 0,OPENED: 0,RESCOPED: 0,UNAPPROVED: 0,UPDATED: 0,,,

Pink-Hamburger,2023/04/13,2023/04/27,HUB-94277,148309,VGadhiya,8679,1321,0,0,0,0,0,0,1,4,0,0,VGadhiya,,
Pink-Hamburger,2023/04/13,2023/04/27,HUB-94277,148437,VGadhiya,0,0,0,0,1,0,0,0,0,0,0,1,SMahale,,
Pink-Hamburger,2023/04/13,2023/04/27,HUB-94277,148438,VGadhiya,0,0,0,0,1,0,0,0,0,0,0,1,ASuthar,,
Pink-Hamburger,2023/04/13,2023/04/27,HUB-94277,148624,VGadhiya,0,0,0,0,0,0,0,0,0,0,0,0,Dhruti.Shah,,
Pink-Hamburger,2023/04/13,2023/04/27,HUB-94277,149030,VGadhiya,0,0,129,87,0,0,0,0,0,0,0,0,ALakshkar,,"1. Merge branch 'prod' of ssh://stash.cvent.net:7999/cvt/c4 into prod-164150
2. PROD-164150 : Return the Guest Order Details individually
3. PROD-164150 : Return Guest Order details Individually.
4. Merge branch 'prod' of ssh://stash.cvent.net:7999/cvt/c4 into prod-164150
5. Merge branch 'prod' of ssh://stash.cvent.net:7999/cvt/c4 into prod-164150
6. PROD-164150 : Change in SP for display Invitee and Guest order details individually.  Also correct the Cancel order scenario
7. Merge branch 'prod' of ssh://stash.cvent.net:7999/cvt/c4 into prod-164150
8. PROD-164150 : Return the Invitee and Guest Order and Payment Information
9. Merge branch 'prod' of ssh://stash.cvent.net:7999/cvt/c4 into prod-164150
10. PROD-164150 : Adding Changes in SP for particular scenario
11. Merge branch 'prod' of ssh://stash.cvent.net:7999/cvt/c4 into prod-164150
12. PROD-164150 : Consolidated the Order Details as per the Invitee and Guest
13. Merge branch 'prod' of ssh://stash.cvent.net:7999/cvt/c4 into prod-164150"
Sprint Totals,,,,,,PR_ADDED: 8679,PR_REMOVED: 1321,COMMIT_ADDED: 129,COMMIT_REMOVED: 87,APPROVED: 2,COMMENTED: 0,DECLINED: 0,MERGED: 0,OPENED: 1,RESCOPED: 4,UNAPPROVED: 0,UPDATED: 2,,,

Overall Totals,,,,,,PR_ADDED: 17358,PR_REMOVED: 2642,COMMIT_ADDED: 148,COMMIT_REMOVED: 98,APPROVED: 2,COMMENTED: 0,DECLINED: 0,MERGED: 0,OPENED: 1,RESCOPED: 4,UNAPPROVED: 0,UPDATED: 2,,,
