SPRINT,START_DATE,END_DATE,TICKET,PR_ID,USER,PR_ADDED,PR_REMOVED,COMMIT_ADDED,COMMIT_REMOVED,APPROVED,COMMENTED,DECLINED,MERGED,OPENED,RESCOPED,UNAPPROVED,UPDATED,AUTHOR,COMMENTS,COMMIT_MESSAGES
Q2 2023 - Sprint 2,2023/04/20,2023/05/03,HUB-81337,9177,Shea.Sullivan,0,0,0,0,0,0,0,0,0,0,0,0,BRehman,,1. Pull request #9013: CMOBL-150566: Bring in reworked page banners  Merge in AX/attendee-experience-web from HUB-84718 to develop  * commit 'b0003a2c90ab71bac53553b1b241b51ab0ed1dbd':    HUB-84718: Update unit tests to use getByRole    HUB-84718: Pull in new page banners with bug fix    HUB-84718: Fix unit tests since hideDots removes tabpanel    HUB-84718: Bring in reworked page banners
Q2 2023 - Sprint 2,2023/04/20,2023/05/03,HUB-97991,1481,Shea.Sullivan,1250,396,0,0,0,0,0,0,0,0,0,0,Shea.Sullivan,,
Sprint Totals,,,,,,PR_ADDED: 1250,PR_REMOVED: 396,COMMIT_ADDED: 0,COMMIT_REMOVED: 0,APPROVED: 0,COMMENTED: 0,DECLINED: 0,MERGED: 0,OPENED: 0,RESCOPED: 0,UNAPPROVED: 0,UPDATED: 0,,,

Q2 2023 - Sprint 3,2023/05/04,2023/05/17,HUB-85259,9293,Shea.Sullivan,8573,1427,7,0,0,0,0,0,1,1,0,0,Shea.Sullivan,,1. Bump packages for build
Q2 2023 - Sprint 3,2023/05/04,2023/05/17,HUB-87585,9293,Shea.Sullivan,8573,1427,0,0,0,0,0,0,0,0,0,0,Shea.Sullivan,,
Q2 2023 - Sprint 3,2023/05/04,2023/05/17,HUB-91763,9296,Shea.Sullivan,0,0,0,0,0,0,0,0,0,0,0,0,GDionne,,
Q2 2023 - Sprint 3,2023/05/04,2023/05/17,HUB-94106,9293,Shea.Sullivan,8573,1427,0,0,0,0,0,0,0,0,0,0,Shea.Sullivan,,
Q2 2023 - Sprint 3,2023/05/04,2023/05/17,HUB-97991,1481,Shea.Sullivan,1250,396,0,0,0,0,0,0,1,0,0,0,Shea.Sullivan,,
Q2 2023 - Sprint 3,2023/05/04,2023/05/17,HUB-98016,3546,Shea.Sullivan,5790,4210,0,0,0,0,0,0,1,0,0,0,Shea.Sullivan,,
Q2 2023 - Sprint 3,2023/05/04,2023/05/17,HUB-98053,9293,Shea.Sullivan,8573,1427,0,0,0,0,0,0,0,0,0,0,Shea.Sullivan,,
Q2 2023 - Sprint 3,2023/05/04,2023/05/17,HUB-98163,1481,Shea.Sullivan,1250,396,0,0,0,0,0,0,0,0,0,0,Shea.Sullivan,,
Sprint Totals,,,,,,PR_ADDED: 42582,PR_REMOVED: 10710,COMMIT_ADDED: 7,COMMIT_REMOVED: 0,APPROVED: 0,COMMENTED: 0,DECLINED: 0,MERGED: 0,OPENED: 3,RESCOPED: 1,UNAPPROVED: 0,UPDATED: 0,,,

Q2 2023 - Sprint 4,2023/05/18,2023/05/31,HUB-99072,3566,Shea.Sullivan,0,0,159,3,0,0,0,0,0,0,0,0,TCox,,"1. HUB-87818: Add abililty to override page banner altText from LMS
2. HUB-87818: Add some explicit unit tests for altText override logic
3. Pull request #3559: HUB-87818: Add abililty to override page banner altText from LMS  Merge in AX/attendee-experience-data from HUB-87818 to develop  * commit '93f4881dd30804ce7351e5aa8aead962d606c749':    HUB-87818: Add some explicit unit tests for altText override logic    HUB-87818: Add abililty to override page banner altText from LMS"
Sprint Totals,,,,,,PR_ADDED: 0,PR_REMOVED: 0,COMMIT_ADDED: 159,COMMIT_REMOVED: 3,APPROVED: 0,COMMENTED: 0,DECLINED: 0,MERGED: 0,OPENED: 0,RESCOPED: 0,UNAPPROVED: 0,UPDATED: 0,,,

Q2 2023 - Sprint 5,2023/06/01,2023/06/14,HUB-97982,9507,Shea.Sullivan,0,0,0,0,0,0,0,0,0,0,0,0,GStarr,,
Q2 2023 - Sprint 5,2023/06/01,2023/06/14,HUB-102406,9507,Shea.Sullivan,0,0,0,0,0,0,0,0,0,0,0,0,GStarr,,
Q2 2023 - Sprint 5,2023/06/01,2023/06/14,PROD-167883,1531,Shea.Sullivan,0,0,172,143,0,0,0,0,0,0,0,0,GStarr,,"1. HUB-84556: Update location validation error message
2. Merge branch 'develop' into HUB-84556
3. Pull request #1505: HUB-84556: Update banner placements form to support multiple locations  Merge in AX/attendee-experience-builder from HUB-84556 to develop  * commit '1734186ae9549116c1c0e33a64357789ba50036a':    HUB-84556: Update location validation error message    HUB-84556: Update e2es to be generic and optimize validation    HUB-84556: Update e2e tests for pagebanners    HUB-84556: Add tests for CreateBanner add placements flow for multiple locations    HUB-84556: Update banner placements form to support multiple locations"
Q2 2023 - Sprint 5,2023/06/01,2023/06/14,PROD-167883,3593,Shea.Sullivan,0,0,0,0,0,0,0,0,0,0,0,0,GStarr,,
Sprint Totals,,,,,,PR_ADDED: 0,PR_REMOVED: 0,COMMIT_ADDED: 172,COMMIT_REMOVED: 143,APPROVED: 0,COMMENTED: 0,DECLINED: 0,MERGED: 0,OPENED: 0,RESCOPED: 0,UNAPPROVED: 0,UPDATED: 0,,,

Overall Totals,,,,,,PR_ADDED: 43832,PR_REMOVED: 11106,COMMIT_ADDED: 338,COMMIT_REMOVED: 146,APPROVED: 0,COMMENTED: 0,DECLINED: 0,MERGED: 0,OPENED: 3,RESCOPED: 1,UNAPPROVED: 0,UPDATED: 0,,,
