SPRINT,START_DATE,END_DATE,TICKET,PR_ID,USER,PR_ADDED,PR_REMOVED,COMMIT_ADDED,COMMIT_REMOVED,APPROVED,COMMENTED,DECLINED,MERGED,OPENED,RESCOPED,UNAPPROVED,UPDATED,AUTHOR,COMMENTS,COMMIT_MESSAGES
Sprint Hagen Daz,2023/04/11,2023/04/25,HUB-87209,9087,ACheng,4711,1559,9,2,0,0,0,1,1,0,0,0,ACheng,,"1. update appFeatures
2. HUB-96468: Prepare next release 2.12.0"
Sprint Hagen Daz,2023/04/11,2023/04/25,HUB-93087,240,ACheng,0,0,5,0,0,0,0,0,0,0,0,0,SBundale,,"1. HUB-96468: add changeset
2. Pull request #211: HUB-96468: phraseapp changes  Merge in AX/language-management from hub-96468-phraseapp to master  * commit '97fe89ddacdb53e20626d63a2543779ea4e28f69':    HUB-96468: add changeset    HUB-96468: phraseapp changes"
Sprint Hagen Daz,2023/04/11,2023/04/25,HUB-94736,3450,ACheng,6755,3245,7,0,0,0,0,0,1,0,0,0,ACheng,,"1. Prepare next release 2.8.0
2. Merge branch 'master' of ssh://stash.cvent.net:7999/ax/attendee-experience-data into release/2.8.0"
Sprint Hagen Daz,2023/04/11,2023/04/25,HUB-94736,3448,ACheng,6755,3245,0,0,0,0,2,0,1,1,0,0,ACheng,,
Sprint Hagen Daz,2023/04/11,2023/04/25,HUB-91000,9219,ACheng,0,0,88,48,0,0,0,0,0,0,0,0,Subratkumar.Sahoo,,"1. HUB-94903: fix attendee list e2e tests to update filter positions
2. use one expect per it block"
Sprint Totals,,,,,,PR_ADDED: 18221,PR_REMOVED: 8049,COMMIT_ADDED: 109,COMMIT_REMOVED: 50,APPROVED: 0,COMMENTED: 0,DECLINED: 2,MERGED: 1,OPENED: 3,RESCOPED: 1,UNAPPROVED: 0,UPDATED: 0,,,

Sprint Ice Cream,2023/04/25,2023/05/09,HUB-87782,9219,ACheng,0,0,58,281,0,0,0,0,0,0,0,0,Subratkumar.Sahoo,,"1. Merge branch 'develop' of ssh://stash.cvent.net:7999/ax/attendee-experience-web into hub-94903
2. HUB-94903: remove attendeeListRecommendedFilter feature flag and clean up/update tests
3. fix lint
4. remove extra changeset
5. PROD:165840: update changeset
6. Merge branch 'develop' of ssh://stash.cvent.net:7999/ax/attendee-experience-web into hub-94903
7. Merge branch 'develop' of ssh://stash.cvent.net:7999/ax/attendee-experience-web into hub-94903
8. HUB-94903: fix tests
9. Pull request #9186: HUB-94903: remove attendeeListRecommendedFilter feature flag and clean up/update tests  Merge in AX/attendee-experience-web from hub-94903 to develop  * commit 'ee824fc5d115ee0a0b667cc80f78c100552d1362':    HUB-94903: fix tests    PROD:165840: update changeset    remove extra changeset    fix lint    HUB-94903: remove attendeeListRecommendedFilter feature flag and clean up/update tests    use one expect per it block    HUB-94903: fix attendee list e2e tests to update filter positions"
Sprint Ice Cream,2023/04/25,2023/05/09,PROD-164880,9087,ACheng,4711,1559,0,0,0,0,0,0,0,0,0,0,ACheng,,
Sprint Totals,,,,,,PR_ADDED: 4711,PR_REMOVED: 1559,COMMIT_ADDED: 58,COMMIT_REMOVED: 281,APPROVED: 0,COMMENTED: 0,DECLINED: 0,MERGED: 0,OPENED: 0,RESCOPED: 0,UNAPPROVED: 0,UPDATED: 0,,,

Wizards - Sprint Jalebi,2023/05/09,2023/05/23,HUB-97118,9354,ACheng,0,0,840,144,0,0,0,0,0,0,0,0,JMcGough,,"1. HUB-98570: restructure code, add phrase keys, fix styling, write tests
2. HUB-99256: add leave prevention modal for messaging page
3. add accessibility label to dismiss attendee from attendee search box
4. add changeset
5. use phrase keys, fix leave modal when one attendee is selected by not updating query param when getting first attendee channel
6. fix test"
Wizards - Sprint Jalebi,2023/05/09,2023/05/23,PROD-164880,9087,ACheng,4711,1559,0,0,0,0,0,0,0,0,0,0,ACheng,,
Sprint Totals,,,,,,PR_ADDED: 4711,PR_REMOVED: 1559,COMMIT_ADDED: 840,COMMIT_REMOVED: 144,APPROVED: 0,COMMENTED: 0,DECLINED: 0,MERGED: 0,OPENED: 0,RESCOPED: 0,UNAPPROVED: 0,UPDATED: 0,,,

Wizards - Sprint Kinder Joy,2023/05/23,2023/06/06,PROD-164880,9087,ACheng,4711,1559,0,0,0,0,0,0,0,0,0,0,ACheng,,
Wizards - Sprint Kinder Joy,2023/05/23,2023/06/06,PROD-165503,9551,ACheng,0,0,0,0,0,0,0,0,0,0,0,0,MGangani,,
Sprint Totals,,,,,,PR_ADDED: 4711,PR_REMOVED: 1559,COMMIT_ADDED: 0,COMMIT_REMOVED: 0,APPROVED: 0,COMMENTED: 0,DECLINED: 0,MERGED: 0,OPENED: 0,RESCOPED: 0,UNAPPROVED: 0,UPDATED: 0,,,

Wizards - Sprint Leche Flan,2023/06/06,2023/06/20,HUB-98062,9507,ACheng,0,0,9,1,0,0,0,0,0,0,0,0,GStarr,,"1. HUB-100757: use publicRuntimeConfig.ENVIRONMENT_NAME as fallback when searching for channels by user ids from Stream since environment from appProps is blank in production
2. Pull request #9491: HUB-100757: use publicRuntimeConfig.ENVIRONMENT_NAME as fallback when searching for channels by user ids from Stream since environment from appProps is blank in production  Merge in AX/attendee-experience-web from hub-100757-prod-env to develop  * commit '5e38d3a9b185ce2e96e8147d28428dd77bb21286':    HUB-100757: use publicRuntimeConfig.ENVIRONMENT_NAME as fallback when searching for channels by user ids from Stream since environment from appProps is blank in production"
Wizards - Sprint Leche Flan,2023/06/06,2023/06/20,HUB-99842,1560,ACheng,0,0,18,0,0,0,0,0,0,0,0,0,MGangani,,"1. HUB-83811: fix some accessibility issues with home page cards and quick link modal
2. add role to list item
3. Pull request #1534: HUB-83811: fix some accessibility issues with home page cards and quick link modal  Merge in AX/attendee-experience-builder from hub-83811 to develop  * commit 'cbda74c681c92b50d9ee8d0ec4220843b2826961':    add role to list item    HUB-83811: fix some accessibility issues with home page cards and quick link modal"
Wizards - Sprint Leche Flan,2023/06/06,2023/06/20,HUB-103393,9551,ACheng,0,0,378,476,0,0,0,0,0,0,0,0,MGangani,,"1. HUB-91408: release attendeeMessagingV2 in version 73, fix bug with stream filter being too complex when querying for existing channel with attendees
2. HUB-91408: split out createMessagingChannel into its own hook
3. Pull request #9533: HUB-91408: release attendeeMessagingV2 in version 73, fix bug with stream filter being too complex when querying for existing channel with attendees  Merge in AX/attendee-experience-web from hub-91408-fix to develop  * commit 'e339c3f5d50959d45ceffee21bc35325fce55596':    HUB-91408: split out createMessagingChannel into its own hook    HUB-91408: release attendeeMessagingV2 in version 73, fix bug with stream filter being too complex when querying for existing channel with attendees"
Wizards - Sprint Leche Flan,2023/06/06,2023/06/20,PROD-165503,9551,ACheng,0,0,0,0,0,0,0,0,0,0,0,0,MGangani,,
Wizards - Sprint Leche Flan,2023/06/06,2023/06/20,PROD-166071,9551,ACheng,0,0,0,0,0,0,0,0,0,0,0,0,MGangani,,
Sprint Totals,,,,,,PR_ADDED: 0,PR_REMOVED: 0,COMMIT_ADDED: 405,COMMIT_REMOVED: 477,APPROVED: 0,COMMENTED: 0,DECLINED: 0,MERGED: 0,OPENED: 0,RESCOPED: 0,UNAPPROVED: 0,UPDATED: 0,,,

Wizards - Sprint Muffin,2023/06/20,2023/07/05,HUB-103623,9667,ACheng,0,0,273,126,0,0,0,0,0,0,0,0,ZDavidson,,"1. HUB-98819: add accepted connections cards
2. add changeset
3. remove console logs
4. move styles to useStyles, remove unnecessary useMemo, fix variable naming
5. Pull request #9645: HUB-98819: add accepted connections cards  Merge in AX/attendee-experience-web from hub-98819 to develop  * commit 'e6039fd04be597362b7e854e6b77f2a4df2337da':    move styles to useStyles, remove unnecessary useMemo, fix variable naming    remove console logs    add changeset    HUB-98819: add accepted connections cards"
Wizards - Sprint Muffin,2023/06/20,2023/07/05,HUB-103624,9618,ACheng,0,0,395,21,0,0,0,0,0,0,0,0,SSimpson,,"1. HUB-99846: handle url as custom page
2. add new fields of custom page settings to getAttendeeHubConfig
3. HUB-99846: replace data tag in external url, make external page open in new tab for mobile and tablet
4. move url check to a helper function
5. Merge branch 'develop' of ssh://stash.cvent.net:7999/ax/attendee-experience-web into hub-99846
6. fix mock
7. Pull request #9554: HUB-99846: handle url as custom page  Merge in AX/attendee-experience-web from hub-99846 to develop  * commit 'd3d0b24a70a0d4fb9983c23e578216889232816b':    fix mock    move url check to a helper function    HUB-99846: replace data tag in external url, make external page open in new tab for mobile and tablet    add new fields of custom page settings to getAttendeeHubConfig    HUB-99846: handle url as custom page"
Wizards - Sprint Muffin,2023/06/20,2023/07/05,PROD-165503,9551,ACheng,0,0,931,826,0,0,0,0,0,1,0,0,MGangani,,"1. HUB-91408: disable attendee-messaging v1 e2e tests when attendeeMessagingV2 feature is on, fix e2es, add some changes made to v1 but not v2
2. revert updating GET_ATTENDEE query in Messaging.js in v2
3. Pull request #9558: HUB-91408: disable attendee-messaging v1 e2e tests when attendeeMessagingV2 feature is on, fix e2es, add some changes made to v1 but not v2  Merge in AX/attendee-experience-web from hub-91408-fix-e2e to release/2.21.0  * commit '01e07280520e0749507b464744265d8dba25c73f':    revert updating GET_ATTENDEE query in Messaging.js in v2    HUB-91408: disable attendee-messaging v1 e2e tests when attendeeMessagingV2 feature is on, fix e2es, add some changes made to v1 but not v2"
Wizards - Sprint Muffin,2023/06/20,2023/07/05,PROD-166071,9551,ACheng,0,0,0,0,0,0,0,0,0,0,0,0,MGangani,,
Sprint Totals,,,,,,PR_ADDED: 0,PR_REMOVED: 0,COMMIT_ADDED: 1599,COMMIT_REMOVED: 973,APPROVED: 0,COMMENTED: 0,DECLINED: 0,MERGED: 0,OPENED: 0,RESCOPED: 1,UNAPPROVED: 0,UPDATED: 0,,,

Overall Totals,,,,,,PR_ADDED: 32354,PR_REMOVED: 12726,COMMIT_ADDED: 3011,COMMIT_REMOVED: 1925,APPROVED: 0,COMMENTED: 0,DECLINED: 2,MERGED: 1,OPENED: 3,RESCOPED: 2,UNAPPROVED: 0,UPDATED: 0,,,
