SPRINT,START_DATE,END_DATE,TICKET,PR_ID,USER,PR_ADDED,PR_REMOVED,COMMIT_ADDED,COMMIT_REMOVED,APPROVED,COMMENTED,DECLINED,MERGED,OPENED,RESCOPED,UNAPPROVED,UPDATED,AUTHOR,COMMENTS,COMMIT_MESSAGES
Krypto Q2 23' S2 (10w 1d),2023/04/19,2023/05/03,PROD-165626,148309,APrajapati,0,0,0,0,0,0,0,0,0,0,0,0,VGadhiya,,"1. Pull request #148214: Survey 67879  Merge in CVT/c4 from survey-67879 to alpha-kr  * commit '8dd9e0a12615c82ed31b809b8f2b867e3e1e6453':    SURVEY-67879: event soa package updated    SURVEY-67879: conflict merge while cherry-pick
2. Pull request #148314: Prod  Merge in CVT/c4 from prod to alpha-kr  * commit '877987522cb1068317daf2f580c0a39af8511368': (35 commits)    fix rollback script    reverting PROD-156244 from ccid-2536 Revert ""Pull request #148142: Prod 156244""    PROD-164836 move scripts to the right folder    PROD-164493:added rfp check    PROD-162762 :Fix for Create proposal failing on step2 for italian locale    PROD-162762 :Fix for Create proposal failing on step2 for italian locale    Revert """"Reverting PROD-164493 from ccid-2531"" Revert ""Pull request #147924: Prod 164493""""    PROD-162762 :Fix for Create proposal failing on step2 for italian locale    PROD-162762 :Fix for Create proposal failing on step2 for italian locale    Lu script for service broker queue    Create service broker queue    PROD-165308: Solution Auditor fixes    PROD-165308: Updated to release version of Cvent.Controls    PROD-165308: Update Cvent.Controls to silo version.    PROD-162687: add indices    [FLEX-87788]: Add rollback file to lu table    [FLEX-87788]: Move sql file to correct LU_Table directory    WEBINAR-6311: Removed unnecessary padding.    WEBINAR-6311: Changed name of class to avoid clashes with same named class in other css files.    WEBINAR-6311: Phrase pull.    ..."
Krypto Q2 23' S2 (10w 1d),2023/04/19,2023/05/03,PROD-165626,148822,APrajapati,8157,1843,0,0,0,0,0,0,0,0,0,0,APrajapati,,
Krypto Q2 23' S2 (10w 1d),2023/04/19,2023/05/03,PROD-165626,149115,APrajapati,0,0,16,4,0,0,0,0,0,0,0,0,SMahale,,1. SURVEY-68120: survey close date related changes
Krypto Q2 23' S2 (10w 1d),2023/04/19,2023/05/03,PROD-165626,149327,APrajapati,0,0,0,0,0,0,0,0,0,0,0,0,THarsh,,
Sprint Totals,,,,,,PR_ADDED: 8157,PR_REMOVED: 1843,COMMIT_ADDED: 16,COMMIT_REMOVED: 4,APPROVED: 0,COMMENTED: 0,DECLINED: 0,MERGED: 0,OPENED: 0,RESCOPED: 0,UNAPPROVED: 0,UPDATED: 0,,,

Overall Totals,,,,,,PR_ADDED: 8157,PR_REMOVED: 1843,COMMIT_ADDED: 16,COMMIT_REMOVED: 4,APPROVED: 0,COMMENTED: 0,DECLINED: 0,MERGED: 0,OPENED: 0,RESCOPED: 0,UNAPPROVED: 0,UPDATED: 0,,,
