SPRINT,START_DATE,END_DATE,TICKET,PR_ID,USER,PR_ADDED,PR_REMOVED,COMMIT_ADDED,COMMIT_REMOVED,APPROVED,COMMENTED,DECLINED,MERGED,OPENED,RESCOPED,UNAPPROVED,UPDATED,AUTHOR,COMMENTS,COMMIT_MESSAGES
Q2 2023 - Sprint 2,2023/04/20,2023/05/03,HUB-96531,800,SNitin,0,0,0,0,0,0,0,0,0,0,0,0,SBundale,,
Q2 2023 - Sprint 2,2023/04/20,2023/05/03,PROD-161513,800,SNitin,0,0,0,0,0,0,0,0,0,0,0,0,SBundale,,
Q2 2023 - Sprint 2,2023/04/20,2023/05/03,PROD-165670,148894,SNitin,4055,5945,0,0,0,0,0,0,0,0,0,0,SNitin,,
Q2 2023 - Sprint 2,2023/04/20,2023/05/03,HUB-97991,148894,SNitin,4055,5945,0,0,0,0,0,0,0,0,0,0,SNitin,,
Sprint Totals,,,,,,PR_ADDED: 8110,PR_REMOVED: 11890,COMMIT_ADDED: 0,COMMIT_REMOVED: 0,APPROVED: 0,COMMENTED: 0,DECLINED: 0,MERGED: 0,OPENED: 0,RESCOPED: 0,UNAPPROVED: 0,UPDATED: 0,,,

Q2 2023 - Sprint 3,2023/05/04,2023/05/17,HUB-97991,148894,SNitin,4055,5945,0,0,0,0,0,0,1,0,0,0,SNitin,,
Sprint Totals,,,,,,PR_ADDED: 4055,PR_REMOVED: 5945,COMMIT_ADDED: 0,COMMIT_REMOVED: 0,APPROVED: 0,COMMENTED: 0,DECLINED: 0,MERGED: 0,OPENED: 1,RESCOPED: 0,UNAPPROVED: 0,UPDATED: 0,,,

Q2 2023 - Sprint 4,2023/05/18,2023/05/31,HUB-81906,800,SNitin,0,0,0,0,0,0,0,0,0,0,0,0,SBundale,,
Q2 2023 - Sprint 4,2023/05/18,2023/05/31,HUB-97179,800,SNitin,0,0,0,0,0,0,0,0,0,0,0,0,SBundale,,
Q2 2023 - Sprint 4,2023/05/18,2023/05/31,PROD-167423,800,SNitin,0,0,0,0,0,0,0,0,0,0,0,0,SBundale,,
Q2 2023 - Sprint 4,2023/05/18,2023/05/31,HUB-84318,10210,SNitin,0,0,436,264,0,0,0,0,0,0,0,0,QTP Man,,"1. PROD-168120  Cvent.Framework.API,Cvent.Framework.Shared,Cvent.Framework.Client packages updated.
2. PROD-168120.Review comment resolved.
3. PROD-168120  Global.asax.cs file authBaseAddress regarding changes"
Q2 2023 - Sprint 4,2023/05/18,2023/05/31,HUB-84318,12059,SNitin,0,0,0,0,0,0,0,0,0,0,0,0,SBundale,,
Q2 2023 - Sprint 4,2023/05/18,2023/05/31,HUB-99072,240,SNitin,0,0,0,0,0,0,0,0,0,0,0,0,SBundale,,
Q2 2023 - Sprint 4,2023/05/18,2023/05/31,PROD-166215,11997,SNitin,0,0,0,0,0,0,0,0,0,0,0,0,SBundale,,
Sprint Totals,,,,,,PR_ADDED: 0,PR_REMOVED: 0,COMMIT_ADDED: 436,COMMIT_REMOVED: 264,APPROVED: 0,COMMENTED: 0,DECLINED: 0,MERGED: 0,OPENED: 0,RESCOPED: 0,UNAPPROVED: 0,UPDATED: 0,,,

Q2 2023 - Sprint 5,2023/06/01,2023/06/14,HUB-84318,12059,SNitin,0,0,0,0,0,0,0,0,0,0,0,0,SBundale,,
Q2 2023 - Sprint 5,2023/06/01,2023/06/14,HUB-93099,800,SNitin,0,0,0,0,0,0,0,0,0,0,0,0,SBundale,,
Q2 2023 - Sprint 5,2023/06/01,2023/06/14,HUB-97181,800,SNitin,0,0,0,0,0,0,0,0,0,0,0,0,SBundale,,
Q2 2023 - Sprint 5,2023/06/01,2023/06/14,HUB-99072,240,SNitin,0,0,0,0,0,0,0,0,0,0,0,0,SBundale,,
Q2 2023 - Sprint 5,2023/06/01,2023/06/14,HUB-101321,800,SNitin,0,0,0,0,0,0,0,0,0,0,0,0,SBundale,,
Q2 2023 - Sprint 5,2023/06/01,2023/06/14,PROD-166215,11997,SNitin,0,0,0,0,0,0,0,0,0,0,0,0,SBundale,,
Q2 2023 - Sprint 5,2023/06/01,2023/06/14,PROD-168082,148894,SNitin,4055,5945,0,0,0,0,0,0,0,0,0,0,SNitin,,
Q2 2023 - Sprint 5,2023/06/01,2023/06/14,HUB-93473,800,SNitin,0,0,0,0,0,0,0,0,0,0,0,0,SBundale,,
Sprint Totals,,,,,,PR_ADDED: 4055,PR_REMOVED: 5945,COMMIT_ADDED: 0,COMMIT_REMOVED: 0,APPROVED: 0,COMMENTED: 0,DECLINED: 0,MERGED: 0,OPENED: 0,RESCOPED: 0,UNAPPROVED: 0,UPDATED: 0,,,

Q2 2023 - Sprint 6,2023/06/15,2023/06/28,HUB-93473,800,SNitin,0,0,0,0,0,0,0,0,0,0,0,0,SBundale,,
Q2 2023 - Sprint 6,2023/06/15,2023/06/28,HUB-101419,800,SNitin,0,0,0,0,0,0,0,0,0,0,0,0,SBundale,,
Q2 2023 - Sprint 6,2023/06/15,2023/06/28,HUB-104409,800,SNitin,0,0,0,0,0,0,0,0,0,0,0,0,SBundale,,
Q2 2023 - Sprint 6,2023/06/15,2023/06/28,HUB-104518,800,SNitin,0,0,0,0,0,0,0,0,0,0,0,0,SBundale,,
Sprint Totals,,,,,,PR_ADDED: 0,PR_REMOVED: 0,COMMIT_ADDED: 0,COMMIT_REMOVED: 0,APPROVED: 0,COMMENTED: 0,DECLINED: 0,MERGED: 0,OPENED: 0,RESCOPED: 0,UNAPPROVED: 0,UPDATED: 0,,,

Overall Totals,,,,,,PR_ADDED: 16220,PR_REMOVED: 23780,COMMIT_ADDED: 436,COMMIT_REMOVED: 264,APPROVED: 0,COMMENTED: 0,DECLINED: 0,MERGED: 0,OPENED: 1,RESCOPED: 0,UNAPPROVED: 0,UPDATED: 0,,,
