SPRINT,START_DATE,END_DATE,TICKET,PR_ID,USER,PR_ADDED,PR_REMOVED,COMMIT_ADDED,COMMIT_REMOVED,APPROVED,COMMENTED,DECLINED,MERGED,OPENED,RESCOPED,UNAPPROVED,UPDATED,AUTHOR,COMMENTS,COMMIT_MESSAGES
Q2 - WOW - S10(11 - 24 May) 30,2023/05/11,2023/05/24,PROD-166742,149870,Himanshu.Gupta,8642,1358,40,3,0,0,0,0,0,0,0,0,Himanshu.Gupta,,"1. Merge branch 'prod' of ssh://stash:7999/cvt/c4 into webinar-7318
2. Webinar-7318:Changes to add broadcasttype in query param for embedded cvent studio solution type
3. Webinar-7343 Chnages to update studio video setting order"
Q2 - WOW - S10(11 - 24 May) 30,2023/05/11,2023/05/24,WEBINAR-7045,149870,Himanshu.Gupta,8642,1358,0,0,0,0,0,0,0,0,0,0,Himanshu.Gupta,,
Sprint Totals,,,,,,PR_ADDED: 17284,PR_REMOVED: 2716,COMMIT_ADDED: 40,COMMIT_REMOVED: 3,APPROVED: 0,COMMENTED: 0,DECLINED: 0,MERGED: 0,OPENED: 0,RESCOPED: 0,UNAPPROVED: 0,UPDATED: 0,,,

Overall Totals,,,,,,PR_ADDED: 17284,PR_REMOVED: 2716,COMMIT_ADDED: 40,COMMIT_REMOVED: 3,APPROVED: 0,COMMENTED: 0,DECLINED: 0,MERGED: 0,OPENED: 0,RESCOPED: 0,UNAPPROVED: 0,UPDATED: 0,,,
