SPRINT,START_DATE,END_DATE,TICKET,PR_ID,USER,PR_ADDED,PR_REMOVED,COMMIT_ADDED,COMMIT_REMOVED,APPROVED,COMMENTED,DECLINED,MERGED,OPENED,RESCOPED,UNAPPROVED,UPDATED,AUTHOR,COMMENTS,COMMIT_MESSAGES
Q2 2023 - Sprint 2,2023/04/20,2023/05/03,HUB-81337,9157,Rashi.Gupta,0,0,0,0,1,0,0,0,0,0,0,0,Bhupendra.Kumar,,
Q2 2023 - Sprint 2,2023/04/20,2023/05/03,HUB-94986,3502,Rashi.Gupta,0,0,0,0,1,0,0,0,0,0,0,0,Kailash.Goswami,,
Q2 2023 - Sprint 2,2023/04/20,2023/05/03,HUB-96531,761,Rashi.Gupta,160,7,160,7,0,1,0,1,1,1,0,0,Rashi.Gupta,1. well the assumption is that only one record will be there.. and i think it is based on the fact that we determine uniqueness either based on FN/LN/EA or just EA depending on what is selected at the account level. and this is something that is going to be called by App Support.,"1. HUB-96531: Make GDPR work on defined contract
2. HUB-96531: Add changeset"
Q2 2023 - Sprint 2,2023/04/20,2023/05/03,HUB-96531,749,Rashi.Gupta,110,10,119,19,0,0,1,0,1,0,0,0,Rashi.Gupta,,"1. HUB-96531: Add support for obfuscation by contactids and add account id to the header
2. HUB-96531: Remove maven compiler plugin"
Q2 2023 - Sprint 2,2023/04/20,2023/05/03,PROD-161513,736,Rashi.Gupta,0,0,0,0,0,0,0,0,0,0,0,0,Vidul.Kumar,,
Q2 2023 - Sprint 2,2023/04/20,2023/05/03,PROD-161513,740,Rashi.Gupta,0,0,0,0,0,0,0,0,0,0,0,0,Vidul.Kumar,,
Q2 2023 - Sprint 2,2023/04/20,2023/05/03,PROD-161513,17372,Rashi.Gupta,0,0,0,0,0,0,0,0,0,0,0,0,Vidul.Kumar,,
Q2 2023 - Sprint 2,2023/04/20,2023/05/03,PROD-165057,3469,Rashi.Gupta,0,0,0,0,1,1,0,0,0,0,0,0,Navin.Sharma,1. why the need for <string|undefined> expilcity?,
Q2 2023 - Sprint 2,2023/04/20,2023/05/03,PROD-166430,3498,Rashi.Gupta,0,0,0,0,1,0,0,0,0,0,0,0,Bhupendra.Kumar,,
Q2 2023 - Sprint 2,2023/04/20,2023/05/03,HUB-84671,238,Rashi.Gupta,0,0,0,0,1,1,0,0,0,0,0,0,Navin.Sharma,1. should it be left navigation?,
Q2 2023 - Sprint 2,2023/04/20,2023/05/03,HUB-84671,1447,Rashi.Gupta,0,0,0,0,1,1,0,0,0,0,0,0,Navin.Sharma,1. i hope we have a feature flag added for this so it doesn't start appearing in production after the weekly deployment.,
Q2 2023 - Sprint 2,2023/04/20,2023/05/03,HUB-97991,1450,Rashi.Gupta,0,0,0,0,1,2,0,0,0,0,0,0,Bhupendra.Kumar,"1. it should be based on the account level flag and experiment. I don't think it should be set to true always.
2. i think we should rename these props to indicate they belong to writing assistant",
Q2 2023 - Sprint 2,2023/04/20,2023/05/03,HUB-97991,1451,Rashi.Gupta,0,0,0,0,0,0,0,0,0,0,0,0,ARohilla,,
Q2 2023 - Sprint 2,2023/04/20,2023/05/03,HUB-97991,1483,Rashi.Gupta,0,0,0,0,0,0,0,0,0,0,0,0,ARohilla,,
Q2 2023 - Sprint 2,2023/04/20,2023/05/03,HUB-97991,1484,Rashi.Gupta,0,0,0,0,0,0,0,0,0,0,0,0,Bhupendra.Kumar,,
Q2 2023 - Sprint 2,2023/04/20,2023/05/03,PROD-166104,147,Rashi.Gupta,0,0,0,0,1,1,0,0,0,0,0,1,Vidul.Kumar,1. any major impact of this change? any existing stuff that might break?,
Sprint Totals,,,,,,PR_ADDED: 270,PR_REMOVED: 17,COMMIT_ADDED: 279,COMMIT_REMOVED: 26,APPROVED: 8,COMMENTED: 7,DECLINED: 1,MERGED: 1,OPENED: 2,RESCOPED: 1,UNAPPROVED: 0,UPDATED: 1,,,

Q2 2023 - Sprint 3,2023/05/04,2023/05/17,HUB-84671,238,Rashi.Gupta,0,0,0,0,0,0,0,0,0,0,0,0,Navin.Sharma,,
Q2 2023 - Sprint 3,2023/05/04,2023/05/17,HUB-84671,1447,Rashi.Gupta,0,0,0,0,0,0,0,0,0,0,0,0,Navin.Sharma,,
Q2 2023 - Sprint 3,2023/05/04,2023/05/17,HUB-85259,9267,Rashi.Gupta,0,0,0,0,1,0,0,0,0,0,0,0,Bhupendra.Kumar,,
Q2 2023 - Sprint 3,2023/05/04,2023/05/17,HUB-94106,9216,Rashi.Gupta,0,0,0,0,1,0,0,0,0,0,0,0,Navin.Sharma,,
Q2 2023 - Sprint 3,2023/05/04,2023/05/17,HUB-97991,1450,Rashi.Gupta,0,0,0,0,0,0,0,0,0,0,0,0,Bhupendra.Kumar,,
Q2 2023 - Sprint 3,2023/05/04,2023/05/17,HUB-97991,1451,Rashi.Gupta,0,0,0,0,0,0,0,0,0,0,0,0,ARohilla,,
Q2 2023 - Sprint 3,2023/05/04,2023/05/17,HUB-97991,1483,Rashi.Gupta,0,0,0,0,1,0,0,0,0,0,0,0,ARohilla,,
Q2 2023 - Sprint 3,2023/05/04,2023/05/17,HUB-97991,1484,Rashi.Gupta,0,0,0,0,1,0,0,0,0,0,0,0,Bhupendra.Kumar,,
Q2 2023 - Sprint 3,2023/05/04,2023/05/17,HUB-98016,3539,Rashi.Gupta,0,0,0,0,1,0,0,0,0,0,0,0,Pratik.Yadav,,
Q2 2023 - Sprint 3,2023/05/04,2023/05/17,PROD-166104,147,Rashi.Gupta,0,0,0,0,0,0,0,0,0,0,0,0,Vidul.Kumar,,
Q2 2023 - Sprint 3,2023/05/04,2023/05/17,HUB-94839,277,Rashi.Gupta,395,12,0,0,0,0,0,0,0,0,0,0,Rashi.Gupta,,
Q2 2023 - Sprint 3,2023/05/04,2023/05/17,HUB-94839,747,Rashi.Gupta,10,0,0,0,0,0,0,0,0,0,0,0,Rashi.Gupta,,
Q2 2023 - Sprint 3,2023/05/04,2023/05/17,HUB-94839,237,Rashi.Gupta,279,11,0,0,0,0,0,0,0,0,0,0,Rashi.Gupta,,
Sprint Totals,,,,,,PR_ADDED: 684,PR_REMOVED: 23,COMMIT_ADDED: 0,COMMIT_REMOVED: 0,APPROVED: 5,COMMENTED: 0,DECLINED: 0,MERGED: 0,OPENED: 0,RESCOPED: 0,UNAPPROVED: 0,UPDATED: 0,,,

Q2 2023 - Sprint 4,2023/05/18,2023/05/31,HUB-95866,9406,Rashi.Gupta,0,0,0,0,1,0,0,0,0,0,0,0,Pratik.Yadav,,
Q2 2023 - Sprint 4,2023/05/18,2023/05/31,HUB-97179,781,Rashi.Gupta,0,0,0,0,0,0,0,0,0,0,0,0,ARohilla,,
Q2 2023 - Sprint 4,2023/05/18,2023/05/31,PROD-167423,768,Rashi.Gupta,0,0,0,0,0,10,0,0,0,0,0,0,David.Collins,"1. they should be part of request body as stated in the open api PR.
2. @""Bhupendra.Kumar"" was it needed for recall or mocking?
3. please make sure we are not persisting these notifications in the DB.
4. is there a reason account id isn't available in the calling endpoint? sorry if it is being asked before.
5. should it be 202?
6. is this id persisted anywhere? in other words, how would we be able to use this id for troubleshooting?
7. what do we use `STREAM_CHANNEL_KEY` for in NGC?
8. there shouldn't be any recipient or content callback for messaging notifications since we are passing them inline.
9. yes we should remove that and pass the content/template inline.
10. thats weird. something might have changed because they should run in CI. @""Bhupendra.Kumar"" create a ticket to investigate this.",
Q2 2023 - Sprint 4,2023/05/18,2023/05/31,HUB-84318,11890,Rashi.Gupta,0,0,0,0,0,0,0,0,0,0,0,0,ARohilla,,
Sprint Totals,,,,,,PR_ADDED: 0,PR_REMOVED: 0,COMMIT_ADDED: 0,COMMIT_REMOVED: 0,APPROVED: 1,COMMENTED: 10,DECLINED: 0,MERGED: 0,OPENED: 0,RESCOPED: 0,UNAPPROVED: 0,UPDATED: 0,,,

Q2 2023 - Sprint 5,2023/06/01,2023/06/14,HUB-84318,11890,Rashi.Gupta,0,0,0,0,0,0,0,0,0,0,0,0,ARohilla,,
Q2 2023 - Sprint 5,2023/06/01,2023/06/14,HUB-94839,277,Rashi.Gupta,395,12,0,0,0,0,0,0,0,0,0,0,Rashi.Gupta,,
Q2 2023 - Sprint 5,2023/06/01,2023/06/14,HUB-94839,747,Rashi.Gupta,10,0,0,0,0,0,0,0,0,0,0,0,Rashi.Gupta,,
Q2 2023 - Sprint 5,2023/06/01,2023/06/14,HUB-94839,237,Rashi.Gupta,279,11,14,16,0,0,0,0,0,0,0,0,Rashi.Gupta,,1. HUB-94839: fixing unit tests and use new client for GDPR that works on contact info
Q2 2023 - Sprint 5,2023/06/01,2023/06/14,HUB-97982,9483,Rashi.Gupta,0,0,0,0,1,0,0,0,0,0,0,0,Navin.Sharma,,
Q2 2023 - Sprint 5,2023/06/01,2023/06/14,HUB-101321,783,Rashi.Gupta,0,0,0,0,1,0,0,0,0,0,0,0,Bhupendra.Kumar,,
Q2 2023 - Sprint 5,2023/06/01,2023/06/14,PROD-167883,3583,Rashi.Gupta,0,0,0,0,1,0,0,0,0,0,0,0,Bhupendra.Kumar,,
Q2 2023 - Sprint 5,2023/06/01,2023/06/14,PROD-168082,150258,Rashi.Gupta,0,0,0,0,2,4,0,0,0,0,1,0,Pratik.Yadav,"1. this call is not required to be in the loop?
2. otherwise you'll get an issue saying ""create 200+ segments....""?
3. hmm yea better address it with this PR.
4. this has ""g"" in lowercase https://stash.cvent.net/projects/CVT/repos/c4/browse/VSProjects/Cvent.Subscribers.Event/Cvent.Subscribers.Event/MVC/MobileApp/MobileAppNotifications/MobileAppNotificationsController.cs#944.  in C#, i think method names are pascal cased. you can probably update it with this PR.",
Q2 2023 - Sprint 5,2023/06/01,2023/06/14,HUB-93473,788,Rashi.Gupta,0,0,0,0,0,0,0,0,0,0,0,0,ARohilla,,
Q2 2023 - Sprint 5,2023/06/01,2023/06/14,HUB-101324,9577,Rashi.Gupta,0,0,0,0,0,0,0,0,0,0,0,0,Bhupendra.Kumar,,
Sprint Totals,,,,,,PR_ADDED: 684,PR_REMOVED: 23,COMMIT_ADDED: 14,COMMIT_REMOVED: 16,APPROVED: 5,COMMENTED: 4,DECLINED: 0,MERGED: 0,OPENED: 0,RESCOPED: 0,UNAPPROVED: 1,UPDATED: 0,,,

Q2 2023 - Sprint 6,2023/06/15,2023/06/28,HUB-92821,9540,Rashi.Gupta,0,0,0,0,1,0,0,0,0,0,0,0,Bhupendra.Kumar,,
Q2 2023 - Sprint 6,2023/06/15,2023/06/28,HUB-93473,788,Rashi.Gupta,0,0,0,0,0,5,0,0,0,0,0,0,ARohilla,"1. Open API PR?
2. why first index? can there be more?
3. null or 0?
4. can you use something like contains?
5. what moved? i still see changes here?",
Q2 2023 - Sprint 6,2023/06/15,2023/06/28,HUB-93473,800,Rashi.Gupta,0,0,223,9,0,0,0,0,0,0,0,0,SBundale,,"1. NA-0: notify owner of the merge PR of the status of the build after merge
2. NA-0: adding changeset
3. Pull request #792: Update channels list  Merge in FAL/notifications from update-channels-list to master  * commit '30640d60bf4127b803797b0314b13a5a346c7667':    NA-0: adding changeset    NA-0: notify owner of the merge PR of the status of the build after merge
4. HUB-104518: Add message count endpoint; a wrapper around pubnub count api
5. HUB-104518: Added attendeePushToken to karate ci config
6. HUB-104518: Add unit test for covering internal server error
7. Pull request #798: HUB-104518: Add message count endpoint; a wrapper around pubnub count api  Merge in FAL/notifications from hub-104518 to master  * commit 'e4f34d8d7d074451d4065f91e40b6f53c0df3e6d':    HUB-104518: Add unit test for covering internal server error    HUB-104518: Added attendeePushToken to karate ci config    HUB-104518: Add message count endpoint; a wrapper around pubnub count api"
Q2 2023 - Sprint 6,2023/06/15,2023/06/28,HUB-99209,6916,Rashi.Gupta,0,0,0,0,1,5,0,0,0,0,0,0,ARohilla,"1. the other keys in this file are camel cased
2. should they be here or in eventprivacycompliancepolicy?
3. refer to my pevious comment.
4. the already added fields are being used at line no. 28 so i am not sure what is reason for adding these new fields here.
5. right I know what we want to do as part of this story. what I'm coming from is the following comment. It sounds like this is created to just add some additional properties and rest should be available. @""Vidul.Kumar"" any insight?  ```  /// <summary>      /// To sync the ""Event Privacy Compliance Policy"" with IX we need to add some additional properties.      /// This class just extends EventPrivacyCompliancePolicy and adds them in.      /// </summary>  ```",
Q2 2023 - Sprint 6,2023/06/15,2023/06/28,HUB-101324,9577,Rashi.Gupta,0,0,0,0,1,1,0,0,0,0,0,0,Bhupendra.Kumar,1. these defaults are recommended by PubNub?,
Q2 2023 - Sprint 6,2023/06/15,2023/06/28,HUB-101419,796,Rashi.Gupta,0,0,0,0,1,0,0,0,0,0,0,0,Pratik.Yadav,,
Q2 2023 - Sprint 6,2023/06/15,2023/06/28,HUB-103100,1561,Rashi.Gupta,0,0,0,0,1,0,0,0,0,0,0,0,Bhupendra.Kumar,,
Q2 2023 - Sprint 6,2023/06/15,2023/06/28,HUB-103238,3622,Rashi.Gupta,0,0,0,0,0,1,0,0,0,0,0,0,Navin.Sharma,1. can we make this clear that this is for documents by renaming it to something more like sessionRegistrationRequiredForDocAccess?,
Q2 2023 - Sprint 6,2023/06/15,2023/06/28,HUB-104409,797,Rashi.Gupta,0,0,0,0,1,1,0,0,0,0,0,0,Pratik.Yadav,1. i am not sure should this be done,
Q2 2023 - Sprint 6,2023/06/15,2023/06/28,HUB-104518,798,Rashi.Gupta,217,8,0,0,0,5,0,1,1,2,0,0,Rashi.Gupta,"1. we could make it a list, but its not a requirement and only needed for integration test
2. no because length differs from feature to feature
3. i did look at adding that, but it is thrown when some exception from PubNub is thrown which will need to be mocked somehow and I don't see value in adding it. let me know your thoughts.
4. added.
5. i find it a bit weird to add that to config..",
Q2 2023 - Sprint 6,2023/06/15,2023/06/28,PROD-169707,1907,Rashi.Gupta,0,0,0,0,1,0,0,0,0,0,0,1,Bhupendra.Kumar,,
Q2 2023 - Sprint 6,2023/06/15,2023/06/28,HUB-98885,277,Rashi.Gupta,395,12,0,0,0,0,0,0,0,0,0,0,Rashi.Gupta,,
Q2 2023 - Sprint 6,2023/06/15,2023/06/28,HUB-98885,813,Rashi.Gupta,15,8,0,0,0,0,0,0,0,0,0,0,Rashi.Gupta,,
Q2 2023 - Sprint 6,2023/06/15,2023/06/28,HUB-101080,9592,Rashi.Gupta,0,0,0,0,0,0,0,0,0,0,0,0,Suraj.Verma,,
Q2 2023 - Sprint 6,2023/06/15,2023/06/28,PROD-169805,9639,Rashi.Gupta,0,0,0,0,0,0,0,0,0,0,0,0,Vidul.Kumar,,
Sprint Totals,,,,,,PR_ADDED: 627,PR_REMOVED: 28,COMMIT_ADDED: 223,COMMIT_REMOVED: 9,APPROVED: 7,COMMENTED: 18,DECLINED: 0,MERGED: 1,OPENED: 1,RESCOPED: 2,UNAPPROVED: 0,UPDATED: 1,,,

Overall Totals,,,,,,PR_ADDED: 2265,PR_REMOVED: 91,COMMIT_ADDED: 516,COMMIT_REMOVED: 51,APPROVED: 26,COMMENTED: 39,DECLINED: 1,MERGED: 2,OPENED: 3,RESCOPED: 3,UNAPPROVED: 1,UPDATED: 2,,,
