SPRINT,START_DATE,END_DATE,TICKET,PR_ID,USER,PR_ADDED,PR_REMOVED,COMMIT_ADDED,COMMIT_REMOVED,APPROVED,COMMENTED,DECLINED,MERGED,OPENED,RESCOPED,UNAPPROVED,UPDATED,AUTHOR,COMMENTS,COMMIT_MESSAGES
Quasar: H'23 (Apr 13- Apr 26),2023/04/13,2023/04/26,CINT-24682,1320,MGupta1,0,0,0,0,0,0,0,0,0,0,0,0,Vandana.Yadav,,
Quasar: H'23 (Apr 13- Apr 26),2023/04/13,2023/04/26,WEBINAR-6104,1326,MGupta1,0,0,0,0,1,0,0,0,0,0,0,0,Gaurav.Kansal,,
Quasar: H'23 (Apr 13- Apr 26),2023/04/13,2023/04/26,WEBINAR-6554,1352,MGupta1,0,0,0,0,0,0,0,0,0,0,0,0,A.Bawa,,
Quasar: H'23 (Apr 13- Apr 26),2023/04/13,2023/04/26,WEBINAR-6554,1357,MGupta1,60,10,0,0,0,0,0,0,0,0,0,0,MGupta1,,
Sprint Totals,,,,,,PR_ADDED: 60,PR_REMOVED: 10,COMMIT_ADDED: 0,COMMIT_REMOVED: 0,APPROVED: 1,COMMENTED: 0,DECLINED: 0,MERGED: 0,OPENED: 0,RESCOPED: 0,UNAPPROVED: 0,UPDATED: 0,,,

Quasar: I'23 (Apr 27- May 10),2023/04/27,2023/05/10,WEBINAR-9801,1352,MGupta1,0,0,0,0,0,1,0,0,0,0,0,1,A.Bawa,1. Blocking this PR from merge as it is breaking studio in staging,
Quasar: I'23 (Apr 27- May 10),2023/04/27,2023/05/10,WEBINAR-9801,1357,MGupta1,60,10,0,0,0,0,0,0,0,0,0,0,MGupta1,,
Quasar: I'23 (Apr 27- May 10),2023/04/27,2023/05/10,WEBINAR-9806,1352,MGupta1,0,0,0,0,0,0,0,0,0,0,0,0,A.Bawa,,
Sprint Totals,,,,,,PR_ADDED: 60,PR_REMOVED: 10,COMMIT_ADDED: 0,COMMIT_REMOVED: 0,APPROVED: 0,COMMENTED: 1,DECLINED: 0,MERGED: 0,OPENED: 0,RESCOPED: 0,UNAPPROVED: 0,UPDATED: 1,,,

Quasar: J'23 (May 11- May 24),2023/05/11,2023/05/24,WEBINAR-8119,1352,MGupta1,0,0,0,0,1,0,0,1,0,0,0,0,A.Bawa,,
Quasar: J'23 (May 11- May 24),2023/05/11,2023/05/24,WEBINAR-8119,1357,MGupta1,60,10,1931,217,0,0,0,1,1,1,0,0,MGupta1,,"1. Pull request #1352: Release/1.36.x  Merge in API/universal-webcast from release/1.36.x to master  Squashed commit of the following:  commit cde5538a8ff00356ff0509eaa32fcd3af699b5b8  Author: amans <amans@cvent.com>  Date:   Mon May 15 20:35:08 2023 +0530      Preparing for release 1.36  commit 5f1c7f66b0135c8c76130023f1470fe4203135c2  Author: Jenkins <jenkins@cvent.com>  Date:   Mon May 15 06:46:33 2023 +0000      RELEASE: universal-webcast@1.36.1  commit 971b42b3ac4b65dcbe389ea002ed2d996d6a42b3  Author: Kumar, Ankit <AKumar8@cvent.com>  Date:   Mon May 15 04:45:41 2023 +0000      Pull request #1356: WEBINAR-6725: In getwebcastLink call if token has empty roles and contains userStub is considering as Planner      Merge in API/universal-webcast from WEBINAR-6725 to release/1.36.x      Squashed commit of the following:      commit aafcd83990096eed0d6d9c52ea3251b90ddb9d47      Author: a-kumar8 <akumar8@cvent.com>      Date:   Fri May 12 19:26:21 2023 +0530          WEBINAR-6725: lint error fix      commit 4d00d8f8ebb1f67e842f4dcfda1ec8615672879b      Author: a-kumar8 <akumar8@cvent.com>      Date:   Fri May 12 19:06:48 2023 +0530          WEBINAR-6725: In getwebcastLink call if token has empty roles and contains userStub is considering as Planner  commit 3bda0eb33303d732b19cb7c2a6fc1ac582ed28fe  Author: Jenkins <jenkins@cvent.com>  Date:   Tue May 9 09:11:45 2023 +0000      RELEASE: universal-webcast@1.36.0  commit 9b1de14e83e00af120bb9dba2c08f0a69ec22452  Author: Amanpreet Bawa <a.bawa@cvent.com>  Date:   Tue May 9 13:38:53 2023 +0530      WEBINAR-8119: revision  commit d2a9f04609eb2608a5676c54f0a6265a5e61c39f  Author: Amanpreet Bawa <a.bawa@cvent.com>  Date:   Tue May 9 13:38:33 2023 +0530      WEBINAR-8119: changeset  commit 11b3ddcc5be6b2dacd606aea94e6298f5b756734  Merge: 3ee324105 e65ec556c  Author: Kaushik, Divyam <Divyam.Kaushik@cvent.com>  Date:   Tue May 9 05:00:10 2023 +0000      Pull request #1342: WEBINAR-6554: Update IVS Deactivation flow for Embedded CVC      Merge in API/universal-webcast from webinar-6554 to develop      * commit 'e65ec556c0eddc45c35589cecb57f7968e7a809f':        WEBINAR-6554: checkstyle fix        WEBINAR-6554: Adding test case for after session end ivs stream end        WEBINAR-6554: Adding test case for after session end ivs stream end        Applied suggestion        WEBINAR-6554: returning null when Session end time not met        WEBINAR-6554: Changes regarding respective UT        WEBINAR-6554: Changes regarding respective UT        WEBINAR-6554: Changes regarding respective UT        WEBINAR-6554: Changes regarding respective UT        WEBINAR-6554: Changes regarding getScheduleExecution        WEBINAR-6554: Changes regarding the respective UT        WEBINAR-6554: Update IVS Deactivation flow for Embedded CVC  commit 3ee324105664efab88351e4e938e1186f266653d  Author: Kumar, Ankit <AKumar8@cvent.com>  Date:   Tue May 9 04:55:37 2023 +0000      Pull request #1327: STUD-1691: Sends userType (Planner, Director, Presenter, System) in upsert user studio api payload.      Merge in API/universal-webcast from t-stud-1691 to develop      Squashed commit of the following:      commit da1bf7ce5bbd439b22ba9ad1e4267abe68815290      Merge: 903c6cd3f 8fd6a3458      Author: a-kumar8 <akumar8@cvent.com>      Date:   Thu May 4 11:03:16 2023 +0530          Merge branch 'develop' of https://stash.cvent.net/scm/api/universal-webcast into t-stud-1691      commit 903c6cd3f6804a3486da121aa505c7cd2ebf70ec      Merge: fdf6c1ff7 a463b6cae      Author: a-kumar8 <akumar8@cvent.com>      Date:   Tue May 2 09:22:53 2023 +0530          Merge branch 'develop' of https://stash.cvent.net/scm/api/universal-webcast into t-stud-1691      commit fdf6c1ff7195718840747c47a95c65a7ccd21922      Author: Gupta, Mohit <mgupta1@cvent.com>      Date:   Sat Apr 29 15:24:48 2023 +0530          STUD-1691: Restrict speaker url to be sent when the role is Host/Planner for studio      commit 938c30dba015c5e13375ed38e4c46ef2f75fd4a0      Author: Gupta, Mohit <mgupta1@cvent.com>      Date:   Sat Apr 29 14:48:26 2023 +0530          STUD-1691: Fixes lint issue      commit 74615b4f6f04e821faa6ad701dd0aa6c5455d444      Author: Gupta, Mohit <mgupta1@cvent.com>      Date:   Sat Apr 29 14:41:29 2023 +0530          STUD-1691: Fixes ITs      commit 9a1139a58c235dcf09735fd4c7d8a2531d20046a      Author: a-kumar8 <akumar8@cvent.com>      Date:   Fri Apr 28 20:19:42 2023 +0530          STUD-1691: removed role from ConfrenceEntityParam      commit 474c5db79f986ee1380d47e2a1440d49b4047ef6      Author: a-kumar8 <akumar8@cvent.com>      Date:   Fri Apr 28 16:31:40 2023 +0530          STUD-1961: fixing build fail      commit 528a18367076c5be30a6200456a23111e4a114c0      Author: a-kumar8 <akumar8@cvent.com>      Date:   Fri Apr 28 16:09:35 2023 +0530          STUD-1961: removed unwanted unit test      commit d2f88b7cf8b0481a8d5f147f5849113e4b09fd50      Merge: d33dfc912 cec4ccab6      Author: a-kumar8 <akumar8@cvent.com>      Date:   Fri Apr 28 15:34:24 2023 +0530          Merge branch 'develop' of https://stash.cvent.net/scm/api/universal-webcast into t-stud-1691      commit d33dfc9126e7532d304e848cea885ab392c3b7ff      Author: a-kumar8 <akumar8@cvent.com>      Date:   Fri Apr 28 15:33:07 2023 +0530          STUD-1691: getWebcastlink flow modification as per discussion and testcase update      commit 3da26a577895f7d2572d7aeaa6a0671214679eea      Author: a-kumar8 <akumar8@cvent.com>      Date:   Thu Apr 27 20:32:02 2023 +0530          STUD-1691: added test case      commit b9d2404a3eb5120fa2f959f8966604d8bb9cb766      Author: a-kumar8 <akumar8@cvent.com>      Date:   Wed Apr 26 23:22:55 2023 +0530          STUD-1691: for get broadcast link test added different solution type      commit 17d071fd2545b9d93ac0a23487022e90f9b5f851      Author: a-kumar8 <akumar8@cvent.com>      Date:   Wed Apr 26 17:48:20 2023 +0530          STUD-1691: updated java doc in UserRequest for userType      commit 0b2c796b9d7ec41a7ad39eb2f41b587e391d5c7e      Author: a-kumar8 <akumar8@cvent.com>      Date:   Tue Apr 25 22:51:38 2023 +0530          STUD-1691: review suggestion for optimisation      commit 6a31f8e51c011810d995d063cc2f5dc768e6763b      Author: a-kumar8 <akumar8@cvent.com>      Date:   Tue Apr 25 20:14:07 2023 +0530          STUD-1691: review change      commit c813cab4058525f0e66c27cf16040707f47817ff      Author: a-kumar8 <akumar8@cvent.com>      Date:   Tue Apr 25 17:44:32 2023 +0530          STUD-1691: added review suggestions      commit 5a66c1fa778203d2c874f7714d2ea4364324c0ee      Author: a-kumar8 <akumar8@cvent.com>      Date:   Tue Apr 25 14:25:13 2023 +0530          STUD-1691: UT added and doc updated      commit 10173934f76e73a29bd368ef32df284c0f93c3ee      Author: a-kumar8 <akumar8@cvent.com>      Date:   Tue Apr 25 12:27:04 2023 +0530          STUD-1691: handled no_content for empty response in getWebcastLink api      commit b988b6255c0d17dd90e6a1896b464d2a51a565a8      Author: a-kumar8 <akumar8@cvent.com>      Date:   Tue Apr 25 01:29:07 2023 +0530          STUD-1691: handled role for planner      commit af4f72e4ea341bb387b10826de7e6116f424617b      Author: a-kumar8 <akumar8@cvent.com>      Date:   Mon Apr 24 20:56:23 2023 +0530          STUD-1691: code cleanup and UT update      ... and 45 more commits  commit 0659db07dad45e5345c78b8c6937aa601f8b7571  Merge: 5328c7441 1a57603af  Author: Carrero, Luis <LCarrero@cvent.com>  Date:   Mon May 8 19:02:46 2023 +0000      Pull request #1351: PROD-164864: Delete stream key before stopping stream when deactivating channel with force set to true      Merge in API/universal-webcast from bugfix/PROD-164864 to develop      * commit '1a57603af450bff148a747b5800fde793f257708':        PROD-164864: Delete stream key before stopping stream when deactivating channel with force set to true  commit e65ec556c0eddc45c35589cecb57f7968e7a809f  Author: Kaushik <divyam.kaushik@cvent.com>  Date:   Mon May 8 23:37:12 2023 +0530      WEBINAR-6554: checkstyle fix  commit 1a57603af450bff148a747b5800fde793f257708  Author: Carrero, Luis <lcarrero@cvent.com>  Date:   Mon May 8 13:03:12 2023 -0500      PROD-164864: Delete stream key before stopping stream when deactivating channel with force set to true  commit abbaa50bb9b268ed7fdb5147ac89166e32f58922  Author: Kaushik <divyam.kaushik@cvent.com>  Date:   Mon May 8 23:33:12 2023 +0530      WEBINAR-6554: Adding test case for after session end ivs stream end  commit 5328c7441960de05e5e5edb9158d592b9fe82957  Merge: 8fd6a3458 459c5eb6f  Author: Carrero, Luis <LCarrero@cvent.com>  Date:   Mon May 8 16:15:30 2023 +0000      Pull request #1350: PROD-164864: Unable to stop an actual streaming livestream and initiate live-to-VOD      Merge in API/universal-webcast from bugfix/PROD-164864 to develop      * commit '459c5eb6f527d62ddd851899db4a85497c256d02':        PROD-164864: Added changeset        PROD-164864: Update deactivation channel API to stop stream if force param is set to true and stream is live        PROD-164864: Add stopStream to ivs proxy service  commit 459c5eb6f527d62ddd851899db4a85497c256d02  Author: Carrero, Luis <lcarrero@cvent.com>  Date:   Mon May 8 08:45:39 2023 -0500      PROD-164864: Added changeset  commit 26254ec3205b8e0ff0b7526a30ee4e88923e4340  Author: Carrero, Luis <lcarrero@cvent.com>  Date:   Mon May 8 08:34:21 2023 -0500      PROD-164864: Update deactivation channel API to stop stream if force param is set to true and stream is live  commit 828c2dc18ac3451527b78f06f3324f5a155737f0  Author: Kaushik <divyam.kaushik@cvent.com>  Date:   Mon May 8 15:54:37 2023 +0530      WEBINAR-6554: Adding test case for after session end ivs stream end  commit ecf25b3ad84f199dabc530747f4511136e036461  Author: Simpson, Stacy <SSimpson@cvent.com>  Date:   Mon May 8 06:16:30 2023 -0400      Applied suggestion  commit 3ed2c77948a81613c996a87291ec4049e2346b65  Author: Carrero, Luis <lcarrero@cvent.com>  Date:   Fri May 5 14:40:57 2023 -0500      PROD-164864: Add stopStream to ivs proxy service  commit 8fd6a34588545c44b7d6544f457f540f2fd3cc88  Merge: 504803776 f5150fece  Author: Bawa, Amanpreet <A.Bawa@cvent.com>  Date:   Wed May 3 08:52:34 2023 +0000      Pull request #1347: CINT-24938: Update zoom message processor to ignore redundant messages      Merge in API/universal-webcast from feature/CINT-24938 to develop      * commit 'f5150fece66183e35017ff24bdd180150404931c':        CINT-24938: build & checkstyle fix        CINT-24938: newly added UTs        CINT-24938: updated existing UTs        CINT-24938: Update zoom message processor to ignore redundant messages  commit f5150fece66183e35017ff24bdd180150404931c  Merge: b4863d0bc 504803776  Author: Amanpreet Bawa <a.bawa@cvent.com>  Date:   Wed May 3 12:44:42 2023 +0530      Merge branch 'develop' of ssh://stash.cvent.net:7999/api/universal-webcast into feature/CINT-24938  ... and 68 more commits
2. NA-0: Adds changeset
3. Merge branch 'develop' into Downmerge/master"
Sprint Totals,,,,,,PR_ADDED: 60,PR_REMOVED: 10,COMMIT_ADDED: 1931,COMMIT_REMOVED: 217,APPROVED: 1,COMMENTED: 0,DECLINED: 0,MERGED: 2,OPENED: 1,RESCOPED: 1,UNAPPROVED: 0,UPDATED: 0,,,

Overall Totals,,,,,,PR_ADDED: 180,PR_REMOVED: 30,COMMIT_ADDED: 1931,COMMIT_REMOVED: 217,APPROVED: 2,COMMENTED: 1,DECLINED: 0,MERGED: 2,OPENED: 1,RESCOPED: 1,UNAPPROVED: 0,UPDATED: 1,,,
