SPRINT,START_DATE,END_DATE,TICKET,PR_ID,USER,PR_ADDED,PR_REMOVED,COMMIT_ADDED,COMMIT_REMOVED,APPROVED,COMMENTED,DECLINED,MERGED,OPENED,RESCOPED,UNAPPROVED,UPDATED,AUTHOR,COMMENTS,COMMIT_MESSAGES
PP-Gummy Bears,2023/04/04,2023/04/18,HUB-88741,16414,"Jaiswal, Nikita",8308,1692,0,0,0,0,0,0,0,0,0,0,"Jaiswal, Nikita",,
Sprint Totals,,,,,,PR_ADDED: 8308,PR_REMOVED: 1692,COMMIT_ADDED: 0,COMMIT_REMOVED: 0,APPROVED: 0,COMMENTED: 0,DECLINED: 0,MERGED: 0,OPENED: 0,RESCOPED: 0,UNAPPROVED: 0,UPDATED: 0,,,

PP-Ho Hos,2023/04/18,2023/05/02,HUB-95560,16414,"Jaiswal, Nikita",8308,1692,0,0,0,0,0,0,0,0,0,0,"Jaiswal, Nikita",,
PP-Ho Hos,2023/04/18,2023/05/02,HUB-94623,16414,"Jaiswal, Nikita",8308,1692,0,0,0,0,0,0,0,0,0,0,"Jaiswal, Nikita",,
Sprint Totals,,,,,,PR_ADDED: 16616,PR_REMOVED: 3384,COMMIT_ADDED: 0,COMMIT_REMOVED: 0,APPROVED: 0,COMMENTED: 0,DECLINED: 0,MERGED: 0,OPENED: 0,RESCOPED: 0,UNAPPROVED: 0,UPDATED: 0,,,

PP-Idli,2023/05/02,2023/05/16,HUB-94623,16414,"Jaiswal, Nikita",8308,1692,0,0,0,0,0,0,0,0,0,0,"Jaiswal, Nikita",,
Sprint Totals,,,,,,PR_ADDED: 8308,PR_REMOVED: 1692,COMMIT_ADDED: 0,COMMIT_REMOVED: 0,APPROVED: 0,COMMENTED: 0,DECLINED: 0,MERGED: 0,OPENED: 0,RESCOPED: 0,UNAPPROVED: 0,UPDATED: 0,,,

PP-Jalapeno Poppers,2023/05/16,2023/05/30,HUB-94186,16414,"Jaiswal, Nikita",8308,1692,0,0,0,0,0,0,0,0,0,0,"Jaiswal, Nikita",,
PP-Jalapeno Poppers,2023/05/16,2023/05/30,HUB-94623,16414,"Jaiswal, Nikita",8308,1692,0,0,0,0,0,0,0,0,0,0,"Jaiswal, Nikita",,
Sprint Totals,,,,,,PR_ADDED: 16616,PR_REMOVED: 3384,COMMIT_ADDED: 0,COMMIT_REMOVED: 0,APPROVED: 0,COMMENTED: 0,DECLINED: 0,MERGED: 0,OPENED: 0,RESCOPED: 0,UNAPPROVED: 0,UPDATED: 0,,,

PP-Kit Kat(05/30-06/13),2023/05/30,2023/06/13,HUB-100957,16414,"Jaiswal, Nikita",8308,1692,0,0,0,0,0,0,0,0,0,0,"Jaiswal, Nikita",,
Sprint Totals,,,,,,PR_ADDED: 8308,PR_REMOVED: 1692,COMMIT_ADDED: 0,COMMIT_REMOVED: 0,APPROVED: 0,COMMENTED: 0,DECLINED: 0,MERGED: 0,OPENED: 0,RESCOPED: 0,UNAPPROVED: 0,UPDATED: 0,,,

Overall Totals,,,,,,PR_ADDED: 58156,PR_REMOVED: 11844,COMMIT_ADDED: 0,COMMIT_REMOVED: 0,APPROVED: 0,COMMENTED: 0,DECLINED: 0,MERGED: 0,OPENED: 0,RESCOPED: 0,UNAPPROVED: 0,UPDATED: 0,,,
