SPRINT,START_DATE,END_DATE,TICKET,PR_ID,USER,PR_ADDED,PR_REMOVED,COMMIT_ADDED,COMMIT_REMOVED,APPROVED,COMMENTED,DECLINED,MERGED,OPENED,RESCOPED,UNAPPROVED,UPDATED,AUTHOR,COMMENTS,COMMIT_MESSAGES
WOW - S7 (30 Mar - 12Apr) 33,2023/03/30,2023/04/12,WEBINAR-4958,6957,Rupinder.Singh,0,0,0,0,0,0,0,0,0,0,0,0,Ayush.Sharma,,
Sprint Totals,,,,,,PR_ADDED: 0,PR_REMOVED: 0,COMMIT_ADDED: 0,COMMIT_REMOVED: 0,APPROVED: 0,COMMENTED: 0,DECLINED: 0,MERGED: 0,OPENED: 0,RESCOPED: 0,UNAPPROVED: 0,UPDATED: 0,,,

Q2 -WOW - S9 (27 - 10 May) -33,2023/04/27,2023/05/10,PROD-166432,149115,Rupinder.Singh,0,0,54,46,0,0,0,0,0,0,0,0,SMahale,,"1. PROD-161760 : Resolved Travellers Name in {[G-GUEST HOTEL DETAILS]} and {[C-PRIMARY REGISTRANT HOTEL DETAILS]} Datatags
2. PROD-161760 : Resolved PR Comment
3. PROD-161760 : Improved join statement"
Q2 -WOW - S9 (27 - 10 May) -33,2023/04/27,2023/05/10,WEBINAR-7906,148920,Rupinder.Singh,2410,4805,0,0,0,0,0,1,1,0,0,0,Rupinder.Singh,,1. Resolved Merge Conflicts
Sprint Totals,,,,,,PR_ADDED: 2410,PR_REMOVED: 4805,COMMIT_ADDED: 54,COMMIT_REMOVED: 46,APPROVED: 0,COMMENTED: 0,DECLINED: 0,MERGED: 1,OPENED: 1,RESCOPED: 0,UNAPPROVED: 0,UPDATED: 0,,,

Q2 - WOW - S10(11 - 24 May) 30,2023/05/11,2023/05/24,PROD-166742,149608,Rupinder.Singh,0,0,0,0,1,0,0,0,0,0,0,1,S.Sahai,,
Sprint Totals,,,,,,PR_ADDED: 0,PR_REMOVED: 0,COMMIT_ADDED: 0,COMMIT_REMOVED: 0,APPROVED: 1,COMMENTED: 0,DECLINED: 0,MERGED: 0,OPENED: 0,RESCOPED: 0,UNAPPROVED: 0,UPDATED: 1,,,

Overall Totals,,,,,,PR_ADDED: 2410,PR_REMOVED: 4805,COMMIT_ADDED: 54,COMMIT_REMOVED: 46,APPROVED: 1,COMMENTED: 0,DECLINED: 0,MERGED: 1,OPENED: 1,RESCOPED: 0,UNAPPROVED: 0,UPDATED: 1,,,
