SPRINT,START_DATE,END_DATE,TICKET,PR_ID,USER,PR_ADDED,PR_REMOVED,COMMIT_ADDED,COMMIT_REMOVED,APPROVED,COMMENTED,DECLINED,MERGED,OPENED,RESCOPED,UNAPPROVED,UPDATED,AUTHOR,COMMENTS,COMMIT_MESSAGES
Pink-Gumbo(03/30-04/13)(9.6w),2023/03/30,2023/04/13,HUB-94277,142461,PPednekar,0,0,0,0,0,0,0,0,0,0,0,0,"Verma, Tushar",,
Pink-Gumbo(03/30-04/13)(9.6w),2023/03/30,2023/04/13,HUB-94277,143061,PPednekar,0,0,0,0,0,0,0,0,0,0,0,0,Ayesha.Khan,,
Pink-Gumbo(03/30-04/13)(9.6w),2023/03/30,2023/04/13,HUB-94277,144525,PPednekar,0,0,0,0,0,0,0,0,0,0,0,0,spujara,,
Pink-Gumbo(03/30-04/13)(9.6w),2023/03/30,2023/04/13,HUB-94277,148894,PPednekar,0,0,0,0,0,0,0,0,0,0,0,0,SNitin,,
Pink-Gumbo(03/30-04/13)(9.6w),2023/03/30,2023/04/13,HUB-94277,148210,PPednekar,0,0,0,0,0,0,0,0,0,0,0,0,Vinodkumar.Yadav,,
Pink-Gumbo(03/30-04/13)(9.6w),2023/03/30,2023/04/13,HUB-94277,148351,PPednekar,937,20,0,0,0,0,0,0,0,0,0,0,PPednekar,,
Pink-Gumbo(03/30-04/13)(9.6w),2023/03/30,2023/04/13,HUB-94277,148416,PPednekar,0,0,0,0,0,0,0,0,0,0,0,0,qtpman,,
Sprint Totals,,,,,,PR_ADDED: 937,PR_REMOVED: 20,COMMIT_ADDED: 0,COMMIT_REMOVED: 0,APPROVED: 0,COMMENTED: 0,DECLINED: 0,MERGED: 0,OPENED: 0,RESCOPED: 0,UNAPPROVED: 0,UPDATED: 0,,,

Pink-Hamburger,2023/04/13,2023/04/27,HUB-94277,142461,PPednekar,0,0,0,0,0,0,0,0,0,1,0,0,"Verma, Tushar",,
Pink-Hamburger,2023/04/13,2023/04/27,HUB-94277,143061,PPednekar,0,0,0,0,0,0,0,0,0,1,0,0,Ayesha.Khan,,
Pink-Hamburger,2023/04/13,2023/04/27,HUB-94277,144525,PPednekar,0,0,0,0,0,0,0,0,0,1,0,0,spujara,,
Pink-Hamburger,2023/04/13,2023/04/27,HUB-94277,148894,PPednekar,0,0,0,0,0,0,0,0,0,0,0,0,SNitin,,
Pink-Hamburger,2023/04/13,2023/04/27,HUB-94277,148210,PPednekar,0,0,0,0,0,0,0,0,0,1,0,0,Vinodkumar.Yadav,,"1. Pull request #148520: Ent 28287 prod  Merge in CVT/c4 from ent-28287-prod to ccid-2546  * commit '9c107771dac9b16be78e3a4b6d02e61bb8cd1394':    adding namespace    ENT-28287 retry deleting the portal 3 times when TaskCanceledException is thrown
2. Pull request #148518: Prod 165958  Merge in CVT/c4 from prod-165958 to ccid-2546  * commit '87ee2d3fcadc31f7916fc962303fb8d4bdc9c109':    CMOBL-151134: Modified to avoid duplicate code    CMOBL-151134: Updated with nolock    CMOBL-151134: Missing type    CMOBL-151134: Modified to get the correct total records of events    CMOBL-151134: Modified based on PR feedback    CMOBL-151134: Modified absed on PR feedback    CMOBL-151134: Modified absed on PR feedback    cmobl-151134: Add parameter to exclude webinar events
3. Pull request #148516: Prod 165075  Merge in CVT/c4 from prod-165075 to ccid-2546  * commit '457228ff00a8a819ad869c2dbf20b2c60cfc67cd':    FLEX-87941 Drop table    FLEX:87942 Drop Table
4. Pull request #148517: Prod 159561  Merge in CVT/c4 from prod-159561 to ccid-2546  * commit '918ba8952fffacb9991c6fc13d00e03bc14a0f5f':    PROD-159561: modified the files    prod-159561: added the files
5. Pull request #148521: Add Order as an allowed sort to enable sorting by order on the Speaker List with pagination  Merge in CVT/c4 from src-9131 to ccid-2546  * commit '1874e97f01f39a772e8e207090d38a58ae459c59':    Add Order as an allowed sort to enable sorting by order on the Speaker List with pagination"
Pink-Hamburger,2023/04/13,2023/04/27,HUB-94277,148351,PPednekar,937,20,0,0,0,0,1,1,1,0,0,0,PPednekar,,
Pink-Hamburger,2023/04/13,2023/04/27,HUB-94277,148416,PPednekar,0,0,0,0,1,0,0,0,0,0,0,1,qtpman,,1. Pull request #148351: Prod 165670  Merge in CVT/c4 from prod-165670 to ccid-2540  * commit '4df0bd7f8686c5cf9b07baeee64b78d49e8bf586':    PROD-165670: phrase pull    HUB-94227: adjust warning icon style    HUB-92840: add try catch statement in getNotifications  method    HUB-94227: add new lines and break longer lines and add test ids    HUB-94277: remove unecessary change and add condition for empty text in segment grid    HUB-94227: add impacted notifications popup    HUB-92840: remove redundant method param and rename segmentsMap    HUB-92840: HUB-92906: add link to flash warning and flash warning on noitifications grid page for impacted notificaions.    HUB-92842: put count in else condition    HUB-92842: add count of attendee segment in warning message
Pink-Hamburger,2023/04/13,2023/04/27,HUB-94277,148437,PPednekar,0,0,0,0,0,0,0,0,0,0,0,0,SMahale,,"1. Pull request #148274: Webinar 6520  Merge in CVT/c4 from webinar-6520 to ccid-2538  * commit '2e004b14dd579dff535e461429f716de7db956ac':    WEBINAR-6250: Fix UTs    WEBINAR-6520: Use WebinarTierHelper to get license key    WEBINAR-6520: Correct log level    WEBINAR-6520: handle 400, 403 and 404 error statuses.    WEBINAR-6520: Upgrade subscription client version    WEBIANR-6520: Update code to user new endpoint for get webinar tier users count    WEBINAR-6520: Use new endpoint in C4 for count of assigned licenses    WEBINAR-6520: Upgrade subscription-service client version
2. Pull request #148275: Flex 86744  Merge in CVT/c4 from flex-86744 to ccid-2538  * commit '88d4f1d042244679835c97bb78c89d2ebe32436e':    FLEX-86744: inreasing length of secret api key    Revert ""FLEX-86744: Reverting manually added script""    FLEX-86744: Reverting manually added script    FLEX-86744: Updating get and update GA data functions    FLEX-86744: Saving secret-api-key in DB
3. Pull request #148271: Prod 165179 ccid 2538  Merge in CVT/c4 from prod-165179-ccid-2538 to ccid-2538  * commit '4e2dd65bb142d13936dae9cea0dbd46d831d43e4':    PROD-165179: More package corrections    PROD-165179: Fix post-merge errors    PUB-165179: remove libman.json from Cvent.Subscribers.Event.csproj    PROD-165179: update payment.client in web.events    PROD-165179: downgrade net framework for attendance client in web events    PROD-165179: Make Cvent.Web.Events look like Cvent.Subscribers.Events    PROD-165179: fix for Cvent.Web.Events packages    PROD-165179: Fix breakage in Cvent.Subscribers.Admin    PROD-165179 revert backout from ccid-2534    PROD-165179: Update Cvent.Event.Client and friends
4. Pull request #148272: Prod 165132  Merge in CVT/c4 from prod-165132 to ccid-2538  * commit '08db537f7e2742dcd688f795966dee33f1fcc344':    PROD-165132 : added evt_stub check    PROD-165132 : Remove union all    PROD-165132 : Not exists check when inserting in the Invitee_Credit table for primary keys field
5. Pull request #148285: PROD-165179: fix ResourceStrings in Cvent.Subscriber.Emarketing  Merge in CVT/c4 from prod-165179-ccid-2538 to ccid-2538  * commit '02a9c3f24f172d8228b0664efa78fb490e719fde':    PROD-165179: fix ResourceStrings in Cvent.Subscriber.Emarketing
6. Pull request #148295: PROD-165715: Added WHERE clause to handle orphaned HOTEL_RESERVATIONs that don't have an INVITEE.  Merge in CVT/c4 from ccid-2537 to ccid-2538  * commit '7f6c9de248be14ccfbd93230e4ad81dd631fced1':    PROD-165715: Added WHERE clause to handle orphaned HOTEL_RESERVATIONs that don't have an INVITEE.
7. Pull request #148356: Prod  Merge in CVT/c4 from prod to ccid-2538  * commit '68d829c0385f17fa0781090bc3f49fdfa8a73d9f':"
Pink-Hamburger,2023/04/13,2023/04/27,HUB-94277,148494,PPednekar,0,0,0,0,0,0,0,0,0,0,0,0,SSao,,1. Pull request #148349: Ccid 2542  Merge in CVT/c4 from ccid-2542 to prod  * commit 'cbcad10a37d4ad4cdc849861767f95b42d065b08':    PROD-165669: changes for adding condition in joins to map the indexes created on the table
Pink-Hamburger,2023/04/13,2023/04/27,HUB-94277,148502,PPednekar,0,0,0,0,0,0,0,0,0,0,0,0,SMahale,,"1. Pull request #148404: Prod 165671  Merge in CVT/c4 from prod-165671 to ccid-2544  * commit 'e8abbd80bc279f94da99b6fb9ffe481dd5324ecc':    PROD-165671: Reverting bad commit    PROD-165671: Resolving conflicts    CINT-24410: Phrase pull    CINT-24410: Adding entry to sitemap.xml as well    CINT-24410: Adding menu item for integrations apps admin page
2. Pull request #148406: added DELETED_FILE_AUDIT to LU_DATA_ARCHIVE_EXEMPTED_TABLE_LIST  Merge in CVT/c4 from prod-165213-2 to ccid-2544  * commit '7452e74b1cbe104fda15544045f619ea8998328c':    added DELETED_FILE_AUDIT to LU_DATA_ARCHIVE_EXEMPTED_TABLE_LIST"
Pink-Hamburger,2023/04/13,2023/04/27,HUB-94277,148570,PPednekar,0,0,0,0,0,0,0,0,0,0,0,0,UBansal,,"1. Pull request #148460: PROD-164422 : Changes to Update Invitee_reg_Pack with new contact stub during substitution  Merge in CVT/c4 from prod-164422 to ccid-2545  * commit '434894da62123f28a60bf41eb304131a13345a98':    PROD-164422 : Changes to Update Invitee_reg_Pack with new contact stub during substitution
2. Pull request #148464: SRC-9114: Adjust Store procedure to return empty string instead of default value to match consumer  Merge in CVT/c4 from src-9114 to ccid-2545  * commit '9ef3a8fc705c230e4055d62c3da06b83b4984a63':    SRC-9114: Adjust Store procedure to return empty string instead of default value to match consumer
3. Pull request #148461: Prod 165786  Merge in CVT/c4 from prod-165786 to ccid-2545  * commit '1e38fdf684da898a476647682578ac3b2459f4d8':    BILLING-87: cleaned up comment    HUb-95982:Delete Usage & Limits section from CVII Account Settings LU_ACCOUNT_CONFIG EU & US    HUb-95982:Delete Usage & Limits section from CVII Account Settings LU_ACCOUNT_SETTINGS_SECTION    HUB-95987:Delete Usage & Limits section from CVII Account Settings    HUB-95987:Delete Usage & Limits section from CVII Account Settings    BILLING-87: removed Usage & Limits section (still need DBCRs to remove the records from the LU related tables)
4. Pull request #148468: PROD-165735:Lu changes  Merge in CVT/c4 from prod-165735 to ccid-2545  * commit '298b18bec08b9e34e26f79dbb01762f42e0fd17f':    PROD-165735:Lu changes
5. Pull request #148466: Prod 161612  Merge in CVT/c4 from prod-161612 to ccid-2545  * commit 'c9ee35d4c8110fc6194853b64183a9d8a198449a':    PROD-161612: Added a fix for existing hotel requst with empty.guid BIs    PROD-161612: Updated csproj file    PROD-161612: Fix for assign bi exception when a bi exception assigned for all reg type ids    PROD-161612: Added the change in csproj file for new bi folder    PROD-161612: Assigning correct billing instruction on the grid and on save bulk edit"
Sprint Totals,,,,,,PR_ADDED: 937,PR_REMOVED: 20,COMMIT_ADDED: 0,COMMIT_REMOVED: 0,APPROVED: 1,COMMENTED: 0,DECLINED: 1,MERGED: 1,OPENED: 1,RESCOPED: 4,UNAPPROVED: 0,UPDATED: 1,,,

Overall Totals,,,,,,PR_ADDED: 1874,PR_REMOVED: 40,COMMIT_ADDED: 0,COMMIT_REMOVED: 0,APPROVED: 1,COMMENTED: 0,DECLINED: 1,MERGED: 1,OPENED: 1,RESCOPED: 4,UNAPPROVED: 0,UPDATED: 1,,,
