SPRINT,START_DATE,END_DATE,TICKET,PR_ID,USER,PR_ADDED,PR_REMOVED,COMMIT_ADDED,COMMIT_REMOVED,APPROVED,COMMENTED,DECLINED,MERGED,OPENED,RESCOPED,UNAPPROVED,UPDATED,AUTHOR,COMMENTS,COMMIT_MESSAGES
WOW - S7 (30 Mar - 12Apr) 33,2023/03/30,2023/04/12,WEBINAR-4958,142461,"Verma, Tushar",1127,8873,0,0,0,0,0,0,0,0,0,0,"Verma, Tushar",,
WOW - S7 (30 Mar - 12Apr) 33,2023/03/30,2023/04/12,WEBINAR-5422,142461,"Verma, Tushar",1127,8873,0,0,0,0,0,0,0,0,0,0,"Verma, Tushar",,
WOW - S7 (30 Mar - 12Apr) 33,2023/03/30,2023/04/12,WEBINAR-5607,142461,"Verma, Tushar",1127,8873,0,0,0,0,0,0,0,0,0,0,"Verma, Tushar",,
Sprint Totals,,,,,,PR_ADDED: 3381,PR_REMOVED: 26619,COMMIT_ADDED: 0,COMMIT_REMOVED: 0,APPROVED: 0,COMMENTED: 0,DECLINED: 0,MERGED: 0,OPENED: 0,RESCOPED: 0,UNAPPROVED: 0,UPDATED: 0,,,

WOW - S8 (13 - 26 Apr),2023/04/13,2023/04/26,PROD-164110,142461,"Verma, Tushar",1127,8873,0,0,0,0,0,0,0,0,0,0,"Verma, Tushar",,
WOW - S8 (13 - 26 Apr),2023/04/13,2023/04/26,WEBINAR-7051,142461,"Verma, Tushar",1127,8873,0,0,0,0,0,0,0,0,0,0,"Verma, Tushar",,
Sprint Totals,,,,,,PR_ADDED: 2254,PR_REMOVED: 17746,COMMIT_ADDED: 0,COMMIT_REMOVED: 0,APPROVED: 0,COMMENTED: 0,DECLINED: 0,MERGED: 0,OPENED: 0,RESCOPED: 0,UNAPPROVED: 0,UPDATED: 0,,,

Q2 -WOW - S9 (27 - 10 May) -33,2023/04/27,2023/05/10,PROD-166432,142461,"Verma, Tushar",1127,8873,0,0,0,0,0,0,0,0,0,0,"Verma, Tushar",,
Q2 -WOW - S9 (27 - 10 May) -33,2023/04/27,2023/05/10,WEBINAR-7906,142461,"Verma, Tushar",1127,8873,0,0,0,0,0,0,0,0,0,0,"Verma, Tushar",,
Q2 -WOW - S9 (27 - 10 May) -33,2023/04/27,2023/05/10,WEBINAR-7982,142461,"Verma, Tushar",1127,8873,0,0,0,0,0,0,0,0,0,0,"Verma, Tushar",,
Q2 -WOW - S9 (27 - 10 May) -33,2023/04/27,2023/05/10,WEBINAR-8478,142461,"Verma, Tushar",1127,8873,0,0,0,0,0,0,0,0,0,0,"Verma, Tushar",,
Sprint Totals,,,,,,PR_ADDED: 4508,PR_REMOVED: 35492,COMMIT_ADDED: 0,COMMIT_REMOVED: 0,APPROVED: 0,COMMENTED: 0,DECLINED: 0,MERGED: 0,OPENED: 0,RESCOPED: 0,UNAPPROVED: 0,UPDATED: 0,,,

Q2 - WOW - S10(11 - 24 May) 30,2023/05/11,2023/05/24,PROD-166742,142461,"Verma, Tushar",1127,8873,0,0,0,0,0,0,0,0,0,0,"Verma, Tushar",,
Q2 - WOW - S10(11 - 24 May) 30,2023/05/11,2023/05/24,WEBINAR-7045,142461,"Verma, Tushar",1127,8873,0,0,0,0,0,0,0,0,0,0,"Verma, Tushar",,
Sprint Totals,,,,,,PR_ADDED: 2254,PR_REMOVED: 17746,COMMIT_ADDED: 0,COMMIT_REMOVED: 0,APPROVED: 0,COMMENTED: 0,DECLINED: 0,MERGED: 0,OPENED: 0,RESCOPED: 0,UNAPPROVED: 0,UPDATED: 0,,,

Q2 - WOW S11 (25 May-7 Jun),2023/05/25,2023/06/07,PROD-157033,142461,"Verma, Tushar",1127,8873,0,0,0,0,0,0,0,0,0,0,"Verma, Tushar",,
Sprint Totals,,,,,,PR_ADDED: 1127,PR_REMOVED: 8873,COMMIT_ADDED: 0,COMMIT_REMOVED: 0,APPROVED: 0,COMMENTED: 0,DECLINED: 0,MERGED: 0,OPENED: 0,RESCOPED: 0,UNAPPROVED: 0,UPDATED: 0,,,

Q2 - WOW S12 (8 - 21 Jun),2023/06/08,2023/06/21,PROD-167534,142461,"Verma, Tushar",1127,8873,0,0,0,0,0,0,0,0,0,0,"Verma, Tushar",,
Sprint Totals,,,,,,PR_ADDED: 1127,PR_REMOVED: 8873,COMMIT_ADDED: 0,COMMIT_REMOVED: 0,APPROVED: 0,COMMENTED: 0,DECLINED: 0,MERGED: 0,OPENED: 0,RESCOPED: 0,UNAPPROVED: 0,UPDATED: 0,,,

Overall Totals,,,,,,PR_ADDED: 14651,PR_REMOVED: 115349,COMMIT_ADDED: 0,COMMIT_REMOVED: 0,APPROVED: 0,COMMENTED: 0,DECLINED: 0,MERGED: 0,OPENED: 0,RESCOPED: 0,UNAPPROVED: 0,UPDATED: 0,,,
