SPRINT,START_DATE,END_DATE,TICKET,PR_ID,USER,PR_ADDED,PR_REMOVED,COMMIT_ADDED,COMMIT_REMOVED,APPROVED,COMMENTED,DECLINED,MERGED,OPENED,RESCOPED,UNAPPROVED,UPDATED,AUTHOR,COMMENTS,COMMIT_MESSAGES
Q2 23' S2-Fatela jeb sil jayga,2023/04/11,2023/04/25,CMOBL-150107,805,RCreaghan,0,0,0,0,0,2,0,0,0,0,0,0,Prashant.Bansal,"1. ""... and stripe account is connected or pending""
2. I don't understand this test case name. Should it be something like ""... when Account Management Contact and Event partner are valid, and stripe account is not connected or pending""?",
Q2 23' S2-Fatela jeb sil jayga,2023/04/11,2023/04/25,CMOBL-150107,811,RCreaghan,0,0,0,0,0,0,0,0,0,0,0,0,Prashant.Bansal,,
Q2 23' S2-Fatela jeb sil jayga,2023/04/11,2023/04/25,CMOBL-150108,805,RCreaghan,0,0,0,0,0,0,0,0,0,0,0,0,Prashant.Bansal,,
Q2 23' S2-Fatela jeb sil jayga,2023/04/11,2023/04/25,CMOBL-150108,811,RCreaghan,0,0,0,0,0,0,0,0,0,0,0,0,Prashant.Bansal,,
Q2 23' S2-Fatela jeb sil jayga,2023/04/11,2023/04/25,CMOBL-150109,811,RCreaghan,0,0,0,0,0,0,0,0,0,0,0,0,Prashant.Bansal,,
Q2 23' S2-Fatela jeb sil jayga,2023/04/11,2023/04/25,CMOBL-152748,3537,RCreaghan,0,0,0,0,1,1,0,0,0,0,0,0,Prashant.Bansal,1. please delete this,
Q2 23' S2-Fatela jeb sil jayga,2023/04/11,2023/04/25,CMOBL-152748,3549,RCreaghan,0,0,0,0,1,0,0,0,0,0,0,0,SDowney,,
Q2 23' S2-Fatela jeb sil jayga,2023/04/11,2023/04/25,HUB-73504,364,RCreaghan,0,0,0,0,1,7,0,0,0,0,0,0,Subratkumar.Sahoo,"1. Instead of declaring the same hook in each component, can you write a custom hook for this, please
2. [nit] you don't have to wrap the whole function in an `else` if you return after the `router.push()`  ```  if (isOrderExpired(createdAt)) {    setHasOrderExpired(true);    return router.push(`/events/${eventId}/exhibitors/${exhibitorId}/licenses`);  }  ...
3. Can you rename the file to match the name of the hook please?
4. It would be good to include an exact time in this message. If I click back to an open tab and it just says ""10 minutes remaining"" I would have no idea when that 10 minutes began.  Maybe something like ""Please complete your order before 1:25 or start again""
5. I thought the message was going to include the timezone too?
6. Can you write some basic unit tests for this, and maybe `getOrderExpiryTime` too
7. This only tests that the alert is shown if it's already 30 minutes after the given time.   But what it's testing is more complicated than that. The hook shows an alert, but only when it's 20 minutes after the provided time. And it doesn't just check the time when it's called and decide whether to show the alert then, it schedules the alert to be shown later.  Instead the test should verify that  - the alert isn't shown early  - the alert is shown after 20 minutes (not shown early and not delayed)  - the alert is shown without having to call the hook again after the time has passed.  So I would write one test case that uses `jest.useFakeTimers()` and `jest.advanceTimersByTime(msToRun)` ([link to the docs](https://jestjs.io/docs/timer-mocks#advance-timers-by-time)) to   1. call the hook, and verify the alert isn't shown  2. advance the timer by 19 minutes, and verify the alert isn't shown  3. advance the timer another minute, and verify the alert IS shown",
Q2 23' S2-Fatela jeb sil jayga,2023/04/11,2023/04/25,HUB-74287,362,RCreaghan,0,0,0,0,0,2,0,0,0,0,0,0,Subratkumar.Sahoo,"1. Does this warrant a unit test?
2. We don't need to thoroughly test functionality from Carina (or any library), but our tests should still make sure we're using those libraries correctly. So if you were just upgrading the carina dependency I probably wouldn't even mention it.  But you're not just upgrading carina, you're adding logic here too:  ```  - value={value}  + value={isDisabled ? 0 : value}  ```  This seems like something we would want to test, but I don't have much context for this change, so I don't really know",
Q2 23' S2-Fatela jeb sil jayga,2023/04/11,2023/04/25,HUB-90000,361,RCreaghan,0,0,0,0,1,18,0,0,0,0,0,0,MMenpadi,"1. If it's not a huge complex piece of data I prefer to declare the test data in the unit test file, instead of importing a json file because it makes it a lot easier to see what the test is doing. In this case, I think something as simple as this would work  ```  const cardData = [    { cardName: ""A developers happy place"", url: ""stackoverflow.com/"", hidden: false  },    { cardName: ""cvent"", url: ""cvent.com"", hidden: true  }  ]
2. [nit]   ```  const orientation = isSmall ? 'vertical' : 'horizontal';  const cardItemContent = (      <CardContainer orientation={orientation} responsive>        <CardBody orientation={orientation}>{cardBodyContent}</CardBody>        <CardFooter orientation={orientation}>{itemFooter}</CardFooter>      </CardContainer>    );
3. [nit] would be better if the ContentListItem was responsible for this drag icon too, but I recognize that might not be feasible with all the differences between the headers of these cards
4. Is all of this stuff wrapping the component necessary for the test, or can it be removed to simplify things
5. if it can't be removed, could it be reused so each unit test doesn't have all this unchanging and mostly unrelated code copied in it?
6. Can you add a comment here, either tagging the ticket that will fix this or explaining why it can't be fixed
7. What is this testing? It verifies that the content is shown, and that there's no accessibility issues.  Is that all we can test here? I know drag and drop functionality is often hard to write tests for, so if this is all we can reasonably do then that's fine. But it would be good to test more if we can
8. If I wanted to use `DraggableCardsContainer` I wouldn't be using these components from react-beautiful-dnd directly, I'd be using DraggableCard instead, wouldn't I?   Can you please update the test to reflect how the component is used
9. Can you name this file to match DraggableCardsContainer.tsx please  edit: looking at it more, it might make more sense to rename DraggableCardsContainer.tsx to DraggableCards.tsx instead
10. Is there anything else we can test here?  - The drag icon being shown at certain sizes  - the card orientation changing (I assume we can't test this because it's just css?)  - the delete modal
11. Am I missing something, or is this PR just making them draggable, but not saving the new order?
12. Is this `addingLink` logic worth unit testing?
13. I don't think `&& !downloadFileData.fileData.isError && !error` is needed here, because it's an `else if`
14. I'm pretty sure we've talked about this on another PR, and someone explained why it was justified. But can you add a code comment explaining it
15. This component name was fine before, I just wanted you to renamed the file. I just thought that since this file contains multiple components, it would be clearer if it had a more generic name instead of being named DraggableCardsContainer.tsx
16. Instead of exporting this from here, can you move this to testUtils/
17. Do these lists still render as html lists, for screen readers?
18. I think it should, it's still a list. Maybe that changes when it becomes draggable though? #accessibility might have an answer",
Q2 23' S2-Fatela jeb sil jayga,2023/04/11,2023/04/25,HUB-92744,354,RCreaghan,0,0,0,0,0,2,0,0,0,0,0,0,VShyoran,"1. ""Status code is 404""
2. @SDowney when we change the permission on `createFile` we'll have to change this too, right?",
Q2 23' S2-Fatela jeb sil jayga,2023/04/11,2023/04/25,HUB-92744,360,RCreaghan,0,0,0,0,0,0,0,0,0,0,0,0,Shea.Sullivan,,
Q2 23' S2-Fatela jeb sil jayga,2023/04/11,2023/04/25,HUB-92862,37,RCreaghan,0,0,0,0,1,0,0,0,0,0,0,0,VShyoran,,
Q2 23' S2-Fatela jeb sil jayga,2023/04/11,2023/04/25,HUB-92862,357,RCreaghan,0,0,0,0,1,2,0,0,0,0,0,0,VShyoran,"1. ""...for COMPLETED callback...""
2. >STARTED: Got s3callback but file is not associated yet  FILE_CREATED: File created through file-service  COMPLETED: file created and exhibitor associated to file from event-api  FAILED: where there is any error in any step  Is this documented anywhere? A comment on the schema for the s3callbackData model might be the best place for it",
Q2 23' S2-Fatela jeb sil jayga,2023/04/11,2023/04/25,HUB-92862,360,RCreaghan,0,0,0,0,0,0,0,0,0,0,0,0,Shea.Sullivan,,
Q2 23' S2-Fatela jeb sil jayga,2023/04/11,2023/04/25,HUB-92862,1443,RCreaghan,0,0,0,0,0,0,0,0,0,0,0,0,VShyoran,,
Q2 23' S2-Fatela jeb sil jayga,2023/04/11,2023/04/25,HUB-92862,356,RCreaghan,0,0,0,0,0,3,0,0,0,0,0,0,VShyoran,"1. just to make sure I understand, this S3 location is the location in the S3 proxy bucket, right?   Can you add a brief comment clarifying that, because in a year when we don't remember all the technical details of this it will be very easy to forget that there's two different buckets involved here
2. I don't think the thumbnail is relevant to this test case. How much simpler does the unit test get if you leave this out?
3. Do we need to include this on `savedFile`? Looks like most of the info is already on the file, the caller already has the id for the S3 callback doc, and if the file is created they know the status. Seems like it might be unnecessary",
Q2 23' S2-Fatela jeb sil jayga,2023/04/11,2023/04/25,HUB-95491,2714,RCreaghan,0,0,0,0,1,0,0,0,0,0,0,0,Subratkumar.Sahoo,,
Q2 23' S2-Fatela jeb sil jayga,2023/04/11,2023/04/25,HUB-95491,2722,RCreaghan,0,0,0,0,0,0,0,0,0,0,0,0,SMartin,,
Q2 23' S2-Fatela jeb sil jayga,2023/04/11,2023/04/25,HUB-95491,3455,RCreaghan,0,0,0,0,1,0,0,0,0,0,0,0,Subratkumar.Sahoo,,
Q2 23' S2-Fatela jeb sil jayga,2023/04/11,2023/04/25,HUB-95491,3461,RCreaghan,0,0,0,0,0,0,0,0,0,0,0,0,SMartin,,
Q2 23' S2-Fatela jeb sil jayga,2023/04/11,2023/04/25,CMOBL-146549,2697,RCreaghan,104,10,0,0,0,0,0,0,0,0,0,0,RCreaghan,,
Q2 23' S2-Fatela jeb sil jayga,2023/04/11,2023/04/25,CMOBL-146549,2707,RCreaghan,0,0,0,0,0,0,0,0,0,0,0,0,VKanaujia,,
Q2 23' S2-Fatela jeb sil jayga,2023/04/11,2023/04/25,CMOBL-146549,2722,RCreaghan,0,0,0,0,0,0,0,0,0,0,0,0,SMartin,,
Q2 23' S2-Fatela jeb sil jayga,2023/04/11,2023/04/25,CMOBL-146549,3436,RCreaghan,0,0,0,0,0,0,0,0,0,0,0,0,VKanaujia,,
Q2 23' S2-Fatela jeb sil jayga,2023/04/11,2023/04/25,CMOBL-146549,3446,RCreaghan,0,0,0,0,0,0,0,0,0,0,0,0,Shea.Sullivan,,
Q2 23' S2-Fatela jeb sil jayga,2023/04/11,2023/04/25,CMOBL-146549,3448,RCreaghan,0,0,0,0,0,0,0,0,0,0,0,0,Shea.Sullivan,,
Q2 23' S2-Fatela jeb sil jayga,2023/04/11,2023/04/25,CMOBL-146549,3445,RCreaghan,0,0,0,0,0,0,0,0,0,0,0,0,VKanaujia,,
Q2 23' S2-Fatela jeb sil jayga,2023/04/11,2023/04/25,CMOBL-150760,2716,RCreaghan,0,0,0,0,1,30,0,0,0,0,0,0,VKanaujia,"1. [nit] I think some of these comments are overkill. A well-named prop should be good enough most of the time
2. [nit] you already have it written, so I'm not going to ask you to rewrite it or anything (though at a glance I don't see state or any lifecycle methods, so it might be trivial). But any new components should be functional components, not class components
3. (have to be somewhere right after work, so I only got part way through the review. Will pick this up again tomorrow)
4. is `props.icon` ever anything other than ""trash""? If not, you can just make this `content: '${icons.trash}';
5. shouldn't need this, since `/* global saveAs */` is used earlier in the file.
6. Is this link in the tab order? I think if a link doesn't have an href it won't let you tab to it. Might just be able to add `href=""#/noop""`. This might also make it so you don't need to add `cursor: pointer;` in your CSS for the link
7. Is this supposed to be the same color as it's normal color? I feel like they're usually different colors
8. Other things to test  - deleting a new file calls `deleteNewFile`  - existing file can be downloaded (may just have to mock `downloadFileFromExternalUrl` and make sure it was called with the proper params)  - existing files shows date & size (may have to mock `_t` to return something for  `ulcFileInfoSubText`)  - deleting an existing file calls `deleteExistingFile`  anything else you can think of?
9. is it possible to write unit test for this? Even if you have to mock `fetch` and `saveAs`, we can at least write a very basic test to make sure it's doing the right things
10. I commented on the planner-portal PR, but `downloadFileFromExternalUrl` should be able to get the env from the config so there's no need to pass it in as an argument
11. [nit] can make the code cleaner & easier to read by removing testIds like these that aren't used
12. What does the attribute `multiple` do on a <button> ?
13. is it worth checking what `saveAs` was called with?
14. it's not much more work for the test to make sure saveAs is getting called with the proper arguments, and it's vital to the function working correctly
15. do we need a new dependency for this? Can't we just do `global.fetch = jest.fn()`?
16. It works for me  ```  // jest-setup.js  global.fetch = jest.fn();    // download-file.test.js  it('new', async () => {    const filename = 'video.svg';    const mockedResponseBlob = 'mocked response blob';    const url = 'https://s606.custom.cvent.com/plannertools-dev/public/images/video.svg';    fetch.mockResolvedValue({ blob: () => mockedResponseBlob });    downloadFileFromExternalUrl(url, filename, 'prod');    expect(fetch).toHaveBeenLastCalledWith(url);    await waitFor(() => {      expect(global.saveAs).toHaveBeenCalledWith(mockedResponseBlob, filename);    });  });  ```
17. How come the other test case has to use `waitFor` for saveAs, but not this fetch, and this test has to use waitFor for this fetch (but not the second?), and not saveAs
18. some more accessibility concerns:  - the file list should be an html list, either `<ol>` or `<ul>` with an `<li>` for each list item  - The download button & the delete button should both have an aria-label so someone using a screen reader knows what they do
19. Same as the download button, this should be using `<button>` or at least `role=""button""` if that's not possible. And the unit test should use `findByRole`
20. > <input> and uploadIcon still need findByTestId.   the icon is fine, because in this case it's purely decorative, so it doesn't need to be communicated to screen-readers, or keyboard-accessible  I think the input is okay too, because a file input doesn't have an html role. But it wouldn't hurt to start up VoiceOver and see if you can use this file upload button
21. is it possible to test that `onFileSelect` gets called as expected?
22. I'm not sure I understand the problem. won't userEvent.upload work?  https://testing-library.com/docs/user-event/utility#upload
23. What did you try to fix or debug the issue? If the file's not getting uploaded it's probably an issue between your file's type and your accepted types somehow.  So I changed that and now it works  ```  render(      <MockedProvider mockedState={{}}>        <FileUploadButton acceptedTypes={'image/*'} onFileSelect={onFileSelect} />      </MockedProvider>    );    expect(await screen.findByRole('button', { name: 'Upload File' })).toBeInTheDocument();    expect(screen.getByTestId('uploadIcon')).toBeInTheDocument();    const fileInput = screen.getByTestId('fileInput');    expect(fileInput).toHaveAttribute('accept', 'image/*');    const file = new File(['hello'], 'hello.png', { type: 'image/png' });    await userEvent.upload(fileInput, file);    expect(fileInput.files[0]).toBe(file);    expect(onFileSelect).toBeCalled();  ```
24. Instead of putting an onClick on a span like this, you should use a button. I know you said you already tried IconButton and it didn't look right, but it should look like this, which is pretty much what you want  ![image.png](attachment:3339/20112)   If for some reason IconButton can't be used, then you should look st the implementation of it for an example of how to use a `<button>` for this instead of just a span. And if you can't use a `<button>` either, then you should add `role=""button""` to your span.   Any of these solutions should make it so you can use `findByRole` instead of `findByTestId` in your unit test
25. You're not using IconButton because you would have to style it, so instead you made a new component to do the same thing, but of course you still have to provide the styling for that component? I must be misunderstanding something here
26. please move this to `__tests__/utils/`
27. `__tests__/utils/` not `__test__/test-utils/`. /test-utils is for utilities used by the tests, /utils is for unit tests for our utilities
28. `defaultMessage: _t('downloadFileAriaLabel')`
29. instead of this  ```  const buttons = screen.getAllByRole('button');   expect(buttons.length).toEqual(3);   // Trash Button for new file   expect(buttons[0]).toHaveAttribute('aria-label', 'Remove File kitten.pdf');  await userEvent.click(buttons[0]);  ```  this would be less likely to break if the component or test data are ever updated. And IMO it makes the test clearer too  ```  const removeNewFileButton = screen.getByRole('button', {name: 'Remove File kitten.pdf'})  await userEvent.click(removeNewFileButton)  ...  ```
30. generally it's good practice to avoid using that sort of array indexing in unit tests, just because it makes the test rely on things being in a specific order, when that order often isn't important to the test case",
Q2 23' S2-Fatela jeb sil jayga,2023/04/11,2023/04/25,CMOBL-150760,2722,RCreaghan,0,0,0,0,0,0,0,0,0,0,0,0,SMartin,,
Q2 23' S2-Fatela jeb sil jayga,2023/04/11,2023/04/25,CMOBL-150760,3453,RCreaghan,0,0,0,0,1,11,0,0,0,0,0,0,VKanaujia,"1. is there something you can use for this key other than the index?  >You might be tempted to use an item’s index in the array as its key. In fact, that’s what React will use if you don’t specify a key at all. But the order in which you render items will change over time if an item is inserted, deleted, or if the array gets reordered. Index as a key often leads to subtle and confusing bugs.  https://react.dev/learn/rendering-lists#keeping-list-items-in-order-with-key
2. Can you add a unqiue Id to the file when it's created in `addNewFile`?
3. Similar to the new files, for the existing files you coukd add an `id` to them when they are retrieved from the redux state. Probably don't want to do that directly in mapStateToProps though, so a selector would be best. The Id could either be a random uuid (as long as the memoization on the selector is working and it isn't generating new random ids over and over) or just the index in the original array from LC-service (since the order of the array in the redux store won't change until the form is submitted).  But if there's no value we can use for the key, then that's okay and index and be used.
4. Is this the same as our existing IconButton component? I don't remember exactly what the IconButton looks like
5. I _think_ if your link is properly accessible you shouldn't have to set this yourself, and it will do it by default. But I could be wrong
6. another key using `index`
7. [nit] Still don't need to use `get` for this. Before optional chaining was introduce, `_.get` was used to access a path of an object safely when part of the path might have been undefined. But `this.state` should always be defined here
8. `cvent-web-components/components/file-upload-list`
9. If you don't provide `defaultHeight` the height is 60px. So 60px is the default. But if `defaultHeight` is true, it doesn't use the default. Can you rename this prop to something less confusing please
10. you shouldn't have to pass this in as a prop, shared-components has access to `config` so it can get the env itself
11. What's the difference between this and `leaveWithoutWarning()`?",
Q2 23' S2-Fatela jeb sil jayga,2023/04/11,2023/04/25,CMOBL-150760,3461,RCreaghan,0,0,0,0,0,0,0,0,0,0,0,0,SMartin,,
Q2 23' S2-Fatela jeb sil jayga,2023/04/11,2023/04/25,CMOBL-152752,3540,RCreaghan,0,0,0,0,1,0,0,0,0,0,0,0,KMahajan,,
Q2 23' S2-Fatela jeb sil jayga,2023/04/11,2023/04/25,CMOBL-152752,3549,RCreaghan,0,0,0,0,0,0,0,0,0,0,0,0,SDowney,,
Q2 23' S2-Fatela jeb sil jayga,2023/04/11,2023/04/25,HUB-76662,365,RCreaghan,0,0,0,0,0,3,0,0,0,0,0,0,VKanaujia,"1. don't forget to update `isOrdered` to match it after it's renamed to `useOrder` or whatever the new name is
2. I know we can't simulate the drag & drop functionality with the mouse in our UTs, but can we test it using the keyboard?  https://stackoverflow.com/questions/72940445/how-to-test-react-beautiful-dnd
3. also, do we already have UTs to make sure each content list is showing things in the user-defined order?",
Q2 23' S2-Fatela jeb sil jayga,2023/04/11,2023/04/25,HUB-76665,375,RCreaghan,0,0,0,0,0,0,0,0,0,0,0,0,MMenpadi,,
Q2 23' S2-Fatela jeb sil jayga,2023/04/11,2023/04/25,HUB-76667,365,RCreaghan,0,0,0,0,0,0,0,0,0,0,0,0,VKanaujia,,
Q2 23' S2-Fatela jeb sil jayga,2023/04/11,2023/04/25,HUB-76668,365,RCreaghan,0,0,0,0,0,0,0,0,0,0,0,0,VKanaujia,,
Q2 23' S2-Fatela jeb sil jayga,2023/04/11,2023/04/25,HUB-89439,375,RCreaghan,0,0,0,0,0,0,0,0,0,0,0,0,MMenpadi,,
Q2 23' S2-Fatela jeb sil jayga,2023/04/11,2023/04/25,HUB-89439,1442,RCreaghan,0,0,0,0,1,0,0,0,0,0,0,0,MMenpadi,,
Q2 23' S2-Fatela jeb sil jayga,2023/04/11,2023/04/25,HUB-89439,3541,RCreaghan,0,0,0,0,1,6,0,0,0,0,0,0,MMenpadi,"1. [nit] a new endpoint is a minor change
2. is this used anywhere?
3. Is this sort of thing usually defined in the config template? Seems like it'd be simpler to define the roles in the code instead
4. If this endpoint gives them a bearer with `videos:write` then I don't think `VIEW_EVENT_DATA` is the right permission check. The event-api endpoint to create a video uses `UPDATE_EXHIBITOR`, we probably want to match that
5. Should rename this now too, since the roles are removed from the config
6. no longer part of the config",
Q2 23' S2-Fatela jeb sil jayga,2023/04/11,2023/04/25,HUB-89439,3574,RCreaghan,0,0,0,0,0,0,0,0,0,0,0,0,D.Collette,,
Q2 23' S2-Fatela jeb sil jayga,2023/04/11,2023/04/25,HUB-92743,61,RCreaghan,0,0,0,0,0,0,0,0,0,0,0,0,VKanaujia,,
Q2 23' S2-Fatela jeb sil jayga,2023/04/11,2023/04/25,HUB-92743,62,RCreaghan,0,0,0,0,0,0,0,0,0,0,0,0,VKanaujia,,
Q2 23' S2-Fatela jeb sil jayga,2023/04/11,2023/04/25,HUB-92743,171,RCreaghan,0,0,0,0,0,0,0,0,0,0,0,0,VKanaujia,,
Q2 23' S2-Fatela jeb sil jayga,2023/04/11,2023/04/25,HUB-92743,1448,RCreaghan,0,0,0,0,0,0,0,0,0,0,0,0,VKanaujia,,
Q2 23' S2-Fatela jeb sil jayga,2023/04/11,2023/04/25,HUB-92743,1449,RCreaghan,0,0,0,0,0,0,0,0,0,0,0,0,VKanaujia,,
Q2 23' S2-Fatela jeb sil jayga,2023/04/11,2023/04/25,HUB-92743,3567,RCreaghan,0,0,0,0,0,0,0,0,0,0,0,0,VKanaujia,,
Q2 23' S2-Fatela jeb sil jayga,2023/04/11,2023/04/25,HUB-92743,3574,RCreaghan,0,0,0,0,0,0,0,0,0,0,0,0,D.Collette,,
Q2 23' S2-Fatela jeb sil jayga,2023/04/11,2023/04/25,HUB-96535,1444,RCreaghan,0,0,0,0,1,0,0,0,0,0,0,0,VKanaujia,,
Q2 23' S2-Fatela jeb sil jayga,2023/04/11,2023/04/25,HUB-96535,1445,RCreaghan,0,0,0,0,0,0,0,0,0,0,0,0,VKanaujia,,
Q2 23' S2-Fatela jeb sil jayga,2023/04/11,2023/04/25,HUB-96535,3551,RCreaghan,0,0,0,0,0,3,0,0,0,0,0,0,VKanaujia,"1. please add unit tests for this
2. Can you give a brief summary of your IT changes? The postman diff is always very hard to read
3. did this new param get added to json-schemas and oss-specs?",
Q2 23' S2-Fatela jeb sil jayga,2023/04/11,2023/04/25,HUB-96535,3561,RCreaghan,0,0,0,0,0,0,0,0,0,0,0,0,Shea.Sullivan,,
Q2 23' S2-Fatela jeb sil jayga,2023/04/11,2023/04/25,PROD-164667,809,RCreaghan,0,0,0,0,0,0,0,0,0,0,0,0,Prashant.Bansal,,
Q2 23' S2-Fatela jeb sil jayga,2023/04/11,2023/04/25,PROD-164667,811,RCreaghan,0,0,0,0,0,0,0,0,0,0,0,0,Prashant.Bansal,,
Q2 23' S2-Fatela jeb sil jayga,2023/04/11,2023/04/25,PROD-164667,3549,RCreaghan,0,0,0,0,0,0,0,0,0,0,0,0,SDowney,,
Q2 23' S2-Fatela jeb sil jayga,2023/04/11,2023/04/25,PROD-164667,3553,RCreaghan,0,0,0,0,0,0,0,0,0,0,0,0,Prashant.Bansal,,
Sprint Totals,,,,,,PR_ADDED: 104,PR_REMOVED: 10,COMMIT_ADDED: 0,COMMIT_REMOVED: 0,APPROVED: 14,COMMENTED: 90,DECLINED: 0,MERGED: 0,OPENED: 0,RESCOPED: 0,UNAPPROVED: 0,UPDATED: 0,,,

Q2 23' S3,2023/04/25,2023/05/09,CMOBL-112323,3463,RCreaghan,0,0,0,0,1,0,0,0,0,0,0,0,Subratkumar.Sahoo,,
Q2 23' S3,2023/04/25,2023/05/09,CMOBL-112323,3464,RCreaghan,0,0,0,0,1,1,0,0,0,0,0,0,Subratkumar.Sahoo,"1. If this is always going to be set `const licenseData = _.get(exhibitor, 'licenseData')`.  But using `_.get()` like this implies there's still a case where licenseData is undefined. In that case you should set a default `_.get(exhibitor, 'licenseData', {})`",
Q2 23' S3,2023/04/25,2023/05/09,CMOBL-146549,2697,RCreaghan,104,10,0,0,0,0,0,0,0,0,0,0,RCreaghan,,
Q2 23' S3,2023/04/25,2023/05/09,CMOBL-146549,2707,RCreaghan,0,0,0,0,0,0,0,0,0,0,0,0,VKanaujia,,
Q2 23' S3,2023/04/25,2023/05/09,CMOBL-146549,2722,RCreaghan,0,0,0,0,1,0,0,0,0,0,0,0,SMartin,,
Q2 23' S3,2023/04/25,2023/05/09,CMOBL-146549,3436,RCreaghan,0,0,0,0,0,0,0,0,0,0,0,0,VKanaujia,,
Q2 23' S3,2023/04/25,2023/05/09,CMOBL-146549,3446,RCreaghan,0,0,0,0,0,0,0,0,0,0,0,0,Shea.Sullivan,,
Q2 23' S3,2023/04/25,2023/05/09,CMOBL-146549,3448,RCreaghan,0,0,0,0,0,0,0,0,0,0,0,0,Shea.Sullivan,,
Q2 23' S3,2023/04/25,2023/05/09,CMOBL-146549,3445,RCreaghan,0,0,0,0,0,0,0,0,0,0,0,0,VKanaujia,,
Q2 23' S3,2023/04/25,2023/05/09,CMOBL-150760,2716,RCreaghan,0,0,0,0,0,0,0,0,0,0,0,0,VKanaujia,,
Q2 23' S3,2023/04/25,2023/05/09,CMOBL-150760,2722,RCreaghan,0,0,0,0,0,0,0,0,0,0,0,0,SMartin,,
Q2 23' S3,2023/04/25,2023/05/09,CMOBL-150760,3453,RCreaghan,0,0,0,0,0,0,0,0,0,0,0,0,VKanaujia,,
Q2 23' S3,2023/04/25,2023/05/09,CMOBL-150760,3461,RCreaghan,0,0,0,0,1,0,0,0,0,0,0,0,SMartin,,
Q2 23' S3,2023/04/25,2023/05/09,CMOBL-152752,3540,RCreaghan,0,0,0,0,0,0,0,0,0,0,0,0,KMahajan,,
Q2 23' S3,2023/04/25,2023/05/09,CMOBL-152752,3549,RCreaghan,0,0,0,0,0,0,0,0,0,0,0,0,SDowney,,
Q2 23' S3,2023/04/25,2023/05/09,CMOBL-153664,3549,RCreaghan,0,0,0,0,0,0,0,0,0,0,0,0,SDowney,,
Q2 23' S3,2023/04/25,2023/05/09,CMOBL-153664,3552,RCreaghan,0,0,0,0,1,0,0,0,0,0,0,0,MMenpadi,,
Q2 23' S3,2023/04/25,2023/05/09,HUB-73499,366,RCreaghan,0,0,0,0,0,0,0,0,0,0,0,0,Subratkumar.Sahoo,,
Q2 23' S3,2023/04/25,2023/05/09,HUB-73499,367,RCreaghan,0,0,0,0,1,2,0,0,0,0,0,0,Subratkumar.Sahoo,"1. Why is it important to use -0 instead of 0 in this case?
2. That makes sense.  [nit] I wonder if there's a clearer way to do it though  ```  const roundValue = isNaN(value) ? 0 : Math.round(value);  validateLimit(roundValue, setAdditionalLicensesLimitErrorMessage, false);  let valueToSet =    (selectedSingleLicenses || threePackLicensesCount > 0 || hasPurchasedAppOnlyLicense) &&    roundValue      ? roundValue      : 0;  if(valueToSet === 0 && additionalLicensesCount === 0) {    // brief comment explaining why    valueToSet = -0  }  setAdditionalLicensesCount(valueToSet);  ```",
Q2 23' S3,2023/04/25,2023/05/09,HUB-76662,365,RCreaghan,0,0,0,0,1,2,0,0,0,0,0,0,VKanaujia,"1. should this be `<ol>`, since the list is in a specific order?
2. why don't we need this in `onCompleted`?",
Q2 23' S3,2023/04/25,2023/05/09,HUB-76667,365,RCreaghan,0,0,0,0,0,0,0,0,0,0,0,0,VKanaujia,,
Q2 23' S3,2023/04/25,2023/05/09,HUB-76668,365,RCreaghan,0,0,0,0,0,0,0,0,0,0,0,0,VKanaujia,,
Q2 23' S3,2023/04/25,2023/05/09,HUB-96535,1444,RCreaghan,0,0,0,0,0,0,0,0,0,0,0,0,VKanaujia,,
Q2 23' S3,2023/04/25,2023/05/09,HUB-96535,1445,RCreaghan,0,0,0,0,1,0,0,0,0,0,0,0,VKanaujia,,
Q2 23' S3,2023/04/25,2023/05/09,HUB-96535,3551,RCreaghan,0,0,0,0,1,0,0,0,0,0,0,0,VKanaujia,,
Q2 23' S3,2023/04/25,2023/05/09,HUB-96535,3561,RCreaghan,0,0,0,0,0,0,0,0,0,0,0,0,Shea.Sullivan,,
Q2 23' S3,2023/04/25,2023/05/09,PROD-164667,809,RCreaghan,0,0,0,0,1,0,0,0,0,0,0,0,Prashant.Bansal,,
Q2 23' S3,2023/04/25,2023/05/09,PROD-164667,811,RCreaghan,0,0,0,0,0,0,0,0,0,0,0,0,Prashant.Bansal,,
Q2 23' S3,2023/04/25,2023/05/09,PROD-164667,3549,RCreaghan,0,0,0,0,0,0,0,0,0,0,0,0,SDowney,,
Q2 23' S3,2023/04/25,2023/05/09,PROD-164667,3553,RCreaghan,0,0,0,0,1,0,0,0,0,0,0,0,Prashant.Bansal,,
Q2 23' S3,2023/04/25,2023/05/09,CMOBL-153113,7,RCreaghan,0,0,0,0,0,0,0,0,0,0,0,0,J.Kumar,,
Q2 23' S3,2023/04/25,2023/05/09,CMOBL-153113,153,RCreaghan,0,0,0,0,0,0,0,0,0,0,0,0,J.Kumar,,
Q2 23' S3,2023/04/25,2023/05/09,CMOBL-153113,361,RCreaghan,0,0,0,0,0,0,0,0,0,0,0,0,J.Kumar,,
Q2 23' S3,2023/04/25,2023/05/09,CMOBL-153113,364,RCreaghan,0,0,0,0,0,0,0,0,0,0,0,0,SMartin,,
Q2 23' S3,2023/04/25,2023/05/09,CMOBL-153113,706,RCreaghan,0,0,0,0,0,0,0,0,0,0,0,0,J.Kumar,,
Q2 23' S3,2023/04/25,2023/05/09,CMOBL-153113,804,RCreaghan,0,0,0,0,0,0,0,0,0,0,0,0,J.Kumar,,
Q2 23' S3,2023/04/25,2023/05/09,CMOBL-153113,806,RCreaghan,0,0,0,0,0,0,0,0,0,0,0,0,SMartin,,
Q2 23' S3,2023/04/25,2023/05/09,CMOBL-153113,1264,RCreaghan,0,0,0,0,0,0,0,0,0,0,0,0,J.Kumar,,
Q2 23' S3,2023/04/25,2023/05/09,CMOBL-153113,3564,RCreaghan,0,0,0,0,0,0,0,0,0,0,0,0,SMartin,,
Q2 23' S3,2023/04/25,2023/05/09,HUB-76665,375,RCreaghan,0,0,0,0,0,0,0,0,0,0,0,0,MMenpadi,,
Q2 23' S3,2023/04/25,2023/05/09,HUB-89439,375,RCreaghan,0,0,0,0,0,0,0,0,0,0,0,0,MMenpadi,,
Q2 23' S3,2023/04/25,2023/05/09,HUB-89439,1442,RCreaghan,0,0,0,0,0,0,0,0,0,0,0,0,MMenpadi,,
Q2 23' S3,2023/04/25,2023/05/09,HUB-89439,3541,RCreaghan,0,0,0,0,0,0,0,0,0,0,0,0,MMenpadi,,
Q2 23' S3,2023/04/25,2023/05/09,HUB-89439,3574,RCreaghan,0,0,0,0,0,0,0,0,0,0,0,0,D.Collette,,
Q2 23' S3,2023/04/25,2023/05/09,HUB-89999,374,RCreaghan,0,0,0,0,0,13,0,0,0,0,0,0,Subratkumar.Sahoo,"1. it's a little suspect that this text is after the content item. Generally for a11y we want the order of html elements to match the order they appear to the user in
2. it would be easier to understand this if you put this logic into a variable, and name it after what it represents
3. on second thought, it would be better to just keep this logic in the list, and pass in a `featured` prop
4. Heya?
5. oh, I was ignoring that commit because it was a merge commit named ""down merge"" so I thought it was just code from another branch that was already merged to master. Merge commits should only have merges from another branches, and necessary conflict resolutions. Putting other changes in there makes it hard to review
6. Is there a way to use a carina token for the color?
7. If the featured video is always the first video, why do we need to track it in the backend?
8. is it just because planner-portal can still set a video as featured?
9. I know a planner can still mark a video as featured. But why? Now that we have full ordering, marking one video as featured in the backend seems kind of confusing, and unnecessary
10. In planner-portal there's already going to be a header that message that says something like ""to reorder content, use exhibitor portal"", right? So it probably makes sense to just remove the ""featured"" toggle from planner-portal, and ignore any previously featured video when applying the order in the backend.
11. Can this PR wait until then? Cause it sounds like if there's no need to mark a video as featured, then this PR can be significantly simplified by removing that request to update the video. Or maybe at that point we wouldn't even need to visually denote a featured video at all
12. If we discovered new work, or a new case, and were adding to the scope of this ticket, then I'd agree with you. But in this case I don't see it as adding scope to a ticket. It sounds like we're not sure if a big part of this implementation (or maybe the whole ticket) is even needed. So I don't think it makes sense to review this, test it, & have it approved by UX, if we might end up changing all of it next week anyways
13. No, I still don't quite follow.  Are you saying that the universal api won't support full ordering, and instead it will support featuring to give users a little control?",
Q2 23' S3,2023/04/25,2023/05/09,HUB-92743,61,RCreaghan,0,0,0,0,0,0,0,0,0,0,0,0,VKanaujia,,
Q2 23' S3,2023/04/25,2023/05/09,HUB-92743,62,RCreaghan,0,0,0,0,0,0,0,0,0,0,0,0,VKanaujia,,
Q2 23' S3,2023/04/25,2023/05/09,HUB-92743,171,RCreaghan,0,0,0,0,0,0,0,0,0,0,0,0,VKanaujia,,
Q2 23' S3,2023/04/25,2023/05/09,HUB-92743,1448,RCreaghan,0,0,0,0,0,0,0,0,0,0,0,0,VKanaujia,,
Q2 23' S3,2023/04/25,2023/05/09,HUB-92743,1449,RCreaghan,0,0,0,0,0,0,0,0,0,0,0,0,VKanaujia,,
Q2 23' S3,2023/04/25,2023/05/09,HUB-92743,3567,RCreaghan,0,0,0,0,0,0,0,0,0,0,0,0,VKanaujia,,
Q2 23' S3,2023/04/25,2023/05/09,HUB-92743,3574,RCreaghan,0,0,0,0,0,0,0,0,0,0,0,0,D.Collette,,
Q2 23' S3,2023/04/25,2023/05/09,HUB-96428,811,RCreaghan,0,0,0,0,0,0,0,0,0,0,0,0,Prashant.Bansal,,
Sprint Totals,,,,,,PR_ADDED: 104,PR_REMOVED: 10,COMMIT_ADDED: 0,COMMIT_REMOVED: 0,APPROVED: 11,COMMENTED: 18,DECLINED: 0,MERGED: 0,OPENED: 0,RESCOPED: 0,UNAPPROVED: 0,UPDATED: 0,,,

Q2 23' S4,2023/05/09,2023/05/23,CMOBL-153113,7,RCreaghan,0,0,0,0,1,0,0,0,0,0,0,0,J.Kumar,,
Q2 23' S4,2023/05/09,2023/05/23,CMOBL-153113,153,RCreaghan,0,0,0,0,1,0,0,0,0,0,0,0,J.Kumar,,
Q2 23' S4,2023/05/09,2023/05/23,CMOBL-153113,361,RCreaghan,0,0,0,0,1,0,0,0,0,0,0,0,J.Kumar,,
Q2 23' S4,2023/05/09,2023/05/23,CMOBL-153113,364,RCreaghan,0,0,0,0,0,0,0,0,0,0,0,0,SMartin,,
Q2 23' S4,2023/05/09,2023/05/23,CMOBL-153113,706,RCreaghan,0,0,0,0,1,0,0,0,0,0,0,0,J.Kumar,,
Q2 23' S4,2023/05/09,2023/05/23,CMOBL-153113,804,RCreaghan,0,0,0,0,1,0,0,0,0,0,0,0,J.Kumar,,
Q2 23' S4,2023/05/09,2023/05/23,CMOBL-153113,806,RCreaghan,0,0,0,0,0,0,0,0,0,0,0,0,SMartin,,
Q2 23' S4,2023/05/09,2023/05/23,CMOBL-153113,1264,RCreaghan,0,0,0,0,1,0,0,0,0,0,0,0,J.Kumar,,
Q2 23' S4,2023/05/09,2023/05/23,CMOBL-153113,3564,RCreaghan,0,0,0,0,1,0,0,0,0,0,0,0,SMartin,,
Q2 23' S4,2023/05/09,2023/05/23,CMOBL-153748,378,RCreaghan,0,0,0,0,1,0,0,0,0,0,0,0,MMenpadi,,
Q2 23' S4,2023/05/09,2023/05/23,CMOBL-154095,1675,RCreaghan,0,0,0,0,1,0,0,0,0,0,0,0,Subratkumar.Sahoo,,
Q2 23' S4,2023/05/09,2023/05/23,CMOBL-154095,1682,RCreaghan,0,0,0,0,0,0,0,0,0,0,0,0,Subratkumar.Sahoo,,
Q2 23' S4,2023/05/09,2023/05/23,CMOBL-154095,2726,RCreaghan,0,0,0,0,1,1,0,0,0,0,0,0,Subratkumar.Sahoo,1. Can we upgrade to 18 instead?,
Q2 23' S4,2023/05/09,2023/05/23,CMOBL-154095,2735,RCreaghan,0,0,0,0,0,0,0,0,0,0,0,0,Subratkumar.Sahoo,,
Q2 23' S4,2023/05/09,2023/05/23,CMOBL-154095,3471,RCreaghan,0,0,0,0,1,1,0,0,0,0,0,0,Subratkumar.Sahoo,1. looks like these tests are failing in the PR build,
Q2 23' S4,2023/05/09,2023/05/23,CMOBL-154095,3477,RCreaghan,0,0,0,0,0,0,0,0,0,0,0,0,Subratkumar.Sahoo,,
Q2 23' S4,2023/05/09,2023/05/23,HUB-76665,375,RCreaghan,0,0,0,0,1,22,0,0,0,0,0,0,MMenpadi,"1. Why is this called `addVideoEM`, is there another add video operations we need to distinguish it from? It's also a little confusing that `addVideoEM` calls `addUvsVideo`, it makes it sound like they're meant to do two different things
2. is there any way to avoid using  `!important` here?
3. 0px fontsize?
4. is the limit 15GB or 5GB?
5. This is an array right? Can you make the name plural to make that clearer
6. Are you spreading an array into an object? Please don't do that. `setVideoFile(acceptedFiles[0])` would be much clearer, and then `videoFile` is just your file not `{ '0': file }`.
7. Can you include screenshots of the updated empty state too? I can't picture what this looks like now
8. I don't really understand what you're doing here, by overriding the context function with one that accepts `{req, res}` and returns `{req, res}`. Is there any documentation or a slack discussion or something you can share?
9. what do you mean by ""user provided"" context? Parts of the request can contain user-provided data, but I'm a little confused by referring to the entire Response & Request objects as user-provided
10. `FileUpload` will call this with a second argument `rejectedFiles`, that has a list of the rejected files and why they were rejected. Doesn't that solve a lot of this?  https://stash.cvent.net/projects/NUKE/repos/carina/browse/packages/nucleus-file-upload/src/FileUpload.tsx#110-124
11. Is this dependency needed? I don't see it used anywhere, and `pnpm why @cvent/carina-filter-control-bar` doesn't list it as a peer dependency of anything.  Same for `@cvent/carina-scroll-view-with-bars` & `@cvent/carina-table`.
12. Why rename this to `deleteExhibitorVideo`? The naming implies we also have other types of videos to delete
13. Does deleteVideo still exist? I thought it was renamed
14. why are you using ts-ignore here?
15. deleteVideo is here twice now
16. these initial values never get used, right? Can you leave them undefined to make it a little clearer
17. If I upload a video that's too large and don't dismiss the error, then upload another video that's the wrong file type, do both errors get shown? I think if you use `ALERT_IDS.VIDEO_UPLOAD_ERROR_ALERT` for all of these it will replace the previous alert instead of showing multiple alerts
18. Should we add another case to catch any other errors, or are these two the only ones we have to worry about?
19. should this be updated like the other?
20. Is there a request Id or anything you can add to this, to help us link it to other logs?
21. looks good, aside from the failing UTs in the PR build
22. Can you link the slack conversation here please?  also what does that comment mean? Is it supposed to say ""~~from~~ delete host from context header ...""",
Q2 23' S4,2023/05/09,2023/05/23,HUB-76671,379,RCreaghan,0,0,0,0,1,22,0,0,0,0,0,0,Subratkumar.Sahoo,"1. I think in this case the challenge is that the flow to create a file doesn't exist. And presumably the e2e will create, edit, then delete a file instead of using static data
2. One of the benefits of having e2e tests in the same repo is that the person writing the e2e tests can add all the testIds they need (and only the ones they need) while they write the tests. So we don't have to try & predict what the e2e tests might need ahead of time
3. wouldn't this be included just be doing `...updatedFile`?
4. Can you make a function for this that we can call here and in `getExhibitorContentFiles`. Similar to `convertEvent`
5. We shouldn't have both `filename` and `fileName`. If we really need both properties then one should be named more distinctly
6. Tests are much clearer and easier to follow if they include the input & output in the test instead of hiding them away in json files.   If you trim down both to only the properties that are relevant, they probably won't be too large to reasonably put `editFileResponse` and `editFileDatasourceResponse` directly in this test file
7. also testing specific properties makes it clearer which properties are important to the test. Right now `path` and `createdBy` are as important to the test as `fileName` is, but we probably don't care about those properties in this app
8. [nit] if the component name matches the file name it's easier to find what you're looking for when searching through the code later
9. Keep in mind that large parts of this form may be identical to the form for adding a new file, and we may want to reuse those common sections
10. may also want to check that the panel is closed & the updated file name is shown
11. Same comment Downey made on the other test file, please don't use `*byTestId` if it can be avoided
12. I don't remember how the current implementation works, do we want a warning modal before they close add/edit panel with unsaved changes?
13. why do we need to mock this?
14. There's nothing here that's specific to content (aside from the phrase key names, but those can be changed). Can you please move this out of the content/ folder, so other pages can use it too?
15. Now that this is being used for more than just disabling the save button, it would be clearer to rename it to `isModified` or `isFormDirty` or something similar that conveys the meaning of the variable, instead of being named after how it will be used.
16. If you don't end up using the `labelText` prop, then I think you can add an id to the span containing the label, and use `aria-labelledBy` here instead of adding the label a second time
17. ""... onExit gets called""
18. The Switch component has a labelText prop, why not use that instead of a separate span like this?
19. Did you add an ID to the component?  >The label text to display above the input and requires that an `id` be provided  https://carina.docs.cvent.org/docs/components/switch/develop
20. it's odd that the design is breaking from Carina's patterns to label this toggle, but maybe there was a reason for it.
21. `isFormDirty` is false when the form is dirty. That seems backwards
22. are this and `unhideFileContentToggleLabel` still used?",
Q2 23' S4,2023/05/09,2023/05/23,HUB-89439,375,RCreaghan,0,0,0,0,0,0,0,0,0,0,0,0,MMenpadi,,
Q2 23' S4,2023/05/09,2023/05/23,HUB-89439,1442,RCreaghan,0,0,0,0,0,0,0,0,0,0,0,0,MMenpadi,,
Q2 23' S4,2023/05/09,2023/05/23,HUB-89439,3541,RCreaghan,0,0,0,0,0,0,0,0,0,0,0,0,MMenpadi,,
Q2 23' S4,2023/05/09,2023/05/23,HUB-89439,3574,RCreaghan,0,0,0,0,0,0,0,0,0,0,0,0,D.Collette,,
Q2 23' S4,2023/05/09,2023/05/23,HUB-89999,374,RCreaghan,0,0,0,0,0,0,0,0,0,0,0,0,Subratkumar.Sahoo,,
Q2 23' S4,2023/05/09,2023/05/23,HUB-96417,1481,RCreaghan,0,0,12,7,0,0,0,0,0,0,0,0,Shea.Sullivan,,"1. NA-0: Moving PageBanner tests from black to blue
2. Pull request #1468: NA-0: Moving PageBanner tests from black to blue  Merge in AX/attendee-experience-builder from stealing-blacks-tests to develop  * commit '1ca0a61c193a9803d3a251b75179d19e0789183b':    NA-0: Moving PageBanner tests from black to blue"
Q2 23' S4,2023/05/09,2023/05/23,HUB-96417,1476,RCreaghan,0,0,0,0,0,1,0,0,0,0,0,0,GDionne,1. here's a reference explaining why other selectors are preferred over `*byTestId`  https://testing-library.com/docs/queries/about/#priority,
Q2 23' S4,2023/05/09,2023/05/23,HUB-96428,811,RCreaghan,0,0,0,0,1,0,0,0,0,0,0,0,Prashant.Bansal,,
Q2 23' S4,2023/05/09,2023/05/23,HUB-98731,2730,RCreaghan,0,0,0,0,1,1,0,0,0,0,0,0,Subratkumar.Sahoo,1. Can we wrap the whole app in the theme provider instead? It's likely that we'll want to use more carina components in the future,
Q2 23' S4,2023/05/09,2023/05/23,HUB-98731,2732,RCreaghan,0,0,0,0,1,0,0,0,0,0,0,0,Subratkumar.Sahoo,,
Q2 23' S4,2023/05/09,2023/05/23,HUB-98731,2735,RCreaghan,0,0,0,0,0,0,0,0,0,0,0,0,Subratkumar.Sahoo,,
Q2 23' S4,2023/05/09,2023/05/23,HUB-98731,3473,RCreaghan,0,0,0,0,1,0,0,0,0,0,0,0,Subratkumar.Sahoo,,
Q2 23' S4,2023/05/09,2023/05/23,HUB-98731,3477,RCreaghan,0,0,0,0,0,0,0,0,0,0,0,0,Subratkumar.Sahoo,,
Q2 23' S4,2023/05/09,2023/05/23,HUB-99967,709,RCreaghan,0,0,0,0,1,1,0,0,0,0,0,0,Subratkumar.Sahoo,1. This variable isn't used. Is it supposed to be used on the next line instead of `jsonData.grantedAuthorizations[1].roles`?,
Q2 23' S4,2023/05/09,2023/05/23,HUB-99967,710,RCreaghan,0,0,0,0,1,0,0,0,0,0,0,0,Subratkumar.Sahoo,,
Q2 23' S4,2023/05/09,2023/05/23,PROD-166333,380,RCreaghan,0,0,0,0,1,1,0,0,0,0,0,0,MMenpadi,1. [nit]  ```suggestion        `/events/${eventId}/exhibitors/${exhibitorId}/leads_count?includeDeleted=false`  ```,
Q2 23' S4,2023/05/09,2023/05/23,CMOBL-153241,174,RCreaghan,0,0,0,0,0,0,0,0,0,0,0,0,KMahajan,,
Q2 23' S4,2023/05/09,2023/05/23,HUB-92743,61,RCreaghan,0,0,0,0,1,0,0,0,0,0,0,0,VKanaujia,,
Q2 23' S4,2023/05/09,2023/05/23,HUB-92743,62,RCreaghan,0,0,0,0,1,1,0,0,0,0,0,0,VKanaujia,"1. This shouldn't be an async function, and the example shouldn't `await` it",
Q2 23' S4,2023/05/09,2023/05/23,HUB-92743,171,RCreaghan,0,0,0,0,0,0,0,0,0,0,0,0,VKanaujia,,
Q2 23' S4,2023/05/09,2023/05/23,HUB-92743,1448,RCreaghan,0,0,0,0,0,0,0,0,0,0,0,0,VKanaujia,,
Q2 23' S4,2023/05/09,2023/05/23,HUB-92743,1449,RCreaghan,0,0,0,0,0,0,0,0,0,0,0,0,VKanaujia,,
Q2 23' S4,2023/05/09,2023/05/23,HUB-92743,3567,RCreaghan,0,0,0,0,0,18,0,0,0,0,0,0,VKanaujia,"1. Can you give this function a more descriptive name? It's handling the S3 callback, but we intend to use the same general upload flow for more than just exhibitor content, so it will be confusing if we have a bunch of different functions named `s3Callback`.   something like `exhibitorContentS3Callback` or `completeExhibitorContentUpload` would be better
2. Can you move this to somewhere it can be reused please? file-util.js might be the best place for it
3. please log the request Id
4. Can you add logs for these two FAILED cases please?
5. What else is in the body? If it contains PII or is too large then we can't log it
6. Looks like nothing unreasonable then. Still might be best to only log specific fields, so we don't have to worry about new fields being added
7. What does ""retriggering the request"" look like? Would we just be calling this endpoint again, or would we have to do all the steps manually?   If we can just call this endpoint again with the same params, it could be useful to have this endpoint accept api key auth too
8. If the file is created in file-service successfully, the status is updated to FILE_CREATED. Then the file is added the the content order, and regardless of whether that works or not, the status is updated to COMPLETED  I'm confused, that doesn't seem right
9. The two branches are adding a little confusion here, and the master branch has the same issues I pointed out in the other PR: that's labelled as an async function but doesn't actually return a promise.  But regardless of which version/branch you're using, the problem that Downey's pointing out exists. If the request to file-service fails, it won't throw an error, Instead it will pass the error to that callback `fn`  +1 to ""the file-service client function should be using cvent-axios to make the request""
10. I just realized this endpoint is `/events/:eventId/exhibitors/:exhibitorId/s3Callback/:s3CallbackIds3Callback/:s3CallbackId`. Can you please do something to make it clearer that the endpoint is specifically for exhibitor content?   It's specifically content files right? So maybe `:exhibitorId/files/s3Callback/:s3CallbackId`?   BTW, are s3 callback endpoints from other services named ""/s3Callback""? or should it be something more generic like ""complete_upload""
11. instead of using `if(file.id)` to see if the file was created, it would be clearer to move the contents on this `else` into the `catch` around the file creation.    Unless I'm missing something, I think this is a clearer way of doing the same thing  ```  try {    file = await eventapi.fileServiceClient.postAsync(req.requestId, fileData);  } catch (error) {    updateS3CallbackStatus(requestId, eventId, exhibitorId, {      ...s3CallbackStatus,      status: 'FAILED',      failureReason: `File creation failed in file-api with requestId: ${requestId}`    });    logger.warn('File creation failed in file-api during s3Callback', { requestId, s3CallbackId });    return res.status(500).send();  }  s3CallbackStatus = { ...s3CallbackStatus, status: 'FILE_CREATED', fileId: file.id };  ...  ```
12. Are there PRs for json-schemas and oss-specs to go along with this?
13. what about json-schemas?
14. When you make json-schemas changes, do you test them locally by using `yarn generate` and linking json-schemas to event api with `yarn link`?
15. Are all these status updates intentionally being done asynchronously, or should this be `await`ed?
16. why does it always return a 200?
17. Our response codes end up in datadog, and splunk. So I think there's still value in returning an appropriate response code even if the caller doesn't care about it, because it can give us insight into the health of this endpoint
18. What if it fails to update the S3 callback status document?",
Q2 23' S4,2023/05/09,2023/05/23,HUB-92743,3574,RCreaghan,0,0,0,0,0,0,0,0,0,0,0,0,D.Collette,,
Q2 23' S4,2023/05/09,2023/05/23,HUB-92905,381,RCreaghan,0,0,0,0,0,0,0,0,0,0,0,0,VKanaujia,,
Sprint Totals,,,,,,PR_ADDED: 0,PR_REMOVED: 0,COMMIT_ADDED: 12,COMMIT_REMOVED: 7,APPROVED: 22,COMMENTED: 69,DECLINED: 0,MERGED: 0,OPENED: 0,RESCOPED: 0,UNAPPROVED: 0,UPDATED: 0,,,

Q2 23' S5,2023/05/23,2023/06/06,CMOBL-153241,174,RCreaghan,0,0,0,0,0,0,0,0,0,0,0,0,KMahajan,,
Q2 23' S5,2023/05/23,2023/06/06,HUB-87696,385,RCreaghan,0,0,0,0,1,2,0,0,0,0,0,0,Subratkumar.Sahoo,"1. The function name is generic and sounds like it could be used for any type of files we would want to zip, but the implementation is specifically only for content
2. If possible we should test something something that's available to the user instead of testing that the mock function was called. In this case would a test against `location.href` work?",
Q2 23' S5,2023/05/23,2023/06/06,HUB-92743,61,RCreaghan,0,0,0,0,0,0,0,0,0,0,0,0,VKanaujia,,
Q2 23' S5,2023/05/23,2023/06/06,HUB-92743,62,RCreaghan,0,0,0,0,0,0,0,0,0,0,0,0,VKanaujia,,
Q2 23' S5,2023/05/23,2023/06/06,HUB-92743,171,RCreaghan,0,0,0,0,0,0,0,0,0,0,0,0,VKanaujia,,
Q2 23' S5,2023/05/23,2023/06/06,HUB-92743,1448,RCreaghan,0,0,0,0,1,0,0,0,0,0,0,0,VKanaujia,,
Q2 23' S5,2023/05/23,2023/06/06,HUB-92743,1449,RCreaghan,0,0,0,0,1,0,0,0,0,0,0,0,VKanaujia,,
Q2 23' S5,2023/05/23,2023/06/06,HUB-92743,3567,RCreaghan,0,0,0,0,1,0,0,0,0,0,1,0,VKanaujia,,
Q2 23' S5,2023/05/23,2023/06/06,HUB-92743,3574,RCreaghan,0,0,0,0,1,0,0,0,0,0,0,0,D.Collette,,
Q2 23' S5,2023/05/23,2023/06/06,HUB-92905,381,RCreaghan,0,0,0,0,1,3,0,0,0,0,0,0,VKanaujia,"1. don't forget to update this to match the change in event-api
2. did you mean to commit this?
3. no, it's fine",
Q2 23' S5,2023/05/23,2023/06/06,HUB-98732,2735,RCreaghan,0,0,0,0,1,0,0,0,0,0,0,0,Subratkumar.Sahoo,,
Q2 23' S5,2023/05/23,2023/06/06,HUB-98732,2736,RCreaghan,0,0,0,0,1,0,0,0,0,0,0,0,Subratkumar.Sahoo,,
Q2 23' S5,2023/05/23,2023/06/06,HUB-98732,3477,RCreaghan,0,0,0,0,1,0,0,0,0,0,0,0,Subratkumar.Sahoo,,
Q2 23' S5,2023/05/23,2023/06/06,HUB-98732,3480,RCreaghan,0,0,0,0,0,0,0,0,0,0,0,0,Shea.Sullivan,,
Q2 23' S5,2023/05/23,2023/06/06,HUB-99887,1450,RCreaghan,0,0,0,0,1,1,0,0,0,0,0,0,Prashant.Bansal,"1. isn't this readOnly? It's not a writable field, it's derived from other properties",
Q2 23' S5,2023/05/23,2023/06/06,HUB-99887,3572,RCreaghan,0,0,0,0,2,5,0,0,0,0,1,0,Prashant.Bansal,"1. please remove this
2. ""... update updatedAtWaterMark ...""  is `updatedAtWaterMark` an existing property on the object that's being updated, or a new property that's being added?
3. Could move this into a reusable function if it's the same code for files & weblinks
4. What about the case where a file's updatedAt is newer than the contentOrder?
5. Don't forget this comment",
Q2 23' S5,2023/05/23,2023/06/06,HUB-99887,3574,RCreaghan,0,0,0,0,0,0,0,0,0,0,0,0,D.Collette,,
Q2 23' S5,2023/05/23,2023/06/06,HUB-99887,3577,RCreaghan,0,0,0,0,1,0,0,0,0,0,0,0,Prashant.Bansal,,
Q2 23' S5,2023/05/23,2023/06/06,HUB-100250,374,RCreaghan,0,0,0,0,1,5,0,0,0,0,0,0,Subratkumar.Sahoo,"1. [nit] minor wording changes   ""If a hidden video is being moved to the first (featured) position, or the first video is being moved down and the next video is hidden""
2. please rename `editVideo` to make it clearer that it's only featuring the video. `featureVideo` perhaps
3. once you get a new PR build, can you have UX try out this case? Something about it just seems a little odd to me, but I'm not very familiar with drag&drop validation, so maybe it's normal
4. What exactly happens in this case? Does the card you dragged get moved back to it's original position, or does it stay there until you move it?
5. I'm not sure how best to handle `editVideo` and `orderVideos`. They're kind of two separate operations, but they both effect the order that users see the video in.   I think they should at least be a single mutation here. It might be even better to have the /content_order endpoint from event-api automatically update which video is featured, that way it avoids some of the complexity of having two different pieces of data to determine the order. What do you think?",
Q2 23' S5,2023/05/23,2023/06/06,PROD-166323,384,RCreaghan,0,0,0,0,1,1,0,0,0,0,0,0,Subratkumar.Sahoo,1. What does the invoice looks like when this happens?,
Q2 23' S5,2023/05/23,2023/06/06,PROD-168222,73,RCreaghan,0,0,0,0,1,0,0,0,0,0,0,0,VShyoran,,
Q2 23' S5,2023/05/23,2023/06/06,PROD-168222,3580,RCreaghan,0,0,0,0,1,1,0,0,0,0,0,0,VShyoran,"1. With the change to pt-event-models, once an exhibitor is saved that bad data will be removed from the document. But the error is happening before the exhibitor is saved right?  Does that mean a datafix is needed for exhibitors that already have `externalBannerUrl` or `externalLogoUrl` in their document?",
Q2 23' S5,2023/05/23,2023/06/06,PROD-168222,3593,RCreaghan,0,0,0,0,0,0,0,0,0,0,0,0,SMartin,,
Q2 23' S5,2023/05/23,2023/06/06,PROD-168222,3579,RCreaghan,0,0,0,0,0,5,0,0,0,0,0,0,VShyoran,"1. No unit tests?
2. Can you add some context to this PR please? As-is, I don't know what was causing the 502 or how this fixes it
3. Is this a hotfix? It's targeting master but isn't changing the release version
4. It always helps to put ""hotfix"" in the PR title, because it's easy to miss which branch the PR is targeting
5. Instead of deleteing these in this one case, I think you should delete them in the Exhbiitor model code, so they get deleted no matter where `.save()` is called from. Like this PR did for some other properties: https://stash.cvent.net/projects/PT/repos/pt-event-models/pull-requests/70/diff#schemas/exhibitor/exhibitor.js",
Q2 23' S5,2023/05/23,2023/06/06,CMOBL-153493,13,RCreaghan,0,0,0,0,0,1,0,0,0,0,0,0,KMahajan,"1. /pt/ is planner-service, not event-api. So I think this should be in planner-service-java-client",
Q2 23' S5,2023/05/23,2023/06/06,HUB-76672,391,RCreaghan,0,0,0,0,0,12,0,0,0,0,0,0,Subratkumar.Sahoo,"1. [nit] Can you rename `loading`? Where there's multiple queries/mutations, a name like `loading` isn't very descriptive
2. ""Update successful ..."" is being logged before the mutation to update the video?
3. Can you ask more of your team to review this PR please? It always makes things easier for us if there's more reviews & comments from people who are more familiar with the work
4. Even if the timing isn't a concern, we have one query doing the clean up for a separate query. Is there a way to remove this cookie as part of the upload/update operation instead?
5. why does this only have `hidden`, can't you also edit the video name & thumbnail?
6. Why is this network only? I feel like we should be able to cache this
7. I know it updates the cache, I'm asking why we can't read from the cache. If we're updating something with a mutation, it should also update our cache, so normally we wouldn't need to use network-only in a case like this. Do we have to use network-only here because part of the update goes through the SUL and doesn't update our apollo cache?
8. I see, can you add a comment explaining that please?
9. Is ""onDismiss"" used for the panel being closed without changing anything? If that's the case, why do we need to re-fetch the videos?
10. you mean if I replace the thumbnail it gets saved immediately, without having to click the save button? ""Hidden"" has to be explicitly saved, doesn't it? What about the video name?
11. that sounds very confusing for a user, and for someone who has to maintain this code in a year from now
12. Don't forget to check this with UX about the difference in behavior between saving the thumbnail & saving the other parts of this form.",
Q2 23' S5,2023/05/23,2023/06/06,HUB-92746,390,RCreaghan,0,0,0,0,0,24,0,0,0,0,0,0,MMenpadi,"1. The same way every link or button doesn't need an aria-label to tell users it's a link or button, I don't think we need to say ""file upload modal"". Instead it would probably be better to use aria-labelledby with the same label that's shown to sighted users: the H2 below
2. Why isn't this a focus trap?
3. [nit] for consistency, can you swap the order of these arguments? If A function takes multiple Ids we usually order to match the hierarchy of the data. In this case the event is the highest level,  the most generic, so it would be first. And the callbackId is the most specific piece of information so it would go last  ```suggestion          return await fileAPI.getFileUploadStatus(args.eventId,args.exhibitorId, args.s3CallbackId);  ```
4. please remove this and add the dependencies for useCallback, or add a code comment explaining why it's the empty array is needed
5. [nit] argument order like I mentioned in another comment.  ```suggestion      async (accountId: string, _eventId: string, _exhibitorId: string, _s3CallbackId: string, uploadDoc: Document) => {  ```
6. Please try to keep your unit tests as simple as possible. This doesn't need to be a jest function, or a function at all.  ```  const mockGetFileUploadPresignedUrl = {    request: {      query: getFileUploadPreSignedUrl,      variables: {        accountId: '12345',        eventId,        exhibitorId,        s3CallbackId,        fileName: 'meow.jpg',        isHidden: true,        displayName: 'meow meow meow'      }    },    result: {      data: {        generateFileUploadPreSignedUrl: {          location: s3PreSignedUrl        }      }    }  };  ```
7. A little bit of code reuse here makes it easier to read, and easier to tell which fields are changing between the different mocks.  ```  const mockGetFileUploadStatus = (status) => ({    request: {      query: getFileUploadStatus,      variables: { eventId, exhibitorId, s3CallbackId}    },    result: {      data: {        fileUploadStatus: {          id: s3CallbackId,          eventId,          status,          entity: 'exhibitor',          fileId,          location,          entityId: exhibitorId        }      }    }  });  const mockGetCompletedFileUploadStatus = mockGetFileUploadStatus('COMPLETED')  const mockGetFailedFileUploadStatus = mockGetFileUploadStatus('FAILED')  const mockGetEmptyFileUploadStatus = mockGetFileUploadStatus('')  ```
8. ""file file upload""
9. check for the labelledBy text for this too please
10. Why is this importing the known violations from an unrelated component?
11. is it possible to find this by role?
12. Should test for the aria-label too. `screen.getByRole('progressbar', {name: en.fileUploadLoadingFileAriaLabel})` will probably work
13. I don't think you need to use waitFor here
14. This might all be easier to read if you put this styling into `useStyles`. Maybe have a section for each state  ```  return {    container: { ... },    loadingSpinner: { ... },    readyState: { container: {...}, progressBar: {...} }  }  ```
15. This seems unrelated. Is that intentional or from a bad merge conflict resolution?
16. is it worth adding test cases for FILE_CREATED, LOADING, or READY?
17. This function definition doesn't need to be inside the `useCallback`, or even inside the `useFileUpload` hook. Can you move it out please
18. Should this only skip when they're all missing, or when any one of them is missing?
19. Is this the final copy? ""exhibitor booth webpage"" sounds wrong, espcially since this data is also shown in Event App. ""virtual booth"" is the term I usually see for this
20. Is this the final copy too? ""exhibit booth"" is another term I don't think I've seen before, when we usually use ""virtual booth"" or ""virtual exhibitor booth""
21. Can you get some more of the devs from your team to review this please? It helps us a lot if there's some reviews & comments by your teammates. Especially on larger PRs like this one
22. Sorry about the delay, after being out of the office all day Wednesday I was burried in PRs from orange & coral when I got back, and this one slipped through the cracks
23. Why do you have to mock this? If it's a proper file object, wouldn't this work un-mocked?
24. ^",
Q2 23' S5,2023/05/23,2023/06/06,HUB-92746,3584,RCreaghan,0,0,0,0,1,0,0,0,0,0,0,0,MMenpadi,,
Q2 23' S5,2023/05/23,2023/06/06,HUB-92746,3593,RCreaghan,0,0,0,0,0,0,0,0,0,0,0,0,SMartin,,
Q2 23' S5,2023/05/23,2023/06/06,HUB-100293,387,RCreaghan,0,0,0,0,0,8,0,0,0,0,0,0,VSingla,"1. I made a similar comment on the Epv1 PR, but I disagree with the basic requirement here  >    if the content management toggle is off The content nav link in the side navigation should not be visible  Even if an exhibitor can't add, edit, or delete their own content, I think there's still a lot of value in being able to review the content the planner added for them before the AH event goes live.
2. Is this change still needed?
3. `convertEvent` has exhibitor as a required parameter, but this has it as an optional one. Should it be required in both functions?
4. is this needed, it doesn't look like the nav checks it
5. Can you ask some more of the devs on your team to review this? having devs from your team review helps because they're more familiar with the project & requirements, and it helps cut down on the back & forth discussion between teams (and timezones) if some of the things we would comment on have already been caught and addressed
6. Some other files have the separate describe block, but it doesn't look like this one got updated
7. we decided to keep the empty state the way it is? I thought that was just a miss in the original content implementation that was going to be changed so it doesn't say ""Add a file"", ""Add a video"", etc when the exhibitor doesn't have permission to add content
8. don't forget this comment",
Q2 23' S5,2023/05/23,2023/06/06,HUB-100293,1680,RCreaghan,0,0,0,0,0,3,0,0,0,0,0,0,VSingla,"1. before testing that an element isn't rendered, you should always check that something else IS rendered.
2. Should this tab be hidden when the feature flag for the new content pages is enabled?
3. I don't know about this. Even if an exhibitor doesn't have permission to upload their own content, they should be able to access this tab to review the content that the planner has added for them. If they can't review it here, then they can only see their own content in AH when the event is live",
Sprint Totals,,,,,,PR_ADDED: 0,PR_REMOVED: 0,COMMIT_ADDED: 0,COMMIT_REMOVED: 0,APPROVED: 18,COMMENTED: 71,DECLINED: 0,MERGED: 0,OPENED: 0,RESCOPED: 0,UNAPPROVED: 2,UPDATED: 0,,,

Q2 23'S6-Y to sch h k bhagwn h,2023/06/06,2023/06/20,CMOBL-153487,175,RCreaghan,0,0,0,0,0,1,0,0,0,0,0,0,KMahajan,1. https://stash.cvent.net/projects/PT/repos/event-api/browse/server/lib/exhibitor_util.js#554-560  If you have both params `?filter=attendee&attendeeId={uuid}` then it will only return booth staff matching that attendee Id,
Q2 23'S6-Y to sch h k bhagwn h,2023/06/06,2023/06/20,CMOBL-153493,13,RCreaghan,0,0,0,0,0,0,0,0,0,0,0,0,KMahajan,,
Q2 23'S6-Y to sch h k bhagwn h,2023/06/06,2023/06/20,CMOBL-153524,394,RCreaghan,0,0,0,0,1,5,0,0,0,0,0,0,Subratkumar.Sahoo,"1. Can you double check this with product? If we're removing the ""add your company"" link to prevent confusion when exhibitors already have access to the event, then we might still want the keep the link in this error message, because an exhibitor will only see it if they don't have access to the event.
2. [nit] can use `translate` instead of `translateWithElements` now that no html elements being inserted into the string
3. I thought we were just removing the self-signup link from the login page, but planners can still send exhibitors a self-signup link that will take them through this flow
4. Is there a way to adapt this test to that case, instead of removing it completely?
5. EPv1 and EPv2 are only separate apps from a development POV. Functionally they are one product, and this E2E covers both portals as if they were one",
Q2 23'S6-Y to sch h k bhagwn h,2023/06/06,2023/06/20,CMOBL-155062,3587,RCreaghan,0,0,0,0,1,0,0,0,0,0,0,0,VShyoran,,
Q2 23'S6-Y to sch h k bhagwn h,2023/06/06,2023/06/20,CMOBL-155062,3593,RCreaghan,0,0,0,0,1,0,0,0,0,0,0,0,SMartin,,
Q2 23'S6-Y to sch h k bhagwn h,2023/06/06,2023/06/20,HUB-76672,391,RCreaghan,0,0,0,0,1,2,0,0,0,0,0,0,Subratkumar.Sahoo,"1. Do we ever want this value to be cached? If not we should use [no-cache](https://www.apollographql.com/docs/react/data/queries/#no-cache)
2. If I was just reading this comment, it still wouldn't be clear to me that the thumbnail is saved immediately without needing to click the save button",
Q2 23'S6-Y to sch h k bhagwn h,2023/06/06,2023/06/20,HUB-92746,390,RCreaghan,0,0,0,0,1,11,0,0,0,0,0,0,MMenpadi,"1. ""Craeted""
2. It should auto-focus the textfield for file name, instead of the disabled submit button
3. `Switch` looks like it supports `testID`
4. why are we using the nucleus file upload component, instead of the one from Carina?
5. This new spec needs to be added to the appropriate suites in wdio.conf.ts
6. This button is offset  ![Screenshot 2023-06-09 at 14-21-07 Exhibitor Portal.png](attachment:24882/22914)
7. I wonder if it's because I'm using Firefox
8. Can you check this with a screen reader? When I try it it reads ""Hide from attendees on the exhibitor booth"" three or four times in a row.  The aria-label might be redundant when the `<Checkbox>` has the same text as it's child
9. wrong video?
10. that's my bad, I forgot I should be using safari with Voice Over
11. odd, it wasn't getting repeated for me in safari",
Q2 23'S6-Y to sch h k bhagwn h,2023/06/06,2023/06/20,HUB-92746,3584,RCreaghan,0,0,0,0,0,0,0,0,0,0,0,0,MMenpadi,,
Q2 23'S6-Y to sch h k bhagwn h,2023/06/06,2023/06/20,HUB-92746,3593,RCreaghan,0,0,0,0,0,0,0,0,0,0,0,0,SMartin,,
Q2 23'S6-Y to sch h k bhagwn h,2023/06/06,2023/06/20,HUB-98619,3590,RCreaghan,0,0,0,0,0,20,0,0,0,0,0,0,MMenpadi,"1. Every time I think I understand the ""featured video & content order"" logic it turns out to be more complicated than I thought. And this seems VERY complicated.  Initially I thought the order of videos would just be ""videos without a user-defined order, ordered by createdAt"" (or ordered by updatedAt, either is more-or-less the same), then ""videos with a user-defined order""  Then I thought that for universal api, we'd keep the ability to feature one video. So I figured  - universal-api can set 'featured'  - when we get the list of videos, we'll use the contentOrder, then find the featured video and move it to the front of the array  - when we get a request to update the video order, we can un-feature the video, since it's now properly represented in the contentOrder  - the FE never needs to set a featured video, because it sets the full contentOrder  - and any client can just filter out hidden videos, so we never need to worry about their position in the order  Can you explain to me what I'm missing, and why all of this complexity is needed? What do we get from maintaining a featured video, that we don't get from the contentOrder?
2. And if the universal-api is the concern, could we find a simpler solution by adding a little bit of logic into the universal-api?  Like if there's a defined order, but no featured video, then event-api or universal-exhibitor-api could just add `featured:true` to the first video in the ordered response (& not actually save it to the DB)
3. Can you test this by throwing an error in the `try`block above? It will continue executing the function after this `catch`, but will probably hit an exception because `linkedVideos` is undefined.  Also if we ever call `.send()` for the same request multiple times, it will cause an exception. To avoid that you should almost always `return` when you use `send()`.   But if you do `return res.status(500).send(...)` here it will end the execution of this function and function that called it won't know that we hit an error and the response was sent.So it's probably better to have this function throw an error, and have the caller send the error response
4. Another ADR just got merged and took #12. Can you update this & your ADR file name to 13
5. This has the same issue with `res.status().send()` that I mentioned below
6. need to `return` here
7. can you add a `return` here too please
8. please log the error object too
9. Does /content_order  need to be updated with any of this new logic?
10. @""J.Kumar"" can you review this PR now that it's been updated, please?
11. Why are you using `new Video` here? Isn't `video` already an instance of our Video model, so can't you just do this  ```  delete video.featured // or maybe video.featured = false  await video.save()  ```
12. what if `req.body.featured` is true, and `video.hidden` is false, but `req.body.hidden` is true?
13. What if the video being updated is the only non-hidden video?
14. What do you mean by ""... as a failsafe method.""
15. Is that failsafe sentence just summarizing the sentence before it, or is that additional logic?  Because to me this says:  ""If the video being added is not featured (and there are other non-hidden videos, otherwise this would fall under case 3.2), then move the next available (i.e. non-hidden) video to the top of the order."" And then the last sentence adds ""In case we can't do that (in what situation would we ever be unable to do that?) move the next avaailable video to the top of the order (isn't that the same thing we did in the first sentence?)""
16. do we need a case for POSTing a hidden video?
17. The API exists outside of the FE though. What about the universal API or direct calls to event-api
18. ![image.png](attachment:2861/23687)   Also that form in EM does have a hidden toggle
19. okay, so for the POST logic, a hidden video would just use the same logic as case 3.3 here?
20. ^  are we just calling this function for to create the `contentOrder` if it doesn't exist? We're not even using the filtered videos, and then we still have to get the contentOrder so we can use it?",
Q2 23'S6-Y to sch h k bhagwn h,2023/06/06,2023/06/20,HUB-98619,3611,RCreaghan,0,0,0,0,0,0,0,0,0,0,0,0,Subratkumar.Sahoo,,
Q2 23'S6-Y to sch h k bhagwn h,2023/06/06,2023/06/20,HUB-100293,387,RCreaghan,0,0,0,0,1,9,0,0,0,0,0,0,VSingla,"1. Is there a way to reword this to make it clearer that it's testing when `exhibitorContentManagement` is enabled, but the exhibitor is not assigned?  ""... when content management is enabled, but the exhibitor is not assigned"" or something similar might work
2. When the upload button is hidden, should we hide the file requirements too?
3. [nit] ""Does not render Add video Button in empty state when content management is disabled""
4. [nit] you don't need comments for these, `expect(screen.queryByTestId('draggable-card-draggable-icon')).not.toBeInTheDocument();` is clear on it's own
5. This is the trigger for the tooltip. If the tooltip is completely removed then this shouldn't be in the document either. It looks like `expect(screen.queryByText(tooltipText)).not.toBeInTheDocument();` is only passing because the test isn't hovering over this element to trigger the tooltip
6. Why did you remove this?
7. `waitFor` will stop as soon as the condition is true, it doesn't repeat to make sure the condition stays true. So it doesn't make sense to use waitFor in a case like this when you're not expecting anything to change.   Is there any other way you can test this to make sure the drag & drop is disabled?
8. This comment is checked off, but it still has the unnecessary waitFor, and it doesn't look like anything got added to verify the drag&drop is disabled
9. [nit] The name of the describe block already says ""when ExhibitorContentManagment is disabled""",
Q2 23'S6-Y to sch h k bhagwn h,2023/06/06,2023/06/20,HUB-100293,1680,RCreaghan,0,0,0,0,0,0,0,0,0,0,0,0,VSingla,,
Q2 23'S6-Y to sch h k bhagwn h,2023/06/06,2023/06/20,HUB-101684,398,RCreaghan,0,0,0,0,1,7,0,0,0,0,0,0,VSingla,"1. I'm not familiar with how `style-only` works. If I click it does it trigger the onClick? What if I tab to it with the keyboard & press enter?
2. Does the drag & drop still perform well with 50 items?
3. does the UT need all of this data? Can you simplify it by reducing this to the bare-minimum needed for the test to work (without apollo logging warnings because the shape of the data doesn't match what's expected from the mocked query)
4. Could also do  ```  Array.from({ length: MAX_VIDEO_COUNT }, () => ({...videosData[0], id: v4()}))
5. For files & links we currently have a warning that tells users when they're close to the limit. Is that going to be in the new version?  (I don't know why we don't have a similar warning for videos, that inconsistency might have been unintentional)
6. can you add a comment link you did for the videos test, to explain why there's two buttons?
7. You can import these 3 together  `import { MAX_FILE_COUNT, MAX_LINK_COUNT, MAX_VIDEO_COUNT } from '../Content';`",
Q2 23'S6-Y to sch h k bhagwn h,2023/06/06,2023/06/20,HUB-101685,2738,RCreaghan,0,0,0,0,1,3,0,0,0,0,0,0,VSingla,"1. +1  a lot of our older UTs use snapshot tests, but they're not very helpful.  - They're very brittle because any change will cause them to need to be updated  - because the snapshot is a giant blob of HTML they're hard to review and people tend to update them without fully understanding the change  - they make for very unclear tests, because the snapshot covers every single line of html with no indication which parts are actually important to the html (this is less of a problem for a test like the one you have, but is a big problem when the snapshot is the only thing in the test case)  Generally you should just use RTL selectors and expectations to write your tests, and don't add snapshots
2. You shouldn't need to use `act` here (https://kentcdodds.com/blog/common-mistakes-with-react-testing-library#wrapping-things-in-act-unnecessarily) The document mentions fireEvent not userEvent, but userEvent uses fireEvent internally  You should `await` any `userEvent` functions though, I think they all return promises. `click` definitely does
3. I think it would be better to check both checkboxes after each toggle. If nothing else I think it would make the test clearer.   Once you await the `userEvent.click` calls I don't think you'll have to use `waitFor` for these, so it won't be as verbose to double the amount of `.toBeChecked()` expectations",
Q2 23'S6-Y to sch h k bhagwn h,2023/06/06,2023/06/20,HUB-101685,2741,RCreaghan,0,0,0,0,0,0,0,0,0,0,0,0,SDowney,,
Q2 23'S6-Y to sch h k bhagwn h,2023/06/06,2023/06/20,HUB-101686,395,RCreaghan,0,0,0,0,1,6,0,0,0,0,0,0,VSingla,"1. This is confusing. `isURL(weblink.url)` must be true for the form to be valid, but it isn't part of the validity check in `isFormDirtyAndValid`
2. This `userEvent.click` should be `await`ed
3. if you modify the code so the modal is shown even when the form isn't dirty, would this fail?   I can't remember exactly how RTL works, but I think this might pass anyways. Because even though there's an identical element in the dom, the one you queried for originally is gone.
4. Please use `userEvent` to simulate typing like a user would, rather than using `fireEvent` to trigger an onChange event
5. This looks like a different phrase key that happens to have the same value. To match the modal you should use `contentExitConfirmationModalStayButton`
6. The button doesn't get clicked in this test?",
Q2 23'S6-Y to sch h k bhagwn h,2023/06/06,2023/06/20,HUB-101760,3590,RCreaghan,0,0,0,0,0,0,0,0,0,0,0,0,MMenpadi,,
Q2 23'S6-Y to sch h k bhagwn h,2023/06/06,2023/06/20,HUB-101760,3611,RCreaghan,0,0,0,0,0,0,0,0,0,0,0,0,Subratkumar.Sahoo,,
Q2 23'S6-Y to sch h k bhagwn h,2023/06/06,2023/06/20,HUB-102912,397,RCreaghan,0,0,0,0,1,0,0,0,0,0,0,0,Subratkumar.Sahoo,,
Q2 23'S6-Y to sch h k bhagwn h,2023/06/06,2023/06/20,HUB-103567,2741,RCreaghan,0,0,0,0,0,0,0,0,0,0,0,0,SDowney,,
Q2 23'S6-Y to sch h k bhagwn h,2023/06/06,2023/06/20,PROD-168302,1681,RCreaghan,0,0,0,0,1,0,0,0,0,0,0,0,Subratkumar.Sahoo,,
Q2 23'S6-Y to sch h k bhagwn h,2023/06/06,2023/06/20,PROD-168302,1682,RCreaghan,0,0,0,0,1,0,0,0,0,0,0,0,Subratkumar.Sahoo,,
Q2 23'S6-Y to sch h k bhagwn h,2023/06/06,2023/06/20,PROD-168302,1683,RCreaghan,0,0,0,0,1,0,0,0,0,0,0,0,Subratkumar.Sahoo,,
Q2 23'S6-Y to sch h k bhagwn h,2023/06/06,2023/06/20,PROD-168302,1684,RCreaghan,0,0,0,0,0,0,0,0,0,0,0,0,SDowney,,
Q2 23'S6-Y to sch h k bhagwn h,2023/06/06,2023/06/20,HUB-101407,405,RCreaghan,0,0,0,0,0,0,0,0,0,0,0,0,VSingla,,
Q2 23'S6-Y to sch h k bhagwn h,2023/06/06,2023/06/20,HUB-101407,3590,RCreaghan,0,0,0,0,0,0,0,0,0,0,0,0,MMenpadi,,
Q2 23'S6-Y to sch h k bhagwn h,2023/06/06,2023/06/20,HUB-101407,3611,RCreaghan,0,0,0,0,0,0,0,0,0,0,0,0,Subratkumar.Sahoo,,
Sprint Totals,,,,,,PR_ADDED: 0,PR_REMOVED: 0,COMMIT_ADDED: 0,COMMIT_REMOVED: 0,APPROVED: 13,COMMENTED: 64,DECLINED: 0,MERGED: 0,OPENED: 0,RESCOPED: 0,UNAPPROVED: 0,UPDATED: 0,,,

Q2 23' S7-Bhagwan kaha h re tu,2023/06/20,2023/07/04,CMOBL-152343,403,RCreaghan,0,0,0,0,1,0,0,0,0,0,0,0,Subratkumar.Sahoo,,
Q2 23' S7-Bhagwan kaha h re tu,2023/06/20,2023/07/04,CMOBL-152343,3484,RCreaghan,0,0,0,0,1,0,0,0,0,0,0,0,Subratkumar.Sahoo,,
Q2 23' S7-Bhagwan kaha h re tu,2023/06/20,2023/07/04,CMOBL-152343,3489,RCreaghan,0,0,1,0,1,0,0,0,0,0,0,0,Subratkumar.Sahoo,,"1. NA-0: add config_template to prettierignore
2. Pull request #3487: NA-0: add config_template to prettierignore  Merge in PT/onsite-planner-portal from update_prettierignore to develop  * commit '2c2bcc0ad3d9b3e2547b8aa0ea4abcf6445191ab':    NA-0: add config_template to prettierignore"
Q2 23' S7-Bhagwan kaha h re tu,2023/06/20,2023/07/04,CMOBL-154428,3609,RCreaghan,0,0,0,0,1,0,0,0,0,0,0,0,Prashant.Bansal,,
Q2 23' S7-Bhagwan kaha h re tu,2023/06/20,2023/07/04,CMOBL-154428,3611,RCreaghan,0,0,1,1,1,0,0,0,0,0,0,0,Subratkumar.Sahoo,,1. NA-0: reduce maxWorkers to hopefully fix flaky UTs in PR build
Q2 23' S7-Bhagwan kaha h re tu,2023/06/20,2023/07/04,HUB-76689,2746,RCreaghan,0,0,8,3,1,0,0,0,0,0,0,0,Subratkumar.Sahoo,,"1. HUB-102659: update phrase keys for booth staff search page
2. Pull request #2745: HUB-102659: update phrase keys for booth staff search page  Merge in PT/onsite-shared-components from HUB-102659 to develop  * commit 'cc05a37f48306353e2d681b48c4c643533e1f399':    HUB-102659: update phrase keys for booth staff search page"
Q2 23' S7-Bhagwan kaha h re tu,2023/06/20,2023/07/04,HUB-76689,2747,RCreaghan,0,0,0,0,0,5,0,0,0,0,0,0,MMenpadi,"1. @MMenpadi where did these changes come from? I don't see this commit in any other PRs, just this and the release.   It kind of defeats the purpose of doing PR reviews if new commits are added into the release after it's already been approved.
2. And besides, if there are new, previously un-reviewed, changes in a release PR it should be made clear. Because usually all of the changes have already been through a round of PR reviews, so we don't review release PRs in the same way.
3. no, as long as what's running in prod now is functionally okay then don't worry about it. We were all just very confused by the branching & PRs here
4. Please remove these changes if the logic has been moved to planner-portal, and this is no longer needed
5. Did you forget to push? The diff still shows `searchContent` being added to `fetchExperiment`",
Q2 23' S7-Bhagwan kaha h re tu,2023/06/20,2023/07/04,HUB-76689,3489,RCreaghan,0,0,0,0,0,0,0,0,0,0,0,0,Subratkumar.Sahoo,,
Q2 23' S7-Bhagwan kaha h re tu,2023/06/20,2023/07/04,HUB-76689,3490,RCreaghan,0,0,0,0,1,3,0,0,0,0,0,0,MMenpadi,"1. This doesn't need a changeset. You only need to add a changeset for things you would want to see in the changelog
2. What does this do? Isn't `experimentState.exhibitor_content_revamp` an object, so it's not actually checking the experiment it's just waiting for the fetch to be done. How's that different from calling `ReduxStore.dispatch(searchContent(eventId, exhibitorId));` without checking the experiment?
3. okay that makes more sense. And it looks like `exhibitor_content_revamp` will only be populated on the experimentState object after the fetch has finished",
Q2 23' S7-Bhagwan kaha h re tu,2023/06/20,2023/07/04,HUB-76689,3611,RCreaghan,0,0,0,0,0,0,0,0,0,0,0,0,Subratkumar.Sahoo,,
Q2 23' S7-Bhagwan kaha h re tu,2023/06/20,2023/07/04,HUB-76689,3613,RCreaghan,0,0,0,0,1,0,0,0,0,0,0,0,MMenpadi,,
Q2 23' S7-Bhagwan kaha h re tu,2023/06/20,2023/07/04,HUB-101407,405,RCreaghan,0,0,0,0,1,0,0,0,0,0,0,0,VSingla,,
Q2 23' S7-Bhagwan kaha h re tu,2023/06/20,2023/07/04,HUB-101407,3590,RCreaghan,0,0,0,0,1,33,0,0,0,0,0,0,MMenpadi,"1. [nit] consistency, capitalize UVS in the variable name
2. `.map` is for creating a new array from an existing array. I think you want to use `.forEach` here
3. `.forEach`
4. this try-catch doesn't throw again, so there's no need for it to be inside the other try-catch.
5. you already have an array of all non-hidden videos. `const firstAvailableVideo = availableVideos[0]`
6. This error message looks incomplete
7. it looks like previously `rollbackVideo` was used when the video was created in UVS, but something else failed before we could save the video doc in CB (or during that video save). In this case the CB doc already exists, and deleting the video in UVS will leave that document in a broken state.
8. `nonHiddenVideoExists` is only true when there are no videos, or all videos are hidden. So it means the opposite of what the variable name says?
9. Do you need to account for the case where the video being added is also hidden? (I'm a little lost because of the confusion about what `nonHiddenVideoExists` means)
10. isn't `exhibitorContentOrder.videos` an array? Why would this be equal to 0
11. is this because we want every other video to explicitly have `featured: false`? Is that needed for backwards compatibility, or should we just add `featured:true` to the first one and leave the rest
12. The `featured` check here is just for backwards compatibility, right?
13. do we have to do anything here if `req.body.featured` is false, but `isFeaturedVideo` is also false?
14. Couldn't you just make this `if (isFeaturedVideo && (req.body.featured === false || req.body.hidden) ) {` and then it would skip over this in that case, instead of doing work that amounts to nothing. And IMO the condition is clearer this way too
15. I didn't realize we index `featured` in Elastic Search. What's the plan to account for that?
16. Every time a new video becomes first in the order we'd have to re-index that video & the previous featured video. Unless we don't need it at all. I don't remember what we used that search-service filter for, I wonder if it's even in use
17. We checked search-service & found that even though it's indexed, `featured` is never used. So we're going to remove it from the index. You don't need to add it to the video in any of these `eventapi.vent.emit` calls anymore
18. what if `video.hidden` is true and `req.body.hidden` is false?
19. [nit] the code has a fallback for when the request is made with apikey auth, and there is no profileId right? Is this unnecessary for all of these tests then?
20. Why are we testing an impossible case?
21. this says 3,1,2 but the test is getting 3,2,1
22. This test case is changed because video3 is featured, so the order isn't purely ""updatedAt in descending order"" anymore, right?
23. Can you update the test title to properly reflect the case please
24. Why are a bunch of these tests saving videos at the end?
25. Making the tests dependent on each other by creating data that the others rely on is a bad practice, because if you need to debug one test case you have to run the full suite instead of just the one that is failing
26. what if we hit this case when `playableOnly` is true, and `videosWithUVSData` isn't the full list of videos?
27. Sorry, I commented on the wrong line. I meant to ask what happens if we hit the case where there is no contentOrder for videos and we have to create it. But the list of videos we use doesn't contain any of the videos that aren't playable yet
28. if I have a number of non-hidden videos, then decide I want to hide them all, wouldn't this stop me from being able to hide the last one?
29. But as a planner or exhibitor, shouldn't I be able to hide my last non-hidden video?
30. How can that be done with the patch call? I would need to send `hidden:true` and `featured:false` in the request body, but this would stop that request.
31. Will it ever hit this case? Isn't this covered by the `if` above?
32. The other part of this `if` seems fine, but this says `videoToBeMarkedHidden` not `!videoToBeMarkedHidden`. So hidden would be `true` in the response body
33. And the `if` above has an identical check ` (videoToBeMarkedFeatured && videoToBeMarkedHidden) || // video is being marked hidden and featured in same request` so if this case is ever true, it will have already returned a 400 with the message ""`Failed to update ${entity} video, can't mark a hidden video as featured`""",
Q2 23' S7-Bhagwan kaha h re tu,2023/06/20,2023/07/04,HUB-101407,3611,RCreaghan,0,0,0,0,0,0,0,0,0,0,0,0,Subratkumar.Sahoo,,
Q2 23' S7-Bhagwan kaha h re tu,2023/06/20,2023/07/04,HUB-104556,408,RCreaghan,0,0,0,0,1,2,0,0,0,0,0,0,MMenpadi,"1. why is the alt text removed?
2. why are you manually modifying the version number?",
Q2 23' S7-Bhagwan kaha h re tu,2023/06/20,2023/07/04,HUB-104556,2743,RCreaghan,0,0,0,0,1,0,0,0,0,0,0,0,MMenpadi,,
Q2 23' S7-Bhagwan kaha h re tu,2023/06/20,2023/07/04,HUB-104556,2746,RCreaghan,0,0,0,0,0,0,0,0,0,0,0,0,Subratkumar.Sahoo,,
Q2 23' S7-Bhagwan kaha h re tu,2023/06/20,2023/07/04,HUB-104556,2747,RCreaghan,0,0,0,0,0,0,0,0,0,0,0,0,MMenpadi,,
Q2 23' S7-Bhagwan kaha h re tu,2023/06/20,2023/07/04,HUB-104556,3488,RCreaghan,0,0,0,0,1,0,0,0,0,0,0,0,MMenpadi,,
Q2 23' S7-Bhagwan kaha h re tu,2023/06/20,2023/07/04,HUB-104580,406,RCreaghan,0,0,0,0,1,0,0,0,0,0,0,0,Subratkumar.Sahoo,,
Sprint Totals,,,,,,PR_ADDED: 0,PR_REMOVED: 0,COMMIT_ADDED: 10,COMMIT_REMOVED: 4,APPROVED: 14,COMMENTED: 43,DECLINED: 0,MERGED: 0,OPENED: 0,RESCOPED: 0,UNAPPROVED: 0,UPDATED: 0,,,

Overall Totals,,,,,,PR_ADDED: 208,PR_REMOVED: 20,COMMIT_ADDED: 22,COMMIT_REMOVED: 11,APPROVED: 92,COMMENTED: 355,DECLINED: 0,MERGED: 0,OPENED: 0,RESCOPED: 0,UNAPPROVED: 2,UPDATED: 0,,,
