SPRINT,START_DATE,END_DATE,TICKET,PR_ID,USER,PR_ADDED,PR_REMOVED,COMMIT_ADDED,COMMIT_REMOVED,APPROVED,COMMENTED,DECLINED,MERGED,OPENED,RESCOPED,UNAPPROVED,UPDATED,AUTHOR,COMMENTS,COMMIT_MESSAGES
Sprint Hagen Daz,2023/04/11,2023/04/25,HUB-87209,9087,GStarr,0,0,0,0,0,0,0,0,0,0,0,0,ACheng,,1. Pull request #9048: HUB-91194: Migrate Session Engagement toast icons  Merge in AX/attendee-experience-web from HUB-91194 to develop  * commit '524259f0646269691320b7c426a062bfaed088ec':    HUB-91194: Migrate Session Engagement toast icons
Sprint Totals,,,,,,PR_ADDED: 0,PR_REMOVED: 0,COMMIT_ADDED: 0,COMMIT_REMOVED: 0,APPROVED: 0,COMMENTED: 0,DECLINED: 0,MERGED: 0,OPENED: 0,RESCOPED: 0,UNAPPROVED: 0,UPDATED: 0,,,

Wizards - Sprint Jalebi,2023/05/09,2023/05/23,HUB-98223,9293,GStarr,0,0,47,13,0,0,0,0,0,0,0,0,Shea.Sullivan,,"1. Merge remote-tracking branch 'origin/master' into downmerge/2.15.1
2. Pull request #9253: Downmerge/2.15.1  Merge in AX/attendee-experience-web from downmerge/2.15.1 to develop  * commit '756e656152f15df9285642366a7630034c7e7f99':    RELEASING: Releasing 3 package(s)    update dependency arry    HUB-97809: improve session chat auto join
3. HUB-94476: session chat read only for on demand sessions
4. Pull request #9275: HUB-94476: session chat read only for on demand sessions  Merge in AX/attendee-experience-web from HUB-94476 to develop  * commit '84d4a4f0e4c33eb2eb0db1bb109dcbf0ea14b117':    HUB-94476: session chat read only for on demand sessions"
Sprint Totals,,,,,,PR_ADDED: 0,PR_REMOVED: 0,COMMIT_ADDED: 47,COMMIT_REMOVED: 13,APPROVED: 0,COMMENTED: 0,DECLINED: 0,MERGED: 0,OPENED: 0,RESCOPED: 0,UNAPPROVED: 0,UPDATED: 0,,,

Wizards - Sprint Kinder Joy,2023/05/23,2023/06/06,HUB-97245,9507,GStarr,7586,2414,0,0,0,0,0,0,0,0,0,0,GStarr,,
Wizards - Sprint Kinder Joy,2023/05/23,2023/06/06,PROD-165457,9409,GStarr,0,0,6,1,0,0,0,0,0,0,0,0,TCox,,"1. WEBINAR-9517: update session chat read only feature version
2. Pull request #9408: WEBINAR-9517: update session chat read only feature version  Merge in AX/attendee-experience-web from WEBINAR-9517.1 to release/2.18.0  * commit '688c9a03ea4499caf205a9b498f1f73bb0ef13e1':    WEBINAR-9517: update session chat read only feature version"
Wizards - Sprint Kinder Joy,2023/05/23,2023/06/06,HUB-98062,9507,GStarr,7586,2414,0,0,0,0,0,0,0,0,0,0,GStarr,,
Wizards - Sprint Kinder Joy,2023/05/23,2023/06/06,PROD-167754,9507,GStarr,7586,2414,0,0,0,0,0,0,0,0,0,0,GStarr,,
Sprint Totals,,,,,,PR_ADDED: 22758,PR_REMOVED: 7242,COMMIT_ADDED: 6,COMMIT_REMOVED: 1,APPROVED: 0,COMMENTED: 0,DECLINED: 0,MERGED: 0,OPENED: 0,RESCOPED: 0,UNAPPROVED: 0,UPDATED: 0,,,

Wizards - Sprint Leche Flan,2023/06/06,2023/06/20,HUB-98062,9507,GStarr,7586,2414,7,0,0,0,0,1,1,2,0,0,GStarr,,"1. downmerge hotfix/2.19.2 from master
2. HUB-94000: release 2.20.0"
Wizards - Sprint Leche Flan,2023/06/06,2023/06/20,HUB-99805,9507,GStarr,7586,2414,0,0,0,0,0,0,0,0,0,0,GStarr,,
Wizards - Sprint Leche Flan,2023/06/06,2023/06/20,HUB-99842,1560,GStarr,0,0,51,48,0,0,0,0,0,0,0,0,MGangani,,"1. RELEASING: Releasing 3 package(s)  Releases:    @cvent/automation-mobile-app-builder@0.51.0    @cvent/attendee-experience-builder-cdk@1.106.0    @cvent/mobile-app-builder@1.106.0  [skip ci]
2. Pull request #1539: Downmerge/1.106.0  Merge in AX/attendee-experience-builder from downmerge/1.106.0 to develop  * commit '4a1a9bf63bac206889a45b8874aae4f794c42083':    RELEASING: Releasing 3 package(s)    HUB-94000: release 1.106.0"
Wizards - Sprint Leche Flan,2023/06/06,2023/06/20,HUB-99976,9507,GStarr,7586,2414,0,0,0,0,0,0,0,0,0,0,GStarr,,
Wizards - Sprint Leche Flan,2023/06/06,2023/06/20,HUB-103393,9551,GStarr,0,0,444,202,0,0,0,0,0,0,0,0,MGangani,,"1. HUB-96410: migrate Live QA date picker to DatePicker_NEXT
2. add locale to date picker
3. fix lint
4. update dates locale
5. move date-fns locales to hook
6. update date-fns locale import + update valid time range
7. fix outside range + conversion
8. Pull request #9497: HUB-96410: migrate Live QA date picker to DatePicker_NEXT  Merge in AX/attendee-experience-web from HUB-96410 to develop  * commit 'eb695d189befc1c6fbf3fa4c5e466a6466d1206f':    fix outside range + conversion    update date-fns locale import + update valid time range    move date-fns locales to hook    update dates locale    fix lint    add locale to date picker    HUB-96410: migrate Live QA date picker to DatePicker_NEXT
9. PROD-167768: fix virtual room landscape view
10. Pull request #9530: PROD-167768: fix virtual room landscape view  Merge in AX/attendee-experience-web from PROD-167768 to develop  * commit 'c2140271f89da0bebdff68c40803d118d210371a':    PROD-167768: fix virtual room landscape view"
Wizards - Sprint Leche Flan,2023/06/06,2023/06/20,PROD-167754,9507,GStarr,7586,2414,0,0,0,0,0,0,0,0,0,0,GStarr,,
Sprint Totals,,,,,,PR_ADDED: 30344,PR_REMOVED: 9656,COMMIT_ADDED: 502,COMMIT_REMOVED: 250,APPROVED: 0,COMMENTED: 0,DECLINED: 0,MERGED: 1,OPENED: 1,RESCOPED: 2,UNAPPROVED: 0,UPDATED: 0,,,

Wizards - Sprint Muffin,2023/06/20,2023/07/05,HUB-103623,9667,GStarr,0,0,13,5,0,0,0,0,0,0,0,0,ZDavidson,,"1. PROD-169872: fix glitchy copy test link tooltip
2. Pull request #9648: PROD-169872: fix glitchy copy test link tooltip  Merge in AX/attendee-experience-web from PROD-169872 to develop  * commit 'e3d7dc3e7f9335b14e5a44541fa1e090c02db0d3':    PROD-169872: fix glitchy copy test link tooltip"
Wizards - Sprint Muffin,2023/06/20,2023/07/05,PROD-167754,9507,GStarr,7586,2414,0,0,0,0,0,0,0,0,0,0,GStarr,,
Sprint Totals,,,,,,PR_ADDED: 7586,PR_REMOVED: 2414,COMMIT_ADDED: 13,COMMIT_REMOVED: 5,APPROVED: 0,COMMENTED: 0,DECLINED: 0,MERGED: 0,OPENED: 0,RESCOPED: 0,UNAPPROVED: 0,UPDATED: 0,,,

Overall Totals,,,,,,PR_ADDED: 60688,PR_REMOVED: 19312,COMMIT_ADDED: 568,COMMIT_REMOVED: 269,APPROVED: 0,COMMENTED: 0,DECLINED: 0,MERGED: 1,OPENED: 1,RESCOPED: 2,UNAPPROVED: 0,UPDATED: 0,,,
