SPRINT,START_DATE,END_DATE,TICKET,PR_ID,USER,PR_ADDED,PR_REMOVED,COMMIT_ADDED,COMMIT_REMOVED,APPROVED,COMMENTED,DECLINED,MERGED,OPENED,RESCOPED,UNAPPROVED,UPDATED,AUTHOR,COMMENTS,COMMIT_MESSAGES
Pink-Gumbo(03/30-04/13)(9.6w),2023/03/30,2023/04/13,HUB-94277,148485,AArankeri,0,0,0,0,0,0,0,0,0,0,0,0,AArankeri,,
Pink-Gumbo(03/30-04/13)(9.6w),2023/03/30,2023/04/13,HUB-94277,148486,AArankeri,0,0,0,0,0,0,0,0,0,0,0,0,SMahale,,
Sprint Totals,,,,,,PR_ADDED: 0,PR_REMOVED: 0,COMMIT_ADDED: 0,COMMIT_REMOVED: 0,APPROVED: 0,COMMENTED: 0,DECLINED: 0,MERGED: 0,OPENED: 0,RESCOPED: 0,UNAPPROVED: 0,UPDATED: 0,,,

Pink-Hamburger,2023/04/13,2023/04/27,HUB-94277,148485,AArankeri,0,0,0,0,0,0,0,1,1,1,0,0,AArankeri,,
Pink-Hamburger,2023/04/13,2023/04/27,HUB-94277,148486,AArankeri,0,0,0,0,0,0,0,1,0,0,0,0,SMahale,,
Pink-Hamburger,2023/04/13,2023/04/27,HUB-94277,148491,AArankeri,0,0,0,0,0,0,0,0,0,0,0,0,VGaur,,"1. Pull request #148208: Downmerge  Merge in CVT/c4 from prod to prod-79462  * commit '3d2081b27e1c55312b101bc2528aa1a00ee3310e': (159 commits)    PROD-164671 : Remove Log details    CINT-24660: Make accountMappingId searchable    CINT-24660: Make accountMappingId searchable    CSNALL-60856: Added vnu_country_code where clause while fetching locales whitelisted for that country    [PROD-163935] : If QuestionHTMLText is empty then binding QuestionText as in subquestion pop-up Questions has value in QuestionHTMLText and in ECF case QuestionText has value.    PROD-163320:changes for handling domain as per the survey    CSNALL-60856: Fixed indentation    CSNALL-60856: Optimized delete query while removing data from tmp table    ""Reverting PROD-165179 from ccid-2534"" Revert ""Pull request #148034: Prod 165179""    CSNALL-60856: Refactored inner join query    CSNALL-60856: Incorporated PR comments    CSNALL-60856: Refactored query and added comments    PROD-157452 | Planner side : Limit the number of choices that can be added to a single answer and multiple answer custom contact fields and custom event fields.    PROD-163280: Added a check to not display session bundle under volume discount for flex events.    PROD-165179: Remove updates to Cvent.Controls and CventGrid    PROD-165179: Update Cvent.Event.Client and friends    HUB-88369: Restore account deletion logic lost in the merges    PROD-164951: Revert previous revert and fix merge conflicts    CSNALL-66020 Create table    CINT-24660: Display account mapping Id on the view account page    ..."
Sprint Totals,,,,,,PR_ADDED: 0,PR_REMOVED: 0,COMMIT_ADDED: 0,COMMIT_REMOVED: 0,APPROVED: 0,COMMENTED: 0,DECLINED: 0,MERGED: 2,OPENED: 1,RESCOPED: 1,UNAPPROVED: 0,UPDATED: 0,,,

Overall Totals,,,,,,PR_ADDED: 0,PR_REMOVED: 0,COMMIT_ADDED: 0,COMMIT_REMOVED: 0,APPROVED: 0,COMMENTED: 0,DECLINED: 0,MERGED: 2,OPENED: 1,RESCOPED: 1,UNAPPROVED: 0,UPDATED: 0,,,
