SPRINT,START_DATE,END_DATE,TICKET,PR_ID,USER,PR_ADDED,PR_REMOVED,COMMIT_ADDED,COMMIT_REMOVED,APPROVED,COMMENTED,DECLINED,MERGED,OPENED,RESCOPED,UNAPPROVED,UPDATED,AUTHOR,COMMENTS,COMMIT_MESSAGES
Krypto Q2 23' S1 (8w 3d),2023/04/05,2023/04/19,PROD-164396,12525,MMuqsit,863,9137,0,0,0,0,0,1,1,0,0,0,MMuqsit,,
Krypto Q2 23' S1 (8w 3d),2023/04/05,2023/04/19,PROD-164396,12559,MMuqsit,0,0,0,0,0,0,0,0,0,0,0,0,NSaliu,,"1. Pull request #12525: Release 1.118 Downmerge to Develop  Merge in REP/reporting-content from CSNALL-62461-Downmerge to devsilo644  * commit '20cfa7c01ae01179fe55f283d4804ce180b31a55': (246 commits)    SMM-49960:added my changes back    PROD-164396: update Reports to use Timezone fields for Appointment event start and end time    HUB-89396 : Show appointment-event start and appointment-event end time as per the timezone    NA-0:remove changes    PROD-163653: Removed pdf Export For Onsite T&C Report    PROD-160991 : Added limit 10000 for rfpOrganizationQuery    PROD-162530 : Fix issue with Poll reporting sorting functionality    PROD-163970:added check for new survey to show legacy survey report    HUB-94411: Added support to show link for Linked event name    Revert ""Pull request #12482: PROD-160991 : Removed limit 200 on rfpOrganizationQuery""    Revert ""HUB-93011: Revert 'Pull request #12486: Release HUB-93011'. This reverts commit 7daaec0ce0d8cf47d5b1f7f4ae4839c760b0c95c""    Revert ""Pull request #12495: Revert ""Pull request #12481: Hubble Release""""    Revert ""Pull request #12481: Hubble Release""    CSNALL-62621 Use blank string for page titles    CSNALL-62464 Add support for experiment to hide the analytics widgets    PROD-162051: Update report to use new columns    CSNALL-62621 Add analytics widgets back in    HUB-93011: Revert 'Pull request #12486: Release HUB-93011'. This reverts commit 7daaec0ce0d8cf47d5b1f7f4ae4839c760b0c95c    PROD-162370 : As per requirement, We are replace the Inner join to Left Joi. Also passing ""returnIntrinsicColumns"" column false value so now datasource will not set default field for this report.    HUB-93011: Revert ""Pull request #12462: Revert ""Pull request #12446: Release/ah billing report updates : PROD-161922 and HUB-55109""""    ..."
Sprint Totals,,,,,,PR_ADDED: 863,PR_REMOVED: 9137,COMMIT_ADDED: 0,COMMIT_REMOVED: 0,APPROVED: 0,COMMENTED: 0,DECLINED: 0,MERGED: 1,OPENED: 1,RESCOPED: 0,UNAPPROVED: 0,UPDATED: 0,,,

Krypto Q2 23' S4 (10w 1d),2023/05/18,2023/06/01,PROD-167055,12751,MMuqsit,0,0,0,0,0,0,0,0,0,0,0,0,DSeal,,
Krypto Q2 23' S4 (10w 1d),2023/05/18,2023/06/01,PROD-167055,12785,MMuqsit,0,0,149,17,0,0,0,0,0,0,0,0,NSarokina,,"1. Pull request #12690: CSNALL-65876: Bid Negotiations Requested Fields by Property report definition  Merge in REP/reporting-content from csnall-65876 to bt-development  * commit 'df2cce808c6882d9c6150e05b00d0283e32e1395':    CSNALL-65876: Bid Negotiations Requested Fields by Property report definition
2. CSNALL-65875: Created Bid Negotiations report for account
3. Pull request #12699: CSNALL-65875: Created Bid Negotiations Requested Fields Report for Account  Merge in REP/reporting-content from csnall-65875 to bt-development  * commit '58ca1ebf26725634266a827bc342a260fc382b4b':    CSNALL-65875: Created Bid Negotiations report for account"
Sprint Totals,,,,,,PR_ADDED: 0,PR_REMOVED: 0,COMMIT_ADDED: 149,COMMIT_REMOVED: 17,APPROVED: 0,COMMENTED: 0,DECLINED: 0,MERGED: 0,OPENED: 0,RESCOPED: 0,UNAPPROVED: 0,UPDATED: 0,,,

Overall Totals,,,,,,PR_ADDED: 863,PR_REMOVED: 9137,COMMIT_ADDED: 149,COMMIT_REMOVED: 17,APPROVED: 0,COMMENTED: 0,DECLINED: 0,MERGED: 1,OPENED: 1,RESCOPED: 0,UNAPPROVED: 0,UPDATED: 0,,,
