SPRINT,START_DATE,END_DATE,TICKET,PR_ID,USER,PR_ADDED,PR_REMOVED,COMMIT_ADDED,COMMIT_REMOVED,APPROVED,COMMENTED,DECLINED,MERGED,OPENED,RESCOPED,UNAPPROVED,UPDATED,AUTHOR,COMMENTS,COMMIT_MESSAGES
Q2 2023 - Sprint 2,2023/04/20,2023/05/03,PROD-165670,148608,JByron,0,0,3,2,0,0,0,0,0,0,0,0,SBandekar,,"1. PROD-157009: Adding redis cach dev password
2. PROD-157009: Correcting replacement value
3. PROD-157009: Correcting incorrect password"
Sprint Totals,,,,,,PR_ADDED: 0,PR_REMOVED: 0,COMMIT_ADDED: 3,COMMIT_REMOVED: 2,APPROVED: 0,COMMENTED: 0,DECLINED: 0,MERGED: 0,OPENED: 0,RESCOPED: 0,UNAPPROVED: 0,UPDATED: 0,,,

Q2 2023 - Sprint 4,2023/05/18,2023/05/31,HUB-84318,11849,JByron,7563,1550,0,0,0,0,0,0,1,3,0,0,JByron,,
Q2 2023 - Sprint 4,2023/05/18,2023/05/31,PROD-166215,11849,JByron,7563,1550,0,0,0,0,0,0,0,0,0,0,JByron,,
Sprint Totals,,,,,,PR_ADDED: 15126,PR_REMOVED: 3100,COMMIT_ADDED: 0,COMMIT_REMOVED: 0,APPROVED: 0,COMMENTED: 0,DECLINED: 0,MERGED: 0,OPENED: 1,RESCOPED: 3,UNAPPROVED: 0,UPDATED: 0,,,

Q2 2023 - Sprint 5,2023/06/01,2023/06/14,HUB-84318,11849,JByron,7563,1550,0,0,0,0,0,0,0,0,0,0,JByron,,
Q2 2023 - Sprint 5,2023/06/01,2023/06/14,PROD-166215,11849,JByron,7563,1550,0,0,0,0,0,0,0,0,0,0,JByron,,
Q2 2023 - Sprint 5,2023/06/01,2023/06/14,PROD-168082,150473,JByron,0,0,1,0,0,0,0,0,0,0,0,0,APrajapati,,1. PROD-168591: Marking parameter as ready for retirement
Sprint Totals,,,,,,PR_ADDED: 15126,PR_REMOVED: 3100,COMMIT_ADDED: 1,COMMIT_REMOVED: 0,APPROVED: 0,COMMENTED: 0,DECLINED: 0,MERGED: 0,OPENED: 0,RESCOPED: 0,UNAPPROVED: 0,UPDATED: 0,,,

Overall Totals,,,,,,PR_ADDED: 30252,PR_REMOVED: 6200,COMMIT_ADDED: 4,COMMIT_REMOVED: 2,APPROVED: 0,COMMENTED: 0,DECLINED: 0,MERGED: 0,OPENED: 1,RESCOPED: 3,UNAPPROVED: 0,UPDATED: 0,,,
