SPRINT,START_DATE,END_DATE,TICKET,PR_ID,USER,PR_ADDED,PR_REMOVED,COMMIT_ADDED,COMMIT_REMOVED,APPROVED,COMMENTED,DECLINED,MERGED,OPENED,RESCOPED,UNAPPROVED,UPDATED,AUTHOR,COMMENTS,COMMIT_MESSAGES
Pink-Ice Cream Cake,2023/04/27,2023/05/11,PROD-154918,223,AKyei,53,0,0,0,0,0,0,0,0,0,0,0,AKyei,,
Pink-Ice Cream Cake,2023/04/27,2023/05/11,HUB-80833,239,AKyei,0,0,0,0,1,1,0,0,0,0,0,0,KLudger,1. You'll need to add a changeset file for the build to pass https://ci-jenkins.core.cvent.org/job/Attendee/job/attendee-experience-shared/job/PR-239/1/execution/node/89/log/. You can generate one by running pnpm changeset at the root of the repo. You can check other merged PRs for reference,
Sprint Totals,,,,,,PR_ADDED: 53,PR_REMOVED: 0,COMMIT_ADDED: 0,COMMIT_REMOVED: 0,APPROVED: 1,COMMENTED: 1,DECLINED: 0,MERGED: 0,OPENED: 0,RESCOPED: 0,UNAPPROVED: 0,UPDATED: 0,,,

Pink-Juice,2023/05/11,2023/05/25,HUB-80833,239,AKyei,0,0,0,0,0,0,0,0,0,0,0,0,KLudger,,
Sprint Totals,,,,,,PR_ADDED: 0,PR_REMOVED: 0,COMMIT_ADDED: 0,COMMIT_REMOVED: 0,APPROVED: 0,COMMENTED: 0,DECLINED: 0,MERGED: 0,OPENED: 0,RESCOPED: 0,UNAPPROVED: 0,UPDATED: 0,,,

Overall Totals,,,,,,PR_ADDED: 53,PR_REMOVED: 0,COMMIT_ADDED: 0,COMMIT_REMOVED: 0,APPROVED: 1,COMMENTED: 1,DECLINED: 0,MERGED: 0,OPENED: 0,RESCOPED: 0,UNAPPROVED: 0,UPDATED: 0,,,
