SPRINT,START_DATE,END_DATE,TICKET,PR_ID,USER,PR_ADDED,PR_REMOVED,COMMIT_ADDED,COMMIT_REMOVED,APPROVED,COMMENTED,DECLINED,MERGED,OPENED,RESCOPED,UNAPPROVED,UPDATED,AUTHOR,COMMENTS,COMMIT_MESSAGES
Q2 23' S2-Fatela jeb sil jayga,2023/04/11,2023/04/25,HUB-92744,360,BBeaman,0,0,0,0,0,0,0,0,0,0,0,0,Shea.Sullivan,,1. Merge remote-tracking branch 'origin/develop' into fix-dev-config
Sprint Totals,,,,,,PR_ADDED: 0,PR_REMOVED: 0,COMMIT_ADDED: 0,COMMIT_REMOVED: 0,APPROVED: 0,COMMENTED: 0,DECLINED: 0,MERGED: 0,OPENED: 0,RESCOPED: 0,UNAPPROVED: 0,UPDATED: 0,,,

Q2 23' S3,2023/04/25,2023/05/09,CMOBL-153113,364,BBeaman,0,0,0,0,0,0,0,0,0,0,0,0,SMartin,,
Q2 23' S3,2023/04/25,2023/05/09,HUB-96428,586,BBeaman,0,0,0,0,1,0,0,0,0,0,0,0,KMahajan,,
Q2 23' S3,2023/04/25,2023/05/09,HUB-96428,589,BBeaman,213,129,0,0,0,0,0,0,0,0,0,0,BBeaman,,
Sprint Totals,,,,,,PR_ADDED: 213,PR_REMOVED: 129,COMMIT_ADDED: 0,COMMIT_REMOVED: 0,APPROVED: 1,COMMENTED: 0,DECLINED: 0,MERGED: 0,OPENED: 0,RESCOPED: 0,UNAPPROVED: 0,UPDATED: 0,,,

Q2 23' S4,2023/05/09,2023/05/23,CMOBL-153113,364,BBeaman,0,0,0,0,0,0,0,0,0,0,0,0,SMartin,,
Q2 23' S4,2023/05/09,2023/05/23,HUB-96428,586,BBeaman,0,0,0,0,0,0,0,0,0,0,0,0,KMahajan,,
Q2 23' S4,2023/05/09,2023/05/23,HUB-96428,589,BBeaman,213,129,0,0,0,0,0,0,0,0,0,0,BBeaman,,
Sprint Totals,,,,,,PR_ADDED: 213,PR_REMOVED: 129,COMMIT_ADDED: 0,COMMIT_REMOVED: 0,APPROVED: 0,COMMENTED: 0,DECLINED: 0,MERGED: 0,OPENED: 0,RESCOPED: 0,UNAPPROVED: 0,UPDATED: 0,,,

Overall Totals,,,,,,PR_ADDED: 426,PR_REMOVED: 258,COMMIT_ADDED: 0,COMMIT_REMOVED: 0,APPROVED: 1,COMMENTED: 0,DECLINED: 0,MERGED: 0,OPENED: 0,RESCOPED: 0,UNAPPROVED: 0,UPDATED: 0,,,
