SPRINT,START_DATE,END_DATE,TICKET,PR_ID,USER,PR_ADDED,PR_REMOVED,COMMIT_ADDED,COMMIT_REMOVED,APPROVED,COMMENTED,DECLINED,MERGED,OPENED,RESCOPED,UNAPPROVED,UPDATED,AUTHOR,COMMENTS,COMMIT_MESSAGES
PP-Gummy Bears,2023/04/04,2023/04/18,HUB-24122,3907,SSimpson,0,0,0,0,0,0,0,0,0,0,0,0,JHorvath,,
PP-Gummy Bears,2023/04/04,2023/04/18,HUB-24122,4088,SSimpson,0,0,0,0,0,0,0,0,0,0,0,0,J.Reid,,
PP-Gummy Bears,2023/04/04,2023/04/18,HUB-24122,9076,SSimpson,0,0,0,0,1,0,0,0,0,0,0,0,KRaparthi,,
PP-Gummy Bears,2023/04/04,2023/04/18,HUB-24122,9087,SSimpson,0,0,0,0,0,0,0,0,0,0,0,0,ACheng,,1. Pull request #9064: Downmerge/2.11.1  Merge in AX/attendee-experience-web from downmerge/2.11.1 to develop  * commit 'eec427830cca0a9d2d347c24db9161735c3db637':    RELEASING: Releasing 3 package(s)    Update changeset for all packages    PROD-165136: Harden a couple other places    PROD-165136: Harden livepolling code to account for possible 'null' questions    RELEASING: Releasing 3 package(s)    HUB-95801: fix Live Polling panel UI switched to attendee view after refreshing session details page
PP-Gummy Bears,2023/04/04,2023/04/18,HUB-24122,9091,SSimpson,0,0,0,0,0,0,0,0,0,0,0,0,JHorvath,,
PP-Gummy Bears,2023/04/04,2023/04/18,HUB-24122,9139,SSimpson,0,0,0,0,0,0,0,0,0,0,0,0,ABadlia,,
PP-Gummy Bears,2023/04/04,2023/04/18,HUB-88391,3412,SSimpson,0,0,0,0,1,0,0,0,0,0,0,0,JBertrand,,
PP-Gummy Bears,2023/04/04,2023/04/18,HUB-88391,3419,SSimpson,0,0,560,552,1,0,0,0,0,0,0,0,CLeech,,"1. HUB-90404: Address various lint warnings in 'UniversalAttendeeClient' and associated code
2. Merge branch 'develop' of ssh://stash.cvent.net:7999/ax/attendee-experience-data into tech-debt/HUB-90404
3. Pull request #3396: HUB-90404: Address various lint warnings in 'UniversalAttendeeClient' and associated code  Merge in AX/attendee-experience-data from tech-debt/HUB-90404 to develop  * commit 'db851ff80a21f407aaf986ccbbf1f9f1c27d339b':    HUB-90404: Address various lint warnings in 'UniversalAttendeeClient' and associated code
4. HUB-94745: Harden 'live*Resolvers' to better handle auth service communication errors within subscriptions
5. HUB-94745: Alter logging behavior to be clearer what happened
6. HUB-94745: Reverted typing in getRequestContext
7. Pull request #3401: HUB-94745: Harden 'live*Resolvers' to better handle auth service communication errors within subscriptions  Merge in AX/attendee-experience-data from bugfix/HUB-94745 to develop  * commit '8f4fa478c0761846140a417c09d9144b6e09f48f':    HUB-94745: Reverted typing in getRequestContext    HUB-94745: Alter logging behavior to be clearer what happened    HUB-94745: Harden 'live*Resolvers' to better handle auth service communication errors within subscriptions
8. Pull request #3409: Downmerge/2.6.0  Merge in AX/attendee-experience-data from downmerge/2.6.0 to develop  * commit '96c848dab6c738b8f4aaaae69d582d32db5c0876':    update changeset    update changeset    downmerge/2.6.0    RELEASING: Releasing 3 package(s)    HUB-94302 fix feedbacks on logic + unit test    HUB-94302 fix feedbacks on logic + unit test    HUB-94302 fix lint    HUB-94302 fix feedback to use isExperimentEnabled instead    HUB-94302 fix lint    HUB-94302 fix unit test    HUB-94302 experiment to allow pubnub for polling for load environments"
PP-Gummy Bears,2023/04/04,2023/04/18,HUB-88391,3422,SSimpson,0,0,0,0,1,2,0,0,0,0,0,0,JBertrand,"1. If we are confident that all paths are covered, you can make this a required property in the graph schema as well to eliminate optional handling in consuming applications  https://stash.cvent.net/projects/AX/repos/attendee-experience-data/browse/packages/attendee-hub-graph/src/schema/appointments.ts#76
2. No, it just means the value cannot be `null` when requested by the client",
PP-Gummy Bears,2023/04/04,2023/04/18,HUB-88391,3450,SSimpson,0,0,0,0,0,0,0,0,0,0,0,0,ACheng,,1. Pull request #3433: Downmerge/2.7.1  Merge in AX/attendee-experience-data from downmerge/2.7.1 to develop  * commit '1ce28d3a274064abda2c517f1b3f4c5913becafe':    RELEASING: Releasing 3 package(s)    PROD-165161: Guarantee attendeeId is in the args for getGame function when called by getAttendee    RELEASING: Releasing 3 package(s)
PP-Gummy Bears,2023/04/04,2023/04/18,HUB-88391,9034,SSimpson,0,0,0,0,1,3,0,0,0,0,0,0,JBertrand,"1. This seems awkward. Should we set a default value for this in the graph instead?
2. There are many examples all over the place. It's not part of the schema if that is what you are thinking. I'd look for methods that ""convert"" data from the service's format into the graph schema. Ex. https://stash.cvent.net/projects/AX/repos/attendee-experience-data/browse/packages/attendee-hub-graph/src/lib/webcasts/webcastUtils.ts#119
3. ok. You should be able to pick up the new types and remove this logic now, correct?",
PP-Gummy Bears,2023/04/04,2023/04/18,HUB-88391,9087,SSimpson,0,0,0,0,0,0,0,0,0,0,0,0,ACheng,,
PP-Gummy Bears,2023/04/04,2023/04/18,HUB-88391,3448,SSimpson,0,0,0,0,0,0,0,0,0,0,0,0,ACheng,,
PP-Gummy Bears,2023/04/04,2023/04/18,HUB-89600,9004,SSimpson,0,0,0,0,1,0,0,0,0,0,0,0,CEkrut,,
PP-Gummy Bears,2023/04/04,2023/04/18,HUB-89600,9044,SSimpson,0,0,0,0,1,0,0,0,0,0,0,0,CLeech,,1. Pull request #9020: Downmerge/2.10.0  Merge in AX/attendee-experience-web from downmerge/2.10.0 to develop  * commit '52dd938ca86cc21837525d31a51a427545b576e9':    downmerge/2.10.0    RELEASING: Releasing 3 package(s)    NA-0: Added changeset for cleanup appFeatures    NA-0: Cleanup appFeatures
PP-Gummy Bears,2023/04/04,2023/04/18,HUB-91398,9025,SSimpson,0,0,0,0,1,0,0,0,0,0,0,0,SCahail,,
PP-Gummy Bears,2023/04/04,2023/04/18,HUB-91398,9044,SSimpson,0,0,0,0,0,0,0,0,0,0,0,0,CLeech,,
PP-Gummy Bears,2023/04/04,2023/04/18,HUB-92297,9091,SSimpson,0,0,0,0,0,0,0,0,0,0,0,0,JHorvath,,
PP-Gummy Bears,2023/04/04,2023/04/18,HUB-92297,9139,SSimpson,0,0,0,0,0,0,0,0,0,0,0,0,ABadlia,,
Sprint Totals,,,,,,PR_ADDED: 0,PR_REMOVED: 0,COMMIT_ADDED: 560,COMMIT_REMOVED: 552,APPROVED: 8,COMMENTED: 5,DECLINED: 0,MERGED: 0,OPENED: 0,RESCOPED: 0,UNAPPROVED: 0,UPDATED: 0,,,

PP-Ho Hos,2023/04/18,2023/05/02,HUB-92297,9091,SSimpson,0,0,0,0,1,6,0,0,0,0,0,0,JHorvath,"1. This seems odd...are you sure this is correct? Seems like this will track `scheduleAppointment` events when switching tabs or something
2. Intentional?
3. Intentional? I don't see this in the ticket
4. ok, thanks for the clean-up!
5. Why are there two classes named exactly the same  appointments/ApptPanelTriggers.js  appointments/appointmentPanel/ApptPanelTriggers.js
6. ok, probably something to refactor at some point",
PP-Ho Hos,2023/04/18,2023/05/02,HUB-92297,9139,SSimpson,0,0,0,0,1,0,0,0,0,0,0,0,ABadlia,,"1. Pull request #9132: PROD-166009: updated attendee profile route for internal link custom cards  Merge in AX/attendee-experience-web from bugfix/PROD-166009 to release/2.13.0  * commit '13d51674f6a06f1900554e3f3ced7c13b827ed67':    PROD-166009: updated attendee profile route for internal link custom cards
2. Pull request #9135: HUB-96602: Set DD RUM defaultPrivacyLevel config value to mask-user-input  Merge in AX/attendee-experience-web from HUB-96602-release to release/2.13.0  * commit 'bc0da467df4904b204c2b709db0cfaa64614c466':    HUB-96602: Set DD RUM defaultPrivacyLevel config value to mask-user-input"
PP-Ho Hos,2023/04/18,2023/05/02,PROD-164123,9104,SSimpson,0,0,0,0,1,0,0,0,0,0,0,0,XWang,,
PP-Ho Hos,2023/04/18,2023/05/02,PROD-164123,9139,SSimpson,0,0,0,0,0,0,0,0,0,0,0,0,ABadlia,,
PP-Ho Hos,2023/04/18,2023/05/02,PROD-165049,3475,SSimpson,0,0,0,0,1,0,0,0,0,0,0,0,SCahail,,
PP-Ho Hos,2023/04/18,2023/05/02,PROD-165049,3506,SSimpson,0,0,6,0,0,0,0,0,0,0,0,0,CEkrut,,"1. Merge branch 'master' of ssh://stash.cvent.net:7999/ax/attendee-experience-data into downmerge/2.8.4
2. Pull request #3491: Downmerge/2.8.4  Merge in AX/attendee-experience-data from downmerge/2.8.4 to develop  * commit '3d9cb762905c11c61a0eb7540ca8052ff42461e0':    RELEASING: Releasing 3 package(s)    PROD-166217: Switch 'AttendeeConnectionsClient' to use nucleus networking and circuit breaker
3. NA-0: Try to fix sonar scans in jenkins
4. Pull request #3494: NA-0: Try to fix sonar scans in jenkins  Merge in AX/attendee-experience-data from misc/sonar to develop  * commit '877e545b96ef76af6d52248606d7e0baa49332ae':    NA-0: Try to fix sonar scans in jenkins
5. Pull request #3492: Downmerge/2.9.0  Merge in AX/attendee-experience-data from downmerge/2.9.0 to develop  * commit '764fbda04a6beac3cbf6c981b36b4611f90d0fb2':    RELEASING: Releasing 3 package(s)    HUB-95429: set pollId to survey.pollId for aggregate cache
6. Pull request #3496: Downmerge/2.9.1  Merge in AX/attendee-experience-data from downmerge/2.9.1 to develop  * commit '65470d32bfffd7761bd4642102eb4027e53f8ae3':    add changeset and comment    RELEASING: Releasing 3 package(s)    PROD-166245: update to only cache when limit=1    PROD-166245: add dynamo caching for SEARCH_ATTENDEE_CONNECTIONS"
PP-Ho Hos,2023/04/18,2023/05/02,PROD-165049,9102,SSimpson,0,0,0,0,1,2,0,0,0,0,0,0,SCahail,"1. I'm not familiar with this space. Can the content actually be HTML; or, is there a more targeted way to deal with the escape characters?
2. Not sure. What is ""HTML text""? I was just thinking that DOMParser felt like too much...there are more specialize decode methods available. Again, I'm not familiar with the data.",
PP-Ho Hos,2023/04/18,2023/05/02,PROD-165049,9177,SSimpson,0,0,65,64,0,0,0,0,0,0,0,0,BRehman,,"1. Fix downmerge issue
2. Pull request #9152: Downmerge/2.13.0  Merge in AX/attendee-experience-web from downmerge/2.13.0 to develop  * commit '46b8ee6b7ca784331d457125a830ac981ad12648': (23 commits)    Fix downmerge issue    RELEASING: Releasing 3 package(s)    release/2.13.0: updating appFeature file as a part of release activity    HUB-96602: Set DD RUM defaultPrivacyLevel config value to mask-user-input    PROD-165328: Updated ProfileCardEdit component to match profile picture styles of ProfileCard component    PROD-166009: updated attendee profile route for internal link custom cards    WEBINAR-6104: updating snap    WEBINAR-6104: removing hardcoded sie for indicators    WEBINAR-6104: rebase    WEBINAR-6104: updating snap    WEBINAR-6104: rebase    WEBINAR-6104: updating cwitch version    WEBINAR-6104: Updating variable name and adding inline comment    WEBINAR-6104:Revert CI testing files and PR comment done    WEBINAR-6104:add cwitch snapshot version    WEBINAR-6104:Fixing the small change    WEBINAR-6104:pnpm lock update    WEBINAR-6104:Fix IT Suite    WEBINAR-6104:PR comment incorporated    WEBINAR-6104:PR comment incorporated    ..."
PP-Ho Hos,2023/04/18,2023/05/02,HUB-81331,9235,SSimpson,0,0,0,0,0,0,0,0,0,0,0,0,KRaparthi,,
PP-Ho Hos,2023/04/18,2023/05/02,HUB-81331,9354,SSimpson,0,0,0,0,0,0,0,0,0,0,0,0,JMcGough,,
Sprint Totals,,,,,,PR_ADDED: 0,PR_REMOVED: 0,COMMIT_ADDED: 71,COMMIT_REMOVED: 64,APPROVED: 5,COMMENTED: 8,DECLINED: 0,MERGED: 0,OPENED: 0,RESCOPED: 0,UNAPPROVED: 0,UPDATED: 0,,,

PP-Idli,2023/05/02,2023/05/16,HUB-98019,1449,SSimpson,0,0,0,0,0,0,0,0,0,0,0,0,CEkrut,,
PP-Idli,2023/05/02,2023/05/16,HUB-98019,1455,SSimpson,0,0,0,0,1,0,0,0,0,0,0,0,CEkrut,,
PP-Idli,2023/05/02,2023/05/16,HUB-98019,1465,SSimpson,0,0,0,0,1,0,0,0,0,0,0,0,Subratkumar.Sahoo,,
PP-Idli,2023/05/02,2023/05/16,HUB-98019,3506,SSimpson,0,0,0,0,0,0,0,0,0,0,0,0,CEkrut,,
PP-Idli,2023/05/02,2023/05/16,HUB-98019,3517,SSimpson,0,0,0,0,1,0,0,0,0,0,0,0,CEkrut,,
PP-Idli,2023/05/02,2023/05/16,HUB-98019,3529,SSimpson,0,0,1146,1726,1,0,0,0,0,0,0,0,Subratkumar.Sahoo,,"1. PROD-166300: Transition experimental auth directive in-memory cache options from deprecated 'maxAge' to 'ttl'
2. Pull request #3511: PROD-166300: Transition experimental auth directive in-memory cache options from deprecated 'maxAge' to 'ttl'  Merge in AX/attendee-experience-data from misc/PROD-166300 to develop  * commit '9283e8cb6415a76776f2ceac4aefb1fec7ab4059':    PROD-166300: Transition experimental auth directive in-memory cache options from deprecated 'maxAge' to 'ttl'
3. HUB-98199: Upgrade to latest CDF release
4. HUB-98199: Adjust coverage exclusions
5. Pull request #3510: HUB-98199: Upgrade to latest CDF release  Merge in AX/attendee-experience-data from feature/HUB-98199 to develop  * commit 'df52215099b4d2a61ccb452517cf9582099f5519':    HUB-98199: Adjust coverage exclusions    HUB-98199: Upgrade to latest CDF release
6. HUB-98199: Ignore file that is generated during build process
7. Pull request #3514: HUB-98199: Ignore file that is generated during build process  Merge in AX/attendee-experience-data from bugfix/HUB-98199 to develop  * commit '8a2912f20c32bffe60ec9e6c5c670a047a5bfad6':    HUB-98199: Ignore file that is generated during build process
8. HUB-98199: Redo update to latest CDF and run migration scripts
9. HUB-98199: Add back 'build:models' command
10. Merge branch 'develop' of ssh://stash.cvent.net:7999/ax/attendee-experience-data into feature/HUB-98199
11. Changeset
12. HUB-98199: Adjust code mod updates
13. HUB-98199: Address linting issue in non-app packages
14. Pull request #3515: HUB-98199: Redo update to latest CDF and run migration scripts  Merge in AX/attendee-experience-data from feature/HUB-98199 to develop  * commit '1211186555f9bfbfb39b5145f91036020dd14ebf':    HUB-98199: Address linting issue in non-app packages    HUB-98199: Adjust code mod updates    Changeset    HUB-98199: Add back 'build:models' command    HUB-98199: Redo update to latest CDF and run migration scripts
15. HUB-98199: Fix issue with code mod, so we generate appropriate configs"
PP-Idli,2023/05/02,2023/05/16,HUB-98019,9177,SSimpson,0,0,0,0,0,0,0,0,0,0,0,0,BRehman,,
PP-Idli,2023/05/02,2023/05/16,HUB-98019,9197,SSimpson,0,0,0,0,1,0,0,0,0,0,0,0,CEkrut,,
PP-Idli,2023/05/02,2023/05/16,HUB-98019,9219,SSimpson,0,0,0,0,1,0,0,0,0,0,0,0,Subratkumar.Sahoo,,
PP-Idli,2023/05/02,2023/05/16,HUB-98025,216,SSimpson,0,0,0,0,0,0,0,0,0,0,0,0,CEkrut,,
PP-Idli,2023/05/02,2023/05/16,PROD-165049,3475,SSimpson,0,0,0,0,0,0,0,0,0,0,0,0,SCahail,,
PP-Idli,2023/05/02,2023/05/16,PROD-165049,3506,SSimpson,0,0,0,0,0,0,0,0,0,0,0,0,CEkrut,,
PP-Idli,2023/05/02,2023/05/16,PROD-165049,9102,SSimpson,0,0,0,0,0,0,0,0,0,0,0,0,SCahail,,
PP-Idli,2023/05/02,2023/05/16,PROD-165049,9177,SSimpson,0,0,0,0,0,0,0,0,0,0,0,0,BRehman,,
PP-Idli,2023/05/02,2023/05/16,HUB-81331,9235,SSimpson,0,0,0,0,1,2,0,0,0,0,0,0,KRaparthi,"1. Is this if statement supposed to check `networkError`? This happens before suppression of known issues on line 52
2. ok, I see",
PP-Idli,2023/05/02,2023/05/16,HUB-81331,9354,SSimpson,0,0,0,0,0,0,0,0,0,0,0,0,JMcGough,,
PP-Idli,2023/05/02,2023/05/16,HUB-99172,1482,SSimpson,0,0,0,0,0,0,0,0,0,0,0,0,SCahail,,
PP-Idli,2023/05/02,2023/05/16,HUB-99172,1508,SSimpson,0,0,0,0,0,0,0,0,0,0,0,0,TCox,,
PP-Idli,2023/05/02,2023/05/16,HUB-99172,9300,SSimpson,0,0,0,0,0,0,0,0,0,0,0,0,SCahail,,
PP-Idli,2023/05/02,2023/05/16,HUB-99172,9409,SSimpson,0,0,0,0,0,0,0,0,0,0,0,0,TCox,,
PP-Idli,2023/05/02,2023/05/16,PROD-165603,9249,SSimpson,0,0,0,0,0,3,0,0,0,0,0,0,JHorvath,"1. This is comparing two arrays. Shouldn't we be comparing the data within those arrays.?.?
2. Also, do we need to do this on render; or, can this be in a useEffect block?
3. I'm not familiar with the structure of the data, so not sure how it's ordered. Although, it's frowned upon; lodash has some deep comparison utilities as well: https://lodash.com/docs/2.4.2#isEqual   Should consult with @JCurtis before using that",
PP-Idli,2023/05/02,2023/05/16,PROD-165603,9409,SSimpson,0,0,0,0,0,0,0,0,0,0,0,0,TCox,,
Sprint Totals,,,,,,PR_ADDED: 0,PR_REMOVED: 0,COMMIT_ADDED: 1146,COMMIT_REMOVED: 1726,APPROVED: 7,COMMENTED: 5,DECLINED: 0,MERGED: 0,OPENED: 0,RESCOPED: 0,UNAPPROVED: 0,UPDATED: 0,,,

PP-Jalapeno Poppers,2023/05/16,2023/05/30,HUB-81331,9235,SSimpson,0,0,0,0,0,0,0,0,0,0,0,0,KRaparthi,,
PP-Jalapeno Poppers,2023/05/16,2023/05/30,HUB-81331,9354,SSimpson,0,0,0,0,1,0,0,0,0,0,0,0,JMcGough,,
PP-Jalapeno Poppers,2023/05/16,2023/05/30,HUB-99172,1482,SSimpson,0,0,0,0,1,0,0,0,0,0,0,0,SCahail,,
PP-Jalapeno Poppers,2023/05/16,2023/05/30,HUB-99172,1508,SSimpson,0,0,0,0,0,0,0,0,0,0,0,0,TCox,,
PP-Jalapeno Poppers,2023/05/16,2023/05/30,HUB-99172,9300,SSimpson,0,0,0,0,1,0,0,0,0,0,0,0,SCahail,,
PP-Jalapeno Poppers,2023/05/16,2023/05/30,HUB-99172,9409,SSimpson,0,0,0,0,0,0,0,0,0,0,0,0,TCox,,
PP-Jalapeno Poppers,2023/05/16,2023/05/30,PROD-165603,9249,SSimpson,0,0,0,0,1,0,0,0,0,0,0,0,JHorvath,,
PP-Jalapeno Poppers,2023/05/16,2023/05/30,PROD-165603,9409,SSimpson,0,0,0,0,0,0,0,0,0,0,0,0,TCox,,
PP-Jalapeno Poppers,2023/05/16,2023/05/30,HUB-97425,9424,SSimpson,0,0,0,0,0,0,0,0,0,0,0,0,JBertrand,,
PP-Jalapeno Poppers,2023/05/16,2023/05/30,HUB-97425,9507,SSimpson,0,0,0,0,0,0,0,0,0,0,0,0,GStarr,,
PP-Jalapeno Poppers,2023/05/16,2023/05/30,HUB-98048,9402,SSimpson,0,0,0,0,0,0,0,0,0,0,0,0,CEkrut,,
PP-Jalapeno Poppers,2023/05/16,2023/05/30,HUB-98048,9416,SSimpson,0,0,0,0,0,0,0,0,0,0,0,0,JCurtis,,
PP-Jalapeno Poppers,2023/05/16,2023/05/30,HUB-98048,9419,SSimpson,0,0,0,0,0,0,0,0,0,0,0,0,CEkrut,,
PP-Jalapeno Poppers,2023/05/16,2023/05/30,HUB-98048,9448,SSimpson,0,0,0,0,0,0,0,0,0,0,0,0,ATawfik,,
PP-Jalapeno Poppers,2023/05/16,2023/05/30,HUB-99175,3585,SSimpson,0,0,0,0,0,0,0,0,0,0,0,0,SCahail,,
PP-Jalapeno Poppers,2023/05/16,2023/05/30,HUB-99175,3595,SSimpson,0,0,0,0,0,0,0,0,0,0,0,0,SCahail,,
PP-Jalapeno Poppers,2023/05/16,2023/05/30,HUB-99175,3614,SSimpson,0,0,0,0,0,0,0,0,0,0,0,0,MGangani,,
Sprint Totals,,,,,,PR_ADDED: 0,PR_REMOVED: 0,COMMIT_ADDED: 0,COMMIT_REMOVED: 0,APPROVED: 4,COMMENTED: 0,DECLINED: 0,MERGED: 0,OPENED: 0,RESCOPED: 0,UNAPPROVED: 0,UPDATED: 0,,,

PP-Kit Kat(05/30-06/13),2023/05/30,2023/06/13,HUB-97425,9424,SSimpson,0,0,0,0,1,2,0,0,0,0,0,0,JBertrand,"1. Should use a text key like this: https://stash.cvent.net/projects/AX/repos/attendee-experience-web/browse/packages/attendee-experience-web/locales/en-US.json#1790  Instead of appending a number
2. What's up with `test`?",
PP-Kit Kat(05/30-06/13),2023/05/30,2023/06/13,HUB-97425,9507,SSimpson,0,0,0,0,0,0,0,0,0,0,0,0,GStarr,,
PP-Kit Kat(05/30-06/13),2023/05/30,2023/06/13,HUB-98048,9402,SSimpson,0,0,0,0,1,0,0,0,0,0,0,0,CEkrut,,
PP-Kit Kat(05/30-06/13),2023/05/30,2023/06/13,HUB-98048,9416,SSimpson,0,0,0,0,1,0,0,0,0,0,0,0,JCurtis,,
PP-Kit Kat(05/30-06/13),2023/05/30,2023/06/13,HUB-98048,9419,SSimpson,0,0,0,0,1,0,0,0,0,0,0,0,CEkrut,,
PP-Kit Kat(05/30-06/13),2023/05/30,2023/06/13,HUB-98048,9448,SSimpson,0,0,0,0,1,0,0,0,0,0,0,0,ATawfik,,1. Pull request #9422: Downmerge/2.18.0  Merge in AX/attendee-experience-web from downmerge/2.18.0 to develop  * commit '60ae3de39ead34ed14af46fd8cfbd57e075da93b':    NA-0: Updating legacy channel names    RELEASING: Releasing 3 package(s)    WEBINAR-9517: update session chat read only feature version
PP-Kit Kat(05/30-06/13),2023/05/30,2023/06/13,HUB-82893,3587,SSimpson,0,0,0,0,1,1,0,0,0,0,0,0,XWang,"1. Enabling compression is not backward compatible, so you need to update the cache key  ```suggestion      key: 'registration-questions-v2',  ```",
PP-Kit Kat(05/30-06/13),2023/05/30,2023/06/13,HUB-82893,3614,SSimpson,0,0,0,0,0,0,0,0,0,0,0,0,MGangani,,
PP-Kit Kat(05/30-06/13),2023/05/30,2023/06/13,HUB-99175,3585,SSimpson,0,0,0,0,1,0,0,0,0,0,0,0,SCahail,,
PP-Kit Kat(05/30-06/13),2023/05/30,2023/06/13,HUB-99175,3595,SSimpson,0,0,0,0,0,0,0,0,0,0,0,0,SCahail,,
PP-Kit Kat(05/30-06/13),2023/05/30,2023/06/13,HUB-99175,3614,SSimpson,0,0,0,0,0,0,0,0,0,0,0,0,MGangani,,
PP-Kit Kat(05/30-06/13),2023/05/30,2023/06/13,HUB-99176,1530,SSimpson,0,0,0,0,0,0,0,0,0,0,0,0,SCahail,,
PP-Kit Kat(05/30-06/13),2023/05/30,2023/06/13,HUB-99176,1560,SSimpson,0,0,0,0,0,0,0,0,0,0,0,0,MGangani,,
PP-Kit Kat(05/30-06/13),2023/05/30,2023/06/13,HUB-100392,9436,SSimpson,0,0,0,0,1,6,0,0,0,0,0,0,KRaparthi,"1. Same question about altering this component?
2. With this much change, should we convert to TS?
3. Looks like you are changing this from a ""dumb"" component. Did you consider retrieving the appFeature in the parent and wiring in the data?
4. Does this need to be a custom experiment?
5. We've mostly mitigated the performance impact for using custom experiments; however, you should still treat this approach as a last resort.
6. Either way: Add a ticket for clean-up of the related code in the comment above",
PP-Kit Kat(05/30-06/13),2023/05/30,2023/06/13,HUB-100392,9507,SSimpson,0,0,0,0,0,0,0,0,0,0,0,0,GStarr,,
PP-Kit Kat(05/30-06/13),2023/05/30,2023/06/13,HUB-100398,9551,SSimpson,0,0,0,0,0,0,0,0,0,0,0,0,MGangani,,
PP-Kit Kat(05/30-06/13),2023/05/30,2023/06/13,HUB-102329,3603,SSimpson,0,0,0,0,0,0,0,0,0,0,0,0,JBertrand,,
PP-Kit Kat(05/30-06/13),2023/05/30,2023/06/13,HUB-102329,3614,SSimpson,0,0,0,0,0,0,0,0,0,0,0,0,MGangani,,
Sprint Totals,,,,,,PR_ADDED: 0,PR_REMOVED: 0,COMMIT_ADDED: 0,COMMIT_REMOVED: 0,APPROVED: 8,COMMENTED: 9,DECLINED: 0,MERGED: 0,OPENED: 0,RESCOPED: 0,UNAPPROVED: 0,UPDATED: 0,,,

PP-Lollipop (06/13-06/27),2023/06/13,2023/06/27,HUB-82893,3587,SSimpson,0,0,0,0,0,0,0,0,0,0,0,0,XWang,,
PP-Lollipop (06/13-06/27),2023/06/13,2023/06/27,HUB-82893,3614,SSimpson,0,0,93,272,1,0,0,1,0,0,0,0,MGangani,,"1. HUB-84899: Eliminate the discrete session-fees cache as it's no longer needed
2. Pull request #3591: HUB-84899: Eliminate the discrete session-fees cache as it's no longer needed  Merge in AX/attendee-experience-data from feature/HUB-84899 to develop  * commit 'd9cb5f0e343a169c90b4f1688a381c361b66782a':    HUB-84899: Eliminate the discrete session-fees cache as it's no longer needed
3. NA-0: Remove legacy NX code that is no longer needed for routing calls to the correct stack
4. Pull request #3597: NA-0: Remove legacy NX code that is no longer needed for routing calls to the correct stack  Merge in AX/attendee-experience-data from misc/remove-legacy-code to develop  * commit 'a41f63bea3fd351316b2846a2c0e3cc0e3603eae':    NA-0: Remove legacy NX code that is no longer needed for routing calls to the correct stack
5. NA-0: Adjust integration tests to use cloudfront URL for develop CI builds
6. Pull request #3599: NA-0: Adjust integration tests to use cloudfront URL for develop CI builds  Merge in AX/attendee-experience-data from misc/fix-its to develop  * commit '0e78cb1af021d0f5b5d5bc0fd05e8d9f0a614224':    NA-0: Adjust integration tests to use cloudfront URL for develop CI builds"
PP-Lollipop (06/13-06/27),2023/06/13,2023/06/27,HUB-89579,1583,SSimpson,5473,2390,0,0,0,0,0,0,0,0,0,0,SSimpson,,
PP-Lollipop (06/13-06/27),2023/06/13,2023/06/27,HUB-89579,1581,SSimpson,0,0,0,0,0,0,0,0,0,0,0,0,MQian,,
PP-Lollipop (06/13-06/27),2023/06/13,2023/06/27,HUB-99175,3585,SSimpson,0,0,0,0,0,0,0,0,0,0,0,0,SCahail,,
PP-Lollipop (06/13-06/27),2023/06/13,2023/06/27,HUB-99175,3595,SSimpson,0,0,0,0,1,0,0,0,0,0,0,0,SCahail,,
PP-Lollipop (06/13-06/27),2023/06/13,2023/06/27,HUB-99175,3614,SSimpson,0,0,0,0,0,0,0,0,0,0,0,0,MGangani,,
PP-Lollipop (06/13-06/27),2023/06/13,2023/06/27,HUB-99176,1530,SSimpson,0,0,0,0,1,1,0,0,0,0,0,0,SCahail,1. Does this need to be a custom experiment?,
PP-Lollipop (06/13-06/27),2023/06/13,2023/06/27,HUB-99176,1560,SSimpson,0,0,0,0,1,0,0,1,0,0,0,0,MGangani,,
PP-Lollipop (06/13-06/27),2023/06/13,2023/06/27,HUB-99177,9522,SSimpson,0,0,0,0,0,3,0,0,0,0,0,0,SCahail,"1. ```suggestion  '@cvent/attendee-experience-web': patch  ```
2. Please assess unit test coverage
3. Unit test?",
PP-Lollipop (06/13-06/27),2023/06/13,2023/06/27,HUB-99177,9551,SSimpson,0,0,0,0,1,0,0,1,0,0,0,0,MGangani,,
PP-Lollipop (06/13-06/27),2023/06/13,2023/06/27,HUB-100392,9436,SSimpson,0,0,0,0,0,0,0,0,0,0,0,0,KRaparthi,,
PP-Lollipop (06/13-06/27),2023/06/13,2023/06/27,HUB-100392,9507,SSimpson,0,0,0,0,1,0,0,0,0,0,0,0,GStarr,,
PP-Lollipop (06/13-06/27),2023/06/13,2023/06/27,HUB-100398,9551,SSimpson,0,0,0,0,0,0,0,0,0,0,0,0,MGangani,,
PP-Lollipop (06/13-06/27),2023/06/13,2023/06/27,HUB-102329,3603,SSimpson,0,0,0,0,1,0,0,0,0,0,0,0,JBertrand,,
PP-Lollipop (06/13-06/27),2023/06/13,2023/06/27,HUB-102329,3614,SSimpson,0,0,0,0,0,0,0,0,0,0,0,0,MGangani,,
PP-Lollipop (06/13-06/27),2023/06/13,2023/06/27,HUB-104098,9618,SSimpson,5593,4407,0,0,0,0,0,0,0,0,0,0,SSimpson,,
PP-Lollipop (06/13-06/27),2023/06/13,2023/06/27,HUB-104098,9611,SSimpson,0,0,0,0,0,0,0,0,0,0,0,0,MQian,,
PP-Lollipop (06/13-06/27),2023/06/13,2023/06/27,HUB-104098,9617,SSimpson,5598,4402,0,0,0,0,0,0,0,0,0,0,SSimpson,,
PP-Lollipop (06/13-06/27),2023/06/13,2023/06/27,HUB-101754,9653,SSimpson,0,0,0,0,0,0,0,0,0,0,0,0,XWang,,
PP-Lollipop (06/13-06/27),2023/06/13,2023/06/27,PROD-170669,9618,SSimpson,5593,4407,0,0,0,0,0,0,0,0,0,0,SSimpson,,
PP-Lollipop (06/13-06/27),2023/06/13,2023/06/27,PROD-170669,9611,SSimpson,0,0,0,0,0,0,0,0,0,0,0,0,MQian,,
PP-Lollipop (06/13-06/27),2023/06/13,2023/06/27,PROD-170669,9617,SSimpson,5598,4402,0,0,0,0,0,0,0,0,0,0,SSimpson,,
Sprint Totals,,,,,,PR_ADDED: 27855,PR_REMOVED: 20008,COMMIT_ADDED: 93,COMMIT_REMOVED: 272,APPROVED: 7,COMMENTED: 4,DECLINED: 0,MERGED: 3,OPENED: 0,RESCOPED: 0,UNAPPROVED: 0,UPDATED: 0,,,

Overall Totals,,,,,,PR_ADDED: 27855,PR_REMOVED: 20008,COMMIT_ADDED: 1870,COMMIT_REMOVED: 2614,APPROVED: 39,COMMENTED: 31,DECLINED: 0,MERGED: 3,OPENED: 0,RESCOPED: 0,UNAPPROVED: 0,UPDATED: 0,,,
