SPRINT,START_DATE,END_DATE,TICKET,PR_ID,USER,PR_ADDED,PR_REMOVED,COMMIT_ADDED,COMMIT_REMOVED,APPROVED,COMMENTED,DECLINED,MERGED,OPENED,RESCOPED,UNAPPROVED,UPDATED,AUTHOR,COMMENTS,COMMIT_MESSAGES
Wizards - Sprint Kinder Joy,2023/05/23,2023/06/06,PROD-158351,12198,MPleasant,0,0,0,0,0,0,0,0,0,0,0,0,JWalsh,,
Wizards - Sprint Kinder Joy,2023/05/23,2023/06/06,PROD-158351,12341,MPleasant,468,160,0,0,0,0,0,0,0,0,0,0,MPleasant,,
Sprint Totals,,,,,,PR_ADDED: 468,PR_REMOVED: 160,COMMIT_ADDED: 0,COMMIT_REMOVED: 0,APPROVED: 0,COMMENTED: 0,DECLINED: 0,MERGED: 0,OPENED: 0,RESCOPED: 0,UNAPPROVED: 0,UPDATED: 0,,,

Wizards - Sprint Leche Flan,2023/06/06,2023/06/20,PROD-158351,12198,MPleasant,0,0,0,0,0,0,0,0,0,0,0,0,JWalsh,,
Wizards - Sprint Leche Flan,2023/06/06,2023/06/20,PROD-158351,12341,MPleasant,468,160,0,0,0,0,0,0,0,0,0,0,MPleasant,,
Sprint Totals,,,,,,PR_ADDED: 468,PR_REMOVED: 160,COMMIT_ADDED: 0,COMMIT_REMOVED: 0,APPROVED: 0,COMMENTED: 0,DECLINED: 0,MERGED: 0,OPENED: 0,RESCOPED: 0,UNAPPROVED: 0,UPDATED: 0,,,

Wizards - Sprint Muffin,2023/06/20,2023/07/05,PROD-158351,12198,MPleasant,0,0,0,0,0,0,0,0,0,0,0,0,JWalsh,,
Wizards - Sprint Muffin,2023/06/20,2023/07/05,PROD-158351,12341,MPleasant,468,160,0,0,0,0,0,0,0,0,0,0,MPleasant,,
Sprint Totals,,,,,,PR_ADDED: 468,PR_REMOVED: 160,COMMIT_ADDED: 0,COMMIT_REMOVED: 0,APPROVED: 0,COMMENTED: 0,DECLINED: 0,MERGED: 0,OPENED: 0,RESCOPED: 0,UNAPPROVED: 0,UPDATED: 0,,,

Overall Totals,,,,,,PR_ADDED: 1404,PR_REMOVED: 480,COMMIT_ADDED: 0,COMMIT_REMOVED: 0,APPROVED: 0,COMMENTED: 0,DECLINED: 0,MERGED: 0,OPENED: 0,RESCOPED: 0,UNAPPROVED: 0,UPDATED: 0,,,
