SPRINT,START_DATE,END_DATE,TICKET,PR_ID,USER,PR_ADDED,PR_REMOVED,COMMIT_ADDED,COMMIT_REMOVED,APPROVED,COMMENTED,DECLINED,MERGED,OPENED,RESCOPED,UNAPPROVED,UPDATED,AUTHOR,COMMENTS,COMMIT_MESSAGES
Snx-Haaldersbroekerdwarsstraat,2023/04/13,2023/04/26,HUB-72802,9061,RLiwag,0,0,0,0,1,0,0,0,0,0,0,0,MPruit,,
Snx-Haaldersbroekerdwarsstraat,2023/04/13,2023/04/26,HUB-72802,9069,RLiwag,0,0,0,0,1,0,0,0,0,0,0,0,MPruit,,
Snx-Haaldersbroekerdwarsstraat,2023/04/13,2023/04/26,HUB-72802,9087,RLiwag,0,0,50,5,0,0,0,0,0,0,0,0,ACheng,,"1. HUB-92413 Use event time zone as default for non-virtual attendees of hybrid events
2. HUB-92413 Show correct time zone selection when loading LanguageTime settings tab
3. Pull request #9072: HUB-92413 Use event time zone as default for non-virtual attendees of hybrid events  Merge in AX/attendee-experience-web from HUB-92413-defaultTimeZone to develop  * commit '89afe4a6c2ba4bc2f80a59b6c74dcb2c4ed1bf17':    HUB-92413 Show correct time zone selection when loading LanguageTime settings tab    HUB-92413 Use event time zone as default for non-virtual attendees of hybrid events"
Snx-Haaldersbroekerdwarsstraat,2023/04/13,2023/04/26,HUB-75721,1436,RLiwag,841,553,841,553,0,2,0,1,1,4,0,0,RLiwag,"1. This fixes some warnings in tests that involve mutations of this object type.
2. These assertions are covered under Timeline/\_\_tests\_\_/HomeScreenScheduler",1. HUB-75721 Refactor feature sub page tests
Snx-Haaldersbroekerdwarsstraat,2023/04/13,2023/04/26,HUB-75721,1443,RLiwag,0,0,0,0,0,0,0,0,0,0,0,0,Vivek.Bharti,,1. Pull request #1436: HUB-75721 Refactor feature sub page tests  Merge in AX/attendee-experience-builder from HUB-75721-refactorFeatureTests to develop  * commit 'd109cb1c9e90bb18e7629181eefbe41bedd36dee':    HUB-75721 Refactor feature sub page tests
Snx-Haaldersbroekerdwarsstraat,2023/04/13,2023/04/26,HUB-80482,9052,RLiwag,0,0,0,0,0,0,0,0,0,0,0,0,JMcGough,,
Snx-Haaldersbroekerdwarsstraat,2023/04/13,2023/04/26,HUB-80483,9129,RLiwag,0,0,0,0,0,3,0,0,0,1,0,0,M.Garcia,"1. It looks like this was previously an optional prop. Can you confirm that we always pass a value for this function wherever this component is used?
2. Should start with an uppercase too.
3. I think it works with AgendaItem['id'] since it's just a string but semantically speaking, I think we would only ever call `isAttendee` with a sessionId.",
Snx-Haaldersbroekerdwarsstraat,2023/04/13,2023/04/26,HUB-87823,9114,RLiwag,0,0,0,0,1,3,0,0,0,0,0,0,MPruit,"1. How big a change would it be to remove this default padding? In order to make components easier to compose together, their outermost element should typically not have any padding. It would be nice to instead add margin/padding wherever this component is needed.
2. Does this need a `key` prop?
3. Do we need to handle a max width here?",
Snx-Haaldersbroekerdwarsstraat,2023/04/13,2023/04/26,HUB-89725,9100,RLiwag,0,0,0,0,1,2,0,0,0,0,0,0,MPruit,"1. :100:
2. Do you know if there might be a Carina initiative to support this use case? I think Attendee interests needs this too and I guess they're probably doing the same workaround.",
Snx-Haaldersbroekerdwarsstraat,2023/04/13,2023/04/26,HUB-89725,9118,RLiwag,0,0,0,0,1,0,0,0,0,0,0,0,MPruit,,
Snx-Haaldersbroekerdwarsstraat,2023/04/13,2023/04/26,HUB-91553,9081,RLiwag,149,49,149,49,0,0,0,1,1,1,0,0,RLiwag,,1. HUB-91553 Hide Clear all filters button when no filters are selected
Snx-Haaldersbroekerdwarsstraat,2023/04/13,2023/04/26,HUB-91554,1437,RLiwag,0,0,0,0,1,0,0,0,0,0,0,0,M.Garcia,,
Snx-Haaldersbroekerdwarsstraat,2023/04/13,2023/04/26,HUB-91602,9051,RLiwag,0,0,0,0,0,0,0,0,0,0,0,0,M.Garcia,,
Snx-Haaldersbroekerdwarsstraat,2023/04/13,2023/04/26,HUB-91612,9093,RLiwag,0,0,0,0,1,0,0,0,0,0,0,0,MPruit,,
Snx-Haaldersbroekerdwarsstraat,2023/04/13,2023/04/26,HUB-92413,9072,RLiwag,50,5,0,0,0,0,0,1,1,1,0,0,RLiwag,,
Snx-Haaldersbroekerdwarsstraat,2023/04/13,2023/04/26,HUB-92740,9084,RLiwag,0,0,0,0,1,2,0,0,0,0,0,0,MPruit,"1. Yea, I think it would be simpler to pass the returned value rather than the function if it's possible.
2. Do we also test for the regular ""Join session"" button somewhere here?",
Snx-Haaldersbroekerdwarsstraat,2023/04/13,2023/04/26,HUB-92751,9046,RLiwag,0,0,0,0,0,0,0,0,0,0,0,0,M.Garcia,,
Snx-Haaldersbroekerdwarsstraat,2023/04/13,2023/04/26,HUB-94420,9008,RLiwag,150,14,0,0,0,0,0,0,0,0,0,0,RLiwag,,
Snx-Haaldersbroekerdwarsstraat,2023/04/13,2023/04/26,HUB-94831,9080,RLiwag,0,0,0,0,1,0,0,0,0,0,0,0,JMcGough,,
Snx-Haaldersbroekerdwarsstraat,2023/04/13,2023/04/26,HUB-94833,9090,RLiwag,0,0,0,0,1,0,0,0,0,0,0,0,JMcGough,,
Snx-Haaldersbroekerdwarsstraat,2023/04/13,2023/04/26,HUB-95234,9121,RLiwag,0,0,0,0,1,0,0,0,0,0,0,0,JMcGough,,
Snx-Haaldersbroekerdwarsstraat,2023/04/13,2023/04/26,HUB-95589,3458,RLiwag,0,0,0,0,1,3,0,0,0,0,0,0,IArgyle,"1. Seems like this could go into a common file as a helpful utility for other test suites.
2. Could this be `[SessionFilter!]!`? It would lead to slightly nicer typing for the client.
3. We would need two different searchSessions queries for this since skip/include directives aren't supported (yet). At that point, I feel like separating the session filters out into its own query makes sense.",
Snx-Haaldersbroekerdwarsstraat,2023/04/13,2023/04/26,HUB-96985,3480,RLiwag,0,0,0,0,0,2,0,0,0,0,0,0,SKadam,"1. TCW mentioned adding a unit test case to assert that the event ID is included in the filter. Is that no longer necessary?
2. It says:      Speaker Bio details should be fetched based on SpeakerId and EventId filter",
Snx-Haaldersbroekerdwarsstraat,2023/04/13,2023/04/26,PROD-165588,3462,RLiwag,0,0,0,0,1,0,0,0,0,0,0,0,A.Li,,
Snx-Haaldersbroekerdwarsstraat,2023/04/13,2023/04/26,HUB-80486,9153,RLiwag,0,0,0,0,0,0,0,0,0,0,0,0,JMcGough,,
Snx-Haaldersbroekerdwarsstraat,2023/04/13,2023/04/26,HUB-87630,898,RLiwag,42,14,0,0,0,0,0,0,1,0,0,0,RLiwag,,
Snx-Haaldersbroekerdwarsstraat,2023/04/13,2023/04/26,HUB-95596,3441,RLiwag,0,0,0,0,1,2,0,0,0,0,0,0,IArgyle,"1. The optional chaining shouldn't be optional I think.
2. I don't think `attendeeAnswers` can ever be falsy. Should this be checking the length of the array maybe? Though I see this is from existing code.",
Sprint Totals,,,,,,PR_ADDED: 1232,PR_REMOVED: 635,COMMIT_ADDED: 1040,COMMIT_REMOVED: 607,APPROVED: 14,COMMENTED: 19,DECLINED: 0,MERGED: 3,OPENED: 4,RESCOPED: 7,UNAPPROVED: 0,UPDATED: 0,,,

Snax - Idiotville (4/27-5/10),2023/04/27,2023/05/10,HUB-80480,9194,RLiwag,23,40,23,40,0,0,0,1,1,1,0,0,RLiwag,,1. HUB-80480 Fix useInfiniteScroll hook so it does not trigger so often
Snax - Idiotville (4/27-5/10),2023/04/27,2023/05/10,HUB-80480,9219,RLiwag,0,0,40,24,0,0,0,0,0,0,0,0,Subratkumar.Sahoo,,"1. NA-0 Skip speaker bio page replay button e2e tests
2. Pull request #9182: NA-0 Skip speaker bio page replay button e2e tests  Merge in AX/attendee-experience-web from skipSpeakerReplay to develop  * commit '6ad0481a930acdf361ce47885816f2f018116132':    NA-0 Skip speaker bio page replay button e2e tests
3. Pull request #9194: HUB-80480 Fix useInfiniteScroll hook so it does not trigger so often  Merge in AX/attendee-experience-web from HUB-80480-fixInfiniteScroll to develop  * commit 'a62b5dbe934e5c467525156415a44e914702c61b':    HUB-80480 Fix useInfiniteScroll hook so it does not trigger so often"
Snax - Idiotville (4/27-5/10),2023/04/27,2023/05/10,HUB-80486,9153,RLiwag,0,0,0,0,1,2,0,0,0,0,0,0,JMcGough,"1. Nitpick: do we still need the default `now` since it's a required prop?
2. Nitpick: this clone doesn't seem necessary. I also think mutating the object in a loop is simpler despite the eslint warning. eg: https://prateeksurana.me/blog/why-using-object-spread-with-reduce-bad-idea/",
Snax - Idiotville (4/27-5/10),2023/04/27,2023/05/10,HUB-87630,898,RLiwag,42,14,42,14,0,1,0,1,0,1,0,0,RLiwag,1. Thanks for testing. This might be a pre-existing issue. I've updated the commit with a useEffect that resets the error state when the image changes. I also added an option to the image dropdown so you can test an invalid image URL.,1. [HUB-87630] fix(Avatar): disable background color when image successfully loads
Snax - Idiotville (4/27-5/10),2023/04/27,2023/05/10,HUB-90986,9205,RLiwag,0,0,0,0,1,3,0,0,0,0,0,0,M.Garcia,"1. I'm not sure. If it shows the `value`, then filtering based on its will make it more obvious that this result shows up due to that filter. If we only show the `name`, it might not be obvious why that session is being returned (maybe due to another filter).
2. Nitpick: You can omit the fields that you don't need here.
3. I forget -- is `id` the one that's null? If it has an actual value, it could still be useful for caching purposes.",
Snax - Idiotville (4/27-5/10),2023/04/27,2023/05/10,HUB-95469,3520,RLiwag,0,0,0,0,1,0,0,0,0,0,0,0,A.Li,,
Snax - Idiotville (4/27-5/10),2023/04/27,2023/05/10,HUB-95593,9166,RLiwag,0,0,0,0,1,0,0,0,0,0,0,0,MPruit,,
Snax - Idiotville (4/27-5/10),2023/04/27,2023/05/10,HUB-95596,3441,RLiwag,0,0,0,0,0,0,0,0,0,0,0,0,IArgyle,,
Snax - Idiotville (4/27-5/10),2023/04/27,2023/05/10,HUB-97171,9145,RLiwag,0,0,0,0,1,2,0,0,0,0,0,0,MPruit,"1. Nitpick: DOM queries are blocking and comparatively slow so I think we can benefit from keeping this in a variable.
2. TIL marginBlockEnd.",
Snax - Idiotville (4/27-5/10),2023/04/27,2023/05/10,HUB-97171,9200,RLiwag,0,0,0,0,1,0,0,0,0,0,0,0,MPruit,,
Snax - Idiotville (4/27-5/10),2023/04/27,2023/05/10,HUB-97195,9146,RLiwag,6,1,6,1,0,0,0,1,1,0,0,0,RLiwag,,1. HUB-97195 Set filterModalTotalSessionCount appFeature to version 70
Snax - Idiotville (4/27-5/10),2023/04/27,2023/05/10,HUB-97195,9177,RLiwag,0,0,0,0,0,0,0,0,0,0,0,0,BRehman,,1. Pull request #9146: HUB-97195 Set filterModalTotalSessionCount appFeature to version 70  Merge in AX/attendee-experience-web from HUB-97195-filterModalTotalSessionCount to develop  * commit '7dcfd532d8f253bffdfc2f39109c4ffe4a549319':    HUB-97195 Set filterModalTotalSessionCount appFeature to version 70
Snax - Idiotville (4/27-5/10),2023/04/27,2023/05/10,HUB-97554,9163,RLiwag,0,0,0,0,1,0,0,0,0,0,0,0,JMcGough,,
Snax - Idiotville (4/27-5/10),2023/04/27,2023/05/10,HUB-98259,9215,RLiwag,77,55,77,55,0,1,0,0,1,3,0,0,RLiwag,1. Well that's just confusing. I'll change to use that then.,1. HUB-98260 Include IANA time zone name to timezone preference cookie
Snax - Idiotville (4/27-5/10),2023/04/27,2023/05/10,HUB-50072,9212,RLiwag,0,0,0,0,1,3,0,0,0,0,0,0,MPruit,"1. Is the default image not necessary?
2. Might be worth passing this string or ref down as a prop instead of coupling it to an id declared in another component.
3. I can't remember exactly but I seem to recall there was some reason that this could not be a list.",
Snax - Idiotville (4/27-5/10),2023/04/27,2023/05/10,HUB-80485,9239,RLiwag,0,0,0,0,0,0,0,0,0,0,0,0,M.Garcia,,
Snax - Idiotville (4/27-5/10),2023/04/27,2023/05/10,HUB-80485,9354,RLiwag,0,0,0,0,0,0,0,0,0,0,0,0,JMcGough,,
Snax - Idiotville (4/27-5/10),2023/04/27,2023/05/10,HUB-81950,9237,RLiwag,0,0,0,0,0,0,0,0,0,0,0,0,JMcGough,,
Snax - Idiotville (4/27-5/10),2023/04/27,2023/05/10,HUB-88110,9207,RLiwag,0,0,0,0,1,0,0,0,0,0,0,0,JMcGough,,
Snax - Idiotville (4/27-5/10),2023/04/27,2023/05/10,HUB-89175,9294,RLiwag,0,0,0,0,0,0,0,0,0,0,0,0,MPruit,,
Snax - Idiotville (4/27-5/10),2023/04/27,2023/05/10,HUB-89175,9354,RLiwag,0,0,0,0,0,0,0,0,0,0,0,0,JMcGough,,
Snax - Idiotville (4/27-5/10),2023/04/27,2023/05/10,HUB-95470,9240,RLiwag,297,78,0,0,0,0,0,0,0,0,0,0,RLiwag,,
Sprint Totals,,,,,,PR_ADDED: 445,PR_REMOVED: 188,COMMIT_ADDED: 188,COMMIT_REMOVED: 134,APPROVED: 9,COMMENTED: 12,DECLINED: 0,MERGED: 3,OPENED: 3,RESCOPED: 5,UNAPPROVED: 0,UPDATED: 0,,,

Snax - Jerrys Nose (5/11-5/24),2023/05/11,2023/05/25,HUB-50072,9212,RLiwag,0,0,0,0,0,0,0,0,0,0,0,0,MPruit,,
Snax - Jerrys Nose (5/11-5/24),2023/05/11,2023/05/25,HUB-50072,9293,RLiwag,0,0,100,62,0,0,0,0,0,0,0,0,Shea.Sullivan,,"1. Pull request #9240: HUB-95470 Add session tags to speaker page, live and upcoming cards, and session swap modal  Merge in AX/attendee-experience-web from HUB-95470-addSessionTags to develop  * commit '7c279b052c05170987c58a0aafe788005c4fe17e':    HUB-95470 Add session tags to speaker page, live and upcoming cards, and session swap modal
2. PROD-166841 Fix Add to Outlook Calendar function
3. Pull request #9255: PROD-166841 Fix Add to Outlook Calendar function  Merge in AX/attendee-experience-web from PROD-166841-fixOutlookCalendarLink to develop  * commit 'ec023f756b88a577a4ddafdbf1b4712afb68236a':    PROD-166841 Fix Add to Outlook Calendar function
4. HUB-99466 Update appFeatues for session tags and custom fields
5. Pull request #9278: HUB-99466 Update appFeatues for session tags and custom fields  Merge in AX/attendee-experience-web from HUB-99466-updateTagAppFeatures to develop  * commit '7852b753d03da110f2223d4968ca138927610b42':    HUB-99466 Update appFeatues for session tags and custom fields
6. NA-0 Add iargyle for Snax
7. Pull request #9280: NA-0 Add iargyle for Snax  Merge in AX/attendee-experience-web from addIan to develop  * commit '6b47d779503dfe26894e24636f60baf78753c78b':    NA-0 Add iargyle for Snax"
Snax - Jerrys Nose (5/11-5/24),2023/05/11,2023/05/25,HUB-80485,9239,RLiwag,0,0,0,0,1,0,0,0,0,0,0,0,M.Garcia,,
Snax - Jerrys Nose (5/11-5/24),2023/05/11,2023/05/25,HUB-80485,9354,RLiwag,0,0,22,6,0,0,0,0,0,1,0,0,JMcGough,,"1. PROD-165206 Control flyout visibility with prop
2. PROD-165206 Remove commented code
3. Pull request #9357: PROD-165206 Control flyout visibility with prop  Merge in AX/attendee-experience-web from PROD-165206-controlFlyoutVisibility to release/2.17.0  * commit 'eb0784aaf157d351ad0d4ba6277655358f84873b':    PROD-165206 Remove commented code    PROD-165206 Control flyout visibility with prop"
Snax - Jerrys Nose (5/11-5/24),2023/05/11,2023/05/25,HUB-81950,9237,RLiwag,0,0,0,0,0,0,0,0,0,0,0,0,JMcGough,,
Snax - Jerrys Nose (5/11-5/24),2023/05/11,2023/05/25,HUB-88110,9207,RLiwag,0,0,0,0,0,0,0,0,0,0,0,0,JMcGough,,
Snax - Jerrys Nose (5/11-5/24),2023/05/11,2023/05/25,HUB-89175,9294,RLiwag,0,0,0,0,1,3,0,0,0,0,0,0,MPruit,"1. Small nitpick: does the top margin affect spacing outside of this component? Maybe padding on `cardContent` might be preferable so it only affects internal spacing.
2. Nitpick:  ```suggestion            css={[styles.footerSubContainer, { marginRight: 20 }]}  ```
3. I think this lovely calculation could use a comment.",
Snax - Jerrys Nose (5/11-5/24),2023/05/11,2023/05/25,HUB-89175,9354,RLiwag,0,0,0,0,0,0,0,0,0,0,0,0,JMcGough,,
Snax - Jerrys Nose (5/11-5/24),2023/05/11,2023/05/25,HUB-95470,9240,RLiwag,297,78,0,0,0,0,0,1,0,0,0,0,RLiwag,,
Snax - Jerrys Nose (5/11-5/24),2023/05/11,2023/05/25,HUB-98202,3549,RLiwag,0,0,0,0,1,1,0,0,0,0,0,0,IArgyle,1. Nitpick: this doesn't hurt but I don't think we need it in app builder.,
Snax - Jerrys Nose (5/11-5/24),2023/05/11,2023/05/25,HUB-98245,9334,RLiwag,0,0,0,0,1,3,0,0,0,0,0,0,JMcGough,"1. Nitpick: the !! shouldn't be needed.
2. Can we clean up this timeout in case the component unmounts before it's called?
3. Should we use a different attribute here? I don't think we're meant to use the testID outside of testing purposes. It should be possible to add a custom `data-` attribute to the same element.",
Snax - Jerrys Nose (5/11-5/24),2023/05/11,2023/05/25,HUB-98245,9354,RLiwag,0,0,0,0,0,0,0,0,0,0,0,0,JMcGough,,
Snax - Jerrys Nose (5/11-5/24),2023/05/11,2023/05/25,HUB-98245,9379,RLiwag,0,0,0,0,1,0,0,0,0,0,0,0,JMcGough,,
Snax - Jerrys Nose (5/11-5/24),2023/05/11,2023/05/25,HUB-98690,9301,RLiwag,0,0,0,0,1,0,0,0,0,0,0,0,MPruit,,
Snax - Jerrys Nose (5/11-5/24),2023/05/11,2023/05/25,HUB-98690,9354,RLiwag,0,0,0,0,0,0,0,0,0,0,0,0,JMcGough,,
Snax - Jerrys Nose (5/11-5/24),2023/05/11,2023/05/25,HUB-98783,9304,RLiwag,36,12,36,12,0,0,0,1,1,1,0,0,RLiwag,,1. HUB-98783 Hide filter panel scrollbar on desktop
Snax - Jerrys Nose (5/11-5/24),2023/05/11,2023/05/25,HUB-98783,9354,RLiwag,0,0,0,0,0,0,0,0,0,0,0,0,JMcGough,,
Snax - Jerrys Nose (5/11-5/24),2023/05/11,2023/05/25,HUB-99457,9259,RLiwag,0,0,0,0,1,0,0,0,0,0,0,0,MPruit,,
Snax - Jerrys Nose (5/11-5/24),2023/05/11,2023/05/25,HUB-99466,9278,RLiwag,91,58,0,0,0,0,0,1,1,2,0,0,RLiwag,,
Snax - Jerrys Nose (5/11-5/24),2023/05/11,2023/05/25,HUB-99466,9299,RLiwag,0,0,0,0,1,0,0,0,0,0,0,0,MPruit,,
Snax - Jerrys Nose (5/11-5/24),2023/05/11,2023/05/25,HUB-99466,9354,RLiwag,0,0,0,0,0,0,0,0,0,0,0,0,JMcGough,,
Snax - Jerrys Nose (5/11-5/24),2023/05/11,2023/05/25,HUB-99646,9354,RLiwag,0,0,0,0,0,0,0,0,0,0,0,0,JMcGough,,
Snax - Jerrys Nose (5/11-5/24),2023/05/11,2023/05/25,HUB-99657,9351,RLiwag,0,0,0,0,1,0,0,0,0,0,0,0,JMcGough,,
Snax - Jerrys Nose (5/11-5/24),2023/05/11,2023/05/25,HUB-99671,9356,RLiwag,48,53,53,58,0,1,0,1,1,2,0,0,RLiwag,1. Good find. It's probably not noticeable enough at the typical number of tags to be shown here; but I'll switch to it since it looks like it's good practice to do it this way.,"1. HUB-99671 Ignore case when sorting session tags and custom fields
2. HUB-99671 Declare Intl.Collator outside of sort loop for performance
3. HUB-99671 Fix prettier errors"
Snax - Jerrys Nose (5/11-5/24),2023/05/11,2023/05/25,HUB-100164,9335,RLiwag,0,0,0,0,1,0,0,0,0,0,0,0,MPruit,,
Snax - Jerrys Nose (5/11-5/24),2023/05/11,2023/05/25,HUB-100164,9354,RLiwag,0,0,0,0,0,0,0,0,0,0,0,0,JMcGough,,
Snax - Jerrys Nose (5/11-5/24),2023/05/11,2023/05/25,PROD-165206,9321,RLiwag,0,0,0,0,1,0,0,0,0,0,0,0,M.Garcia,,
Snax - Jerrys Nose (5/11-5/24),2023/05/11,2023/05/25,PROD-165206,9354,RLiwag,0,0,0,0,0,0,0,0,0,0,0,0,JMcGough,,
Snax - Jerrys Nose (5/11-5/24),2023/05/11,2023/05/25,PROD-165206,9357,RLiwag,20,4,0,0,0,0,0,1,1,1,0,0,RLiwag,,
Snax - Jerrys Nose (5/11-5/24),2023/05/11,2023/05/25,PROD-166085,9302,RLiwag,135,87,135,87,0,2,0,1,1,1,0,0,RLiwag,"1. The button state was already stored in the cookie by TimezoneContext. It made sense to also lift up the useState for the button up to the TimezoneContext as well.
2. There's a glut of time zone states here unfortunately. There might be room for naming improvements. Essentially we need states for the default time zone and button state and the selected time zone and button state.  The states are necessary to trigger re-renders and effects. When the button state was only stored in the cookie, this was not enough to trigger re-renders and effects. For events and attendees with the same time zone, this meant that we weren't showing the correct time zone selection.",1. PROD-166085 Fix default time zone when event time matches device time
Snax - Jerrys Nose (5/11-5/24),2023/05/11,2023/05/25,PROD-166085,9354,RLiwag,0,0,0,0,0,0,0,0,0,0,0,0,JMcGough,,
Snax - Jerrys Nose (5/11-5/24),2023/05/11,2023/05/25,PROD-166714,9298,RLiwag,0,0,0,0,1,0,0,0,0,0,0,0,JMcGough,,
Snax - Jerrys Nose (5/11-5/24),2023/05/11,2023/05/25,PROD-166841,9255,RLiwag,8,3,0,0,0,0,0,1,1,1,0,0,RLiwag,,
Snax - Jerrys Nose (5/11-5/24),2023/05/11,2023/05/25,PROD-168267,9349,RLiwag,0,0,0,0,1,0,0,0,0,1,0,0,M.Garcia,,1. Merge branch 'develop' into PROD-168267
Snax - Jerrys Nose (5/11-5/24),2023/05/11,2023/05/25,HUB-72801,9352,RLiwag,0,0,0,0,1,1,0,0,0,0,0,0,MPruit,1. Should this be conditional on anything?,
Snax - Jerrys Nose (5/11-5/24),2023/05/11,2023/05/25,HUB-97219,1502,RLiwag,0,0,0,0,0,3,0,0,0,0,0,0,M.Garcia,"1. I believe we're required to include the follow up ticket for cleaning this up now.
2. Also, I think the terminology is now moving to calling this the ""Session Guide"".
3. Do we need to put the new order behind the appFeature as well?",
Snax - Jerrys Nose (5/11-5/24),2023/05/11,2023/05/25,HUB-97882,3557,RLiwag,0,0,0,0,0,0,0,0,0,0,0,0,A.Li,,
Sprint Totals,,,,,,PR_ADDED: 635,PR_REMOVED: 295,COMMIT_ADDED: 346,COMMIT_REMOVED: 225,APPROVED: 14,COMMENTED: 14,DECLINED: 0,MERGED: 7,OPENED: 6,RESCOPED: 10,UNAPPROVED: 0,UPDATED: 0,,,

Snax - Sprint Kickapoo,2023/05/25,2023/06/07,HUB-48548,1507,RLiwag,0,0,0,0,1,0,0,0,0,0,0,0,M.Garcia,,
Snax - Sprint Kickapoo,2023/05/25,2023/06/07,HUB-48548,1518,RLiwag,0,0,2353,2155,0,0,0,0,0,0,0,0,ATawfik,,"1. HUB-97220 Add session guide card
2. HUB-97220 Fix selector for Add Filter button in sessionFilter E2E
3. HUB-97220 Update changeset
4. Pull request #1511: HUB-97220 Add session guide card  Merge in AX/attendee-experience-builder from HUB-97220-addSessionGuide to develop  * commit '0c8b9dfbb2a8f8db560500b7afafdfc535e32bba':    HUB-97220 Update changeset    HUB-97220 Fix selector for Add Filter button in sessionFilter E2E    HUB-97220 Add session guide card"
Snax - Sprint Kickapoo,2023/05/25,2023/06/07,HUB-72801,9352,RLiwag,0,0,0,0,0,0,0,0,0,0,0,0,MPruit,,
Snax - Sprint Kickapoo,2023/05/25,2023/06/07,HUB-73304,1512,RLiwag,0,0,0,0,1,1,0,0,0,0,0,0,M.Garcia,1. I feel like we should be able to cache this.,
Snax - Sprint Kickapoo,2023/05/25,2023/06/07,HUB-73304,1523,RLiwag,0,0,0,0,1,0,0,0,0,0,0,0,MPruit,,
Snax - Sprint Kickapoo,2023/05/25,2023/06/07,HUB-90848,1506,RLiwag,0,0,0,0,1,0,0,0,0,0,0,0,MPruit,,
Snax - Sprint Kickapoo,2023/05/25,2023/06/07,HUB-97219,1502,RLiwag,0,0,0,0,1,0,0,0,0,0,0,0,M.Garcia,,
Snax - Sprint Kickapoo,2023/05/25,2023/06/07,HUB-97220,1511,RLiwag,2353,2155,0,0,0,3,0,1,1,2,0,0,RLiwag,"1. This is mostly renamed from List.tsx. git/stash didn't pick it up as a rename.
2. This caused an unnecessary dependency on re-rendering to get the new state.
3. Some opportunistic cleanup here.",
Snax - Sprint Kickapoo,2023/05/25,2023/06/07,HUB-97882,3557,RLiwag,0,0,0,0,0,3,0,0,0,0,0,0,A.Li,"1. Nitpick: I feel like we should query the 3 fields in separate tests like we plan to do in practice. Not a big deal either way.
2. Do we need to batch this? I don't think the schema supports fetching a list of filters with sessionDerivedData/speakers/tags. We would only ever fetch them for one event.
3. Would we need the ID? Or is it enough to build a location filter with just the location name?",
Snax - Sprint Kickapoo,2023/05/25,2023/06/07,HUB-99645,9447,RLiwag,0,0,0,0,1,1,0,0,0,0,0,0,M.Garcia,1. I don't think you need the `id`.,
Snax - Sprint Kickapoo,2023/05/25,2023/06/07,HUB-99661,3570,RLiwag,0,0,0,0,1,0,0,0,0,0,0,0,A.Li,,
Snax - Sprint Kickapoo,2023/05/25,2023/06/07,HUB-101227,9421,RLiwag,0,0,0,0,0,1,0,0,0,0,0,0,MPruit,1. Does this mean we no longer show the Featured status in the Swap Sessions modal? I don't think we have the v2 card here.,
Snax - Sprint Kickapoo,2023/05/25,2023/06/07,PROD-166506,1510,RLiwag,0,0,0,0,1,0,0,0,0,0,0,0,JMcGough,,
Snax - Sprint Kickapoo,2023/05/25,2023/06/07,PROD-166565,9391,RLiwag,0,0,0,0,1,0,0,0,0,0,0,0,M.Garcia,,
Snax - Sprint Kickapoo,2023/05/25,2023/06/07,HUB-87193,9435,RLiwag,0,0,0,0,1,0,0,0,0,0,0,0,JMcGough,,
Snax - Sprint Kickapoo,2023/05/25,2023/06/07,HUB-87486,9441,RLiwag,402,702,367,692,0,0,0,0,1,4,0,0,RLiwag,,"1. HUB-87486 Use session card for Exhibitor details page
2. HUB-87486 Update E2E, remove unused component
3. HUB-87486 Remove SponsoredSession test
4. HUB-87486 Increase space below sponsored session heading"
Snax - Sprint Kickapoo,2023/05/25,2023/06/07,HUB-90176,9457,RLiwag,0,0,0,0,0,0,0,0,0,0,0,0,JMcGough,,
Snax - Sprint Kickapoo,2023/05/25,2023/06/07,HUB-90176,9479,RLiwag,0,0,0,0,0,0,0,0,0,0,0,0,JMcGough,,
Snax - Sprint Kickapoo,2023/05/25,2023/06/07,HUB-90798,3572,RLiwag,0,0,0,0,0,5,0,0,0,0,0,0,SKadam,"1. For a large number of objects, we should probably avoid this pattern since it creates and throws away a new object for each iteration.
2. It's not recommended to do this though. See: https://www.richsnapp.com/article/2019/06-09-reduce-spread-anti-pattern
3. Nitpick: the work in the filter can probably be done in the reduce to avoid that iteration.
4. Returning the current `result` should satisfy it I would think.
5. Maybe `tagElements` should be a Map in order to avoid this array lookup.",
Snax - Sprint Kickapoo,2023/05/25,2023/06/07,HUB-101238,9456,RLiwag,0,0,0,0,0,0,0,0,0,0,0,0,M.Garcia,,
Snax - Sprint Kickapoo,2023/05/25,2023/06/07,HUB-101238,9498,RLiwag,0,0,0,0,0,0,0,0,0,0,0,0,M.Garcia,,
Snax - Sprint Kickapoo,2023/05/25,2023/06/07,PROD-166496,9411,RLiwag,10,2,7,1,0,0,0,0,1,4,0,0,RLiwag,,1. PROD-166496 Fix weekday capitalization in date filter
Sprint Totals,,,,,,PR_ADDED: 2765,PR_REMOVED: 2859,COMMIT_ADDED: 2727,COMMIT_REMOVED: 2848,APPROVED: 10,COMMENTED: 14,DECLINED: 0,MERGED: 1,OPENED: 3,RESCOPED: 10,UNAPPROVED: 0,UPDATED: 0,,,

Snax - Las Vegas,2023/06/08,2023/06/22,HUB-87193,9435,RLiwag,0,0,0,0,0,0,0,0,0,0,0,0,JMcGough,,
Snax - Las Vegas,2023/06/08,2023/06/22,HUB-87193,9507,RLiwag,0,0,115,93,0,0,0,0,0,0,0,0,GStarr,,"1. HUB-101226 Fix Session Content heading on Session Details page
2. Pull request #9480: HUB-101226 Fix Session Content heading on Session Details page  Merge in AX/attendee-experience-web from HUB-101226-fixSessionContentHeading to develop  * commit 'a5a7cb4b4d99df8b1223e3fe5ad2685b2a601a46':    HUB-101226 Fix Session Content heading on Session Details page
3. HUB-102551 Fix initial value of preferredTimezone
4. HUB-102551 Return empty string for preferredTimezone if no cookie set
5. Pull request #9478: HUB-102551 Fix initial value of preferredTimezone  Merge in AX/attendee-experience-web from HUB-102551-fixInitialPreferredTimezone to develop  * commit '4bc38688ee7a99cf277a6f928dc95b41a9b2b540':    HUB-102551 Return empty string for preferredTimezone if no cookie set    HUB-102551 Fix initial value of preferredTimezone"
Snax - Las Vegas,2023/06/08,2023/06/22,HUB-87486,9441,RLiwag,402,702,0,0,0,0,0,1,0,0,0,0,RLiwag,,
Snax - Las Vegas,2023/06/08,2023/06/22,HUB-90176,9457,RLiwag,0,0,0,0,0,0,0,0,0,0,0,0,JMcGough,,
Snax - Las Vegas,2023/06/08,2023/06/22,HUB-90176,9479,RLiwag,0,0,0,0,1,0,0,0,0,0,0,0,JMcGough,,
Snax - Las Vegas,2023/06/08,2023/06/22,HUB-90798,3572,RLiwag,0,0,0,0,0,0,0,0,0,0,0,0,SKadam,,
Snax - Las Vegas,2023/06/08,2023/06/22,HUB-97243,1540,RLiwag,470,37,480,47,0,0,0,1,1,2,0,0,RLiwag,,"1. HUB-97243 Add PrefilteredList detail page
2. HUB-97243 Add changeset
3. HUB-97243 Updated Phrase strings
4. HUB-97243 Use localized string for Save page button"
Snax - Las Vegas,2023/06/08,2023/06/22,HUB-97243,1560,RLiwag,0,0,0,0,0,0,0,0,0,0,0,0,MGangani,,1. Pull request #1540: HUB-97243 Add PrefilteredList detail page  Merge in AX/attendee-experience-builder from HUB-97243-prefilteredListDetail to develop  * commit 'cd15c1bfa45c13348d45d86eb9d25988c0a6eace':    HUB-97243 Use localized string for Save page button    HUB-97243 Updated Phrase strings    HUB-97243 Add changeset    HUB-97243 Add PrefilteredList detail page
Snax - Las Vegas,2023/06/08,2023/06/22,HUB-97887,3601,RLiwag,0,0,0,0,0,3,0,0,0,0,0,0,A.Li,"1. Nitpick: I think ensuring no null values in the array can make the code to handle it a little simpler.  ```suggestion      preFilterLists: [PreFilterOrder!]  ```
2. Can we use the object's order in the array to dictate its actual order? Or is that frowned upon?
3. How does the rest of the SessionGuide get reordered when this value is different?",
Snax - Las Vegas,2023/06/08,2023/06/22,HUB-97970,1543,RLiwag,0,0,0,0,1,3,0,0,0,0,0,0,JMcGough,"1. It doesn't look like `handleOnDismiss` would conflict with anything.
2. I think we also need to be able to pass the selected options and a callback for when the selection changes.
3. I think this should be `.find`; `.filter` will iterate through all the options rather than stopping when it finds a match.",
Snax - Las Vegas,2023/06/08,2023/06/22,HUB-97970,1583,RLiwag,0,0,109,106,0,0,0,0,0,0,0,0,SSimpson,,"1. PROD-168946 Remove use of deprecated Popper component from HomeSchedulerGalleryContentCard
2. Pull request #1567: PROD-168946 Remove use of deprecated Popper component from HomeSchedulerGalleryContentCard  Merge in AX/attendee-experience-builder from PROD-168946-fixLinkTooltip to develop  * commit '9b4d8527c9f26d1261706a6ced64a0140b6526a0':    PROD-168946 Remove use of deprecated Popper component from HomeSchedulerGalleryContentCard
3. NA-0 Add FilterListNameModalTest and improve execution time
4. PROD-168946 Hide tooltip when Create link button is enabled
5. Pull request #1572: PROD-168946 Hide tooltip when Create link button is enabled  Merge in AX/attendee-experience-builder from PROD-168946-hideTooltipWhenEnabled to develop  * commit '4c6aa1b07c066d1317dda57979baae182feba7e9':    PROD-168946 Hide tooltip when Create link button is enabled"
Snax - Las Vegas,2023/06/08,2023/06/22,HUB-97970,1581,RLiwag,0,0,26,0,0,0,0,0,0,0,0,0,MQian,,"1. HUB-103835 Disable Done button on name modal with bad data
2. Pull request #1558: HUB-103835 Disable Done button on name modal with bad data  Merge in AX/attendee-experience-builder from HUB-103835-sessionGuideNameModal to develop  * commit 'cf7a6b9b9ec36672b8efaa982bbff77155e18277':    HUB-103835 Disable Done button on name modal with bad data"
Snax - Las Vegas,2023/06/08,2023/06/22,HUB-101226,9480,RLiwag,34,50,0,0,0,0,0,1,1,0,0,0,RLiwag,,
Snax - Las Vegas,2023/06/08,2023/06/22,HUB-101238,9456,RLiwag,0,0,0,0,0,0,0,0,0,0,0,0,M.Garcia,,
Snax - Las Vegas,2023/06/08,2023/06/22,HUB-101238,9498,RLiwag,0,0,0,0,1,0,0,0,0,0,0,0,M.Garcia,,
Snax - Las Vegas,2023/06/08,2023/06/22,HUB-101309,3592,RLiwag,0,0,0,0,0,1,0,0,0,0,0,0,A.Li,1. Look like this should be `eventId`?,
Snax - Las Vegas,2023/06/08,2023/06/22,HUB-101440,9532,RLiwag,0,0,0,0,1,2,0,0,0,0,0,0,M.Garcia,"1. Does the description need all the info after and including ""in order to better learn...""?
2. I think this needs to be mocked before the `fireEvent` otherwise it's too late to track calls to `mockSpeakerSearchFn`.",
Snax - Las Vegas,2023/06/08,2023/06/22,HUB-102403,9559,RLiwag,0,0,0,0,1,1,0,0,0,0,0,0,JMcGough,1. ![image.png](attachment:18181/23704),
Snax - Las Vegas,2023/06/08,2023/06/22,HUB-102551,9478,RLiwag,80,42,0,0,0,0,0,1,1,1,0,0,RLiwag,,
Snax - Las Vegas,2023/06/08,2023/06/22,HUB-103041,3606,RLiwag,0,0,0,0,1,0,0,0,0,0,0,0,A.Li,,
Snax - Las Vegas,2023/06/08,2023/06/22,HUB-103566,3617,RLiwag,0,0,0,0,1,3,0,0,0,0,0,0,IArgyle,"1. Looks like this can be fetched in parallel with the call below (`fetchAllPlannerSessions`).
2. Nitpick: would it be possible to consolidate the 3 different ways we're filtering out duplicates? We have a Map, a Set, and a reduce for categories, locations, and custom fields.
3. That makes sense. Kinda sucks but it makes sense.",
Snax - Las Vegas,2023/06/08,2023/06/22,PROD-166496,9411,RLiwag,10,2,0,0,0,0,0,0,0,0,0,0,RLiwag,,
Snax - Las Vegas,2023/06/08,2023/06/22,PROD-168946,1567,RLiwag,34,72,0,0,0,0,0,1,1,0,0,0,RLiwag,,
Snax - Las Vegas,2023/06/08,2023/06/22,PROD-168946,1572,RLiwag,18,5,0,0,0,1,0,1,1,0,0,0,RLiwag,"1. Yep, testID for sure.",
Snax - Las Vegas,2023/06/08,2023/06/22,HUB-101099,9509,RLiwag,0,0,0,0,1,1,0,0,0,0,0,0,M.Garcia,1. Can you merge develop in? I changed the export of usePreferredTimezone so that it only has a default export now.,
Snax - Las Vegas,2023/06/08,2023/06/22,HUB-101099,9561,RLiwag,0,0,0,0,1,1,0,0,0,0,0,0,M.Garcia,1. Is this `<div>` needed?,
Snax - Las Vegas,2023/06/08,2023/06/22,HUB-103907,9565,RLiwag,8,0,8,0,0,2,0,0,1,0,0,0,RLiwag,"1. Yea, not sure why it's worded that way but essentially they want them to look the same. I'll ask to get that updated.
2. Updated.",1. HUB-103907 Update appointment title style to match sessions
Sprint Totals,,,,,,PR_ADDED: 1056,PR_REMOVED: 910,COMMIT_ADDED: 738,COMMIT_REMOVED: 246,APPROVED: 9,COMMENTED: 18,DECLINED: 0,MERGED: 6,OPENED: 6,RESCOPED: 3,UNAPPROVED: 0,UPDATED: 0,,,

Overall Totals,,,,,,PR_ADDED: 6133,PR_REMOVED: 4887,COMMIT_ADDED: 5039,COMMIT_REMOVED: 4060,APPROVED: 56,COMMENTED: 77,DECLINED: 0,MERGED: 20,OPENED: 22,RESCOPED: 35,UNAPPROVED: 0,UPDATED: 0,,,
