SPRINT,START_DATE,END_DATE,TICKET,PR_ID,USER,PR_ADDED,PR_REMOVED,COMMIT_ADDED,COMMIT_REMOVED,APPROVED,COMMENTED,DECLINED,MERGED,OPENED,RESCOPED,UNAPPROVED,UPDATED,AUTHOR,COMMENTS,COMMIT_MESSAGES
Q2 23' S4,2023/05/09,2023/05/23,PROD-166101,535,L.Bhardwaj,98,43,0,0,0,0,0,0,0,0,0,0,L.Bhardwaj,,
Q2 23' S4,2023/05/09,2023/05/23,PROD-166101,534,L.Bhardwaj,46,4,0,0,0,0,0,0,0,0,0,0,L.Bhardwaj,,
Sprint Totals,,,,,,PR_ADDED: 144,PR_REMOVED: 47,COMMIT_ADDED: 0,COMMIT_REMOVED: 0,APPROVED: 0,COMMENTED: 0,DECLINED: 0,MERGED: 0,OPENED: 0,RESCOPED: 0,UNAPPROVED: 0,UPDATED: 0,,,

Overall Totals,,,,,,PR_ADDED: 144,PR_REMOVED: 47,COMMIT_ADDED: 0,COMMIT_REMOVED: 0,APPROVED: 0,COMMENTED: 0,DECLINED: 0,MERGED: 0,OPENED: 0,RESCOPED: 0,UNAPPROVED: 0,UPDATED: 0,,,
