SPRINT,START_DATE,END_DATE,TICKET,PR_ID,USER,PR_ADDED,PR_REMOVED,COMMIT_ADDED,COMMIT_REMOVED,APPROVED,COMMENTED,DECLINED,MERGED,OPENED,RESCOPED,UNAPPROVED,UPDATED,AUTHOR,COMMENTS,COMMIT_MESSAGES
PP-Gummy Bears,2023/04/04,2023/04/18,HUB-86949,1392,Pratik.Yadav,410,29,5,4,0,2,0,1,1,2,0,0,Pratik.Yadav,"1. @JBertrand could you take a look and let me know should i replace this link with https://github.com/cvent/falcon/blob/develop/packages/falcon-app/src/hooks/useRefetch.js#L60
2. done","1. Update changelog
2. 1.4.87 downmerge
3. replace useRefetch url"
PP-Gummy Bears,2023/04/04,2023/04/18,HUB-86949,17366,Pratik.Yadav,0,0,0,0,1,0,0,0,0,0,0,1,JBertrand,,
Sprint Totals,,,,,,PR_ADDED: 410,PR_REMOVED: 29,COMMIT_ADDED: 5,COMMIT_REMOVED: 4,APPROVED: 1,COMMENTED: 2,DECLINED: 0,MERGED: 1,OPENED: 1,RESCOPED: 2,UNAPPROVED: 0,UPDATED: 1,,,

PP-Jalapeno Poppers,2023/05/16,2023/05/30,HUB-99172,9409,Pratik.Yadav,0,0,868,168,0,0,0,0,0,0,0,0,TCox,,"1. HUB-74533: send speaker document opened fact when a document gets opened
2. HUB-74533: remove fact id from the trackAction and put argument in default method
3. HUB-74533: make record fact method of type any
4. HUB-74533: remove default method for recordFileFact
5. HUB-74533: update factDefinition snapshot
6. Merge branch 'develop' of ssh://stash.cvent.net:7999/ax/attendee-experience-web into hub-74533
7. HUB-74533: migrate speaker document opened fact to new analytic structure
8. Pull request #9374: HUB-74533: send speaker document opened fact when a document gets opened  Merge in AX/attendee-experience-web from hub-74533 to develop  * commit '028396459eb366212a31ae5302323c3b42f1a34a':    Applied suggestion    Applied suggestion    Applied suggestion    HUB-74533: migrate speaker document opened fact to new analytic structure    HUB-74533: update factDefinition snapshot    HUB-74533: remove default method for recordFileFact    HUB-74533: make record fact method of type any    HUB-74533: remove fact id from the trackAction and put argument in default method    HUB-74533: send speaker document opened fact when a document gets opened
9. HUB-100540: add automation cases for speaker documents
10. HUB-100540: add changeset
11. Merge branch 'develop' of ssh://stash.cvent.net:7999/ax/attendee-experience-web into hub-100540
12. HUB-100540: run prettier on speaker-details.spec.ts
13. Merge branch 'develop' of ssh://stash.cvent.net:7999/ax/attendee-experience-web into hub-100540
14. HUB-100540: remove redundant await and also insert blan line between classs members
15. Pull request #9362: HUB-100540: add automation cases for speaker documents  Merge in AX/attendee-experience-web from hub-100540 to develop  * commit '81548d82f9c5be94c14ee0c58a603b87e231f580':    HUB-100540: remove redundant await and also insert blan line between classs members    HUB-100540: run prettier on speaker-details.spec.ts    HUB-100540: add changeset    HUB-100540: add automation cases for speaker documents"
Sprint Totals,,,,,,PR_ADDED: 0,PR_REMOVED: 0,COMMIT_ADDED: 868,COMMIT_REMOVED: 168,APPROVED: 0,COMMENTED: 0,DECLINED: 0,MERGED: 0,OPENED: 0,RESCOPED: 0,UNAPPROVED: 0,UPDATED: 0,,,

Overall Totals,,,,,,PR_ADDED: 410,PR_REMOVED: 29,COMMIT_ADDED: 873,COMMIT_REMOVED: 172,APPROVED: 1,COMMENTED: 2,DECLINED: 0,MERGED: 1,OPENED: 1,RESCOPED: 2,UNAPPROVED: 0,UPDATED: 1,,,
