SPRINT,START_DATE,END_DATE,TICKET,PR_ID,USER,PR_ADDED,PR_REMOVED,COMMIT_ADDED,COMMIT_REMOVED,APPROVED,COMMENTED,DECLINED,MERGED,OPENED,RESCOPED,UNAPPROVED,UPDATED,AUTHOR,COMMENTS,COMMIT_MESSAGES
WOW - S7 (30 Mar - 12Apr) 33,2023/03/30,2023/04/12,WEBINAR-849,1167,RupaliS,802,827,0,0,0,0,0,0,0,0,0,0,RupaliS,,
WOW - S7 (30 Mar - 12Apr) 33,2023/03/30,2023/04/12,WEBINAR-853,1167,RupaliS,802,827,0,0,0,0,0,0,0,0,0,0,RupaliS,,
WOW - S7 (30 Mar - 12Apr) 33,2023/03/30,2023/04/12,WEBINAR-3695,1167,RupaliS,802,827,0,0,0,0,0,0,0,0,0,0,RupaliS,,
WOW - S7 (30 Mar - 12Apr) 33,2023/03/30,2023/04/12,WEBINAR-4958,142461,RupaliS,0,0,0,0,0,0,0,0,0,2,0,0,"Verma, Tushar",,
WOW - S7 (30 Mar - 12Apr) 33,2023/03/30,2023/04/12,WEBINAR-4958,143061,RupaliS,0,0,0,0,0,0,0,0,0,2,0,0,Ayesha.Khan,,
WOW - S7 (30 Mar - 12Apr) 33,2023/03/30,2023/04/12,WEBINAR-4958,144525,RupaliS,0,0,0,0,0,0,0,0,0,2,0,0,spujara,,
WOW - S7 (30 Mar - 12Apr) 33,2023/03/30,2023/04/12,WEBINAR-4958,148894,RupaliS,0,0,0,0,0,0,0,0,0,0,0,0,SNitin,,
WOW - S7 (30 Mar - 12Apr) 33,2023/03/30,2023/04/12,WEBINAR-4958,6795,RupaliS,16,11,0,0,0,0,0,0,0,0,0,0,RupaliS,,
WOW - S7 (30 Mar - 12Apr) 33,2023/03/30,2023/04/12,WEBINAR-4958,6820,RupaliS,0,0,0,0,0,0,0,0,0,0,0,0,VGadhiya,,1. Pull request #6781: Master  Merge in SOA/reporting from master to ccid-2520  * commit '01680b9dc2b008c3c6dd1ed36e5733d8c76d2b21':
WOW - S7 (30 Mar - 12Apr) 33,2023/03/30,2023/04/12,WEBINAR-4958,147878,RupaliS,0,0,0,0,0,0,0,0,0,0,0,0,RSalunke,,"1. Pull request #147827: commit for PROD-164770 reverting commit of PROD-164395 Revert ""Pull request #147759: Prod 164395""  Merge in CVT/c4 from ccid-2528 to ccid-2526  * commit '72f02be8c9534cb1afe33cc9ea8654d2dbb517ee':    commit for PROD-164770 reverting commit of PROD-164395 Revert ""Pull request #147759: Prod 164395"""
WOW - S7 (30 Mar - 12Apr) 33,2023/03/30,2023/04/12,WEBINAR-4958,147979,RupaliS,0,0,0,0,0,0,0,0,0,0,0,0,AJagtap,,"1. Pull request #147825: HUB-83793: Adding contact-groups:read role for universal-contacts-service and PVS  Merge in CVT/c4 from prod-164574 to ccid-2527  * commit '4ffe85f3f406ad751ed271defe1ce17f0b569567':    HUB-83793: Adding contact-groups:read role for universal-contacts-service and PVS
2. Pull request #147829: Ccid 2526  Merge in CVT/c4 from ccid-2526 to ccid-2527  * commit '1295b80d701a44175f07c573fffbb961b9b70a51':    commit for PROD-164770 reverting commit of PROD-164395 Revert ""Pull request #147759: Prod 164395""
3. Pull request #147819: Prod 164558  Merge in CVT/c4 from prod-164558 to ccid-2527  * commit '166914e4d3fa79afcbc9325a6e80e3bca4692291': (22 commits)    PROD-164558 : Event SOA package update for client only    PROD-164558 : EntityVisibility package update to release version    SURVEY-67384 : Setting EmailAudienceType property in couchbase    SURVEY-66894: custom exhibitor email details & preview page update    SURVEY-65711 : Setting correct emailSendTypeId    SURVEY-65711 : Removing email sendType setting from advanced settings page    SURVEY-65711 : Changes for getting correct index and valueId    SURVEY-65711 : PR comments addressed    SURVEY-65711 : Adding existing data if email re-changed    SURVEY-65711 : Adding existing data if email re-changed    SURVEY-65711 : Count check corrected    SURVEY-65711 : Implemntataion & integration of survey advanced fields    SURVEY-66894: custom exhibitor email add code added    SURVEY-67027 : PR comments addressed    SURVEY-67027 : PR comments addressed    SURVEY-67027 : Generic methods for making advanced filters    SURVEY-66860: inquisium document autorization check added    SURVEY-67026 : Package update & change regarding nullable bool handling    SURVEY-66993 : Not required changes removed    Revert ""Revert ""SURVEY-66993 : Choice listing for single select questions""""    ..."
WOW - S7 (30 Mar - 12Apr) 33,2023/03/30,2023/04/12,WEBINAR-4958,148125,RupaliS,0,0,0,0,0,0,0,0,0,0,0,0,APrajapati,,
WOW - S7 (30 Mar - 12Apr) 33,2023/03/30,2023/04/12,WEBINAR-4958,148182,RupaliS,0,0,0,0,0,0,0,0,0,0,0,0,A.Vankar,,
WOW - S7 (30 Mar - 12Apr) 33,2023/03/30,2023/04/12,WEBINAR-5422,142461,RupaliS,0,0,0,0,0,0,0,0,0,0,0,0,"Verma, Tushar",,
WOW - S7 (30 Mar - 12Apr) 33,2023/03/30,2023/04/12,WEBINAR-5422,143061,RupaliS,0,0,0,0,0,0,0,0,0,0,0,0,Ayesha.Khan,,
WOW - S7 (30 Mar - 12Apr) 33,2023/03/30,2023/04/12,WEBINAR-5422,144525,RupaliS,0,0,0,0,0,0,0,0,0,0,0,0,spujara,,
WOW - S7 (30 Mar - 12Apr) 33,2023/03/30,2023/04/12,WEBINAR-5422,148894,RupaliS,0,0,0,0,0,0,0,0,0,0,0,0,SNitin,,
WOW - S7 (30 Mar - 12Apr) 33,2023/03/30,2023/04/12,WEBINAR-5422,147721,RupaliS,0,0,0,0,0,0,0,0,0,0,0,0,JSwenson,,"1. Pull request #147544: Csnall 65003 release  Merge in CVT/c4 from csnall-65003-release to ccid-2518  * commit '9fd09b69d0befa834167f753d21d1ee6f71024f4':    CSNALL-62741 new pill on luxary    CSNALL-65003-V1:- UTM links for learn more button in Overview page.
2. Pull request #147664: Ccid 2518  Merge in CVT/c4 from ccid-2518 to prod  * commit 'b6df77213a057ce4993c461344aed00406eef8a7': (25 commits)    Revert ""WEBINAR-5862: Hide webinar section when on self service license type""    WEBINAR-885:build fix for new property name    WEBINAR-885:fix csproj changes    WEBINAR-885:fix csproj changes    WEBINAR-885:updated client version and new property    Revert ""PROD-164121: removed from ccid-2517 Revert ""Pull request #147506: Webinar 885""""    PROD-163820: adding sql script for HMC and OG    WEBINAR-888: remove try catch    [PROD-158883] : Passed event role related list in further logic    WEBINAR-888: Throw exception in case create user webinar tier call fails    WEBINAR-888: Add alow webinars flag check    CSNALL-62741 new pill on luxary    WEBINAR-5862: Hide webinar section when on self service license type    CSNALL-65003-V1:- UTM links for learn more button in Overview page.    WEBINAR-888: Update log message    PROD-163719:Added Experiment    WEBINAR-888: Refactor code    WEBINAR-888: Fetch userRole to check isAdmin flag    WEBINAR-888: Assign Webinar tier on changin role to admin user    PROD-162877 : Allow Negative value for currency conversation    ..."
WOW - S7 (30 Mar - 12Apr) 33,2023/03/30,2023/04/12,WEBINAR-5422,147732,RupaliS,0,0,0,0,0,0,0,0,0,0,0,0,THarsh,,1. Pull request #147671: Prod  Merge in CVT/c4 from prod to ccid-2520  * commit '44b0f4332de4816b77fa77e57b65a515627518f9':
WOW - S7 (30 Mar - 12Apr) 33,2023/03/30,2023/04/12,WEBINAR-5422,147813,RupaliS,0,0,0,0,0,0,0,0,0,0,0,0,Sagar.Patel,,1. Pull request #147672: Ccid 2520  Merge in CVT/c4 from ccid-2520 to ccid-2522  * commit '40c66059b871428c694357858d765213af11ce77':
WOW - S7 (30 Mar - 12Apr) 33,2023/03/30,2023/04/12,WEBINAR-5607,142461,RupaliS,0,0,0,0,0,0,0,0,0,0,0,0,"Verma, Tushar",,
WOW - S7 (30 Mar - 12Apr) 33,2023/03/30,2023/04/12,WEBINAR-5607,143061,RupaliS,0,0,0,0,0,0,0,0,0,0,0,0,Ayesha.Khan,,
WOW - S7 (30 Mar - 12Apr) 33,2023/03/30,2023/04/12,WEBINAR-5607,144525,RupaliS,0,0,0,0,0,0,0,0,0,0,0,0,spujara,,
WOW - S7 (30 Mar - 12Apr) 33,2023/03/30,2023/04/12,WEBINAR-5607,148894,RupaliS,0,0,0,0,0,0,0,0,0,0,0,0,SNitin,,
WOW - S7 (30 Mar - 12Apr) 33,2023/03/30,2023/04/12,WEBINAR-5607,148125,RupaliS,0,0,0,0,0,0,0,0,0,0,0,0,APrajapati,,
WOW - S7 (30 Mar - 12Apr) 33,2023/03/30,2023/04/12,WEBINAR-5607,148182,RupaliS,0,0,0,0,0,0,0,0,0,0,0,0,A.Vankar,,
WOW - S7 (30 Mar - 12Apr) 33,2023/03/30,2023/04/12,WEBINAR-5607,149732,RupaliS,0,0,0,0,0,0,0,0,0,0,0,0,SSao,,
WOW - S7 (30 Mar - 12Apr) 33,2023/03/30,2023/04/12,WEBINAR-5607,150073,RupaliS,0,0,0,0,0,0,0,0,0,0,0,0,AJagtap,,
WOW - S7 (30 Mar - 12Apr) 33,2023/03/30,2023/04/12,WEBINAR-6036,11611,RupaliS,0,0,8,8,0,0,0,0,0,0,0,0,AJagtap,,"1. Reverting PROD-163373 from ccid-2514 Revert ""Pull request #11570: Prod 163373""  This reverts commit 6654f9684ce6bd1632ed378ecf62fe98866fcf9b, reversing  changes made to 2c3082a2d0a27d0ba065ec14da2df9faa9f32f9a."
WOW - S7 (30 Mar - 12Apr) 33,2023/03/30,2023/04/12,WEBINAR-6036,11616,RupaliS,0,0,0,0,0,0,0,0,0,0,0,0,THarsh,,1. Pull request #11599: Master  Merge in SOA/event from master to ccid-2520  * commit '76cd804efd8e7a1461864e3a4fdf3e4d499cb4df':
WOW - S7 (30 Mar - 12Apr) 33,2023/03/30,2023/04/12,WEBINAR-6036,11634,RupaliS,0,0,0,0,0,0,0,0,0,0,0,0,Sagar.Patel,,1. Pull request #11600: Master  Merge in SOA/event from master to ccid-2522  * commit '76cd804efd8e7a1461864e3a4fdf3e4d499cb4df':
WOW - S7 (30 Mar - 12Apr) 33,2023/03/30,2023/04/12,WEBINAR-6036,11641,RupaliS,0,0,0,0,0,0,0,0,0,0,0,0,VKubba,,"1. Pull request #11629: Prod 164558  Merge in SOA/event from prod-164558 to ccid-2527  * commit '1b13fa7080ae5c2c3bbf80e1d7338a7beaf724d2':    survey-66894-dev606: email audience type update for custom email    SURVEY-66894: pr comments addressed    SURVEY-66894: create customExhibitor endpoint added
2. Pull request #11630: Master  Merge in SOA/event from master to ccid-2527  * commit '96a6e450c53e3c0060e3daab7a2b2c90fc3e476f':"
Sprint Totals,,,,,,PR_ADDED: 2422,PR_REMOVED: 2492,COMMIT_ADDED: 8,COMMIT_REMOVED: 8,APPROVED: 0,COMMENTED: 0,DECLINED: 0,MERGED: 0,OPENED: 0,RESCOPED: 6,UNAPPROVED: 0,UPDATED: 0,,,

WOW - S8 (13 - 26 Apr),2023/04/13,2023/04/26,PROD-164110,1764,RupaliS,8257,1743,0,0,0,0,0,0,0,0,0,0,RupaliS,,
WOW - S8 (13 - 26 Apr),2023/04/13,2023/04/26,PROD-164110,142461,RupaliS,0,0,0,0,0,0,0,0,0,4,0,0,"Verma, Tushar",,
WOW - S8 (13 - 26 Apr),2023/04/13,2023/04/26,PROD-164110,143061,RupaliS,0,0,0,0,0,0,0,0,0,4,0,0,Ayesha.Khan,,
WOW - S8 (13 - 26 Apr),2023/04/13,2023/04/26,PROD-164110,144525,RupaliS,0,0,0,0,0,0,0,0,0,4,0,0,spujara,,
WOW - S8 (13 - 26 Apr),2023/04/13,2023/04/26,PROD-164110,148894,RupaliS,0,0,0,0,0,0,0,0,0,0,0,0,SNitin,,
WOW - S8 (13 - 26 Apr),2023/04/13,2023/04/26,PROD-164110,148210,RupaliS,0,0,0,0,0,0,0,0,0,2,0,0,Vinodkumar.Yadav,,
WOW - S8 (13 - 26 Apr),2023/04/13,2023/04/26,PROD-164110,148325,RupaliS,0,0,0,0,1,0,0,0,0,0,0,1,qtpman,,
WOW - S8 (13 - 26 Apr),2023/04/13,2023/04/26,PROD-164110,148364,RupaliS,0,0,0,0,0,0,0,0,0,0,0,0,SSao,,"1. Pull request #148130: Ccid 2534  Merge in CVT/c4 from ccid-2534 to prod  * commit '94dc81f018a0fee5d4033d6d604f28c985e4508b': (77 commits)    CSNALL-60856: Added vnu_country_code where clause while fetching locales whitelisted for that country    PROD-163320:changes for handling domain as per the survey    CSNALL-60856: Fixed indentation    CSNALL-60856: Optimized delete query while removing data from tmp table    ""Reverting PROD-165179 from ccid-2534"" Revert ""Pull request #148034: Prod 165179""    CSNALL-60856: Refactored inner join query    CSNALL-60856: Incorporated PR comments    CSNALL-60856: Refactored query and added comments    PROD-163280: Added a check to not display session bundle under volume discount for flex events.    PROD-165179: Remove updates to Cvent.Controls and CventGrid    PROD-165179: Update Cvent.Event.Client and friends    HUB-88369: Restore account deletion logic lost in the merges    PROD-164951: Revert previous revert and fix merge conflicts    CSNALL-66020 Create table    CSNALL-60856: Added auto whitelisting logic to add whitelisted locales into venue_offering_override table when ofrg_status_id is updated to APPROVED status    CSNALL-60855: Added allow_auto_whitelist_all_locales account config with default value of 0    ""Reverting PROD-164493 from ccid-2531"" Revert ""Pull request #147924: Prod 164493""    FLEX-87058: Remove flag from pivot view    HUB-92481: Update version of language management in C4    PROD-164951: removed from ccid-2531 Revert ""Pull request #147927: Prod 164951""    ...
2. Pull request #148183: Ccid 2535  Merge in CVT/c4 from ccid-2535 to prod  * commit '7f4e348fb3014dd050c729b898c278de82037cd5': (41 commits)    PROD-164671 : Remove Log details    CINT-24660: Make accountMappingId searchable    CINT-24660: Make accountMappingId searchable    [PROD-163935] : If QuestionHTMLText is empty then binding QuestionText as in subquestion pop-up Questions has value in QuestionHTMLText and in ECF case QuestionText has value.    PROD-157452 | Planner side : Limit the number of choices that can be added to a single answer and multiple answer custom contact fields and custom event fields.    CINT-24660: Display account mapping Id on the view account page    PROD-164671 : Add Log details    PROD-157452 | Planner side : Limit the number of choices that can be added to a single answer and multiple answer custom contact fields and custom event fields.    PROD-164530 : Removing extra changes added    PROD-164530 : Calling doc creation for template email creation type    CINT-24358: Changing the flag names for Zoom and Webex(scribe) integrations    PROD-164671:Added host name parameters    PROD-164671:Added host name parameters    PROD-157452 | Planner side : Limit the number of choices that can be added to a single answer and multiple answer custom contact fields and custom event fields.    PROD-157875: fix spaces    PROD-157875: Added comments and fixed indentation    PROD-157875: Fixed SET statements    PROD-157452 | Limit the number of choices that can be added to a single answer and multiple answer custom fields.    PROD-157875: Move condition to cater indexing    PROD-157875: add conditions for empty advance rule dates    ..."
WOW - S8 (13 - 26 Apr),2023/04/13,2023/04/26,PROD-164110,148369,RupaliS,0,0,0,0,0,0,0,0,0,1,0,0,NJindal,,"1. Pull request #148331: PROD-165669: changes for adding condition in joins to map the indexes created on the table  Merge in CVT/c4 from ccid-2542 to ccid-2538  * commit 'cbcad10a37d4ad4cdc849861767f95b42d065b08':    PROD-165669: changes for adding condition in joins to map the indexes created on the table
2. Pull request #148371: Ccid 2538  Merge in CVT/c4 from ccid-2538 to prod  * commit 'e975c0b426334d1c0f902d77f92d0487c6bfa1ca': (33 commits)    PROD-165179: fix ResourceStrings in Cvent.Subscriber.Emarketing    PROD-164803: fix missing references in Namebadges    PROD-165179: More package corrections    PROD-165179: Fix post-merge errors    PROD-165132 : added evt_stub check    PROD-165132 : Remove union all    PUB-165179: remove libman.json from Cvent.Subscribers.Event.csproj    PROD-165179: update payment.client in web.events    PROD-165179: downgrade net framework for attendance client in web events    PROD-165179: Make Cvent.Web.Events look like Cvent.Subscribers.Events    PROD-165179: fix for Cvent.Web.Events packages    PROD-165295: update airline name - LU change    ENT-28241: Move publishing permissions call outside loop    WEBINAR-6250: Fix UTs    PROD-165132 : Not exists check when inserting in the Invitee_Credit table for primary keys field    PROD-165179: Fix breakage in Cvent.Subscribers.Admin    PROD-165179 revert backout from ccid-2534    PROD-165179: Update Cvent.Event.Client and friends    WEBINAR-6520: Use WebinarTierHelper to get license key    FLEX-86744: inreasing length of secret api key    ..."
WOW - S8 (13 - 26 Apr),2023/04/13,2023/04/26,PROD-164110,148502,RupaliS,0,0,0,117,0,0,0,0,0,0,0,0,SMahale,,"1. Pull request #148333: Ccid 2538  Merge in CVT/c4 from ccid-2538 to ccid-2540  * commit '693b36952b32e3a6f6cfec09fff3504a33976df0':    PROD-165669: changes for adding condition in joins to map the indexes created on the table
2. reverting PROD-165547 from ccid-2540  Revert ""Pull request #148316: FLEX-88029:Retention policy""  This reverts commit a9b41ba453f8b27773b669d477b01953da0f5563, reversing  changes made to b901b80414df23a078f86e0598581f7f19f079be.
3. Pull request #148373: Prod  Merge in CVT/c4 from prod to ccid-2540  * commit '42661c7d4eff70e98e1e57db44c97baed5fc9cd8':
4. Pull request #148416: Ccid 2540  Merge in CVT/c4 from ccid-2540 to prod  * commit '5b87c75904666ee685ad3cc299126f5e6b2af5f9': (39 commits)    reverting PROD-165547 from ccid-2540 Revert ""Pull request #148316: FLEX-88029:Retention policy""    PROD-165670: phrase pull    HUB-94227: adjust warning icon style    HUB-92840: add try catch statement in getNotifications  method    HUB-94227: add new lines and break longer lines and add test ids    HUB-94277: remove unecessary change and add condition for empty text in segment grid    HUB-94227: add impacted notifications popup    HUB-92840: remove redundant method param and rename segmentsMap    HUB-92840: HUB-92906: add link to flash warning and flash warning on noitifications grid page for impacted notificaions.    HUB-92842: put count in else condition    HUB-92842: add count of attendee segment in warning message    PROD-165779: Add new TVPs tmpAirReservationActualAudit_v1 and tmpAirReservationActualDetailAudit_v1    PROD-165626: Add deprecation notice    FLEX-88029:Retention policy    PROD-165718: Updated SP to fix the logic for ST template issue    NA-0: Merge ccid-2538 and Cvent.Controls nuget updates    PROD-165626: Update up_impt_LoadImportFile SP to use up_cvnt_CONTACT_IsNewPreprocessorEnabled for checking if new preprocessor is enabled or not    PROD-152149:Reverted unnecessary changes    PROD-152149: Only Sorce Type Updated    PROD-152149:Addressed Review Comments    ..."
WOW - S8 (13 - 26 Apr),2023/04/13,2023/04/26,WEBINAR-843,1167,RupaliS,802,827,0,0,0,0,0,0,0,0,0,0,RupaliS,,
WOW - S8 (13 - 26 Apr),2023/04/13,2023/04/26,WEBINAR-843,1234,RupaliS,97,0,0,0,0,0,0,0,1,0,0,0,RupaliS,,
WOW - S8 (13 - 26 Apr),2023/04/13,2023/04/26,WEBINAR-6335,11735,RupaliS,0,0,0,0,0,0,0,0,0,0,0,0,THarsh,,1. Pull request #11714: Master  Merge in SOA/event from master to ccid-2540  * commit '5d1756db3b46465bc32d81af577ac8007c1767d7':
WOW - S8 (13 - 26 Apr),2023/04/13,2023/04/26,WEBINAR-7051,142461,RupaliS,0,0,0,0,0,0,0,0,0,0,0,0,"Verma, Tushar",,
WOW - S8 (13 - 26 Apr),2023/04/13,2023/04/26,WEBINAR-7051,143061,RupaliS,0,0,0,0,0,0,0,0,0,0,0,0,Ayesha.Khan,,
WOW - S8 (13 - 26 Apr),2023/04/13,2023/04/26,WEBINAR-7051,144525,RupaliS,0,0,0,0,0,0,0,0,0,0,0,0,spujara,,
WOW - S8 (13 - 26 Apr),2023/04/13,2023/04/26,WEBINAR-7051,148894,RupaliS,0,0,0,0,0,0,0,0,0,0,0,0,SNitin,,
WOW - S8 (13 - 26 Apr),2023/04/13,2023/04/26,WEBINAR-7051,148210,RupaliS,0,0,0,0,0,0,0,0,0,0,0,0,Vinodkumar.Yadav,,
WOW - S8 (13 - 26 Apr),2023/04/13,2023/04/26,WEBINAR-7051,148664,RupaliS,0,0,0,0,0,0,0,0,0,0,0,0,qtpman,,
Sprint Totals,,,,,,PR_ADDED: 9156,PR_REMOVED: 2570,COMMIT_ADDED: 0,COMMIT_REMOVED: 117,APPROVED: 1,COMMENTED: 0,DECLINED: 0,MERGED: 0,OPENED: 1,RESCOPED: 15,UNAPPROVED: 0,UPDATED: 1,,,

Q2 -WOW - S9 (27 - 10 May) -33,2023/04/27,2023/05/10,PROD-166432,142461,RupaliS,0,0,0,0,0,0,0,0,0,3,0,0,"Verma, Tushar",,
Q2 -WOW - S9 (27 - 10 May) -33,2023/04/27,2023/05/10,PROD-166432,143061,RupaliS,0,0,0,0,0,0,0,0,0,3,0,0,Ayesha.Khan,,
Q2 -WOW - S9 (27 - 10 May) -33,2023/04/27,2023/05/10,PROD-166432,144525,RupaliS,0,0,0,0,0,0,0,0,0,3,0,0,spujara,,
Q2 -WOW - S9 (27 - 10 May) -33,2023/04/27,2023/05/10,PROD-166432,148309,RupaliS,0,0,0,0,0,0,0,0,0,0,0,0,VGadhiya,,"1. Pull request #148928: Ccid 2553  Merge in CVT/c4 from ccid-2553 to prod  * commit 'fc59dd1108a992ac357dc9d155c2078880837f63': (34 commits)    HUB-97991: added writing assistant url in appbuilder properties    WEBINAR-7982: Add account id in the logs    PROD-166639:Implementation of review comments    WEBINAR-7982: Change the order of the account flag change call    WEBINAR-7982: Hook up event license type change endpoint with CVII when event license is changed from self serve to professional or enterprise    PROD-165897: phraseapp pull for event and admin    Revert ""PROD-165897: phraseapp pull for event and admin""    WEBINAR-5308: Removed planner dot net client version in cvii module    up_cvnt_Session_AwardCreditsBySessionEndDate.sql edited online with Bitbucket    [PROD:148017] : Update the changes for Event Questions Tag    PROD-162646 :Create proposal fix for spanish language if checkout date is wednesday or check in date tuesday    Import package for TriggerType    PROD-165470: Remove code for cc    PROD-165470: Remove code for cc    WEBINAR:5308: Updated client registration    WEBINAR-5308: Updated resx keys again    Revert ""WEBINAR-5308:Added resx keys""    WEBINAR-5408:Added resx keys    FLEX-82830 Update paths for custom widget admin    PROD-165897: phraseapp pull for event and admin    ...
2. Pull request #148889: Prod  Merge in CVT/c4 from prod to ccid-2553  * commit 'e11e77ba741c2b706036e24b92ba9581f8cf40ac':
3. Pull request #148977: Ccid 2555  Merge in CVT/c4 from ccid-2555 to prod  * commit '7b72144775325821990a6c7fd5914ab0b813fd74': (41 commits)    PROD-166581: duplicate entry removed    PROD-166581: latest resx pull    PROD-166752: Integrate webinars downgrade for free tier admin user notify endpoint    reverting PROD-148017 from ccid-2553 Revert ""Pull request #148857: [PROD:148017] : Update the changes for Event Questions Tag""    ALPHA-PROD-CONFLICT: latest event soa package updated    WEBINAR-8478: correct condition to auto enable cvent video player    WEBINAR-8478: place cvent video player turning on at correct place    HUB-80307: re-add Print Badge with OnArrival to search list    WEBINAR-8478: append cvent video player flag correctly in xml    PROD-161014: removed unnecessary diff    PROD-161014: Removed waitlisted status from Hotel Request planner pages too.    PROD-161014: Refactored code    WEBINAR-8478: enable cvent video player if we enabled webianr management falg    PROD-161014: Removed Waitlisted status from air request.    PROD-166555 - typo    HUB-80307: missed a section in details list to allow OA Badge Printing    HUB-80307: allow badge printing with OnArrival    HUB-80307: remove TODO comment    PROD-166555 - typo    PROD-166555 - Remove unused var as per PR review    ..."
Q2 -WOW - S9 (27 - 10 May) -33,2023/04/27,2023/05/10,PROD-166432,148894,RupaliS,0,0,0,0,0,0,0,0,0,2,0,0,SNitin,,
Q2 -WOW - S9 (27 - 10 May) -33,2023/04/27,2023/05/10,PROD-166432,148925,RupaliS,0,0,0,0,0,0,0,0,0,0,0,0,AJagtap,,"1. Pull request #148877: Ccid 2551  Merge in CVT/c4 from ccid-2551 to prod  * commit '8b4fa54edd314241ee981e4815d78dfbadec99e7': (29 commits)    PROD-165095:SP updated    PROD-164211 | Pending translation for key import_error_desc: Invalid answer format for session custom field    PROD-164728 : Adding entry for surveys and package upgrade    WEBINAR-7906: Uncheck webinars if slefserve to another license logic removed from incorrect place    WEBINAR-7906: Uncheck webinars if slefserve to another license logice placed at correct place.    PROD-165533 : GetFileServerPathS3 method fetch from InviteeAnswersMapper    FLEX-87165: Fix from rebuilding of branch    FLEX-87165: Rebuild branch due to merge issues    PROD-164211 | Pending translation for key import_error_desc: Invalid answer format for session custom field    one last fix    Changes to fix ordering    Changes so event with no session locations and expirement turned on does not fail to load page.    Revert ""PROD-165999: removed from ccid-2546 Revert ""Pull request #148489: Src 8557 new""""    PROD-165533 : Remove dependancy on configs unc custom path    Applied suggestion    PROD-165533 : Remove unwanted name space    PROD-165533 : delete file move to delete folder throght S3proxy    PROD-161183: fix for RFP Template document flag    PROD-164949: add ret_cd and ret_msg for return messages to merge SP    PYMNT-874: Added translated Ending in and fixed bug with business name not being saved    ..."
Q2 -WOW - S9 (27 - 10 May) -33,2023/04/27,2023/05/10,PROD-166432,149030,RupaliS,0,0,0,0,0,0,0,0,0,0,0,0,ALakshkar,,1. Pull request #149026: Reverting PROD-166891 from ccid-2556  Merge in CVT/c4 from ccid-2556 to ccid-2558  * commit '696519dfa5b8688776ce87d88f385b6e2831845e':    Reverting PROD-166891 from ccid-2556
Q2 -WOW - S9 (27 - 10 May) -33,2023/04/27,2023/05/10,WEBINAR-3714,1167,RupaliS,802,827,0,0,0,0,0,0,0,0,0,0,RupaliS,,
Q2 -WOW - S9 (27 - 10 May) -33,2023/04/27,2023/05/10,WEBINAR-7906,142461,RupaliS,0,0,0,0,0,0,0,0,0,0,0,0,"Verma, Tushar",,
Q2 -WOW - S9 (27 - 10 May) -33,2023/04/27,2023/05/10,WEBINAR-7906,143061,RupaliS,0,0,0,0,0,0,0,0,0,0,0,0,Ayesha.Khan,,
Q2 -WOW - S9 (27 - 10 May) -33,2023/04/27,2023/05/10,WEBINAR-7906,144525,RupaliS,0,0,0,0,0,0,0,0,0,0,0,0,spujara,,
Q2 -WOW - S9 (27 - 10 May) -33,2023/04/27,2023/05/10,WEBINAR-7906,148894,RupaliS,0,0,0,0,0,0,0,0,0,0,0,0,SNitin,,
Q2 -WOW - S9 (27 - 10 May) -33,2023/04/27,2023/05/10,WEBINAR-7906,148877,RupaliS,0,0,0,0,1,0,0,1,0,0,0,1,qtpman,,
Q2 -WOW - S9 (27 - 10 May) -33,2023/04/27,2023/05/10,WEBINAR-7982,142461,RupaliS,0,0,0,0,0,0,0,0,0,0,0,0,"Verma, Tushar",,
Q2 -WOW - S9 (27 - 10 May) -33,2023/04/27,2023/05/10,WEBINAR-7982,143061,RupaliS,0,0,0,0,0,0,0,0,0,0,0,0,Ayesha.Khan,,
Q2 -WOW - S9 (27 - 10 May) -33,2023/04/27,2023/05/10,WEBINAR-7982,144525,RupaliS,0,0,0,0,0,0,0,0,0,0,0,0,spujara,,
Q2 -WOW - S9 (27 - 10 May) -33,2023/04/27,2023/05/10,WEBINAR-7982,148894,RupaliS,0,0,0,0,0,0,0,0,0,0,0,0,SNitin,,
Q2 -WOW - S9 (27 - 10 May) -33,2023/04/27,2023/05/10,WEBINAR-7982,148928,RupaliS,0,0,0,0,1,0,0,1,0,0,0,1,qtpman,,
Q2 -WOW - S9 (27 - 10 May) -33,2023/04/27,2023/05/10,WEBINAR-8478,142461,RupaliS,0,0,0,0,0,0,0,0,0,0,0,0,"Verma, Tushar",,
Q2 -WOW - S9 (27 - 10 May) -33,2023/04/27,2023/05/10,WEBINAR-8478,143061,RupaliS,0,0,0,0,0,0,0,0,0,0,0,0,Ayesha.Khan,,
Q2 -WOW - S9 (27 - 10 May) -33,2023/04/27,2023/05/10,WEBINAR-8478,144525,RupaliS,0,0,0,0,0,0,0,0,0,0,0,0,spujara,,
Q2 -WOW - S9 (27 - 10 May) -33,2023/04/27,2023/05/10,WEBINAR-8478,148894,RupaliS,0,0,0,0,0,0,0,0,0,0,0,0,SNitin,,
Q2 -WOW - S9 (27 - 10 May) -33,2023/04/27,2023/05/10,WEBINAR-8478,148893,RupaliS,0,0,0,0,0,0,0,1,0,1,0,0,APrajapati,,
Q2 -WOW - S9 (27 - 10 May) -33,2023/04/27,2023/05/10,WEBINAR-8478,148977,RupaliS,0,0,0,0,1,0,0,1,0,0,0,1,qtpman,,
Sprint Totals,,,,,,PR_ADDED: 802,PR_REMOVED: 827,COMMIT_ADDED: 0,COMMIT_REMOVED: 0,APPROVED: 3,COMMENTED: 0,DECLINED: 0,MERGED: 4,OPENED: 0,RESCOPED: 12,UNAPPROVED: 0,UPDATED: 3,,,

Q2 - WOW - S10(11 - 24 May) 30,2023/05/11,2023/05/24,PROD-166742,142461,RupaliS,0,0,0,0,0,0,0,0,0,3,0,0,"Verma, Tushar",,
Q2 - WOW - S10(11 - 24 May) 30,2023/05/11,2023/05/24,PROD-166742,143061,RupaliS,0,0,0,0,0,0,0,0,0,3,0,0,Ayesha.Khan,,
Q2 - WOW - S10(11 - 24 May) 30,2023/05/11,2023/05/24,PROD-166742,144525,RupaliS,0,0,0,0,0,0,0,0,0,3,0,0,spujara,,
Q2 - WOW - S10(11 - 24 May) 30,2023/05/11,2023/05/24,PROD-166742,148894,RupaliS,0,0,0,0,0,0,0,0,0,3,0,0,SNitin,,
Q2 - WOW - S10(11 - 24 May) 30,2023/05/11,2023/05/24,PROD-166742,149605,RupaliS,0,0,0,0,0,0,0,0,0,0,0,0,Sagar.Patel,,"1. Pull request #149466: Ccid 2567  Merge in CVT/c4 from ccid-2567 to prod  * commit 'ce99783a42d16df523e2249e555b960f8b9500e3': (25 commits)    Revert ""Pull request #149343: Prod 165500 1""    PROD-167620: removed from ccid-2567 Revert ""Pull request #149360: Conflict branch rnd10782 clean""    PROD-167759: performance tuning for #up_cvnt_elastic_GetInviteesForInsert#    PROD-165500 | On deleting a Custom Field, the field name is displayed on the list.    PROD-165500 | On deleting a Custom RFP Field, the field name is displayed on the list.    PROD-167769: performance tuning for #up_cvnt_elastic_GetInviteesForInsert# added question_stub in join to hit existing index while fetching data from EVENT_ANSWER table    PROD-167007: inquisium popup class file included    PROD-167057: Renamed param    PROD-163998: Renamed method.    FLEX-87167: Updated regx strings to AdvanceGroupPurchase    PROD-167007: inquisiumSelect controller added for campaign email    Revert ""reverting PROD-165245 from ccid-2566 Revert ""Pull request #149226: Ent 27503""""    FileUploadController.cs edited online with Bitbucket    PROD-163998: Added comments for better understanding    RND-10782L Update packages    PROD-36381:Removal of hmc    PROD-163998: Refactoring    PROD-163998: Refactored methods    PROD-163998: Added date rejection mechanism for time only rounding off    RND-10782: update library.client/domainEnty    ...
2. Pull request #149472: Prod  Merge in CVT/c4 from prod to ccid-2570  * commit 'bf0ee7698ebf19379965bb3c7e7cd2fcc21071b5':
3. Pull request #149530: Ccid 2570  Merge in CVT/c4 from ccid-2570 to prod  * commit 'a38863393d9bd528438ed5b87c70cd9f68ceb8b3': (31 commits)    PROD-167780: Removed from CCID-2570 Revert ""Pull request #149436: Prod 167780""    PROD-167620: Removed from ccid-2570 Revert ""Pull request #149438: PROD-157009: Correcting SOA Redis Cache password used in dev/silo environments""    WEBINAR-9288: Typo fix    WEBINAR-9288: Set user's canDelete attribute for paginated data    WEBINAR-9288: Return Map of ownerStub and count of webianrs owned by users    WEBINAR-9288: Correct search criteria    PROD-166091: fixed issue of passing inputModel property to post method    PROD-166091: fixed SP syntax error    WEBINAR-9288:moved the can delete webinar logic to single place from grid    moving triggering notification to status trigger    PROD-166091: fixed syntax issue in SP    PROD-166091: delete guest alternate answers if allowed type is invitee only on regPath change    PROD-166091: code refactoring    PROD-166091: make EventDAO UpdateRegistrationType args optional    PROD-166091: use default delete flags for now    PROD-166091: updated the query to use entity_type_id    PROD-166091: SP changes to delete guest alternate answers if delete flag is true    PROD-160445 | Not able to select session custom field with emoji in session    PROD-160445 | Not able to select session custom field with emoji in session    CSNALL-64290: allow not sent venues to be run on bid comp reports    ..."
Q2 - WOW - S10(11 - 24 May) 30,2023/05/11,2023/05/24,PROD-166742,149732,RupaliS,0,0,0,0,0,0,0,0,0,0,0,0,SSao,,
Q2 - WOW - S10(11 - 24 May) 30,2023/05/11,2023/05/24,WEBINAR-3697,1167,RupaliS,802,827,0,0,0,0,0,0,0,0,0,0,RupaliS,,
Q2 - WOW - S10(11 - 24 May) 30,2023/05/11,2023/05/24,WEBINAR-7045,142461,RupaliS,0,0,0,0,0,0,0,0,0,0,0,0,"Verma, Tushar",,
Q2 - WOW - S10(11 - 24 May) 30,2023/05/11,2023/05/24,WEBINAR-7045,143061,RupaliS,0,0,0,0,0,0,0,0,0,0,0,0,Ayesha.Khan,,
Q2 - WOW - S10(11 - 24 May) 30,2023/05/11,2023/05/24,WEBINAR-7045,144525,RupaliS,0,0,0,0,0,0,0,0,0,0,0,0,spujara,,
Q2 - WOW - S10(11 - 24 May) 30,2023/05/11,2023/05/24,WEBINAR-7045,148894,RupaliS,0,0,0,0,0,0,0,0,0,0,0,0,SNitin,,
Q2 - WOW - S10(11 - 24 May) 30,2023/05/11,2023/05/24,WEBINAR-7045,149173,RupaliS,356,28,0,0,0,0,0,0,1,0,0,0,RupaliS,,
Q2 - WOW - S10(11 - 24 May) 30,2023/05/11,2023/05/24,WEBINAR-7045,149237,RupaliS,0,0,0,0,0,0,0,0,0,0,0,0,RSharma3,,1. Pull request #149220: Ccid 2563  Merge in CVT/c4 from ccid-2563 to prod  * commit 'a933a50792650534b7fc5d940a77a5da2c68a868':    PROD-166290: Used New Google API Key for Uber integration    import AntiXss    PROD-166962 : update quetion folder angular file version    PROD-166962 : Angular version update to 1.8.3
Sprint Totals,,,,,,PR_ADDED: 1158,PR_REMOVED: 855,COMMIT_ADDED: 0,COMMIT_REMOVED: 0,APPROVED: 0,COMMENTED: 0,DECLINED: 0,MERGED: 0,OPENED: 1,RESCOPED: 12,UNAPPROVED: 0,UPDATED: 0,,,

Q2 - WOW S11 (25 May-7 Jun),2023/05/25,2023/06/07,PROD-157033,1764,RupaliS,8257,1743,0,0,0,0,0,0,0,0,0,0,RupaliS,,
Q2 - WOW S11 (25 May-7 Jun),2023/05/25,2023/06/07,PROD-157033,142461,RupaliS,0,0,0,0,0,0,0,0,0,0,0,0,"Verma, Tushar",,
Q2 - WOW S11 (25 May-7 Jun),2023/05/25,2023/06/07,PROD-157033,143061,RupaliS,0,0,0,0,0,0,0,0,0,0,0,0,Ayesha.Khan,,
Q2 - WOW S11 (25 May-7 Jun),2023/05/25,2023/06/07,PROD-157033,144525,RupaliS,0,0,0,0,0,0,0,0,0,0,0,0,spujara,,
Q2 - WOW S11 (25 May-7 Jun),2023/05/25,2023/06/07,PROD-157033,148894,RupaliS,0,0,0,0,0,0,0,0,0,0,0,0,SNitin,,
Q2 - WOW S11 (25 May-7 Jun),2023/05/25,2023/06/07,PROD-157033,149732,RupaliS,0,0,0,0,0,0,0,0,0,0,0,0,SSao,,
Q2 - WOW S11 (25 May-7 Jun),2023/05/25,2023/06/07,PROD-157033,149900,RupaliS,0,0,0,0,0,0,0,0,0,0,0,0,Sukhpreet.Singh,,
Q2 - WOW S11 (25 May-7 Jun),2023/05/25,2023/06/07,PROD-157033,149937,RupaliS,0,0,0,0,0,0,0,0,0,0,0,0,Akashdeep.Gupta,,"1. Pull request #149905: PROD-168692:LU changes Adding Chain and Brand (Sonder Hotels)  Merge in CVT/c4 from prod-168692 to ccid-2580  * commit '1f6bf60436388549192373d57f88534c1d346528':    PROD-168692:LU changes Adding Chain and Brand (Sonder Hotels)
2. Pull request #149922: Ccid 2580  Merge in CVT/c4 from ccid-2580 to prod-165912  * commit '0423e9db2d38a4710e68166b19350ceb7629188e':    PROD-111807: Allowing scheduled send after manual waitlist send    PROD-111807: Remove update from session guest emails as well    PROD-111807: Don't update sent date in Session Activity Email Product after manual send."
Q2 - WOW S11 (25 May-7 Jun),2023/05/25,2023/06/07,PROD-157033,150073,RupaliS,0,0,0,0,0,0,0,0,0,0,0,0,AJagtap,,
Q2 - WOW S11 (25 May-7 Jun),2023/05/25,2023/06/07,WEBINAR-3715,1167,RupaliS,802,827,0,0,0,0,0,0,0,0,0,0,RupaliS,,
Q2 - WOW S11 (25 May-7 Jun),2023/05/25,2023/06/07,WEBINAR-8615,1167,RupaliS,802,827,0,0,0,0,0,0,0,0,0,0,RupaliS,,
Q2 - WOW S11 (25 May-7 Jun),2023/05/25,2023/06/07,WEBINAR-8615,1281,RupaliS,3,0,0,0,0,0,0,0,0,0,0,0,RupaliS,,
Sprint Totals,,,,,,PR_ADDED: 9864,PR_REMOVED: 3397,COMMIT_ADDED: 0,COMMIT_REMOVED: 0,APPROVED: 0,COMMENTED: 0,DECLINED: 0,MERGED: 0,OPENED: 0,RESCOPED: 0,UNAPPROVED: 0,UPDATED: 0,,,

Q2 - WOW S12 (8 - 21 Jun),2023/06/08,2023/06/21,PROD-167534,142461,RupaliS,0,0,0,0,0,0,0,0,0,2,0,0,"Verma, Tushar",,
Q2 - WOW S12 (8 - 21 Jun),2023/06/08,2023/06/21,PROD-167534,143061,RupaliS,0,0,0,0,0,0,0,0,0,2,0,0,Ayesha.Khan,,
Q2 - WOW S12 (8 - 21 Jun),2023/06/08,2023/06/21,PROD-167534,144525,RupaliS,0,0,0,0,0,0,0,0,0,2,0,0,spujara,,
Q2 - WOW S12 (8 - 21 Jun),2023/06/08,2023/06/21,PROD-167534,148894,RupaliS,0,0,0,0,0,0,0,0,0,2,0,0,SNitin,,
Q2 - WOW S12 (8 - 21 Jun),2023/06/08,2023/06/21,PROD-167534,151126,RupaliS,0,0,0,0,0,0,0,0,0,0,0,0,SBhardwaj,,
Q2 - WOW S12 (8 - 21 Jun),2023/06/08,2023/06/21,PROD-167534,149732,RupaliS,0,0,0,0,0,0,0,0,0,2,0,0,SSao,,"1. Pull request #150528: Ccid 2598  Merge in CVT/c4 from ccid-2598 to prod  * commit 'a696143b01f716f631dba8022e020b7402605abe': (60 commits)    Reverting PROD-168188 from ccid-2598 Revert ""Pull request #150478: PROD-168188: Updated date format for vi-VN locale in LU_Locale_Culture""    Reverting PROD-170405 from ccid-2598 Revert ""Pull request #150475: Prod 170405""    Changes requsted by support    PROD-170405: latest resx pull    Revert ""PROD-169684: removed from ccid-2597 Revert ""Pull request #150441: FLEX-86204: updated usage of updateResource function""""    CMOBL-155089: PR feedback, fixed naming    CSNALL-66377-V1:- Experiment for Create Rfp    CMOBL-155089: PR feedback, fixed spacing    CMOBL-155089: fixed RFIDSettings route    HUB-90892: Updating ATTENDEE.last_modified_date when we do a offline payment, this will cause a sync with the OA app to update the attendee's balance    PROD-168188: Updated date format for vi-VN locale in LU_Locale_Culture    PROD-168220 | Not able to Import session custom fields with commas for multiple choice    CSNALL-61158:- Hardcoding tooltip    CSNALL-66377-V1:- No Wrap Left Align Tag in Admin    CMOBL-155089: more re-organizing/refactoring to fix various routes  OA settings related    CMOBL-155089: handle whitespace Kiosk Welcome and Additonal messages so they're stored as blank messages    FLEX-86508 Update path for planner side custom widgets.    CMOBL-154768: Update Attendee List Calls to Return Answer Id for ""Reg Answers"" and ""Custom Fields""    CMOBL-155089: moved CustomCheckinMessage folder into CheckinMessages    CMOBL-155089: Start preserving the Kiosk's Welcome and Additional Message when saving other OA Settings    ..."
Q2 - WOW S12 (8 - 21 Jun),2023/06/08,2023/06/21,PROD-167534,150073,RupaliS,0,0,0,0,0,0,0,0,0,2,0,0,AJagtap,,
Sprint Totals,,,,,,PR_ADDED: 0,PR_REMOVED: 0,COMMIT_ADDED: 0,COMMIT_REMOVED: 0,APPROVED: 0,COMMENTED: 0,DECLINED: 0,MERGED: 0,OPENED: 0,RESCOPED: 12,UNAPPROVED: 0,UPDATED: 0,,,

Overall Totals,,,,,,PR_ADDED: 23402,PR_REMOVED: 10141,COMMIT_ADDED: 8,COMMIT_REMOVED: 125,APPROVED: 4,COMMENTED: 0,DECLINED: 0,MERGED: 4,OPENED: 2,RESCOPED: 57,UNAPPROVED: 0,UPDATED: 4,,,
