SPRINT,START_DATE,END_DATE,TICKET,PR_ID,USER,PR_ADDED,PR_REMOVED,COMMIT_ADDED,COMMIT_REMOVED,APPROVED,COMMENTED,DECLINED,MERGED,OPENED,RESCOPED,UNAPPROVED,UPDATED,AUTHOR,COMMENTS,COMMIT_MESSAGES
PP-Gummy Bears,2023/04/04,2023/04/18,HUB-24122,3907,JCurtis,0,0,0,0,0,0,0,0,0,0,0,0,JHorvath,,
PP-Gummy Bears,2023/04/04,2023/04/18,HUB-24122,3986,JCurtis,6230,3770,0,0,0,0,0,0,0,0,0,0,JCurtis,,
PP-Gummy Bears,2023/04/04,2023/04/18,HUB-24122,9076,JCurtis,0,0,0,0,0,0,0,0,0,0,0,0,KRaparthi,,
PP-Gummy Bears,2023/04/04,2023/04/18,HUB-88391,3412,JCurtis,0,0,0,0,1,0,0,0,0,0,0,0,JBertrand,,
PP-Gummy Bears,2023/04/04,2023/04/18,HUB-88391,3419,JCurtis,0,0,0,0,1,0,0,0,0,0,0,0,CLeech,,
PP-Gummy Bears,2023/04/04,2023/04/18,HUB-88391,3450,JCurtis,0,0,0,0,0,0,0,0,0,0,0,0,ACheng,,
PP-Gummy Bears,2023/04/04,2023/04/18,HUB-88391,9034,JCurtis,0,0,0,0,1,2,0,0,0,0,0,0,JBertrand,"1. Can we use better selectors here? User's can't see testIDs! https://testing-library.com/docs/queries/about/#priority
2. :eyes: Looks like that's the case below, but not this test. Missed one?",
PP-Gummy Bears,2023/04/04,2023/04/18,HUB-89600,9004,JCurtis,0,0,0,0,1,0,0,0,0,0,0,0,CEkrut,,
PP-Gummy Bears,2023/04/04,2023/04/18,HUB-89600,9044,JCurtis,0,0,441,1234,1,0,0,0,0,0,0,0,CLeech,,"1. WEBINAR-4286: Fix useAnalytics imports  Add eslint rule to avoid this in the future.  Add noop for track function if analytics isnt initialized yet
2. Pull request #9012: WEBINAR-4286: Fix useAnalytics imports  Merge in AX/attendee-experience-web from WEBINAR-4286-jamie to develop  * commit '3eb50c2f9408ea7c961c4c7e25a10dffe630d8a4':    WEBINAR-4286: Fix useAnalytics imports
3. HUB-92732: Migrate to nucleus-text/testing-library tools
4. Pull request #9003: HUB-92732: Migrate to nucleus-text/testing-library tools  Merge in AX/attendee-experience-web from HUB-92732 to develop  * commit '60e54296a6f3233badc375e1a3cd91e8b496fa44':    HUB-92732: Migrate to nucleus-text/testing-library tools"
PP-Gummy Bears,2023/04/04,2023/04/18,HUB-91398,9025,JCurtis,0,0,0,0,1,1,0,0,0,0,0,0,SCahail,"1. This should probably depend on the exact router.query values  ```suggestion    }, [router.query?.apptId, router.query?.openNewApptPanel, apptId, setApptId, appFeatures]);  ```",
PP-Gummy Bears,2023/04/04,2023/04/18,HUB-91398,9044,JCurtis,0,0,0,0,0,0,0,0,0,0,0,0,CLeech,,
Sprint Totals,,,,,,PR_ADDED: 6230,PR_REMOVED: 3770,COMMIT_ADDED: 441,COMMIT_REMOVED: 1234,APPROVED: 6,COMMENTED: 3,DECLINED: 0,MERGED: 0,OPENED: 0,RESCOPED: 0,UNAPPROVED: 0,UPDATED: 0,,,

PP-Ho Hos,2023/04/18,2023/05/02,HUB-92297,9139,JCurtis,0,0,166,147,0,0,0,0,0,0,0,0,ABadlia,,"1. HUB-84705: Upgrade @types/react to v18 in preparation for React 18
2. HUB-84705: Update redundant prop type to be just React.ReactNode
3. Pull request #9108: HUB-84705: Upgrade @types/react to v18 in preparation for React 18  Merge in AX/attendee-experience-web from HUB-84705-2 to develop  * commit '9264bb8ccb7d442d80fef95a01c1d315e0a1015f':    HUB-84705: Update redundant prop type to be just React.ReactNode    HUB-84705: Upgrade @types/react to v18 in preparation for React 18"
PP-Ho Hos,2023/04/18,2023/05/02,PROD-164123,9104,JCurtis,0,0,0,0,1,0,0,0,0,0,0,0,XWang,,
PP-Ho Hos,2023/04/18,2023/05/02,PROD-165049,3506,JCurtis,0,0,710,1041,0,0,0,0,0,0,0,0,CEkrut,,"1. HUB-81153: Handle no account found for eventInfo query
2. HUB-81153: Fix a couple types
3. Pull request #3478: HUB-81153: Fix a couple types  Merge in AX/attendee-experience-data from HUB-81153-2 to develop  * commit '1d20a64ca2b0ee01314b01b252212dc30fe0f73e':    HUB-81153: Fix a couple types    HUB-81153: Handle no account found for eventInfo query
4. NA-0: Give the local logs a makeover
5. Pull request #3483: NA-0: Give the local logs a makeover  Merge in AX/attendee-experience-data from pino-pretty to develop  * commit '5d0e2d1f6d80ae75c9fd29728590f6b19b742405':    NA-0: Give the local logs a makeover
6. Merge branch 'master' into downmerge/2.9.2
7. Pull request #3499: Downmerge/2.9.2  Merge in AX/attendee-experience-data from downmerge/2.9.2 to develop  * commit '6fc7c34005d88792b13d15593535d2bc89d56e36':    RELEASING: Releasing 3 package(s)    PROD-166430: Added a check for speakerbio query updated the changeset    PROD-166430: Added a check for speakerbio query    PROD-166340: Added a null check for sessions and tags for speakerBio.ts"
PP-Ho Hos,2023/04/18,2023/05/02,PROD-165049,9102,JCurtis,0,0,0,0,1,3,0,0,0,0,0,0,SCahail,"1. Is this something that's available in the server context?
2. It does not appear to be the case. We better safeguard this with a `typeof window !== 'undefined'` check.  ```  Welcome to Node.js v16.18.1.  Type "".help"" for more information.  > new DOMParser()  Uncaught ReferenceError: DOMParser is not defined  ```
3. Parsing data is always risky as well. Do you think wrapping this in a try/catch block would make sense like we do when we parse JSON?",
PP-Ho Hos,2023/04/18,2023/05/02,HUB-81331,9235,JCurtis,0,0,0,0,0,0,0,0,0,0,0,0,KRaparthi,,
PP-Ho Hos,2023/04/18,2023/05/02,HUB-81331,9354,JCurtis,0,0,0,0,0,0,0,0,0,0,0,0,JMcGough,,
Sprint Totals,,,,,,PR_ADDED: 0,PR_REMOVED: 0,COMMIT_ADDED: 876,COMMIT_REMOVED: 1188,APPROVED: 2,COMMENTED: 3,DECLINED: 0,MERGED: 0,OPENED: 0,RESCOPED: 0,UNAPPROVED: 0,UPDATED: 0,,,

PP-Idli,2023/05/02,2023/05/16,HUB-98019,1455,JCurtis,0,0,0,0,1,0,0,0,0,0,0,0,CEkrut,,
PP-Idli,2023/05/02,2023/05/16,HUB-98019,1465,JCurtis,0,0,0,0,1,0,0,0,0,0,0,0,Subratkumar.Sahoo,,
PP-Idli,2023/05/02,2023/05/16,HUB-98019,3506,JCurtis,0,0,0,0,1,0,0,0,0,0,0,0,CEkrut,,
PP-Idli,2023/05/02,2023/05/16,HUB-98019,3529,JCurtis,0,0,26,2,1,0,0,0,0,0,0,0,Subratkumar.Sahoo,,"1. NA-0: Update README for moving away from Docker Desktop
2. Pull request #3508: NA-0: Update README for moving away from Docker Desktop  Merge in AX/attendee-experience-data from docker-desktop to develop  * commit 'c97e5b5716122a17ba925bd1641944ef4860dff0':    NA-0: Update README for moving away from Docker Desktop"
PP-Idli,2023/05/02,2023/05/16,HUB-98019,9197,JCurtis,0,0,0,0,1,0,0,0,0,0,0,0,CEkrut,,
PP-Idli,2023/05/02,2023/05/16,HUB-98019,9219,JCurtis,0,0,0,0,1,0,0,0,0,0,0,0,Subratkumar.Sahoo,,
PP-Idli,2023/05/02,2023/05/16,PROD-165049,3506,JCurtis,0,0,0,0,0,0,0,0,0,0,0,0,CEkrut,,
PP-Idli,2023/05/02,2023/05/16,PROD-165049,9102,JCurtis,0,0,0,0,0,0,0,0,0,0,0,0,SCahail,,
PP-Idli,2023/05/02,2023/05/16,HUB-81331,9235,JCurtis,0,0,0,0,1,2,0,0,0,0,0,0,KRaparthi,"1. This is going to get called on every render. Is that intentional?
2. Is this necessary? If so, can we add a comment explaining why?",
PP-Idli,2023/05/02,2023/05/16,HUB-81331,9354,JCurtis,0,0,0,0,0,0,0,0,0,0,0,0,JMcGough,,
PP-Idli,2023/05/02,2023/05/16,HUB-99172,1508,JCurtis,0,0,0,0,0,0,0,0,0,0,0,0,TCox,,
PP-Idli,2023/05/02,2023/05/16,HUB-99172,9300,JCurtis,0,0,0,0,0,0,0,0,0,0,0,0,SCahail,,
PP-Idli,2023/05/02,2023/05/16,HUB-99172,9409,JCurtis,0,0,0,0,0,0,0,0,0,0,0,0,TCox,,
PP-Idli,2023/05/02,2023/05/16,PROD-165603,9249,JCurtis,0,0,0,0,0,4,0,0,0,0,0,0,JHorvath,"1. I'm wondering if we need state variables at all? https://react.dev/learn/you-might-not-need-an-effect#updating-state-based-on-props-or-state  Not super obvious what's happening in this flow though. A commend might help.   Not using a useEffect is valid if you're careful about the conditions https://react.dev/learn/you-might-not-need-an-effect#adjusting-some-state-when-a-prop-changes
2. They're comparing booleans in that example.   I think using `useMemo` would make more logical sense and make the code easier to follow. Can we give that a shot and see if that makes a difference performance-wise?
3. Depends if we're trying to compare the values in the array, or if the arrays are the same reference.
4. Should these props be documented?",
PP-Idli,2023/05/02,2023/05/16,PROD-165603,9409,JCurtis,0,0,0,0,0,0,0,0,0,0,0,0,TCox,,
Sprint Totals,,,,,,PR_ADDED: 0,PR_REMOVED: 0,COMMIT_ADDED: 26,COMMIT_REMOVED: 2,APPROVED: 7,COMMENTED: 6,DECLINED: 0,MERGED: 0,OPENED: 0,RESCOPED: 0,UNAPPROVED: 0,UPDATED: 0,,,

PP-Jalapeno Poppers,2023/05/16,2023/05/30,HUB-81331,9235,JCurtis,0,0,0,0,0,0,0,0,0,0,0,0,KRaparthi,,
PP-Jalapeno Poppers,2023/05/16,2023/05/30,HUB-81331,9354,JCurtis,0,0,23,5,1,0,0,0,0,0,0,0,JMcGough,,"1. NA-0: Address more flaky unit tests
2. Bump timeout to AllSpeakers.spec.tsx
3. Pull request #9320: NA-0: Address more flaky unit tests  Merge in AX/attendee-experience-web from flake to develop  * commit 'dbc7a4531d063649f522414c688e350a8410e3d9':    Bump timeout to AllSpeakers.spec.tsx    NA-0: Address more flaky unit tests"
PP-Jalapeno Poppers,2023/05/16,2023/05/30,HUB-99172,1508,JCurtis,0,0,0,0,0,0,0,0,0,0,0,0,TCox,,
PP-Jalapeno Poppers,2023/05/16,2023/05/30,HUB-99172,9300,JCurtis,0,0,0,0,1,0,0,0,0,0,0,0,SCahail,,
PP-Jalapeno Poppers,2023/05/16,2023/05/30,HUB-99172,9409,JCurtis,0,0,2830,2659,0,0,0,0,0,0,0,0,TCox,,"1. HUB-100554: Migrate to @cvent/eslint-config for e2e and cdk packages
2. HUB-100554: Fix linting for web package after dep upgrades
3. Pull request #9381: HUB-100554: Migrate to @cvent/eslint-config for e2e and cdk packages  Merge in AX/attendee-experience-web from HUB-100554 to develop  * commit '9ea0120e46814d68ba99686623a6894fb6eb9761':    HUB-100554: Fix linting for web package after dep upgrades    HUB-100554: Migrate to @cvent/eslint-config for e2e and cdk packages"
PP-Jalapeno Poppers,2023/05/16,2023/05/30,PROD-165603,9249,JCurtis,0,0,0,0,1,1,0,0,0,0,0,0,JHorvath,1. Next time prefer going to Typescript :),
PP-Jalapeno Poppers,2023/05/16,2023/05/30,PROD-165603,9409,JCurtis,0,0,0,0,0,0,0,0,0,0,0,0,TCox,,
PP-Jalapeno Poppers,2023/05/16,2023/05/30,HUB-97425,9424,JCurtis,0,0,0,0,0,0,0,0,0,0,0,0,JBertrand,,
PP-Jalapeno Poppers,2023/05/16,2023/05/30,HUB-97425,9507,JCurtis,0,0,0,0,0,0,0,0,0,0,0,0,GStarr,,
PP-Jalapeno Poppers,2023/05/16,2023/05/30,HUB-98048,9402,JCurtis,0,0,0,0,0,0,0,0,0,0,0,0,CEkrut,,
PP-Jalapeno Poppers,2023/05/16,2023/05/30,HUB-98048,9416,JCurtis,5003,4997,0,0,0,0,0,0,0,0,0,0,JCurtis,,
PP-Jalapeno Poppers,2023/05/16,2023/05/30,HUB-98048,9419,JCurtis,0,0,0,0,0,0,0,0,0,0,0,0,CEkrut,,
PP-Jalapeno Poppers,2023/05/16,2023/05/30,HUB-98048,9448,JCurtis,0,0,0,0,0,0,0,0,0,0,0,0,ATawfik,,
PP-Jalapeno Poppers,2023/05/16,2023/05/30,HUB-99175,3585,JCurtis,0,0,0,0,0,0,0,0,0,0,0,0,SCahail,,
PP-Jalapeno Poppers,2023/05/16,2023/05/30,HUB-99175,3595,JCurtis,0,0,0,0,0,0,0,0,0,0,0,0,SCahail,,
PP-Jalapeno Poppers,2023/05/16,2023/05/30,HUB-99175,3614,JCurtis,0,0,0,0,0,0,0,0,0,0,0,0,MGangani,,
Sprint Totals,,,,,,PR_ADDED: 5003,PR_REMOVED: 4997,COMMIT_ADDED: 2853,COMMIT_REMOVED: 2664,APPROVED: 3,COMMENTED: 1,DECLINED: 0,MERGED: 0,OPENED: 0,RESCOPED: 0,UNAPPROVED: 0,UPDATED: 0,,,

PP-Kit Kat(05/30-06/13),2023/05/30,2023/06/13,HUB-97425,9424,JCurtis,0,0,0,0,1,4,0,0,0,0,0,0,JBertrand,"1. I think my previous comment makes this obsolete but we should always be checking that the component is rendered before checking non-existence. Otherwise this passes even if the component hasn't finished rendering.
2. This needs to be sanitized / validated. Technically this could be an array. It looks like we should parse it into a boolean?
3. Use accessibility selectors instead of testIDs https://testing-library.com/docs/queries/about/#priority  Ideally, we wouldn't be adding any testIDs to our components and using role/text selectors for everything.
4. I don't think this logic should be handled by `AppointmentTypesFilter`. The parent component shouldn't be rendering it at all if this is the case.",
PP-Kit Kat(05/30-06/13),2023/05/30,2023/06/13,HUB-97425,9507,JCurtis,0,0,0,0,0,0,0,0,0,0,0,0,GStarr,,
PP-Kit Kat(05/30-06/13),2023/05/30,2023/06/13,HUB-98048,9402,JCurtis,0,0,0,0,1,0,0,0,0,0,0,0,CEkrut,,
PP-Kit Kat(05/30-06/13),2023/05/30,2023/06/13,HUB-98048,9416,JCurtis,5003,4997,5003,4997,0,0,0,1,1,0,0,0,JCurtis,,"1. Revert ""Pull request #9402: HUB-98048 Fixed some skipped unit tests for appointments""  This reverts commit c47f7081c7714594eae5657c2f4d040f08f906cc, reversing  changes made to 6e93107fd529fe571dab16408866b532a32ddfa0."
PP-Kit Kat(05/30-06/13),2023/05/30,2023/06/13,HUB-98048,9419,JCurtis,0,0,113,47,1,0,0,0,0,0,0,0,CEkrut,,"1. HUB-98048: Fix skipped unit tests, added missing data"
PP-Kit Kat(05/30-06/13),2023/05/30,2023/06/13,HUB-98048,9448,JCurtis,0,0,6,1,1,0,0,0,0,0,0,0,ATawfik,,"1. NA-0: Remove max-warnings from fix:eslint command
2. Pull request #9437: NA-0: Remove max-warnings from fix:eslint command  Merge in AX/attendee-experience-web from fix-eslint to develop  * commit 'bf4f42850150a5edac985ed5f7925287df96ee1d':    NA-0: Remove max-warnings from fix:eslint command"
PP-Kit Kat(05/30-06/13),2023/05/30,2023/06/13,HUB-82893,3587,JCurtis,0,0,0,0,1,0,0,0,0,0,0,0,XWang,,
PP-Kit Kat(05/30-06/13),2023/05/30,2023/06/13,HUB-82893,3614,JCurtis,0,0,0,0,0,0,0,0,0,0,0,0,MGangani,,
PP-Kit Kat(05/30-06/13),2023/05/30,2023/06/13,HUB-99175,3585,JCurtis,0,0,0,0,1,0,0,0,0,0,0,0,SCahail,,
PP-Kit Kat(05/30-06/13),2023/05/30,2023/06/13,HUB-99175,3595,JCurtis,0,0,0,0,0,0,0,0,0,0,0,0,SCahail,,
PP-Kit Kat(05/30-06/13),2023/05/30,2023/06/13,HUB-99175,3614,JCurtis,0,0,0,0,0,0,0,0,0,0,0,0,MGangani,,
PP-Kit Kat(05/30-06/13),2023/05/30,2023/06/13,HUB-99176,1530,JCurtis,0,0,0,0,0,0,0,0,0,0,0,0,SCahail,,
PP-Kit Kat(05/30-06/13),2023/05/30,2023/06/13,HUB-99176,1560,JCurtis,0,0,0,0,0,0,0,0,0,0,0,0,MGangani,,
PP-Kit Kat(05/30-06/13),2023/05/30,2023/06/13,HUB-99176,1556,JCurtis,0,0,0,0,0,0,0,0,0,0,0,0,MGangani,,
PP-Kit Kat(05/30-06/13),2023/05/30,2023/06/13,HUB-100392,9436,JCurtis,0,0,0,0,0,23,0,0,0,0,0,0,KRaparthi,"1. Please name this prop after what it does to the component, not about the greater application context
2. I do not recommend adding data dependencies to list items especially. This is a blocker for me.
3. This can be achieved with a regular feature version. There's no need for a custom experiment here.
4. Adding an onClick to a div is not semantically correct. This must be a button.
5. There should be a linter warning for this. Does it show for you?
6. This should not be a function https://github.com/jsx-eslint/eslint-plugin-react/blob/master/docs/rules/no-unstable-nested-components.md
7. Always prioritize role selectors instead of testIDs https://testing-library.com/docs/queries/about/#priority
8. Same here https://testing-library.com/docs/queries/about/#priority
9. Always check that the component i rendered before checking for non-existence
10. Applies to the test above as well
11. Instead of checking the router check that the component has the correct href value
12. The convention (and now linting rule) is to use `function` for component declarations.
13. [nit] This doesn't look like it returns null?  ```suggestion  }: ApptScheduleCreateButtonProps): JSX.Element {  ```
14. This is not how to validate clicks. Use `jest.fn()` instead. https://jestjs.io/docs/mock-function-api#jestfnimplementation
15. Same here https://testing-library.com/docs/queries/about/#priority
16. Same here - we should not be fragmenting button styles. This will break if carina updates their buttons.
17. Do you need this provider?
18. Can this be added to an existing test? Re-mounting the entire page for this check is very expensive.
19. What experiment? Which flag? Please add proper context here.
20. Looks like we're using the same tokens in the disabled state. Is that intentional?
21. Same here https://testing-library.com/docs/queries/about/#priority
22. Why are we customizing the css for the standard button? Could the standard props have achieved what you are looking to do? https://carina.docs.cvent.org/docs/components/button/develop  We really should be avoiding this kind of fragmentation.
23. Typically this means there's an issue with the designs. I don't think we should be straying from the built in appearances. Particularly with Blocks theming in mind. In the future we will have ""Styles"" packages that will round corners for all the buttons in the app, or square them, etc. This breaks that paradigm.",
PP-Kit Kat(05/30-06/13),2023/05/30,2023/06/13,HUB-100392,9507,JCurtis,0,0,0,0,0,0,0,0,0,0,0,0,GStarr,,
PP-Kit Kat(05/30-06/13),2023/05/30,2023/06/13,HUB-100398,9504,JCurtis,0,0,0,0,0,0,0,0,0,0,0,0,KRaparthi,,
PP-Kit Kat(05/30-06/13),2023/05/30,2023/06/13,HUB-100398,9542,JCurtis,0,0,0,0,0,0,0,0,0,0,0,0,KRaparthi,,
PP-Kit Kat(05/30-06/13),2023/05/30,2023/06/13,HUB-100398,9551,JCurtis,0,0,0,0,0,0,0,0,0,0,0,0,MGangani,,
PP-Kit Kat(05/30-06/13),2023/05/30,2023/06/13,HUB-102329,3614,JCurtis,0,0,0,0,0,0,0,0,0,0,0,0,MGangani,,
Sprint Totals,,,,,,PR_ADDED: 5003,PR_REMOVED: 4997,COMMIT_ADDED: 5122,COMMIT_REMOVED: 5045,APPROVED: 6,COMMENTED: 27,DECLINED: 0,MERGED: 1,OPENED: 1,RESCOPED: 0,UNAPPROVED: 0,UPDATED: 0,,,

PP-Lollipop (06/13-06/27),2023/06/13,2023/06/27,HUB-82893,3587,JCurtis,0,0,0,0,0,0,0,0,0,0,0,0,XWang,,
PP-Lollipop (06/13-06/27),2023/06/13,2023/06/27,HUB-82893,3614,JCurtis,0,0,0,0,1,0,0,0,0,0,0,0,MGangani,,
PP-Lollipop (06/13-06/27),2023/06/13,2023/06/27,HUB-89579,263,JCurtis,0,0,0,0,0,1,0,0,0,0,0,0,JHorvath,1. Does this need an `aria-label`? Since it has no text.,
PP-Lollipop (06/13-06/27),2023/06/13,2023/06/27,HUB-89579,1583,JCurtis,0,0,25,4,0,0,0,0,0,0,0,0,SSimpson,,"1. NA-0: Fix issue with passing CSSObject type to css prop
2. Pull request #1566: NA-0: Fix issue with passing CSSObject type to css prop  Merge in AX/attendee-experience-builder from emotionTypes to develop  * commit '5f2e93aee8483bfe21ca4bea3c97388ea7068fd1':    NA-0: Fix issue with passing CSSObject type to css prop"
PP-Lollipop (06/13-06/27),2023/06/13,2023/06/27,HUB-99175,3585,JCurtis,0,0,0,0,0,0,0,0,0,0,0,0,SCahail,,
PP-Lollipop (06/13-06/27),2023/06/13,2023/06/27,HUB-99175,3595,JCurtis,0,0,0,0,1,0,0,0,0,0,0,0,SCahail,,
PP-Lollipop (06/13-06/27),2023/06/13,2023/06/27,HUB-99175,3614,JCurtis,0,0,0,0,0,0,0,0,0,0,0,0,MGangani,,
PP-Lollipop (06/13-06/27),2023/06/13,2023/06/27,HUB-99176,1530,JCurtis,0,0,0,0,1,1,0,0,0,0,0,0,SCahail,1. I think you have two options  1. Type the return type as `string[] | void` to allow not returning anything  2. `return undefined` at the end,
PP-Lollipop (06/13-06/27),2023/06/13,2023/06/27,HUB-99176,1560,JCurtis,0,0,0,0,1,0,0,0,0,0,0,0,MGangani,,
PP-Lollipop (06/13-06/27),2023/06/13,2023/06/27,HUB-99176,1556,JCurtis,0,0,0,0,0,1,0,0,0,0,0,0,MGangani,1. Looks like this branch is missing changes from master. Did you start with master as the starting point?,
PP-Lollipop (06/13-06/27),2023/06/13,2023/06/27,HUB-99177,9522,JCurtis,0,0,0,0,1,8,0,0,0,0,0,0,SCahail,"1. This is turning this ""dumb"" component into a smart one now. Is that intentional? Or could we move the data to the parent.
2. I don't think individual cards need to know about feature flags. Just don't render the appointment cards at a higher level.
3. ![image](https://external-content.duckduckgo.com/iu/?u=https%3A%2F%2Fmedia.giphy.com%2Fmedia%2F3orieUe6ejxSFxYCXe%2Fgiphy.gif&f=1&nofb=1&ipt=4c21515c05dc5f327ac1959f716ecb39a0e6682fef210d2a8cbc7a25a53b13f4&ipo=images)
4. Should this be skipped if we aren't going to use it (no appointment cards)?   Should this be a part of the card data?
5. Could we do this by composition instead? Instead of telling this component about appointments could we pass in an optional fallback image override? Then you can have a thin wrapper like so:  ```  function AppointmentCustomCard(props) {    return <CustomCard fallbackImage={<ApptImage /> } />;  }  ```
6. Are we sure this needs an experiment? See the notices above/below.   Could this feature be data driven instead? As in, do we need a feature flag on this side at all? Could we just rely on the data not being or being there?
7. Lets avoid adding more entries here (see notice... at the bottom I guess). Should be importing the files directly as to not accidentally import them all into a production build.
8. Thanks. I think some code mod must have moved it as some point.",
PP-Lollipop (06/13-06/27),2023/06/13,2023/06/27,HUB-99177,9551,JCurtis,0,0,0,0,1,0,0,0,0,0,0,0,MGangani,,
PP-Lollipop (06/13-06/27),2023/06/13,2023/06/27,HUB-100392,9436,JCurtis,0,0,0,0,0,0,0,0,0,0,0,0,KRaparthi,,
PP-Lollipop (06/13-06/27),2023/06/13,2023/06/27,HUB-100392,9507,JCurtis,0,0,0,0,1,0,0,0,0,0,0,0,GStarr,,
PP-Lollipop (06/13-06/27),2023/06/13,2023/06/27,HUB-100398,9504,JCurtis,0,0,0,0,1,0,0,0,0,0,0,0,KRaparthi,,
PP-Lollipop (06/13-06/27),2023/06/13,2023/06/27,HUB-100398,9542,JCurtis,0,0,0,0,1,0,0,0,0,0,0,0,KRaparthi,,
PP-Lollipop (06/13-06/27),2023/06/13,2023/06/27,HUB-100398,9551,JCurtis,0,0,0,0,0,0,0,0,0,0,0,0,MGangani,,
PP-Lollipop (06/13-06/27),2023/06/13,2023/06/27,HUB-102329,3614,JCurtis,0,0,0,0,0,0,0,0,0,0,0,0,MGangani,,
PP-Lollipop (06/13-06/27),2023/06/13,2023/06/27,HUB-104098,9563,JCurtis,0,0,0,0,1,1,0,0,0,0,0,0,KRaparthi,"1. I could be wrong but I think aria values have to be set to the **string** of `""true""`",
PP-Lollipop (06/13-06/27),2023/06/13,2023/06/27,HUB-104098,9618,JCurtis,0,0,0,0,0,0,0,0,0,0,0,0,SSimpson,,
PP-Lollipop (06/13-06/27),2023/06/13,2023/06/27,HUB-101754,9653,JCurtis,0,0,0,0,0,0,0,0,0,0,0,0,XWang,,
PP-Lollipop (06/13-06/27),2023/06/13,2023/06/27,PROD-170669,9618,JCurtis,0,0,0,0,0,0,0,0,0,0,0,0,SSimpson,,
Sprint Totals,,,,,,PR_ADDED: 0,PR_REMOVED: 0,COMMIT_ADDED: 25,COMMIT_REMOVED: 4,APPROVED: 10,COMMENTED: 12,DECLINED: 0,MERGED: 0,OPENED: 0,RESCOPED: 0,UNAPPROVED: 0,UPDATED: 0,,,

Overall Totals,,,,,,PR_ADDED: 16236,PR_REMOVED: 13764,COMMIT_ADDED: 9343,COMMIT_REMOVED: 10137,APPROVED: 34,COMMENTED: 52,DECLINED: 0,MERGED: 1,OPENED: 1,RESCOPED: 0,UNAPPROVED: 0,UPDATED: 0,,,
