SPRINT,START_DATE,END_DATE,TICKET,PR_ID,USER,PR_ADDED,PR_REMOVED,COMMIT_ADDED,COMMIT_REMOVED,APPROVED,COMMENTED,DECLINED,MERGED,OPENED,RESCOPED,UNAPPROVED,UPDATED,AUTHOR,COMMENTS,COMMIT_MESSAGES
Q2 23' S2-Fatela jeb sil jayga,2023/04/11,2023/04/25,CMOBL-150107,805,VShyoran,0,0,0,0,1,0,0,0,0,0,0,0,Prashant.Bansal,,
Q2 23' S2-Fatela jeb sil jayga,2023/04/11,2023/04/25,CMOBL-150108,805,VShyoran,0,0,0,0,0,0,0,0,0,0,0,0,Prashant.Bansal,,
Q2 23' S2-Fatela jeb sil jayga,2023/04/11,2023/04/25,CMOBL-150109,803,VShyoran,0,0,0,0,1,0,0,0,0,0,0,0,Subratkumar.Sahoo,,
Q2 23' S2-Fatela jeb sil jayga,2023/04/11,2023/04/25,CMOBL-150713,291,VShyoran,0,0,0,0,1,0,0,0,0,0,0,0,J.Kumar,,
Q2 23' S2-Fatela jeb sil jayga,2023/04/11,2023/04/25,CMOBL-151832,139,VShyoran,0,0,0,0,1,0,0,0,0,0,1,1,MMenpadi,,
Q2 23' S2-Fatela jeb sil jayga,2023/04/11,2023/04/25,CMOBL-151961,1104,VShyoran,0,0,0,0,0,0,0,0,0,0,0,0,Prashant.Bansal,,
Q2 23' S2-Fatela jeb sil jayga,2023/04/11,2023/04/25,CMOBL-151962,1106,VShyoran,0,0,0,0,1,0,0,0,0,0,0,0,J.Kumar,,
Q2 23' S2-Fatela jeb sil jayga,2023/04/11,2023/04/25,CMOBL-153084,146,VShyoran,0,0,0,0,1,0,0,0,0,0,0,0,RaviM,,
Q2 23' S2-Fatela jeb sil jayga,2023/04/11,2023/04/25,CMOBL-153109,1107,VShyoran,0,0,0,0,1,0,0,0,0,0,0,0,RaviM,,
Q2 23' S2-Fatela jeb sil jayga,2023/04/11,2023/04/25,CMOBL-153109,1108,VShyoran,0,0,0,0,1,0,0,0,0,0,0,0,J.Kumar,,
Q2 23' S2-Fatela jeb sil jayga,2023/04/11,2023/04/25,CMOBL-153244,2,VShyoran,0,0,0,0,1,0,0,0,0,0,0,0,J.Kumar,,
Q2 23' S2-Fatela jeb sil jayga,2023/04/11,2023/04/25,CMOBL-153244,293,VShyoran,0,0,0,0,1,0,0,0,0,0,0,0,J.Kumar,,
Q2 23' S2-Fatela jeb sil jayga,2023/04/11,2023/04/25,HUB-73504,364,VShyoran,0,0,0,0,1,0,0,0,0,0,0,0,Subratkumar.Sahoo,,
Q2 23' S2-Fatela jeb sil jayga,2023/04/11,2023/04/25,HUB-74287,362,VShyoran,0,0,0,0,1,0,0,0,0,0,0,0,Subratkumar.Sahoo,,
Q2 23' S2-Fatela jeb sil jayga,2023/04/11,2023/04/25,HUB-90000,361,VShyoran,0,0,0,0,0,0,0,0,0,0,0,0,MMenpadi,,
Q2 23' S2-Fatela jeb sil jayga,2023/04/11,2023/04/25,HUB-90748,74,VShyoran,27,0,44,17,0,1,0,1,1,5,0,0,VShyoran,"1. We don't have any need of engagement id and exhibitor id for click tracking report. But I will add exhibitor Id to table, it is important.","1. HUB-90748: adding script to create a new table for card click tracking
2. HUB-90748: minor fix
3. HUB-90748: made a new sql file to create card click table
4. HUB-90748: added index for card_click_tracking table
5. HUB-90748: updated changelog
6. HUB-90748: removed jsonb and added required fields"
Q2 23' S2-Fatela jeb sil jayga,2023/04/11,2023/04/25,HUB-90748,76,VShyoran,849,7,0,0,0,0,0,0,0,0,0,0,VShyoran,,
Q2 23' S2-Fatela jeb sil jayga,2023/04/11,2023/04/25,HUB-92744,33,VShyoran,139,20,79,0,0,0,0,1,0,1,0,0,VShyoran,,1. HUB-92744: added test for s3CallBack data model
Q2 23' S2-Fatela jeb sil jayga,2023/04/11,2023/04/25,HUB-92744,34,VShyoran,65,65,65,65,0,0,0,1,1,0,0,0,VShyoran,,1. HUB-92744: minor test fix
Q2 23' S2-Fatela jeb sil jayga,2023/04/11,2023/04/25,HUB-92744,35,VShyoran,1,3,1,3,0,0,0,1,1,0,0,0,VShyoran,,1. HUB-92744: fixing a failed test
Q2 23' S2-Fatela jeb sil jayga,2023/04/11,2023/04/25,HUB-92744,36,VShyoran,97,80,244,227,0,0,0,1,1,4,0,1,VShyoran,,"1. HUB-92744: minor fix
2. HUB-92744: aadded failureReason property
3. HUB-92744: minor test fix
4. HUB-92744: removing s3Callback tests from file test
5. HUB-92744: minor fix"
Q2 23' S2-Fatela jeb sil jayga,2023/04/11,2023/04/25,HUB-92744,354,VShyoran,689,18,103,96,0,3,0,1,0,3,0,0,VShyoran,"1. Existing UTs are failing. Looking into it.
2. For now we need exhibitor_admin bearer for this endpoint, but this endpoint can work as generic endpoint. Should we create a new right for this or go with Exhibitor right? FYI, this endpoint will be called from event-api.
3. apiKey auth make sense. Going with api key auth for Post endpoint.","1. HUB-92744: updated json-schema and pt-node-model versions
2. HUB-92744: fixed saving undefined as a string property and applied some PR comment suggestions
3. HUB-92744: using api_key for upsertS3callback data endpoint
4. updated pt-json-schema and pt-file-model version
5. Merge branch 'develop' of ssh://stash.cvent.net:7999/pt/file-service into feature/HUB-92744"
Q2 23' S2-Fatela jeb sil jayga,2023/04/11,2023/04/25,HUB-92744,360,VShyoran,0,0,241,16,0,0,0,0,0,0,0,0,Shea.Sullivan,,"1. HUB-92862: added support for FILE_CREATED in s3_callback_status endpoint
2. HUB-92862: minor fix
3. HUB-92862: minor fix"
Q2 23' S2-Fatela jeb sil jayga,2023/04/11,2023/04/25,HUB-92744,1440,VShyoran,85,0,0,0,0,0,0,1,0,0,0,0,VShyoran,,
Q2 23' S2-Fatela jeb sil jayga,2023/04/11,2023/04/25,HUB-92744,1441,VShyoran,3,9,3,9,0,0,0,1,1,0,0,0,VShyoran,,1. HUB-92744: property fix in s3-callback-data
Q2 23' S2-Fatela jeb sil jayga,2023/04/11,2023/04/25,HUB-92862,37,VShyoran,19,2,19,2,0,1,0,0,1,1,0,0,VShyoran,1. We can make this enum. We have enum in json-schema and it handles validation from there. Should we make enum here also?,"1. HUB-92862: added comment to descrive status field
2. HUB-92862: adding enum for status field"
Q2 23' S2-Fatela jeb sil jayga,2023/04/11,2023/04/25,HUB-92862,357,VShyoran,238,13,0,0,0,1,0,1,1,1,0,0,VShyoran,1. https://stash.cvent.net/projects/PT/repos/pt-file-models/pull-requests/37/overview,
Q2 23' S2-Fatela jeb sil jayga,2023/04/11,2023/04/25,HUB-92862,1440,VShyoran,85,0,0,0,0,0,0,0,0,0,0,0,VShyoran,,
Q2 23' S2-Fatela jeb sil jayga,2023/04/11,2023/04/25,HUB-92862,1443,VShyoran,2,2,32,32,0,1,0,1,1,1,0,0,VShyoran,"1. After discussion on this, I think we don't need to update createFile endpoint. We can call upsertS3Endpoint directly from event-api based on response from createFile endpoint. If it is sucess then we'll save status as `FILE_CREATED` else status will be `FAILED`.","1. HUB-92862: create file endpoint schema update to support s3CallbackData
2. HUB-92862: added a new enum FIlE_CREATED for s3-callback-data status"
Q2 23' S2-Fatela jeb sil jayga,2023/04/11,2023/04/25,HUB-92862,356,VShyoran,238,3,259,24,0,1,1,0,1,0,0,0,VShyoran,1. Declining PR because of this: https://stash.cvent.net/projects/PT/repos/json-schemas/pull-requests/1443/overview?commentId=3377164,"1. HUB-92862: updated pt-file-model and json-schemas versions
2. Merge branch 'develop' of ssh://stash.cvent.net:7999/pt/file-service into feature/HUB-92862
3. Merge branch 'develop' of ssh://stash.cvent.net:7999/pt/file-service into feature/HUB-92862
4. HUB-92862: updated create file endpoint to support file upload through s3Callback location
5. HUB-92862: minor fix
6. HUB-92862: lint fixes"
Q2 23' S2-Fatela jeb sil jayga,2023/04/11,2023/04/25,HUB-92862,1439,VShyoran,72,0,0,0,0,0,0,0,0,0,0,0,VShyoran,,
Q2 23' S2-Fatela jeb sil jayga,2023/04/11,2023/04/25,CMOBL-146549,2693,VShyoran,0,0,0,0,0,0,0,0,0,0,0,0,VKanaujia,,
Q2 23' S2-Fatela jeb sil jayga,2023/04/11,2023/04/25,CMOBL-146549,2707,VShyoran,0,0,0,0,0,0,0,0,0,0,0,0,VKanaujia,,
Q2 23' S2-Fatela jeb sil jayga,2023/04/11,2023/04/25,CMOBL-150760,2716,VShyoran,0,0,0,0,1,0,0,0,0,0,0,0,VKanaujia,,
Q2 23' S2-Fatela jeb sil jayga,2023/04/11,2023/04/25,CMOBL-150760,3453,VShyoran,0,0,0,0,0,0,0,0,0,0,0,0,VKanaujia,,
Q2 23' S2-Fatela jeb sil jayga,2023/04/11,2023/04/25,CMOBL-152685,1105,VShyoran,0,0,0,0,0,0,0,0,0,0,0,0,KMahajan,,
Q2 23' S2-Fatela jeb sil jayga,2023/04/11,2023/04/25,HUB-53567,1462,VShyoran,134,1,0,0,0,0,0,0,0,0,0,0,VShyoran,,
Q2 23' S2-Fatela jeb sil jayga,2023/04/11,2023/04/25,HUB-53567,1471,VShyoran,48,17,0,0,0,0,0,0,0,0,0,0,VShyoran,,
Q2 23' S2-Fatela jeb sil jayga,2023/04/11,2023/04/25,HUB-89439,1442,VShyoran,0,0,0,0,1,0,0,0,0,0,0,0,MMenpadi,,
Q2 23' S2-Fatela jeb sil jayga,2023/04/11,2023/04/25,HUB-89439,3541,VShyoran,0,0,0,0,1,1,0,0,0,0,0,0,MMenpadi,1. logging accountId and eventId will be helpful.,
Q2 23' S2-Fatela jeb sil jayga,2023/04/11,2023/04/25,HUB-92743,1448,VShyoran,0,0,0,0,0,0,0,0,0,0,0,0,VKanaujia,,
Q2 23' S2-Fatela jeb sil jayga,2023/04/11,2023/04/25,HUB-92743,3567,VShyoran,0,0,0,0,0,0,0,0,0,0,0,0,VKanaujia,,
Q2 23' S2-Fatela jeb sil jayga,2023/04/11,2023/04/25,PROD-164667,656,VShyoran,0,0,0,0,1,0,0,0,0,0,0,0,Prashant.Bansal,,
Q2 23' S2-Fatela jeb sil jayga,2023/04/11,2023/04/25,PROD-164667,821,VShyoran,0,0,0,0,1,0,0,0,0,0,0,0,Prashant.Bansal,,
Q2 23' S2-Fatela jeb sil jayga,2023/04/11,2023/04/25,PROD-164667,822,VShyoran,0,0,0,0,1,0,0,0,0,0,0,0,Prashant.Bansal,,
Sprint Totals,,,,,,PR_ADDED: 2791,PR_REMOVED: 240,COMMIT_ADDED: 1090,COMMIT_REMOVED: 491,APPROVED: 18,COMMENTED: 9,DECLINED: 1,MERGED: 10,OPENED: 9,RESCOPED: 16,UNAPPROVED: 1,UPDATED: 2,,,

Q2 23' S3,2023/04/25,2023/05/09,CMOBL-146549,2693,VShyoran,0,0,0,0,0,0,0,0,0,0,0,0,VKanaujia,,
Q2 23' S3,2023/04/25,2023/05/09,CMOBL-146549,2707,VShyoran,0,0,0,0,0,0,0,0,0,0,0,0,VKanaujia,,
Q2 23' S3,2023/04/25,2023/05/09,CMOBL-150760,2716,VShyoran,0,0,0,0,0,0,0,0,0,0,0,0,VKanaujia,,
Q2 23' S3,2023/04/25,2023/05/09,CMOBL-150760,3453,VShyoran,0,0,0,0,0,0,0,0,0,0,0,0,VKanaujia,,
Q2 23' S3,2023/04/25,2023/05/09,HUB-53567,1462,VShyoran,134,1,134,1,0,0,0,1,1,0,0,0,VShyoran,,1. HUB-53567: added automation test for single weblink card for internal link type
Q2 23' S3,2023/04/25,2023/05/09,HUB-53567,1465,VShyoran,0,0,0,0,0,0,0,0,0,0,0,0,Subratkumar.Sahoo,,1. Pull request #1462: HUB-53567: added automation test for single weblink card for internal link type  Merge in AX/attendee-experience-builder from feature/HUB-53567 to develop  * commit 'db592f9884b6dad60f4af805ce97bf84c105239d':    HUB-53567: added automation test for single weblink card for internal link type
Q2 23' S3,2023/04/25,2023/05/09,HUB-53567,1471,VShyoran,48,17,0,0,0,0,0,0,0,0,0,0,VShyoran,,
Q2 23' S3,2023/04/25,2023/05/09,HUB-96532,503,VShyoran,0,0,0,0,1,0,0,0,0,0,0,0,Prashant.Bansal,,
Q2 23' S3,2023/04/25,2023/05/09,HUB-96532,504,VShyoran,0,0,0,0,0,0,0,0,0,0,0,0,Prashant.Bansal,,
Q2 23' S3,2023/04/25,2023/05/09,PROD-164667,656,VShyoran,0,0,0,0,0,0,0,0,0,0,0,0,Prashant.Bansal,,
Q2 23' S3,2023/04/25,2023/05/09,PROD-164667,821,VShyoran,0,0,0,0,0,0,0,0,0,0,0,0,Prashant.Bansal,,
Q2 23' S3,2023/04/25,2023/05/09,PROD-164667,822,VShyoran,0,0,0,0,0,0,0,0,0,0,0,0,Prashant.Bansal,,
Q2 23' S3,2023/04/25,2023/05/09,PROD-165690,387,VShyoran,0,0,0,0,0,0,0,0,0,0,0,0,RaviM,,
Q2 23' S3,2023/04/25,2023/05/09,CMOBL-152685,1105,VShyoran,0,0,0,0,0,0,0,0,0,0,0,0,KMahajan,,
Q2 23' S3,2023/04/25,2023/05/09,CMOBL-153113,1,VShyoran,0,0,0,0,0,0,0,0,0,0,0,0,J.Kumar,,
Q2 23' S3,2023/04/25,2023/05/09,CMOBL-153113,7,VShyoran,0,0,0,0,0,0,0,0,0,0,0,0,J.Kumar,,
Q2 23' S3,2023/04/25,2023/05/09,CMOBL-153113,153,VShyoran,0,0,0,0,0,0,0,0,0,0,0,0,J.Kumar,,
Q2 23' S3,2023/04/25,2023/05/09,CMOBL-153113,317,VShyoran,0,0,0,0,0,0,0,0,0,0,0,0,J.Kumar,,
Q2 23' S3,2023/04/25,2023/05/09,CMOBL-153113,361,VShyoran,0,0,0,0,0,0,0,0,0,0,0,0,J.Kumar,,
Q2 23' S3,2023/04/25,2023/05/09,CMOBL-153113,706,VShyoran,0,0,0,0,0,0,0,0,0,0,0,0,J.Kumar,,
Q2 23' S3,2023/04/25,2023/05/09,CMOBL-153113,804,VShyoran,0,0,0,0,0,0,0,0,0,0,0,0,J.Kumar,,
Q2 23' S3,2023/04/25,2023/05/09,CMOBL-153113,1264,VShyoran,0,0,0,0,0,0,0,0,0,0,0,0,J.Kumar,,
Q2 23' S3,2023/04/25,2023/05/09,HUB-89439,1442,VShyoran,0,0,0,0,0,0,0,0,0,0,0,0,MMenpadi,,
Q2 23' S3,2023/04/25,2023/05/09,HUB-89439,3541,VShyoran,0,0,0,0,0,0,0,0,0,0,0,0,MMenpadi,,
Q2 23' S3,2023/04/25,2023/05/09,HUB-90750,76,VShyoran,849,7,0,0,0,0,0,0,0,0,0,0,VShyoran,,
Q2 23' S3,2023/04/25,2023/05/09,HUB-90750,17691,VShyoran,10,4,0,0,0,0,0,0,0,0,0,0,VShyoran,,
Q2 23' S3,2023/04/25,2023/05/09,HUB-92743,1448,VShyoran,0,0,0,0,0,0,0,0,0,0,0,0,VKanaujia,,
Q2 23' S3,2023/04/25,2023/05/09,HUB-92743,3567,VShyoran,0,0,0,0,0,0,0,0,0,0,0,0,VKanaujia,,
Sprint Totals,,,,,,PR_ADDED: 1041,PR_REMOVED: 29,COMMIT_ADDED: 134,COMMIT_REMOVED: 1,APPROVED: 1,COMMENTED: 0,DECLINED: 0,MERGED: 1,OPENED: 1,RESCOPED: 0,UNAPPROVED: 0,UPDATED: 0,,,

Q2 23' S4,2023/05/09,2023/05/23,CMOBL-152685,1105,VShyoran,0,0,0,0,1,0,0,0,0,0,0,0,KMahajan,,
Q2 23' S4,2023/05/09,2023/05/23,CMOBL-153086,60,VShyoran,0,0,0,0,1,0,0,0,0,0,0,0,J.Kumar,,
Q2 23' S4,2023/05/09,2023/05/23,CMOBL-153086,156,VShyoran,0,0,0,0,1,0,0,0,0,0,0,0,J.Kumar,,
Q2 23' S4,2023/05/09,2023/05/23,CMOBL-153113,1,VShyoran,0,0,0,0,1,0,0,0,0,0,0,0,J.Kumar,,
Q2 23' S4,2023/05/09,2023/05/23,CMOBL-153113,7,VShyoran,0,0,0,0,1,0,0,0,0,0,0,0,J.Kumar,,
Q2 23' S4,2023/05/09,2023/05/23,CMOBL-153113,153,VShyoran,0,0,0,0,1,0,0,0,0,0,0,0,J.Kumar,,
Q2 23' S4,2023/05/09,2023/05/23,CMOBL-153113,317,VShyoran,0,0,0,0,1,0,0,0,0,0,0,0,J.Kumar,,
Q2 23' S4,2023/05/09,2023/05/23,CMOBL-153113,361,VShyoran,0,0,0,0,1,0,0,0,0,0,0,0,J.Kumar,,
Q2 23' S4,2023/05/09,2023/05/23,CMOBL-153113,706,VShyoran,0,0,0,0,1,0,0,0,0,0,0,0,J.Kumar,,
Q2 23' S4,2023/05/09,2023/05/23,CMOBL-153113,804,VShyoran,0,0,0,0,1,0,0,0,0,0,0,0,J.Kumar,,
Q2 23' S4,2023/05/09,2023/05/23,CMOBL-153113,1264,VShyoran,0,0,0,0,1,0,0,0,0,0,0,0,J.Kumar,,
Q2 23' S4,2023/05/09,2023/05/23,CMOBL-153490,155,VShyoran,0,0,0,0,1,0,0,0,0,0,1,0,J.Kumar,,
Q2 23' S4,2023/05/09,2023/05/23,CMOBL-153835,120,VShyoran,0,0,0,0,1,0,0,0,0,0,0,0,RaviM,,
Q2 23' S4,2023/05/09,2023/05/23,CMOBL-153835,17606,VShyoran,0,0,0,0,1,0,0,0,0,0,0,0,RaviM,,
Q2 23' S4,2023/05/09,2023/05/23,CMOBL-154095,1682,VShyoran,0,0,0,0,0,0,0,0,0,0,0,0,Subratkumar.Sahoo,,
Q2 23' S4,2023/05/09,2023/05/23,CMOBL-154095,3477,VShyoran,0,0,0,0,0,0,0,0,0,0,0,0,Subratkumar.Sahoo,,
Q2 23' S4,2023/05/09,2023/05/23,HUB-89439,1442,VShyoran,0,0,0,0,0,0,0,0,0,0,0,0,MMenpadi,,
Q2 23' S4,2023/05/09,2023/05/23,HUB-89439,3541,VShyoran,0,0,0,0,0,0,0,0,0,0,0,0,MMenpadi,,
Q2 23' S4,2023/05/09,2023/05/23,HUB-90744,12674,VShyoran,157,49,406,12,0,0,0,1,1,1,0,0,VShyoran,,"1. HUB-90744: added total unique clicks subreport
2. HUB-90744: pull from devsilo606
3. HUB-90744: minor fix
4. HUB-90744: minor fix
5. HUB-90744: updated target name value
6. HUB-90744: updated target name value in total click subreport"
Q2 23' S4,2023/05/09,2023/05/23,HUB-90744,12716,VShyoran,0,0,0,0,0,0,0,0,0,0,0,0,Mohitkumar.Shah,,1. Pull request #12674: Feature/HUB-90744: added total unique clicks subreport  Merge in REP/reporting-content from feature/HUB-90744 to devsilo606  * commit '932728769a7fef79faf5ed244669dba90dfca1c6':    HUB-90744: fixed view    HUB-90744: fixed checkmarx error in view    HUB-90744: corrected view and report definition    HUB-90744: updated target name value    HUB-90744: minor fix    HUB-90744: minor fix    HUB-90744: added total unique clicks subreport
Q2 23' S4,2023/05/09,2023/05/23,HUB-90745,12638,VShyoran,0,0,0,0,1,1,0,0,0,0,0,0,RaviM,1. We should hide this report from production.,
Q2 23' S4,2023/05/09,2023/05/23,HUB-96417,1481,VShyoran,0,0,54,23,0,0,0,0,0,0,0,0,Shea.Sullivan,,"1. HUB-53567: added singleLinkCardForInternalLinkType in suite
2. HUB-53567: adding delay of 5 sec
3. HUB-53367: minor fix
4. HUB-53367: minor fix
5. HUB-53567: added changeset
6. HUB-53567: using waitFor and updated selector to not be hardcoded
7. HUB-53567: minor fix
8. Pull request #1471: HUB-53567: fixed a failing automation test  Merge in AX/attendee-experience-builder from feature/HUB-53567 to develop  * commit 'b5e1ffcd40594912e0d4af1ea20e6f7b0d7efad1':    HUB-53567: minor fix    HUB-53567: using waitFor and updated selector to not be hardcoded    HUB-53567: added changeset    HUB-53367: minor fix    HUB-53367: minor fix    HUB-53567: adding delay of 5 sec    HUB-53567: added singleLinkCardForInternalLinkType in suite"
Q2 23' S4,2023/05/09,2023/05/23,HUB-97154,504,VShyoran,0,0,0,0,1,0,0,0,0,0,0,0,Prashant.Bansal,,
Q2 23' S4,2023/05/09,2023/05/23,HUB-98731,3473,VShyoran,0,0,0,0,1,0,0,0,0,0,0,0,Subratkumar.Sahoo,,
Q2 23' S4,2023/05/09,2023/05/23,HUB-98731,3477,VShyoran,0,0,0,0,0,0,0,0,0,0,0,0,Subratkumar.Sahoo,,
Q2 23' S4,2023/05/09,2023/05/23,HUB-99967,710,VShyoran,0,0,0,0,1,0,0,0,0,0,0,0,Subratkumar.Sahoo,,
Q2 23' S4,2023/05/09,2023/05/23,PROD-166101,530,VShyoran,0,0,0,0,1,0,0,0,0,0,0,0,Prashant.Bansal,,
Q2 23' S4,2023/05/09,2023/05/23,PROD-167178,1109,VShyoran,0,0,0,0,1,0,0,0,0,0,1,0,J.Kumar,,
Q2 23' S4,2023/05/09,2023/05/23,PROD-167178,1111,VShyoran,0,0,0,0,1,0,0,0,0,0,0,0,J.Kumar,,
Q2 23' S4,2023/05/09,2023/05/23,PROD-168013,298,VShyoran,20,17,0,0,0,0,0,0,0,0,0,0,VShyoran,,
Q2 23' S4,2023/05/09,2023/05/23,PROD-168013,297,VShyoran,0,0,0,0,0,0,0,0,0,0,0,0,Prashant.Bansal,,
Q2 23' S4,2023/05/09,2023/05/23,CMOBL-153241,300,VShyoran,0,0,0,0,0,0,0,0,0,0,0,0,KMahajan,,
Q2 23' S4,2023/05/09,2023/05/23,HUB-90750,76,VShyoran,849,7,1003,163,0,1,0,0,1,9,0,0,VShyoran,1. yep makes sense. Updated relevent code.,"1. HUB-90748: added consumer to save card click activities
2. HUB-90748: fixed PR comments
3. HUB-90748: added UTs and ITs
4. HUB-90748: minor fix
5. HUB-90750: minor fix
6. HUB-90750: fixing dev.yaml
7. HUB-90750: minor TW changes
8. HUB-90750: update card_click_tracking table's name to attendee_click_tracking table and similar names
9. HUB-90750: added handled environment as staging for dev.yaml
10. HUB-90750: resolving a checkstyle error"
Q2 23' S4,2023/05/09,2023/05/23,HUB-90750,17691,VShyoran,10,4,2,1,0,0,0,0,1,0,0,1,VShyoran,,1. HUB-90750: added handled environments for S606 and staging
Q2 23' S4,2023/05/09,2023/05/23,HUB-92743,1448,VShyoran,0,0,0,0,0,0,0,0,0,0,0,0,VKanaujia,,
Q2 23' S4,2023/05/09,2023/05/23,HUB-92743,3567,VShyoran,0,0,0,0,0,0,0,0,0,0,0,0,VKanaujia,,
Sprint Totals,,,,,,PR_ADDED: 1036,PR_REMOVED: 77,COMMIT_ADDED: 1465,COMMIT_REMOVED: 199,APPROVED: 21,COMMENTED: 2,DECLINED: 0,MERGED: 1,OPENED: 3,RESCOPED: 10,UNAPPROVED: 2,UPDATED: 1,,,

Q2 23' S5,2023/05/23,2023/06/06,CMOBL-150913,2,VShyoran,0,0,0,0,0,0,0,0,0,0,0,0,J.Kumar,,
Q2 23' S5,2023/05/23,2023/06/06,CMOBL-153241,300,VShyoran,0,0,0,0,0,0,0,0,0,0,0,0,KMahajan,,
Q2 23' S5,2023/05/23,2023/06/06,CMOBL-154514,79,VShyoran,0,0,192,61,2,5,0,0,0,2,0,0,KMahajan,"1. This also should be `inlucdeEmptyExhibitorIds`
2. same here
3. getIncludeEmptyExhibitorIdsFromParams
4. can you club this if statement in the above if block?
5. it should be empty UUID String","1. CMOBL-154514: added karate tests for including empty exhibitorIds in custom card and banner actvities
2. CMOBL-154514: fixed failing karate tests"
Q2 23' S5,2023/05/23,2023/06/06,CMOBL-154514,12730,VShyoran,0,0,0,0,1,0,0,1,0,0,0,1,KMahajan,,
Q2 23' S5,2023/05/23,2023/06/06,HUB-90750,76,VShyoran,849,7,12,10,0,0,0,1,0,3,0,0,VShyoran,,"1. HUB-90748: updated codeowners
2. HUB-90750: fixing minor comments
3. HUB-90750: updated codeowners"
Q2 23' S5,2023/05/23,2023/06/06,HUB-90750,17691,VShyoran,10,4,8,3,0,2,0,1,0,1,0,0,VShyoran,"1. https://stash.cvent.net/projects/PT/repos/attendee-engagement/pull-requests/76/diff#attendee-engagement-service/configs/template.yaml?f=28
2. Internally it is being used by consumerManager to initialize a rabbitMQ queue",1. HUB-90750: added staging as rebbitMq environment for all lower environments
Q2 23' S5,2023/05/23,2023/06/06,HUB-92743,1448,VShyoran,0,0,0,0,1,0,0,0,0,0,0,0,VKanaujia,,
Q2 23' S5,2023/05/23,2023/06/06,HUB-92743,3567,VShyoran,0,0,0,0,1,0,0,0,0,0,0,0,VKanaujia,,
Q2 23' S5,2023/05/23,2023/06/06,HUB-95079,78,VShyoran,831,6,460,8,0,1,0,1,1,1,0,0,VShyoran,1. Please add a scenerio to verify metadata.,"1. HUB-95079: added AttendeeClickTrackingDatasource
2. HUB-95079: added changeset and resolved merge conflicts
3. HUB-95079: minor fixes"
Q2 23' S5,2023/05/23,2023/06/06,HUB-98732,3477,VShyoran,0,0,0,0,1,0,0,0,0,0,0,0,Subratkumar.Sahoo,,
Q2 23' S5,2023/05/23,2023/06/06,HUB-99887,1450,VShyoran,0,0,0,0,1,2,0,0,0,0,0,0,Prashant.Bansal,"1. Please update appropriate description.
2. same here.",
Q2 23' S5,2023/05/23,2023/06/06,HUB-99887,3572,VShyoran,0,0,0,0,1,0,0,0,0,0,0,0,Prashant.Bansal,,
Q2 23' S5,2023/05/23,2023/06/06,PROD-168222,73,VShyoran,2,0,2,0,0,0,0,1,1,0,0,0,VShyoran,,1. PROD-168222: do not persiste externalLogoUrl and externalBannerUrl
Q2 23' S5,2023/05/23,2023/06/06,PROD-168222,3580,VShyoran,380,53,394,67,0,1,0,1,1,5,0,0,VShyoran,"1. Yes, A datafix is needed for this. We have planned datafix for this. https://jira.cvent.com/browse/CMOBL-155061","1. PROD-168222: updating pt-event-model version to not persist externalLogoUrl and externalBannerUrl in exhibitor model
2. PROD-168222: yarn pre-release
3. PROD-168222: fixing a test assertion
4. PROD-168222:  uploaded files in sub folder to fix a test failure
5. PROD-168222: minor fix in get file test
6. PROD-168222: removed content bulk save call to save updated at in real time"
Q2 23' S5,2023/05/23,2023/06/06,PROD-168222,3583,VShyoran,375,48,386,59,0,0,0,1,1,0,0,0,VShyoran,,"1. [gulp release] - prepare release event-api-9.2.3
2. [gulp release] - prepare for next development iteration 9.2.4-SNAPSHOT
3. PROD-168222: yarn pre-release
4. PROD-168222: fixing a test assertion
5. PROD-168222:  uploaded files in sub folder to fix a test failure
6. PROD-168222: minor fix in get file test
7. PROD-168222: removed content bulk save call to save updated at in real time"
Q2 23' S5,2023/05/23,2023/06/06,PROD-168222,3579,VShyoran,9,0,10,1,0,1,1,0,1,1,0,0,VShyoran,"1. Yep, removing from model is best way. Raised a PR to remove from model: https://stash.cvent.net/projects/PT/repos/pt-event-models/pull-requests/73/overview.  Declining this PR.","1. PROD-168222: fixing 502 error while associating banner to exhibitor
2. PROD-168222: minor fix"
Q2 23' S5,2023/05/23,2023/06/06,PROD-168226,301,VShyoran,9,3,6,1,0,0,0,1,1,1,0,0,VShyoran,,"1. PROD-168226: updated loggin to INFO
2. PROD-168226: added changeset"
Q2 23' S5,2023/05/23,2023/06/06,PROD-168226,303,VShyoran,9,3,0,0,0,0,0,1,1,0,0,0,VShyoran,,"1. Pull request #301: PROD-168226: updated logging to INFO in template yaml  Merge in API/universal-exhibitor from hotfix/PROD-168226 to master  * commit '68b6bfd661b60b4fea3241627393d5bfec228a47':    RELEASE: universal-exhibitor@1.3.3    PROD-168226: added changeset    PROD-168226: updated loggin to INFO
2. PROD-168226: resolving merge conflicts"
Q2 23' S5,2023/05/23,2023/06/06,PROD-168226,302,VShyoran,9,3,0,0,0,0,1,0,1,0,0,0,VShyoran,,
Q2 23' S5,2023/05/23,2023/06/06,CMOBL-153110,271,VShyoran,0,0,0,0,0,0,0,0,0,0,0,0,renovatebotman,,
Q2 23' S5,2023/05/23,2023/06/06,HUB-99888,508,VShyoran,0,0,0,0,1,0,0,0,0,0,0,0,Prashant.Bansal,,
Q2 23' S5,2023/05/23,2023/06/06,HUB-99888,509,VShyoran,0,0,0,0,0,0,0,0,0,0,0,0,Prashant.Bansal,,
Sprint Totals,,,,,,PR_ADDED: 2483,PR_REMOVED: 127,COMMIT_ADDED: 1470,COMMIT_REMOVED: 210,APPROVED: 9,COMMENTED: 12,DECLINED: 2,MERGED: 9,OPENED: 8,RESCOPED: 14,UNAPPROVED: 0,UPDATED: 1,,,

Q2 23'S6-Y to sch h k bhagwn h,2023/06/06,2023/06/20,CMOBL-155061,4,VShyoran,266,0,270,4,0,0,0,1,1,1,0,0,VShyoran,,"1. CMOBL-155061: added migration script to migrate  external url in exhibitor's doc
2. CMOBL-155061: minor fix"
Q2 23'S6-Y to sch h k bhagwn h,2023/06/06,2023/06/20,CMOBL-155062,305,VShyoran,0,0,0,0,1,0,0,0,0,0,0,0,Prashant.Bansal,,
Q2 23'S6-Y to sch h k bhagwn h,2023/06/06,2023/06/20,CMOBL-155062,3587,VShyoran,10,5,10,5,0,0,0,1,1,1,0,0,VShyoran,,"1. CMOBL-155062: updating pt-event-model to latest
2. CMOBL-155062: added changeset"
Q2 23'S6-Y to sch h k bhagwn h,2023/06/06,2023/06/20,CMOBL-155062,3593,VShyoran,0,0,0,0,0,0,0,0,0,0,0,0,SMartin,,1. Pull request #3587: CMOBL-155062: updating pt-event-model version to latest  Merge in PT/event-api from CMOBL-155062 to develop  * commit 'a4f535de40f2c84004af418407a883ad81b9648a':    CMOBL-155062: added changeset    CMOBL-155062: updating pt-event-model to latest
Q2 23'S6-Y to sch h k bhagwn h,2023/06/06,2023/06/20,CMOBL-155062,304,VShyoran,0,0,0,0,1,0,0,0,0,0,0,0,Prashant.Bansal,,
Q2 23'S6-Y to sch h k bhagwn h,2023/06/06,2023/06/20,CMOBL-155106,307,VShyoran,10,4,11,5,0,0,0,0,1,2,0,0,VShyoran,,"1. CMOBL-155106: fixed lead feature
2. CMOBL-155106: fixed karate tests for staging
3. CMOBL-155106: fixing checkstyle error
4. CMOBL-155106: fixing eliterature test suite"
Q2 23'S6-Y to sch h k bhagwn h,2023/06/06,2023/06/20,CMOBL-155106,17868,VShyoran,10,0,10,0,0,0,0,1,1,2,0,0,VShyoran,,"1. CMOBL-155106: added testOSSEnvironment for upper environments
2. CMOBL-155106: added testOSSEnvironment in upper env config files
3. CMOBL-155106: syncing pr54 and pr51"
Q2 23'S6-Y to sch h k bhagwn h,2023/06/06,2023/06/20,HUB-98619,3590,VShyoran,0,0,0,0,1,0,0,0,0,0,0,0,MMenpadi,,
Q2 23'S6-Y to sch h k bhagwn h,2023/06/06,2023/06/20,HUB-99888,508,VShyoran,0,0,0,0,0,0,0,0,0,0,0,0,Prashant.Bansal,,
Q2 23'S6-Y to sch h k bhagwn h,2023/06/06,2023/06/20,HUB-99888,509,VShyoran,0,0,0,0,1,0,0,0,0,0,0,0,Prashant.Bansal,,
Q2 23'S6-Y to sch h k bhagwn h,2023/06/06,2023/06/20,HUB-101685,2738,VShyoran,0,0,0,0,1,0,0,0,0,0,0,0,VSingla,,
Q2 23'S6-Y to sch h k bhagwn h,2023/06/06,2023/06/20,HUB-101760,3590,VShyoran,0,0,0,0,0,0,0,0,0,0,0,0,MMenpadi,,
Q2 23'S6-Y to sch h k bhagwn h,2023/06/06,2023/06/20,PROD-168302,1681,VShyoran,0,0,0,0,1,0,0,0,0,0,0,0,Subratkumar.Sahoo,,
Q2 23'S6-Y to sch h k bhagwn h,2023/06/06,2023/06/20,PROD-168302,1682,VShyoran,0,0,0,0,1,0,0,0,0,0,0,0,Subratkumar.Sahoo,,
Q2 23'S6-Y to sch h k bhagwn h,2023/06/06,2023/06/20,HUB-90743,12738,VShyoran,554,17,383,55,0,0,0,0,1,3,0,0,VShyoran,,"1. HUB-90743: added view form attendee click tracking report
2. HUB-90743: initial report changds
3. HUB-90743: added widgets
4. HUB-90743: added TABLE widget"
Q2 23'S6-Y to sch h k bhagwn h,2023/06/06,2023/06/20,HUB-90743,82,VShyoran,1424,522,228,175,0,0,0,0,0,0,0,0,VShyoran,,1. HUB-90743: added platfrom field in attendee-click-tracking datasource
Q2 23'S6-Y to sch h k bhagwn h,2023/06/06,2023/06/20,HUB-90743,80,VShyoran,228,175,0,0,0,0,0,0,1,0,0,0,VShyoran,,
Q2 23'S6-Y to sch h k bhagwn h,2023/06/06,2023/06/20,HUB-101407,3590,VShyoran,0,0,0,0,0,0,0,0,0,0,0,0,MMenpadi,,
Sprint Totals,,,,,,PR_ADDED: 2502,PR_REMOVED: 723,COMMIT_ADDED: 912,COMMIT_REMOVED: 244,APPROVED: 7,COMMENTED: 0,DECLINED: 0,MERGED: 3,OPENED: 6,RESCOPED: 9,UNAPPROVED: 0,UPDATED: 0,,,

Q2 23' S7-Bhagwan kaha h re tu,2023/06/20,2023/07/04,CMOBL-152238,71,VShyoran,0,0,0,0,1,0,0,0,0,0,0,0,renovatebotman,,
Q2 23' S7-Bhagwan kaha h re tu,2023/06/20,2023/07/04,CMOBL-152238,271,VShyoran,0,0,0,0,1,0,0,0,0,0,0,1,renovatebotman,,
Q2 23' S7-Bhagwan kaha h re tu,2023/06/20,2023/07/04,CMOBL-153110,271,VShyoran,0,0,0,0,0,0,0,0,0,0,0,0,renovatebotman,,
Q2 23' S7-Bhagwan kaha h re tu,2023/06/20,2023/07/04,CMOBL-153491,308,VShyoran,0,0,0,0,0,0,0,0,0,0,0,0,KMahajan,,
Q2 23' S7-Bhagwan kaha h re tu,2023/06/20,2023/07/04,CMOBL-156519,1116,VShyoran,0,0,0,0,1,0,0,0,0,0,0,0,J.Kumar,,
Q2 23' S7-Bhagwan kaha h re tu,2023/06/20,2023/07/04,HUB-76689,2747,VShyoran,0,0,0,0,0,0,0,0,0,0,0,0,MMenpadi,,
Q2 23' S7-Bhagwan kaha h re tu,2023/06/20,2023/07/04,HUB-76689,3490,VShyoran,0,0,0,0,0,0,0,0,0,0,0,0,MMenpadi,,
Q2 23' S7-Bhagwan kaha h re tu,2023/06/20,2023/07/04,HUB-90740,540,VShyoran,21,5,25,9,0,1,0,1,1,2,0,0,VShyoran,1. I was thinking to make it generic. Now I have updated it to bannerLocation after discussion.,"1. HUB-90740: returning cardLocation Field from exhibitorEngagement datasource
2. Merge branch 'master' of ssh://stash.cvent.net:7999/aa/attendee-activities-data into HUB-90740
3. HUB-90740: added changeset
4. HUB-90740: updated card name field
5. HUB-90740: updated a UT"
Q2 23' S7-Bhagwan kaha h re tu,2023/06/20,2023/07/04,HUB-90741,82,VShyoran,1424,522,1733,884,0,6,0,0,1,21,0,0,VShyoran,"1. Will update platform's user friendly values after discussing with PO
2. https://cvent.slack.com/archives/GKA5NEBR7/p1688027288411869
3. We already have card type. Value of card type is either LINK or VIDEO. This card name value will be `Custom Card - Link` or `Clicked banner link` according to PO.
4. These value are given by PO. Will re-verfiy these again.
5. Updated the values after discussion with PO.
6. We're using 60 sec time for all the async endpoint.","1. Merge branch 'develop' of ssh://stash.cvent.net:7999/pt/attendee-engagement into HUB-90743
2. HUB-90746: updated banner fact uniqueness
3. HUB-90741: returning card location from attendee engagement datasource
4. HUB-90743: updated karate and added changest
5. HUB-90743: minor fix
6. CMOBL-156157: added engagementId in attendee-click-tracking table
7. CMOBL-156157: minor fix
8. CMOBL-156157: minor fix
9. CMOBL-156157: added engagementId and card name in attendee-click-tracking datasource
10. CMOBL-156157: resolved consumer failing error
11. HUB-105022: added a datasource to get unique and not-unique count of card clicks
12. HUB-105022: added index for attendee-click-count datasource and some TW updates
13. HUB-105022: updated changelog file
14. HUB-105022: minor fixes
15. HUB-90743: updated karate and fixing PR build
16. HUB-90743: added ITs for attendee-click-count
17. HUB-90743: minor fix
18. HUB-90743: minor fix
19. HUB-90743: updated card name as per PO suggestion
20. HUB-90743: fixing failing tests
21. HUB-90743: using banner location field instead of card location
22. HUB-90743: fixing failing ITs
23. HUB-90743: minor fix for karate
24. HUB-90743: commenting out a test
25. HUB-90743: fixing failing test
26. HUB-90743: minor fix
27. HUB-90743: removing redundant file"
Q2 23' S7-Bhagwan kaha h re tu,2023/06/20,2023/07/04,HUB-90746,82,VShyoran,1424,522,0,0,0,0,0,0,0,0,0,0,VShyoran,,
Q2 23' S7-Bhagwan kaha h re tu,2023/06/20,2023/07/04,HUB-101407,3590,VShyoran,0,0,0,0,0,0,0,0,0,0,0,0,MMenpadi,,
Q2 23' S7-Bhagwan kaha h re tu,2023/06/20,2023/07/04,HUB-104556,2747,VShyoran,0,0,0,0,0,0,0,0,0,0,0,0,MMenpadi,,
Q2 23' S7-Bhagwan kaha h re tu,2023/06/20,2023/07/04,HUB-104556,3488,VShyoran,0,0,0,0,1,0,0,0,0,0,0,0,MMenpadi,,
Q2 23' S7-Bhagwan kaha h re tu,2023/06/20,2023/07/04,HUB-105024,12738,VShyoran,554,17,160,75,0,0,0,0,0,8,0,0,VShyoran,,"1. HUB-90743: updated subreports to be true
2. Merge branch 'devsilo606' of ssh://stash.cvent.net:7999/rep/reporting-content into feature/HUB-90743
3. HUB-105024: using new created count datasource for subreport widget
4. Merge branch 'devsilo606' of ssh://stash.cvent.net:7999/rep/reporting-content into feature/HUB-90743
5. HUB-90743: minor fix
6. Merge branch 'devsilo606' of ssh://stash.cvent.net:7999/rep/reporting-content into feature/HUB-90743
7. HUB-90743: minor fix
8. HUB-90743: minor fix
9. HUB-90743: updating attendee-clicks-count view"
Q2 23' S7-Bhagwan kaha h re tu,2023/06/20,2023/07/04,HUB-105155,82,VShyoran,1424,522,0,0,0,0,0,0,0,0,0,0,VShyoran,,
Q2 23' S7-Bhagwan kaha h re tu,2023/06/20,2023/07/04,PROD-170304,387,VShyoran,0,0,0,0,0,0,0,0,0,0,0,0,RaviM,,
Q2 23' S7-Bhagwan kaha h re tu,2023/06/20,2023/07/04,CMOBL-153243,308,VShyoran,0,0,0,0,0,0,0,0,0,0,0,0,KMahajan,,
Q2 23' S7-Bhagwan kaha h re tu,2023/06/20,2023/07/04,HUB-90743,12738,VShyoran,554,17,0,0,0,0,0,0,0,0,0,0,VShyoran,,
Q2 23' S7-Bhagwan kaha h re tu,2023/06/20,2023/07/04,HUB-90743,82,VShyoran,1424,522,0,0,0,0,0,0,0,0,0,0,VShyoran,,
Q2 23' S7-Bhagwan kaha h re tu,2023/06/20,2023/07/04,HUB-90743,80,VShyoran,228,175,0,0,0,0,1,0,0,0,0,0,VShyoran,,
Q2 23' S7-Bhagwan kaha h re tu,2023/06/20,2023/07/04,HUB-105022,82,VShyoran,1424,522,0,0,0,0,0,0,0,0,0,0,VShyoran,,
Sprint Totals,,,,,,PR_ADDED: 8477,PR_REMOVED: 2824,COMMIT_ADDED: 1918,COMMIT_REMOVED: 968,APPROVED: 4,COMMENTED: 7,DECLINED: 1,MERGED: 1,OPENED: 2,RESCOPED: 31,UNAPPROVED: 0,UPDATED: 1,,,

Overall Totals,,,,,,PR_ADDED: 18330,PR_REMOVED: 4020,COMMIT_ADDED: 6989,COMMIT_REMOVED: 2113,APPROVED: 60,COMMENTED: 30,DECLINED: 4,MERGED: 25,OPENED: 29,RESCOPED: 80,UNAPPROVED: 3,UPDATED: 5,,,
