SPRINT,START_DATE,END_DATE,TICKET,PR_ID,USER,PR_ADDED,PR_REMOVED,COMMIT_ADDED,COMMIT_REMOVED,APPROVED,COMMENTED,DECLINED,MERGED,OPENED,RESCOPED,UNAPPROVED,UPDATED,AUTHOR,COMMENTS,COMMIT_MESSAGES
Q2 23' S3,2023/04/25,2023/05/09,PROD-166009,9152,Vivek.Bharti,258,331,0,0,0,0,0,0,1,0,0,0,Vivek.Bharti,,1. downmerge/2.13.0 | Downmerge release 2.13.0
Sprint Totals,,,,,,PR_ADDED: 258,PR_REMOVED: 331,COMMIT_ADDED: 0,COMMIT_REMOVED: 0,APPROVED: 0,COMMENTED: 0,DECLINED: 0,MERGED: 0,OPENED: 1,RESCOPED: 0,UNAPPROVED: 0,UPDATED: 0,,,

Q2 23' S4,2023/05/09,2023/05/23,HUB-96417,9293,Vivek.Bharti,0,0,20,4,0,0,0,0,0,0,0,0,Shea.Sullivan,,"1. PROD-167412 | changeset max cookie limit for locale
2. PROD-167412 | Update unit test"
Sprint Totals,,,,,,PR_ADDED: 0,PR_REMOVED: 0,COMMIT_ADDED: 20,COMMIT_REMOVED: 4,APPROVED: 0,COMMENTED: 0,DECLINED: 0,MERGED: 0,OPENED: 0,RESCOPED: 0,UNAPPROVED: 0,UPDATED: 0,,,

Overall Totals,,,,,,PR_ADDED: 258,PR_REMOVED: 331,COMMIT_ADDED: 20,COMMIT_REMOVED: 4,APPROVED: 0,COMMENTED: 0,DECLINED: 0,MERGED: 0,OPENED: 1,RESCOPED: 0,UNAPPROVED: 0,UPDATED: 0,,,
