SPRINT,START_DATE,END_DATE,TICKET,PR_ID,USER,PR_ADDED,PR_REMOVED,COMMIT_ADDED,COMMIT_REMOVED,APPROVED,COMMENTED,DECLINED,MERGED,OPENED,RESCOPED,UNAPPROVED,UPDATED,AUTHOR,COMMENTS,COMMIT_MESSAGES
Pink-Gumbo(03/30-04/13)(9.6w),2023/03/30,2023/04/13,HUB-94277,148502,Dhruti.Shah,0,0,0,0,0,0,0,0,0,0,0,0,SMahale,,
Pink-Gumbo(03/30-04/13)(9.6w),2023/03/30,2023/04/13,HUB-94277,148624,Dhruti.Shah,8002,1998,0,0,0,0,0,0,0,0,0,0,Dhruti.Shah,,
Sprint Totals,,,,,,PR_ADDED: 8002,PR_REMOVED: 1998,COMMIT_ADDED: 0,COMMIT_REMOVED: 0,APPROVED: 0,COMMENTED: 0,DECLINED: 0,MERGED: 0,OPENED: 0,RESCOPED: 0,UNAPPROVED: 0,UPDATED: 0,,,

Pink-Hamburger,2023/04/13,2023/04/27,HUB-94277,148416,Dhruti.Shah,0,0,167,168,0,0,0,0,0,0,0,0,qtpman,,"1. CreateUsersWizardStep1Controller.cs edited online with Bitbucket  Added User Check
2. PROD-152149:User Check Added
3. PROD-152149:Requested user case changed for parameter
4. PROD-152149:Addressed Review Comments
5. PROD-152149: Only Sorce Type Updated
6. PROD-152149:Reverted unnecessary changes"
Pink-Hamburger,2023/04/13,2023/04/27,HUB-94277,148502,Dhruti.Shah,0,0,0,0,1,0,0,0,0,0,0,1,SMahale,,
Pink-Hamburger,2023/04/13,2023/04/27,HUB-94277,148624,Dhruti.Shah,8002,1998,0,0,0,0,0,0,0,0,0,0,Dhruti.Shah,,
Sprint Totals,,,,,,PR_ADDED: 8002,PR_REMOVED: 1998,COMMIT_ADDED: 167,COMMIT_REMOVED: 168,APPROVED: 1,COMMENTED: 0,DECLINED: 0,MERGED: 0,OPENED: 0,RESCOPED: 0,UNAPPROVED: 0,UPDATED: 1,,,

Overall Totals,,,,,,PR_ADDED: 16004,PR_REMOVED: 3996,COMMIT_ADDED: 167,COMMIT_REMOVED: 168,APPROVED: 1,COMMENTED: 0,DECLINED: 0,MERGED: 0,OPENED: 0,RESCOPED: 0,UNAPPROVED: 0,UPDATED: 1,,,
