SPRINT,START_DATE,END_DATE,TICKET,PR_ID,USER,PR_ADDED,PR_REMOVED,COMMIT_ADDED,COMMIT_REMOVED,APPROVED,COMMENTED,DECLINED,MERGED,OPENED,RESCOPED,UNAPPROVED,UPDATED,AUTHOR,COMMENTS,COMMIT_MESSAGES
Q2 23' S2-Fatela jeb sil jayga,2023/04/11,2023/04/25,CMOBL-149375,655,Subratkumar.Sahoo,0,0,0,0,0,0,0,0,0,0,0,0,KMahajan,,
Q2 23' S2-Fatela jeb sil jayga,2023/04/11,2023/04/25,CMOBL-150107,805,Subratkumar.Sahoo,0,0,0,0,1,0,0,0,0,0,0,0,Prashant.Bansal,,
Q2 23' S2-Fatela jeb sil jayga,2023/04/11,2023/04/25,CMOBL-150107,811,Subratkumar.Sahoo,0,0,136,10,0,0,0,0,0,0,0,0,Prashant.Bansal,,"1. CMOBL-150109: Changes to set RevenueShare feature package to false on clicking `Cancel Invite` or `Disconnect Account`button
2. CMOBL-150109: Changes to set RevenueShare feature package to false on clicking `Cancel Invite` or `Disconnect Account`button
3. CMOBL-150109: used correct import
4. Applied suggestion
5. Pull request #803: CMOBL-150109: Changes to set RevenueShare feature package to false on clicking `Cancel Invite` or `Disconnect Account`button  Merge in PT/onsite-admin-portal from CMOBL-150109 to develop  * commit 'a55061333b2aac05a14415cdf1a6c8eab776f821':    Applied suggestion    CMOBL-150109: used correct import    CMOBL-150109: Changes to set RevenueShare feature package to false on clicking `Cancel Invite` or `Disconnect Account`button    CMOBL-150109: Changes to set RevenueShare feature package to false on clicking `Cancel Invite` or `Disconnect Account`button"
Q2 23' S2-Fatela jeb sil jayga,2023/04/11,2023/04/25,CMOBL-150108,805,Subratkumar.Sahoo,0,0,0,0,0,0,0,0,0,0,0,0,Prashant.Bansal,,
Q2 23' S2-Fatela jeb sil jayga,2023/04/11,2023/04/25,CMOBL-150108,806,Subratkumar.Sahoo,0,0,0,0,1,0,0,0,0,0,0,0,Prashant.Bansal,,
Q2 23' S2-Fatela jeb sil jayga,2023/04/11,2023/04/25,CMOBL-150108,811,Subratkumar.Sahoo,0,0,0,0,0,0,0,0,0,0,0,0,Prashant.Bansal,,
Q2 23' S2-Fatela jeb sil jayga,2023/04/11,2023/04/25,CMOBL-150109,803,Subratkumar.Sahoo,131,5,0,0,0,0,0,1,1,3,0,0,Subratkumar.Sahoo,,
Q2 23' S2-Fatela jeb sil jayga,2023/04/11,2023/04/25,CMOBL-150109,811,Subratkumar.Sahoo,0,0,0,0,0,0,0,0,0,0,0,0,Prashant.Bansal,,
Q2 23' S2-Fatela jeb sil jayga,2023/04/11,2023/04/25,CMOBL-150713,291,Subratkumar.Sahoo,0,0,0,0,1,0,0,0,0,0,0,0,J.Kumar,,
Q2 23' S2-Fatela jeb sil jayga,2023/04/11,2023/04/25,CMOBL-150713,292,Subratkumar.Sahoo,0,0,0,0,1,0,0,0,0,0,0,0,RaviM,,
Q2 23' S2-Fatela jeb sil jayga,2023/04/11,2023/04/25,CMOBL-151961,1104,Subratkumar.Sahoo,0,0,0,0,0,0,0,0,0,0,0,0,Prashant.Bansal,,
Q2 23' S2-Fatela jeb sil jayga,2023/04/11,2023/04/25,CMOBL-152619,289,Subratkumar.Sahoo,0,0,0,0,1,0,0,0,0,0,0,0,RaviM,,
Q2 23' S2-Fatela jeb sil jayga,2023/04/11,2023/04/25,CMOBL-152619,292,Subratkumar.Sahoo,0,0,0,0,0,0,0,0,0,0,0,0,RaviM,,
Q2 23' S2-Fatela jeb sil jayga,2023/04/11,2023/04/25,CMOBL-152619,17423,Subratkumar.Sahoo,0,0,0,0,1,0,0,0,0,0,0,0,RaviM,,
Q2 23' S2-Fatela jeb sil jayga,2023/04/11,2023/04/25,CMOBL-152748,3537,Subratkumar.Sahoo,0,0,0,0,1,0,0,0,0,0,0,0,Prashant.Bansal,,
Q2 23' S2-Fatela jeb sil jayga,2023/04/11,2023/04/25,CMOBL-152956,2,Subratkumar.Sahoo,0,0,0,0,1,0,0,0,0,0,0,0,J.Kumar,,
Q2 23' S2-Fatela jeb sil jayga,2023/04/11,2023/04/25,CMOBL-152956,292,Subratkumar.Sahoo,0,0,0,0,0,0,0,0,0,0,0,0,RaviM,,
Q2 23' S2-Fatela jeb sil jayga,2023/04/11,2023/04/25,CMOBL-153103,278,Subratkumar.Sahoo,0,0,0,0,1,0,0,0,0,0,0,0,Michael.Roscoe,,
Q2 23' S2-Fatela jeb sil jayga,2023/04/11,2023/04/25,CMOBL-153103,292,Subratkumar.Sahoo,0,0,0,0,0,0,0,0,0,0,0,0,RaviM,,
Q2 23' S2-Fatela jeb sil jayga,2023/04/11,2023/04/25,CMOBL-153109,1108,Subratkumar.Sahoo,0,0,0,0,1,0,0,0,0,0,0,0,J.Kumar,,
Q2 23' S2-Fatela jeb sil jayga,2023/04/11,2023/04/25,CMOBL-153244,2,Subratkumar.Sahoo,0,0,0,0,1,0,0,0,0,0,0,0,J.Kumar,,
Q2 23' S2-Fatela jeb sil jayga,2023/04/11,2023/04/25,HUB-73504,364,Subratkumar.Sahoo,481,131,649,299,0,4,0,1,1,4,0,0,Subratkumar.Sahoo,"1. We mock breakpoints to test something is getting rendered or not for that breakpoint. This test doesn't need breakpoint. Removing this. :+1:
2. Updated to show the expiry time in the warning alert.  ![Screenshot 2023-04-20 at 3.25.33 PM.png](attachment:24882/20148)
3. Discussed with PO to show HH:MM XM format
4. Added :white_check_mark:","1. HUB-73504: Order timeout alerts implementation for license and badgekit purchase
2. HUB-73504: pnpm generate
3. HUB-73504: Refactored code and added UT's
4. HUB-73504: Show specific time in order expiry warning alert and updated UT
5. HUB-73504: Added UT for useOrderTimeoutAlert hook
6. HUB-73504: Updated UT for useOrderTimeoutAlert hook"
Q2 23' S2-Fatela jeb sil jayga,2023/04/11,2023/04/25,HUB-74287,362,Subratkumar.Sahoo,154,102,154,102,0,1,0,1,1,1,0,0,Subratkumar.Sahoo,1. The changes was for `Numeric Selector` which has been unit tested in Carina.  Should we add an UT here too?,"1. HUB-74287: Reset additional license count when it’s disabled
2. HUB-74287: Added and fixed failing UT's"
Q2 23' S2-Fatela jeb sil jayga,2023/04/11,2023/04/25,HUB-90000,361,Subratkumar.Sahoo,0,0,0,0,1,0,0,0,0,0,0,0,MMenpadi,,
Q2 23' S2-Fatela jeb sil jayga,2023/04/11,2023/04/25,HUB-92744,1440,Subratkumar.Sahoo,0,0,0,0,0,0,0,0,0,0,0,0,VShyoran,,
Q2 23' S2-Fatela jeb sil jayga,2023/04/11,2023/04/25,HUB-92862,1440,Subratkumar.Sahoo,0,0,0,0,0,0,0,0,0,0,0,0,VShyoran,,
Q2 23' S2-Fatela jeb sil jayga,2023/04/11,2023/04/25,HUB-92862,1443,Subratkumar.Sahoo,0,0,0,0,1,0,0,0,0,0,0,0,VShyoran,,
Q2 23' S2-Fatela jeb sil jayga,2023/04/11,2023/04/25,HUB-95491,2714,Subratkumar.Sahoo,41,24,41,24,0,0,0,1,1,0,0,0,Subratkumar.Sahoo,,1. HUB-95491: Update content page exhibitor proxy login
Q2 23' S2-Fatela jeb sil jayga,2023/04/11,2023/04/25,HUB-95491,2722,Subratkumar.Sahoo,0,0,0,0,0,0,0,0,0,0,0,0,SMartin,,1. Pull request #2714: HUB-95491: Update content page exhibitor proxy login  Merge in PT/onsite-shared-components from feature/HUB-95491 to develop  * commit '2cc5e8dd30acaa46ac31de4e84f134fbe96618bd':    HUB-95491: Update content page exhibitor proxy login
Q2 23' S2-Fatela jeb sil jayga,2023/04/11,2023/04/25,HUB-95491,3455,Subratkumar.Sahoo,17,7,17,7,0,0,0,1,1,0,0,0,Subratkumar.Sahoo,,1. HUB-95491: Update content page exhibitor proxy login
Q2 23' S2-Fatela jeb sil jayga,2023/04/11,2023/04/25,HUB-95491,3461,Subratkumar.Sahoo,0,0,0,0,0,0,0,0,0,0,0,0,SMartin,,1. Pull request #3455: HUB-95491: Update content page exhibitor proxy login  Merge in PT/onsite-planner-portal from HUB-95491 to develop  * commit '2f073bf602b25bf94a037eb1172823a6aa28794a':    HUB-95491: Update content page exhibitor proxy login
Q2 23' S2-Fatela jeb sil jayga,2023/04/11,2023/04/25,CMOBL-146549,2693,Subratkumar.Sahoo,0,0,0,0,0,0,0,0,0,0,0,0,VKanaujia,,
Q2 23' S2-Fatela jeb sil jayga,2023/04/11,2023/04/25,CMOBL-146549,2707,Subratkumar.Sahoo,0,0,0,0,0,0,0,0,0,0,0,0,VKanaujia,,
Q2 23' S2-Fatela jeb sil jayga,2023/04/11,2023/04/25,CMOBL-150760,1099,Subratkumar.Sahoo,0,0,0,0,0,0,0,0,0,0,0,0,VKanaujia,,
Q2 23' S2-Fatela jeb sil jayga,2023/04/11,2023/04/25,CMOBL-150760,2716,Subratkumar.Sahoo,0,0,0,0,1,0,0,0,0,0,0,0,VKanaujia,,
Q2 23' S2-Fatela jeb sil jayga,2023/04/11,2023/04/25,CMOBL-150760,3453,Subratkumar.Sahoo,0,0,0,0,0,0,0,0,0,0,0,0,VKanaujia,,
Q2 23' S2-Fatela jeb sil jayga,2023/04/11,2023/04/25,CMOBL-152685,4,Subratkumar.Sahoo,0,0,0,0,1,0,0,0,0,0,1,0,KMahajan,,
Q2 23' S2-Fatela jeb sil jayga,2023/04/11,2023/04/25,CMOBL-152685,1105,Subratkumar.Sahoo,0,0,0,0,0,0,0,0,0,0,0,0,KMahajan,,
Q2 23' S2-Fatela jeb sil jayga,2023/04/11,2023/04/25,CMOBL-152752,3540,Subratkumar.Sahoo,0,0,0,0,1,0,0,0,0,0,0,0,KMahajan,,
Q2 23' S2-Fatela jeb sil jayga,2023/04/11,2023/04/25,HUB-53567,1465,Subratkumar.Sahoo,796,467,0,0,0,0,0,0,0,0,0,0,Subratkumar.Sahoo,,
Q2 23' S2-Fatela jeb sil jayga,2023/04/11,2023/04/25,HUB-76662,365,Subratkumar.Sahoo,0,0,0,0,1,0,0,0,0,0,0,0,VKanaujia,,
Q2 23' S2-Fatela jeb sil jayga,2023/04/11,2023/04/25,HUB-76665,369,Subratkumar.Sahoo,0,0,0,0,0,0,0,0,0,0,0,0,MMenpadi,,
Q2 23' S2-Fatela jeb sil jayga,2023/04/11,2023/04/25,HUB-76665,375,Subratkumar.Sahoo,0,0,0,0,0,0,0,0,0,0,0,0,MMenpadi,,
Q2 23' S2-Fatela jeb sil jayga,2023/04/11,2023/04/25,HUB-76667,365,Subratkumar.Sahoo,0,0,0,0,0,0,0,0,0,0,0,0,VKanaujia,,
Q2 23' S2-Fatela jeb sil jayga,2023/04/11,2023/04/25,HUB-76668,365,Subratkumar.Sahoo,0,0,0,0,0,0,0,0,0,0,0,0,VKanaujia,,
Q2 23' S2-Fatela jeb sil jayga,2023/04/11,2023/04/25,HUB-89439,375,Subratkumar.Sahoo,0,0,0,0,0,0,0,0,0,0,0,0,MMenpadi,,
Q2 23' S2-Fatela jeb sil jayga,2023/04/11,2023/04/25,HUB-89439,1442,Subratkumar.Sahoo,0,0,0,0,1,0,0,0,0,0,0,0,MMenpadi,,
Q2 23' S2-Fatela jeb sil jayga,2023/04/11,2023/04/25,HUB-89439,3541,Subratkumar.Sahoo,0,0,0,0,1,0,0,0,0,0,0,0,MMenpadi,,
Q2 23' S2-Fatela jeb sil jayga,2023/04/11,2023/04/25,HUB-92743,61,Subratkumar.Sahoo,0,0,0,0,0,0,0,0,0,0,0,0,VKanaujia,,
Q2 23' S2-Fatela jeb sil jayga,2023/04/11,2023/04/25,HUB-92743,62,Subratkumar.Sahoo,0,0,0,0,0,0,0,0,0,0,0,0,VKanaujia,,
Q2 23' S2-Fatela jeb sil jayga,2023/04/11,2023/04/25,HUB-92743,1448,Subratkumar.Sahoo,0,0,0,0,0,0,0,0,0,0,0,0,VKanaujia,,
Q2 23' S2-Fatela jeb sil jayga,2023/04/11,2023/04/25,HUB-92743,1449,Subratkumar.Sahoo,0,0,0,0,0,0,0,0,0,0,0,0,VKanaujia,,
Q2 23' S2-Fatela jeb sil jayga,2023/04/11,2023/04/25,HUB-96535,1444,Subratkumar.Sahoo,0,0,0,0,1,0,0,0,0,0,0,0,VKanaujia,,
Q2 23' S2-Fatela jeb sil jayga,2023/04/11,2023/04/25,PROD-164667,656,Subratkumar.Sahoo,0,0,0,0,1,0,0,0,0,0,0,0,Prashant.Bansal,,
Q2 23' S2-Fatela jeb sil jayga,2023/04/11,2023/04/25,PROD-164667,658,Subratkumar.Sahoo,0,0,0,0,0,0,0,0,0,0,0,0,Prashant.Bansal,,
Q2 23' S2-Fatela jeb sil jayga,2023/04/11,2023/04/25,PROD-164667,808,Subratkumar.Sahoo,0,0,0,0,0,0,0,0,0,0,0,0,Prashant.Bansal,,
Q2 23' S2-Fatela jeb sil jayga,2023/04/11,2023/04/25,PROD-164667,809,Subratkumar.Sahoo,0,0,0,0,0,0,0,0,0,0,0,0,Prashant.Bansal,,
Q2 23' S2-Fatela jeb sil jayga,2023/04/11,2023/04/25,PROD-164667,811,Subratkumar.Sahoo,0,0,0,0,0,0,0,0,0,0,0,0,Prashant.Bansal,,
Q2 23' S2-Fatela jeb sil jayga,2023/04/11,2023/04/25,PROD-164667,821,Subratkumar.Sahoo,0,0,0,0,1,0,0,0,0,0,0,0,Prashant.Bansal,,
Q2 23' S2-Fatela jeb sil jayga,2023/04/11,2023/04/25,PROD-164667,822,Subratkumar.Sahoo,0,0,0,0,1,0,0,0,0,0,0,0,Prashant.Bansal,,
Q2 23' S2-Fatela jeb sil jayga,2023/04/11,2023/04/25,PROD-164667,2719,Subratkumar.Sahoo,0,0,0,0,0,0,0,0,0,0,0,0,Prashant.Bansal,,
Q2 23' S2-Fatela jeb sil jayga,2023/04/11,2023/04/25,PROD-164667,3553,Subratkumar.Sahoo,0,0,0,0,0,0,0,0,0,0,0,0,Prashant.Bansal,,
Sprint Totals,,,,,,PR_ADDED: 1620,PR_REMOVED: 736,COMMIT_ADDED: 997,COMMIT_REMOVED: 442,APPROVED: 23,COMMENTED: 5,DECLINED: 0,MERGED: 5,OPENED: 5,RESCOPED: 8,UNAPPROVED: 1,UPDATED: 0,,,

Q2 23' S3,2023/04/25,2023/05/09,CMOBL-112323,3463,Subratkumar.Sahoo,191,17,249,75,0,0,0,1,1,2,0,0,Subratkumar.Sahoo,,"1. CMOBL-112323: Changes to show used and total licenses count of exhibitor in exhibitor list in EM
2. CMOBL-112323: Used correct imports
3. CMOBL-112323: Updated UT"
Q2 23' S3,2023/04/25,2023/05/09,CMOBL-112323,3464,Subratkumar.Sahoo,17,3,18,4,0,0,0,1,1,1,0,0,Subratkumar.Sahoo,,"1. CMOBL-112323: Fix for licenseData coming as undefined
2. CMOBL-112323: PR comment fix"
Q2 23' S3,2023/04/25,2023/05/09,CMOBL-112323,3472,Subratkumar.Sahoo,0,0,0,0,0,0,0,0,0,0,0,0,Shea.Sullivan,,"1. Pull request #3463: CMOBL-112323: Changes to show used and total licenses count of exhibitor in exhibitor list in EM  Merge in PT/onsite-planner-portal from CMOBL-112323 to develop  * commit 'c3e7acc1c994fe63f555237a808285b58df0e866':    CMOBL-112323: Updated UT    CMOBL-112323: Used correct imports    CMOBL-112323: Changes to show used and total licenses count of exhibitor in exhibitor list in EM
2. Pull request #3464: CMOBL-112323: Fix for licenseData coming as undefined  Merge in PT/onsite-planner-portal from CMOBL-112323 to develop  * commit 'bdf35649eef91443b4104585d2dc7c49970700e0':    CMOBL-112323: PR comment fix    CMOBL-112323: Fix for licenseData coming as undefined"
Q2 23' S3,2023/04/25,2023/05/09,CMOBL-146549,2693,Subratkumar.Sahoo,0,0,0,0,0,0,0,0,0,0,0,0,VKanaujia,,
Q2 23' S3,2023/04/25,2023/05/09,CMOBL-146549,2707,Subratkumar.Sahoo,0,0,0,0,0,0,0,0,0,0,0,0,VKanaujia,,
Q2 23' S3,2023/04/25,2023/05/09,CMOBL-150760,1099,Subratkumar.Sahoo,0,0,0,0,0,0,0,0,0,0,0,0,VKanaujia,,
Q2 23' S3,2023/04/25,2023/05/09,CMOBL-150760,2716,Subratkumar.Sahoo,0,0,0,0,0,0,0,0,0,0,0,0,VKanaujia,,
Q2 23' S3,2023/04/25,2023/05/09,CMOBL-150760,3453,Subratkumar.Sahoo,0,0,0,0,0,0,0,0,0,0,0,0,VKanaujia,,
Q2 23' S3,2023/04/25,2023/05/09,CMOBL-152752,3540,Subratkumar.Sahoo,0,0,0,0,0,0,0,0,0,0,0,0,KMahajan,,
Q2 23' S3,2023/04/25,2023/05/09,HUB-53567,1465,Subratkumar.Sahoo,796,467,8,3,0,0,0,0,1,0,0,0,Subratkumar.Sahoo,,"1. release/1.101.0: updating appFeature file as a part of release activity
2. HUB-96417: added changeset"
Q2 23' S3,2023/04/25,2023/05/09,HUB-73499,366,Subratkumar.Sahoo,62,9,3,3,0,0,0,1,0,1,0,0,Subratkumar.Sahoo,,1. HUB-73499: minor fix
Q2 23' S3,2023/04/25,2023/05/09,HUB-73499,367,Subratkumar.Sahoo,6,1,6,1,0,1,0,1,1,0,0,0,Subratkumar.Sahoo,"1. AdditionalLicenseCount state already has the value 0, so if NAN comes then it sets the value to 0 again and the component doesn't re-render to update the numeric selector input from NAN to 0.",1. HUB-73499: Fix for NAN in Additional licenses Numeric Selector
Q2 23' S3,2023/04/25,2023/05/09,HUB-76662,365,Subratkumar.Sahoo,0,0,0,0,0,0,0,0,0,0,0,0,VKanaujia,,
Q2 23' S3,2023/04/25,2023/05/09,HUB-76667,365,Subratkumar.Sahoo,0,0,0,0,0,0,0,0,0,0,0,0,VKanaujia,,
Q2 23' S3,2023/04/25,2023/05/09,HUB-76668,365,Subratkumar.Sahoo,0,0,0,0,0,0,0,0,0,0,0,0,VKanaujia,,
Q2 23' S3,2023/04/25,2023/05/09,HUB-90747,75,Subratkumar.Sahoo,0,0,0,0,1,0,0,0,0,0,0,0,Prashant.Bansal,,
Q2 23' S3,2023/04/25,2023/05/09,HUB-96532,503,Subratkumar.Sahoo,0,0,0,0,1,0,0,0,0,0,0,0,Prashant.Bansal,,
Q2 23' S3,2023/04/25,2023/05/09,HUB-96532,504,Subratkumar.Sahoo,0,0,0,0,0,0,0,0,0,0,0,0,Prashant.Bansal,,
Q2 23' S3,2023/04/25,2023/05/09,HUB-96535,1444,Subratkumar.Sahoo,0,0,0,0,0,0,0,0,0,0,0,0,VKanaujia,,
Q2 23' S3,2023/04/25,2023/05/09,PROD-164667,656,Subratkumar.Sahoo,0,0,0,0,0,0,0,0,0,0,0,0,Prashant.Bansal,,
Q2 23' S3,2023/04/25,2023/05/09,PROD-164667,658,Subratkumar.Sahoo,0,0,0,0,1,0,0,0,0,0,0,0,Prashant.Bansal,,
Q2 23' S3,2023/04/25,2023/05/09,PROD-164667,808,Subratkumar.Sahoo,0,0,0,0,1,0,0,0,0,0,0,0,Prashant.Bansal,,
Q2 23' S3,2023/04/25,2023/05/09,PROD-164667,809,Subratkumar.Sahoo,0,0,0,0,1,0,0,0,0,0,0,0,Prashant.Bansal,,
Q2 23' S3,2023/04/25,2023/05/09,PROD-164667,811,Subratkumar.Sahoo,0,0,0,0,0,0,0,0,0,0,0,0,Prashant.Bansal,,
Q2 23' S3,2023/04/25,2023/05/09,PROD-164667,821,Subratkumar.Sahoo,0,0,0,0,0,0,0,0,0,0,0,0,Prashant.Bansal,,
Q2 23' S3,2023/04/25,2023/05/09,PROD-164667,822,Subratkumar.Sahoo,0,0,0,0,0,0,0,0,0,0,0,0,Prashant.Bansal,,
Q2 23' S3,2023/04/25,2023/05/09,PROD-164667,2719,Subratkumar.Sahoo,0,0,0,0,1,0,0,0,0,0,0,0,Prashant.Bansal,,
Q2 23' S3,2023/04/25,2023/05/09,PROD-164667,3553,Subratkumar.Sahoo,0,0,0,0,1,0,0,0,0,0,0,0,Prashant.Bansal,,
Q2 23' S3,2023/04/25,2023/05/09,PROD-165690,387,Subratkumar.Sahoo,0,0,0,0,0,0,0,0,0,0,0,0,RaviM,,
Q2 23' S3,2023/04/25,2023/05/09,PROD-165690,385,Subratkumar.Sahoo,0,0,0,0,1,0,0,0,0,0,0,0,RaviM,,
Q2 23' S3,2023/04/25,2023/05/09,PROD-166009,9132,Subratkumar.Sahoo,0,0,0,0,1,0,0,0,0,0,0,0,MMenpadi,,
Q2 23' S3,2023/04/25,2023/05/09,CMOBL-152685,4,Subratkumar.Sahoo,0,0,0,0,0,0,0,0,0,0,0,0,KMahajan,,
Q2 23' S3,2023/04/25,2023/05/09,CMOBL-152685,1105,Subratkumar.Sahoo,0,0,0,0,0,2,0,0,0,0,0,0,KMahajan,"1. here also
2. please use correct constant name i.e. licenseEtag",
Q2 23' S3,2023/04/25,2023/05/09,CMOBL-153113,1,Subratkumar.Sahoo,0,0,0,0,0,0,0,0,0,0,0,0,J.Kumar,,
Q2 23' S3,2023/04/25,2023/05/09,CMOBL-153113,4,Subratkumar.Sahoo,0,0,0,0,0,0,0,0,0,0,0,0,J.Kumar,,
Q2 23' S3,2023/04/25,2023/05/09,CMOBL-153113,7,Subratkumar.Sahoo,0,0,0,0,0,0,0,0,0,0,0,0,J.Kumar,,
Q2 23' S3,2023/04/25,2023/05/09,CMOBL-153113,153,Subratkumar.Sahoo,0,0,0,0,0,0,0,0,0,0,0,0,J.Kumar,,
Q2 23' S3,2023/04/25,2023/05/09,CMOBL-153113,317,Subratkumar.Sahoo,0,0,0,0,0,0,0,0,0,0,0,0,J.Kumar,,
Q2 23' S3,2023/04/25,2023/05/09,CMOBL-153113,361,Subratkumar.Sahoo,0,0,0,0,0,0,0,0,0,0,0,0,J.Kumar,,
Q2 23' S3,2023/04/25,2023/05/09,CMOBL-153113,706,Subratkumar.Sahoo,0,0,0,0,0,0,0,0,0,0,0,0,J.Kumar,,
Q2 23' S3,2023/04/25,2023/05/09,CMOBL-153113,804,Subratkumar.Sahoo,0,0,0,0,0,0,0,0,0,0,0,0,J.Kumar,,
Q2 23' S3,2023/04/25,2023/05/09,CMOBL-153113,1264,Subratkumar.Sahoo,0,0,0,0,0,0,0,0,0,0,0,0,J.Kumar,,
Q2 23' S3,2023/04/25,2023/05/09,HUB-76665,369,Subratkumar.Sahoo,0,0,0,0,0,0,0,0,0,0,0,0,MMenpadi,,
Q2 23' S3,2023/04/25,2023/05/09,HUB-76665,375,Subratkumar.Sahoo,0,0,0,0,0,0,0,0,0,0,0,0,MMenpadi,,
Q2 23' S3,2023/04/25,2023/05/09,HUB-89439,375,Subratkumar.Sahoo,0,0,0,0,0,0,0,0,0,0,0,0,MMenpadi,,
Q2 23' S3,2023/04/25,2023/05/09,HUB-89439,1442,Subratkumar.Sahoo,0,0,0,0,0,0,0,0,0,0,0,0,MMenpadi,,
Q2 23' S3,2023/04/25,2023/05/09,HUB-89439,3541,Subratkumar.Sahoo,0,0,0,0,0,0,0,0,0,0,0,0,MMenpadi,,
Q2 23' S3,2023/04/25,2023/05/09,HUB-89999,374,Subratkumar.Sahoo,529,252,628,154,0,4,0,0,1,3,0,0,Subratkumar.Sahoo,"1. I was using it until the TW was provided :smile_cat: . However it was updated in the latest commit.
2. Yes, Planner can still set a video as featured.  ![image.png](attachment:24882/21025)
3. For the featured video toggle I will check with the PO once she is back and pick up tickets accordingly.
4. I agree with the points above but the scope of this ticket was to mark the video as featured.   If there is a change at the product end shouldn't that be addressed in a separate ticket?","1. HUB-89999: Implementation for featured video
2. HUB-89999: Down merge
3. HUB-89999: Refactored code
4. HUB-89999: Renamed mutation
5. HUB-89999: moved svg to component to use carina token and refactored code"
Q2 23' S3,2023/04/25,2023/05/09,HUB-90750,17691,Subratkumar.Sahoo,0,0,0,0,0,0,0,0,0,0,0,0,VShyoran,,
Q2 23' S3,2023/04/25,2023/05/09,HUB-92743,61,Subratkumar.Sahoo,0,0,0,0,0,0,0,0,0,0,0,0,VKanaujia,,
Q2 23' S3,2023/04/25,2023/05/09,HUB-92743,62,Subratkumar.Sahoo,0,0,0,0,0,0,0,0,0,0,0,0,VKanaujia,,
Q2 23' S3,2023/04/25,2023/05/09,HUB-92743,1448,Subratkumar.Sahoo,0,0,0,0,0,0,0,0,0,0,0,0,VKanaujia,,
Q2 23' S3,2023/04/25,2023/05/09,HUB-92743,1449,Subratkumar.Sahoo,0,0,0,0,0,0,0,0,0,0,0,0,VKanaujia,,
Q2 23' S3,2023/04/25,2023/05/09,HUB-96428,811,Subratkumar.Sahoo,0,0,0,0,0,0,0,0,0,0,0,0,Prashant.Bansal,,
Sprint Totals,,,,,,PR_ADDED: 1601,PR_REMOVED: 749,COMMIT_ADDED: 912,COMMIT_REMOVED: 240,APPROVED: 9,COMMENTED: 7,DECLINED: 0,MERGED: 4,OPENED: 5,RESCOPED: 7,UNAPPROVED: 0,UPDATED: 0,,,

Q2 23' S4,2023/05/09,2023/05/23,CMOBL-152685,4,Subratkumar.Sahoo,0,0,0,0,0,0,0,0,0,0,0,0,KMahajan,,
Q2 23' S4,2023/05/09,2023/05/23,CMOBL-152685,1105,Subratkumar.Sahoo,0,0,0,0,0,0,0,0,0,0,0,0,KMahajan,,
Q2 23' S4,2023/05/09,2023/05/23,CMOBL-153086,156,Subratkumar.Sahoo,0,0,0,0,1,0,0,0,0,0,0,0,J.Kumar,,
Q2 23' S4,2023/05/09,2023/05/23,CMOBL-153113,1,Subratkumar.Sahoo,0,0,0,0,1,0,0,0,0,0,0,0,J.Kumar,,
Q2 23' S4,2023/05/09,2023/05/23,CMOBL-153113,4,Subratkumar.Sahoo,0,0,0,0,1,0,0,0,0,0,0,1,J.Kumar,,
Q2 23' S4,2023/05/09,2023/05/23,CMOBL-153113,7,Subratkumar.Sahoo,0,0,0,0,2,0,0,0,0,0,0,1,J.Kumar,,
Q2 23' S4,2023/05/09,2023/05/23,CMOBL-153113,153,Subratkumar.Sahoo,0,0,0,0,1,0,0,0,0,0,0,0,J.Kumar,,
Q2 23' S4,2023/05/09,2023/05/23,CMOBL-153113,317,Subratkumar.Sahoo,0,0,0,0,1,0,0,0,0,0,0,0,J.Kumar,,
Q2 23' S4,2023/05/09,2023/05/23,CMOBL-153113,361,Subratkumar.Sahoo,0,0,0,0,1,0,0,0,0,0,0,0,J.Kumar,,
Q2 23' S4,2023/05/09,2023/05/23,CMOBL-153113,706,Subratkumar.Sahoo,0,0,0,0,1,0,0,0,0,0,0,0,J.Kumar,,
Q2 23' S4,2023/05/09,2023/05/23,CMOBL-153113,722,Subratkumar.Sahoo,0,0,0,0,0,0,0,0,0,0,0,0,SDowney,,1. Automatic merge from master -> develop  * commit '38bebedf31c1b28d2d96a6fd331280ed2a935849':    [gulp release] - prepare for next development iteration 9.1.1-SNAPSHOT    [gulp release] - prepare release user-api-9.1.0    HUB-99967: ran yarn prerelease
Q2 23' S4,2023/05/09,2023/05/23,CMOBL-153113,804,Subratkumar.Sahoo,0,0,0,0,1,0,0,0,0,0,0,0,J.Kumar,,
Q2 23' S4,2023/05/09,2023/05/23,CMOBL-153113,1264,Subratkumar.Sahoo,0,0,0,0,1,0,0,0,0,0,0,0,J.Kumar,,
Q2 23' S4,2023/05/09,2023/05/23,CMOBL-153740,294,Subratkumar.Sahoo,0,0,0,0,1,3,0,0,0,0,0,0,Prashant.Bansal,"1. Shouldn't this be a `private` method?
2. Here also.
3. We should also add an UT for Bad Request due to invalid file.",
Q2 23' S4,2023/05/09,2023/05/23,CMOBL-153748,378,Subratkumar.Sahoo,0,0,0,0,1,0,0,0,0,0,0,0,MMenpadi,,
Q2 23' S4,2023/05/09,2023/05/23,CMOBL-153835,120,Subratkumar.Sahoo,0,0,0,0,1,0,0,0,0,0,0,0,RaviM,,
Q2 23' S4,2023/05/09,2023/05/23,CMOBL-154095,1675,Subratkumar.Sahoo,8,3,9,4,0,0,0,1,1,2,0,0,Subratkumar.Sahoo,,"1. CMOBL-154095: Upgrade nodejs version
2. Applied suggestion
3. CMOBL-154095: ran yarn upgrade cvent-web-components"
Q2 23' S4,2023/05/09,2023/05/23,CMOBL-154095,1682,Subratkumar.Sahoo,648,120,0,0,0,0,0,0,0,0,0,0,Subratkumar.Sahoo,,
Q2 23' S4,2023/05/09,2023/05/23,CMOBL-154095,2726,Subratkumar.Sahoo,8,3,9,4,0,1,0,1,1,1,0,0,Subratkumar.Sahoo,1. Tried upgrading to 18 but encountered some issue and as assistant writing is on priority so we decided to go with 16.,"1. CMOBL-154095: Upgrade nodejs version
2. Applied suggestion"
Q2 23' S4,2023/05/09,2023/05/23,CMOBL-154095,2728,Subratkumar.Sahoo,6,1,6,1,0,0,0,1,1,0,0,0,Subratkumar.Sahoo,,"1. CMOBL-154095: Updated node version in configs file
2. CMOBL-154095: Added changeset"
Q2 23' S4,2023/05/09,2023/05/23,CMOBL-154095,2735,Subratkumar.Sahoo,1359,149,1055,126,0,0,0,0,0,0,0,0,Subratkumar.Sahoo,,"1. Pull request #2726: CMOBL-154095: Upgrade nodejs version to 16.x  Merge in PT/onsite-shared-components from CMOBL-154095 to develop  * commit 'd1c94120f009442c41a97f00413319a4aea6b333':    Applied suggestion    CMOBL-154095: Upgrade nodejs version
2. Pull request #2728: CMOBL-154095: Updated node version in configs file  Merge in PT/onsite-shared-components from CMOBL-154095 to develop  * commit '31fbf48aedfee38e6df2171c573b2a2e2f6c5a54':    CMOBL-154095: Added changeset    CMOBL-154095: Updated node version in configs file
3. HUB-98731: Changes to integrate writing assistant
4. HUB-98731: Added writing_assistant_ai experiment check and moved ThemeProvider to root level
5. HUB-98731: Added UT's
6. Pull request #2730: HUB-98731: Changes to integrate writing assistant  Merge in PT/onsite-shared-components from HUB-98731 to develop  * commit '048936eab3200c4e8fb7af15eb05ffc306e44c9a':    HUB-98731: Added UT's    HUB-98731: Added writing_assistant_ai experiment check and moved ThemeProvider to root level    HUB-98731: Changes to integrate writing assistant
7. HUB-98731: Upgraded writing assistant version to 0.1.17
8. Pull request #2732: HUB-98731: Upgraded writing assistant version to 0.1.17  Merge in PT/onsite-shared-components from HUB-98731 to develop  * commit '4ada0852eb7db8de6098fd6064877b05a338444e':    HUB-98731: Upgraded writing assistant version to 0.1.17"
Q2 23' S4,2023/05/09,2023/05/23,CMOBL-154095,3471,Subratkumar.Sahoo,8,3,41,36,0,3,0,1,1,2,0,0,Subratkumar.Sahoo,"1. It will get green once `onsite-shared-component` gets merged
2. These test failed while upgrading from 14->16
3. I updated these test as these were failing when I linked ""cvent-web-components"" in local. Reverted as they are now passing post `yarn upgrade cvent-web-components`","1. CMOBL-154095: Upgrade nodejs version
2. Applied suggestion
3. CMOBL-154095: Ran yarn upgrade cvent-web-components"
Q2 23' S4,2023/05/09,2023/05/23,CMOBL-154095,3477,Subratkumar.Sahoo,3007,4390,3015,4408,0,0,0,0,0,0,0,0,Subratkumar.Sahoo,,"1. Pull request #3471: CMOBL-154095: Upgrade nodejs version to 16.x  Merge in PT/onsite-planner-portal from CMOBL-154095 to develop  * commit '853f929b2df2e62f75e65efea3125efbef13b92e':    CMOBL-154095: Ran yarn upgrade cvent-web-components    Applied suggestion    CMOBL-154095: Upgrade nodejs version
2. HUB-98731: Changes to integrate writing assistant
3. HUB-98731: Added experiment check for writing_assistant_ai
4. HUB-98731: ran yarn upgrade
5. HUB-98731: updated UT's
6. HUB-98731: added eslint-config-nucleus devDependency
7. HUB-98731: fixed lint issue and upgraded writing assistant version
8. HUB-98731: develop downmerge, updated template and S606 config
9. Pull request #3473: HUB-98731: Changes to integrate writing assistant  Merge in PT/onsite-planner-portal from HUB-98731 to develop  * commit '480d02650009d53dbe0e21e49605eddf9a61a32c':    HUB-98731: fixed lint issue and upgraded writing assistant version    HUB-98731: added eslint-config-nucleus devDependency    HUB-98731: updated UT's    HUB-98731: ran yarn upgrade    HUB-98731: Added experiment check for writing_assistant_ai    HUB-98731: Changes to integrate writing assistant"
Q2 23' S4,2023/05/09,2023/05/23,HUB-76665,369,Subratkumar.Sahoo,0,0,0,0,1,0,0,0,0,0,0,0,MMenpadi,,
Q2 23' S4,2023/05/09,2023/05/23,HUB-76665,375,Subratkumar.Sahoo,0,0,0,0,1,2,0,0,0,0,0,0,MMenpadi,"1. missing test name
2. use carina token for border radius.  `size.border.radius.fiveX`",
Q2 23' S4,2023/05/09,2023/05/23,HUB-76671,379,Subratkumar.Sahoo,1141,124,1387,370,0,5,0,1,1,7,0,0,Subratkumar.Sahoo,"1. Have added these as we will be using them in the E2E once our add file functionality is added which we have planned for next sprint.
2. Checked the behaviour in EM and have added the confirmation modal.
3. As there was difference in timezone so UT's were failing. Now I have updated the package.json to use UTC timezone for UT's.
4. Have tried but that doesn't render.
5. `The label text to display above the input`   As per Figma we need to show it in line.","1. HUB-76671: added edit file functionality
2. HUB-76671: updated UT
3. HUB-76671: Added Exit confirmation modal and fixed PR comments
4. HUB-76671: Renamed file and updated exit confirmation modal css
5. HUB-76671: Refactored code
6. HUB-76671: used aria-labelledby and updated UT
7. HUB-76671: refactored code
8. HUB-76671: resolved merge conflict"
Q2 23' S4,2023/05/09,2023/05/23,HUB-89439,375,Subratkumar.Sahoo,0,0,0,0,0,0,0,0,0,0,0,0,MMenpadi,,
Q2 23' S4,2023/05/09,2023/05/23,HUB-89439,1442,Subratkumar.Sahoo,0,0,0,0,0,0,0,0,0,0,0,0,MMenpadi,,
Q2 23' S4,2023/05/09,2023/05/23,HUB-89439,3541,Subratkumar.Sahoo,0,0,0,0,0,0,0,0,0,0,0,0,MMenpadi,,
Q2 23' S4,2023/05/09,2023/05/23,HUB-89999,374,Subratkumar.Sahoo,529,252,0,0,0,0,0,0,0,0,0,0,Subratkumar.Sahoo,,
Q2 23' S4,2023/05/09,2023/05/23,HUB-96417,219,Subratkumar.Sahoo,861,151,5,0,0,0,0,1,1,0,0,0,Subratkumar.Sahoo,,1. HUB-96417: Added release changeset
Q2 23' S4,2023/05/09,2023/05/23,HUB-96417,240,Subratkumar.Sahoo,0,0,0,0,0,0,0,0,0,0,0,0,SBundale,,1. Pull request #219: HUB-96417: phraseapp changes  Merge in AX/language-management from hub-96417-phraseapp to master  * commit '7c4d44d1bea7af0e4a9f1eb555bc3108b83b0881':    HUB-96417: Added release changeset    HUB-96417: phraseapp changes
Q2 23' S4,2023/05/09,2023/05/23,HUB-96417,1465,Subratkumar.Sahoo,796,467,0,0,0,0,0,1,0,0,0,0,Subratkumar.Sahoo,,
Q2 23' S4,2023/05/09,2023/05/23,HUB-96417,1473,Subratkumar.Sahoo,66,81,7,0,0,0,0,0,1,0,0,0,Subratkumar.Sahoo,,"1. Pull request #1465: Release/1.101.0  Merge in AX/attendee-experience-builder from release/1.101.0 to master  * commit '2c74cb4a06b1db3324dcb5225c5391dcfd6bfe4d': (43 commits)    HUB-96417: added changeset    release/1.101.0: updating appFeature file as a part of release activity    HUB-97991: Updated the rich-text-editor and writing assistant version    HUB-84781: Updated snapshots    HUB-53567: added automation test for single weblink card for internal link type    HUB-84781: Updated feature flag name and fixed left nav route    HUB-84781: Added changeset    HUB-84781: Updated terminology for Banners and Pages tab    PROD-163385: update carina to 1.51.4    PROD-163385: rollback carina package upgrade and revert changes to unit tests    NA-0 Fix Snax E2E tests    HUB-84671: Fixed linting errors    HUB-98019: downmerge release 1.100.0    HUB-84671: Fixed linting errors    Added changeset and added condition for onDemand flag feature in automation    added automation for onDemand, Fixed issue of quicklink for onDemand    PROD-163385: update unit test to use * instead of required    HUB-98072: Remove community card from home screen scheduler    HUB-84671: Added changeset    HUB-84671: Added automations for onDemand    ...
2. Merge remote-tracking branch 'origin/master' into downmerge/1.101.0
3. HUB-96417: downmerge release 1.101.0"
Q2 23' S4,2023/05/09,2023/05/23,HUB-96417,9242,Subratkumar.Sahoo,108,179,7,0,0,0,0,0,1,0,0,0,Subratkumar.Sahoo,,"1. Pull request #9219: Release/2.15.0  Merge in AX/attendee-experience-web from release/2.15.0 to master  * commit '7df9b2b401b28d888d9a853a315fcc85ae56c80e': (110 commits)    HUB-96475 Add comment    HUB-96475 Updating factDefinition snapshot    HUB-96475 Adding AttendeeActivities to createRoom fact    PROD-165888: PR feedback, swapping to next head for page title, generalize Simple Error component    CMOBL-153985: Gate new embedded reg form on bvt landing page test    PROD-165205: Added cursor type pointer to 3 dot menu    PROD-165888: Fix missing landmark for error pages, add e2e for additional error pages and assigned to yellowish    HUB-91000: Fixing Chat Container Resize Bug    HUB-77722: query refactoring    HUB-80480 Fix useInfiniteScroll hook so it does not trigger so often    HUB-97171: update selector for safari line clamp    Change embed registration on landing page feature flag variant to 1000    HUB-98019: downmerge release 2.14.0    WEBINAR-8616: Updated Solution type name to 'Embedded Cvent Studio'.    WEBINAR-7132: added changeset    WEBINAR-7132: allowed text input to expand and removed extra whitespace    HUB-77722: fixed broken ActionContainer UTs    PROD-165835: Update SessionBanner component aspect ratio to the recommended 1874 / 320 size.    HUB-87782: Remove MockedProvider and repace discussions.json fixture with updated discussions    HUB-77722: prettier types    ...
2. Merge remote-tracking branch 'origin/master' into downmerge/2.15.0
3. HUB-96417: downmerge release 2.15.0"
Q2 23' S4,2023/05/09,2023/05/23,HUB-96428,811,Subratkumar.Sahoo,0,0,0,0,1,0,0,0,0,0,0,0,Prashant.Bansal,,
Q2 23' S4,2023/05/09,2023/05/23,HUB-97154,504,Subratkumar.Sahoo,0,0,0,0,1,0,0,0,0,0,0,0,Prashant.Bansal,,
Q2 23' S4,2023/05/09,2023/05/23,HUB-97154,1414,Subratkumar.Sahoo,0,0,0,0,1,0,0,0,0,0,0,0,Prashant.Bansal,,
Q2 23' S4,2023/05/09,2023/05/23,HUB-98731,2730,Subratkumar.Sahoo,1000,76,0,0,0,3,0,1,1,2,0,0,Subratkumar.Sahoo,"1. It is expected to be behave like this.   Writing assistant S606 link: https://writing-assistant.core.cvent.org/  ![image.png](attachment:3339/21518)   Also have attached screenshots with `Writing Assistant` button in PR description.
2. I tried mocking CventWritingAssistant.  `jest.mock('@cvent/writing-assistant-component', () => <div>Writing assistant</div>);`  All I can see is `<iframe name="""" src=""undefined/feature"" />`  Is there something that I am missing or doing wrong?
3. As per this thread, https://cvent.slack.com/archives/C0513G5HWE5/p1684163373794819?thread_ts=1684159243.176069&cid=C0513G5HWE5 we won't be doing a cvii check.  Found writing assistant to be visible when genric `writing_assistant_ai` experiment was disabled and `exhibitor_management_writing_assistant` experiment as enabled.  ![image.png](attachment:3339/21543)   So, we will be going with two experiment check  1) generic  `writing_assistant_ai` experiment.  2) `exhibitor_management_writing_assistant` experiment.",
Q2 23' S4,2023/05/09,2023/05/23,HUB-98731,2732,Subratkumar.Sahoo,10,5,0,0,0,0,0,1,1,0,0,0,Subratkumar.Sahoo,,
Q2 23' S4,2023/05/09,2023/05/23,HUB-98731,2735,Subratkumar.Sahoo,1359,149,0,0,0,0,0,0,0,0,0,0,Subratkumar.Sahoo,,
Q2 23' S4,2023/05/09,2023/05/23,HUB-98731,3473,Subratkumar.Sahoo,2459,4246,0,0,0,2,0,1,1,6,0,0,Subratkumar.Sahoo,"1. This PR will be merged after merging shared-components PR .  https://stash.cvent.net/projects/PT/repos/onsite-shared-components/pull-requests/2730/overview
2. PR: https://stash.cvent.net/projects/PT/repos/onsite-shared-components/pull-requests/2732/overview",
Q2 23' S4,2023/05/09,2023/05/23,HUB-98731,3477,Subratkumar.Sahoo,3007,4390,0,0,0,0,0,0,0,0,0,0,Subratkumar.Sahoo,,
Q2 23' S4,2023/05/09,2023/05/23,HUB-99967,707,Subratkumar.Sahoo,37,2,54,19,0,2,0,1,1,2,0,0,Subratkumar.Sahoo,"1. I was unaware of this use case. Will move this outside `core__` check.
2. Here is the thread regarding the cookies issue.  https://cvent.slack.com/archives/C0513G5HWE5/p1684325569316589","1. HUB-99967: Grant authorisation to writing assistant and add environment to metadata
2. HUB-99967: Updated UT
3. HUB-99967: Updated grantedAuthorizations for Exhibitor Admin
4. HUB-99967: Updated UT"
Q2 23' S4,2023/05/09,2023/05/23,HUB-99967,709,Subratkumar.Sahoo,44,13,48,17,0,0,0,1,1,2,0,0,Subratkumar.Sahoo,,"1. HUB-99967: Updated postman for writing assistant authorization
2. HUB-99967: updated postman
3. HUB-99967: updated postman"
Q2 23' S4,2023/05/09,2023/05/23,HUB-99967,710,Subratkumar.Sahoo,210,104,14,26,0,0,0,1,1,0,0,0,Subratkumar.Sahoo,,"1. Pull request #707: HUB-99967: Grant authorisation to writing assistant and add environment to metadata  Merge in PT/user-api from HUB-99967 to develop  * commit '4d4ac767616d0ec5e40708b3522b9a36d8d2106a':    HUB-99967: Updated UT    HUB-99967: Updated grantedAuthorizations for Exhibitor Admin    HUB-99967: Updated UT    HUB-99967: Grant authorisation to writing assistant and add environment to metadata
2. Pull request #709: HUB-99967: Updated postman for writing assistant authorization  Merge in PT/user-api from HUB-99967 to develop  * commit '36565ea1158e7b0793e7f401c8b97343850419af':    HUB-99967: updated postman    HUB-99967: updated postman    HUB-99967: Updated postman for writing assistant authorization
3. HUB-99967: ran yarn prerelease"
Q2 23' S4,2023/05/09,2023/05/23,PROD-166333,380,Subratkumar.Sahoo,0,0,0,0,1,0,0,0,0,0,0,0,MMenpadi,,
Q2 23' S4,2023/05/09,2023/05/23,PROD-167178,1111,Subratkumar.Sahoo,0,0,0,0,1,0,0,0,0,0,0,0,J.Kumar,,
Q2 23' S4,2023/05/09,2023/05/23,PROD-168013,296,Subratkumar.Sahoo,0,0,0,0,1,0,0,0,0,0,0,0,Prashant.Bansal,,
Q2 23' S4,2023/05/09,2023/05/23,PROD-168013,298,Subratkumar.Sahoo,0,0,0,0,0,0,0,0,0,0,0,0,VShyoran,,
Q2 23' S4,2023/05/09,2023/05/23,CMOBL-153241,295,Subratkumar.Sahoo,0,0,0,0,1,0,0,0,0,0,0,0,KMahajan,,
Q2 23' S4,2023/05/09,2023/05/23,HUB-89435,369,Subratkumar.Sahoo,0,0,0,0,0,0,0,0,0,0,0,0,MMenpadi,,
Q2 23' S4,2023/05/09,2023/05/23,HUB-90750,17691,Subratkumar.Sahoo,0,0,0,0,0,0,0,0,0,0,0,0,VShyoran,,
Q2 23' S4,2023/05/09,2023/05/23,HUB-92743,61,Subratkumar.Sahoo,0,0,0,0,1,0,0,0,0,0,0,0,VKanaujia,,
Q2 23' S4,2023/05/09,2023/05/23,HUB-92743,62,Subratkumar.Sahoo,0,0,0,0,1,0,0,0,0,0,0,0,VKanaujia,,
Q2 23' S4,2023/05/09,2023/05/23,HUB-92743,1448,Subratkumar.Sahoo,0,0,0,0,0,0,0,0,0,0,0,0,VKanaujia,,
Q2 23' S4,2023/05/09,2023/05/23,HUB-92743,1449,Subratkumar.Sahoo,0,0,0,0,0,0,0,0,0,0,0,0,VKanaujia,,
Q2 23' S4,2023/05/09,2023/05/23,HUB-92905,381,Subratkumar.Sahoo,0,0,0,0,0,0,0,0,0,0,0,0,VKanaujia,,
Sprint Totals,,,,,,PR_ADDED: 16671,PR_REMOVED: 14908,COMMIT_ADDED: 5657,COMMIT_REMOVED: 5011,APPROVED: 25,COMMENTED: 21,DECLINED: 0,MERGED: 13,OPENED: 14,RESCOPED: 24,UNAPPROVED: 0,UPDATED: 2,,,

Q2 23' S5,2023/05/23,2023/06/06,CMOBL-150913,2,Subratkumar.Sahoo,0,0,0,0,0,0,0,0,0,0,0,0,J.Kumar,,
Q2 23' S5,2023/05/23,2023/06/06,CMOBL-150913,1112,Subratkumar.Sahoo,0,0,0,0,1,0,0,0,0,0,1,0,J.Kumar,,
Q2 23' S5,2023/05/23,2023/06/06,CMOBL-153241,295,Subratkumar.Sahoo,0,0,0,0,0,0,0,0,0,0,0,0,KMahajan,,
Q2 23' S5,2023/05/23,2023/06/06,HUB-87696,385,Subratkumar.Sahoo,184,2,241,59,0,0,0,1,1,3,0,0,Subratkumar.Sahoo,,"1. HUB-87696: Implement download all files
2. HUB-87696: fixed PR comment
3. HUB-87696: Renamed a variable
4. HUB-87696: Added assertion for location.href"
Q2 23' S5,2023/05/23,2023/06/06,HUB-89435,369,Subratkumar.Sahoo,0,0,0,0,0,0,0,0,0,0,0,0,MMenpadi,,
Q2 23' S5,2023/05/23,2023/06/06,HUB-90750,17691,Subratkumar.Sahoo,0,0,0,0,1,0,0,0,0,0,0,0,VShyoran,,
Q2 23' S5,2023/05/23,2023/06/06,HUB-92743,61,Subratkumar.Sahoo,0,0,0,0,0,0,0,0,0,0,0,0,VKanaujia,,
Q2 23' S5,2023/05/23,2023/06/06,HUB-92743,62,Subratkumar.Sahoo,0,0,0,0,0,0,0,0,0,0,0,0,VKanaujia,,
Q2 23' S5,2023/05/23,2023/06/06,HUB-92743,1448,Subratkumar.Sahoo,0,0,0,0,1,0,0,0,0,0,0,0,VKanaujia,,
Q2 23' S5,2023/05/23,2023/06/06,HUB-92743,1449,Subratkumar.Sahoo,0,0,0,0,1,0,0,0,0,0,0,1,VKanaujia,,
Q2 23' S5,2023/05/23,2023/06/06,HUB-92905,381,Subratkumar.Sahoo,0,0,0,0,1,0,0,0,0,1,0,0,VKanaujia,,1. Merge branch 'master' of ssh://stash.cvent.net:7999/pt/onsite-exhibitor-portal-nx into HUB-92905
Q2 23' S5,2023/05/23,2023/06/06,HUB-95079,78,Subratkumar.Sahoo,0,0,0,0,0,4,0,0,0,0,0,0,VShyoran,"1. [nit] Created At
2. Update java doc
3. Update java doc
4. ```suggestion   * Repository for Attendee Click Tracking  ```",
Q2 23' S5,2023/05/23,2023/06/06,HUB-98732,2735,Subratkumar.Sahoo,1359,149,179,43,0,0,0,1,1,1,0,0,Subratkumar.Sahoo,,"1. HUB-98732: ran yarn prerelease
2. HUB-98732: updated registry in package.json
3. HUB-98732: added @cvent/logging to dev dependency for writing assistant
4. HUB-98732: ran yarn prerelease"
Q2 23' S5,2023/05/23,2023/06/06,HUB-98732,2736,Subratkumar.Sahoo,173,37,0,0,0,0,0,1,1,0,0,0,Subratkumar.Sahoo,,1. Pull request #2735: Release/10.2.0  Merge in PT/onsite-shared-components from release/10.2.0 to master  * commit '89f1187f331803c90ba61b8a86a3258cc1bf898b': (22 commits)    HUB-98732: ran yarn prerelease    HUB-98732: added @cvent/logging to dev dependency for writing assistant    HUB-98732: updated registry in package.json    HUB-98732: ran yarn prerelease    addressing more comments    removing unnecessary code according to PR comment    running changeset    fixing small issue found in testing    HUB-98731: Upgraded writing assistant version to 0.1.17    running changeset    fixed unit test because of PR comments    HUB-98731: Added UT's    HUB-98731: Added writing_assistant_ai experiment check and moved ThemeProvider to root level    NA-0: Update Filestack to resolve console errors in file picker    HUB-98731: Changes to integrate writing assistant    fixing a small bug issue and a comment from the PR    adding unit tests    fixing issues found in testing    CMOBL-154095: Added changeset    CMOBL-154095: Updated node version in configs file    ...
Q2 23' S5,2023/05/23,2023/06/06,HUB-98732,3477,Subratkumar.Sahoo,3007,4390,234,181,0,2,0,1,1,1,0,0,Subratkumar.Sahoo,"1. writing-assistant version got upgraded from 0.1.17 to 0.1.19 so UT's are failing, looking into it.
2. Upgrading to 0.1.19 will required logging setup in our project, will take a dedicated ticket for it to add that support. This time we will be doing a release with 0.1.17.","1. HUB-98732:ran yarn prerelease and yarn upgrade cvent-web-components
2. HUB-98732: ran upgrade cvent-web-components"
Q2 23' S5,2023/05/23,2023/06/06,HUB-98732,3480,Subratkumar.Sahoo,0,0,0,0,0,0,0,0,0,0,0,0,Shea.Sullivan,,1. Pull request #3477: Release/3.3.0  Merge in PT/onsite-planner-portal from release/3.3.0 to master  * commit 'a74a21a0823f4031288cf99f7f87f364b60244b1': (21 commits)    HUB-98732: ran upgrade cvent-web-components    HUB-98732:ran yarn prerelease and yarn upgrade cvent-web-components    fixing lint errors    fixing unit test failures    fixing unit test failures    running changeset    upgrading components    Fix failing snapshot    Set version back to dev    HUB-98731: fixed lint issue and upgraded writing assistant version    HUB-98731: added eslint-config-nucleus devDependency    fixing config file issues    running changeset    upgrading components    HUB-98731: updated UT's    HUB-98731: ran yarn upgrade    HUB-98731: Added experiment check for writing_assistant_ai    HUB-98731: Changes to integrate writing assistant    CMOBL-154095: Ran yarn upgrade cvent-web-components    Applied suggestion    ...
Q2 23' S5,2023/05/23,2023/06/06,HUB-99887,1450,Subratkumar.Sahoo,0,0,0,0,1,1,0,0,0,0,0,0,Prashant.Bansal,1. Shouldn't we specify the actual entity e.g. `When the file / file order was last updated.`?,
Q2 23' S5,2023/05/23,2023/06/06,HUB-100250,374,Subratkumar.Sahoo,529,252,200,343,0,3,0,1,0,5,0,0,Subratkumar.Sahoo,"1. The card dragged moves back to its original position. 😁
2. [Screen Recording 2023-05-25 at 11.34.11 PM.mov](attachment:24882/22149)
3. I have moved `featureVideo` mutation to `orderContent` mutation and renamed it to `orderContentAndFeatureVideoMutation`.","1. HUB-100250: Resolved merge conflict
2. HUB-100250: Refactored code and added missing fields to video
3. HUB-100250: moved featured video mutation to orderContent mutation
4. HUB-100250: Resolved merge conflicts
5. HUB-89999: Resolved merge conflicts"
Q2 23' S5,2023/05/23,2023/06/06,PROD-166323,384,Subratkumar.Sahoo,6,1,6,1,0,1,0,1,1,0,0,0,Subratkumar.Sahoo,1. Added in PR description.,1. PROD-166323: Handled undefined purchasedBy if profile info is not found
Q2 23' S5,2023/05/23,2023/06/06,PROD-168222,73,Subratkumar.Sahoo,0,0,0,0,1,0,0,0,0,0,0,0,VShyoran,,
Q2 23' S5,2023/05/23,2023/06/06,PROD-168222,3580,Subratkumar.Sahoo,0,0,0,0,1,0,0,0,0,0,0,0,VShyoran,,
Q2 23' S5,2023/05/23,2023/06/06,PROD-168226,301,Subratkumar.Sahoo,0,0,0,0,1,0,0,0,0,0,0,0,VShyoran,,
Q2 23' S5,2023/05/23,2023/06/06,CMOBL-153087,169,Subratkumar.Sahoo,0,0,0,0,1,0,0,0,0,0,0,1,KMahajan,,
Q2 23' S5,2023/05/23,2023/06/06,CMOBL-153110,115,Subratkumar.Sahoo,0,0,0,0,0,0,0,0,0,0,0,0,renovatebotman,,
Q2 23' S5,2023/05/23,2023/06/06,CMOBL-153110,271,Subratkumar.Sahoo,0,0,0,0,0,0,0,0,0,0,0,0,renovatebotman,,
Q2 23' S5,2023/05/23,2023/06/06,HUB-76672,391,Subratkumar.Sahoo,590,24,815,116,0,9,0,0,1,1,0,0,Subratkumar.Sahoo,"1. Video Name and Thumbnail is taken care by the SUL. So in NX we just need to take care of the hidden flag.
2. We have a Generic component(ContentListItem) for Videos, Files and Links which has this menu.
3. Access Token will not be returned in case of a failure from datasource and in such scenarios we show the general error page.
4. ![image.png](attachment:24882/22734)   Using `network-only` as we need to fetch the latest data. It also updates the cache.
5. The mutation is of PVS so it doesn't updates the EPV2 cache. So had to use `network-only`.
6. In the Edit Panel one can just replace the thumbnail and close the panel. So we need to refetch to update the UI with the updated thumbnail
7. Yes, thumbnail gets saved immediately without clicking on the save button. However for `hidden` and `video name` save button needs to be clicked.
8. Yes, we do show a success or a failure alert for the thumbnail update.  ![image.png](attachment:24882/22843)
9. Slack Thread: https://cvent.slack.com/archives/C035Z7CE6KE/p1686257288737519","1. HUB-76672: Implementation for Edit Video and Added E2E
2. HUB-76672: master pull
3. HUB-76672: generated types
4. HUB-76672: updated comment
5. HUB-76672: removed redundant state"
Q2 23' S5,2023/05/23,2023/06/06,HUB-76672,400,Subratkumar.Sahoo,0,0,0,0,1,0,0,0,0,0,0,1,MMenpadi,,
Q2 23' S5,2023/05/23,2023/06/06,HUB-92746,390,Subratkumar.Sahoo,0,0,0,0,0,6,0,0,0,0,0,0,MMenpadi,"1. Please use the exported `ALLOWED_FILE_TYPES` from FileUpload.
2. ```suggestion    const [getS3PreSignedURL] = useMutation(getFileUploadPreSignedUrl);  ```
3. nit: `font.base.size[1]`
4. These error codes are used being checked at multiple places. Can we create constants for these?
5. nit: `0.875rem` => `14px`
6. Why are we enabling submit button when uploadStatus is `FAILED`?",
Q2 23' S5,2023/05/23,2023/06/06,HUB-92746,3584,Subratkumar.Sahoo,0,0,0,0,1,1,0,0,0,0,0,0,MMenpadi,1. Can you confirm if policy is not a part of the url?,
Q2 23' S5,2023/05/23,2023/06/06,HUB-92746,17741,Subratkumar.Sahoo,0,0,0,0,1,0,0,0,0,0,0,0,MMenpadi,,
Q2 23' S5,2023/05/23,2023/06/06,HUB-99888,508,Subratkumar.Sahoo,0,0,0,0,1,0,0,0,0,0,0,0,Prashant.Bansal,,
Q2 23' S5,2023/05/23,2023/06/06,HUB-99888,509,Subratkumar.Sahoo,0,0,0,0,1,0,0,0,0,0,0,0,Prashant.Bansal,,
Q2 23' S5,2023/05/23,2023/06/06,HUB-99888,1419,Subratkumar.Sahoo,0,0,0,0,1,1,0,0,0,0,0,0,Prashant.Bansal,1. Shouldn't this be of type TIMESTAMP?,
Q2 23' S5,2023/05/23,2023/06/06,HUB-99888,1431,Subratkumar.Sahoo,0,0,0,0,0,0,0,0,0,0,0,0,Prashant.Bansal,,
Q2 23' S5,2023/05/23,2023/06/06,HUB-100293,387,Subratkumar.Sahoo,0,0,0,0,0,0,0,0,0,0,0,0,VSingla,,
Q2 23' S5,2023/05/23,2023/06/06,HUB-100293,1680,Subratkumar.Sahoo,0,0,0,0,0,2,0,0,0,0,0,0,VSingla,"1. Please add an assertion that something is visible on the screen before asserting something is not present.
2. Please add an UT for Content Tab to be visible when `exhibitorContentManagement` is enabled",
Sprint Totals,,,,,,PR_ADDED: 5848,PR_REMOVED: 4855,COMMIT_ADDED: 1675,COMMIT_REMOVED: 743,APPROVED: 16,COMMENTED: 30,DECLINED: 0,MERGED: 6,OPENED: 6,RESCOPED: 12,UNAPPROVED: 1,UPDATED: 3,,,

Q2 23'S6-Y to sch h k bhagwn h,2023/06/06,2023/06/20,CMOBL-152280,81,Subratkumar.Sahoo,0,0,0,0,1,0,0,0,0,0,0,0,KMahajan,,
Q2 23'S6-Y to sch h k bhagwn h,2023/06/06,2023/06/20,CMOBL-153486,179,Subratkumar.Sahoo,0,0,0,0,1,0,0,0,0,0,0,0,J.Kumar,,
Q2 23'S6-Y to sch h k bhagwn h,2023/06/06,2023/06/20,CMOBL-153524,394,Subratkumar.Sahoo,72,50,119,97,0,3,0,1,1,2,0,0,Subratkumar.Sahoo,"1. Slack Thread: https://cvent.slack.com/archives/CH0A0G9SN/p1686197034448579?thread_ts=1683032049.416499&cid=CH0A0G9SN  As per discussion with product, we will be removing the ""Add your company"" link from the banner also.
2. Yes, the planners can still send exhibitors a self-signup link that will take them through the signup flow.
3. Sign-up flow still uses the old portal url. Should this end up in EPv2?","1. CMOBL-153524: Removed `Add your company` link from login
2. CMOBL-153524: Updated exhibitorSelfSignUp E2E
3. CMOBL-153524: Refactored Code"
Q2 23'S6-Y to sch h k bhagwn h,2023/06/06,2023/06/20,CMOBL-155061,4,Subratkumar.Sahoo,0,0,0,0,0,0,0,0,0,0,0,1,VShyoran,,
Q2 23'S6-Y to sch h k bhagwn h,2023/06/06,2023/06/20,CMOBL-155062,3587,Subratkumar.Sahoo,0,0,0,0,1,0,0,0,0,0,0,0,VShyoran,,
Q2 23'S6-Y to sch h k bhagwn h,2023/06/06,2023/06/20,CMOBL-155106,307,Subratkumar.Sahoo,0,0,0,0,0,0,0,0,0,0,0,0,VShyoran,,
Q2 23'S6-Y to sch h k bhagwn h,2023/06/06,2023/06/20,CMOBL-155106,17868,Subratkumar.Sahoo,0,0,0,0,1,0,0,0,0,0,0,0,VShyoran,,
Q2 23'S6-Y to sch h k bhagwn h,2023/06/06,2023/06/20,HUB-76672,391,Subratkumar.Sahoo,590,24,20,21,0,0,0,1,0,7,0,0,Subratkumar.Sahoo,,"1. HUB-76672: fixed PR comments
2. HUB-76672: minor fixes
3. HUB-76672: added fetchPolicy
4. HUB-76672: Added a comment for using network-only as fetchPolicy
5. HUB-76672: Added a comment for Edit Video Panel Behaviour
6. HUB-76672: Using no-cache as fetchPolicy for getVideoUploadAuthToken
7. HUB-76672: Resolved merge conflict"
Q2 23'S6-Y to sch h k bhagwn h,2023/06/06,2023/06/20,HUB-76672,400,Subratkumar.Sahoo,0,0,0,0,0,0,0,0,0,0,0,0,MMenpadi,,
Q2 23'S6-Y to sch h k bhagwn h,2023/06/06,2023/06/20,HUB-92746,390,Subratkumar.Sahoo,0,0,0,0,1,0,0,0,0,0,0,0,MMenpadi,,
Q2 23'S6-Y to sch h k bhagwn h,2023/06/06,2023/06/20,HUB-92746,3584,Subratkumar.Sahoo,0,0,0,0,0,0,0,0,0,0,0,0,MMenpadi,,
Q2 23'S6-Y to sch h k bhagwn h,2023/06/06,2023/06/20,HUB-92746,17741,Subratkumar.Sahoo,0,0,0,0,0,0,0,0,0,0,0,0,MMenpadi,,
Q2 23'S6-Y to sch h k bhagwn h,2023/06/06,2023/06/20,HUB-98619,3590,Subratkumar.Sahoo,0,0,0,0,0,0,0,0,0,0,0,0,MMenpadi,,
Q2 23'S6-Y to sch h k bhagwn h,2023/06/06,2023/06/20,HUB-98619,3611,Subratkumar.Sahoo,1137,523,0,0,0,0,0,0,0,0,0,0,Subratkumar.Sahoo,,
Q2 23'S6-Y to sch h k bhagwn h,2023/06/06,2023/06/20,HUB-99888,508,Subratkumar.Sahoo,0,0,0,0,0,0,0,0,0,0,0,0,Prashant.Bansal,,
Q2 23'S6-Y to sch h k bhagwn h,2023/06/06,2023/06/20,HUB-99888,509,Subratkumar.Sahoo,0,0,0,0,0,0,0,0,0,0,0,0,Prashant.Bansal,,
Q2 23'S6-Y to sch h k bhagwn h,2023/06/06,2023/06/20,HUB-99888,1419,Subratkumar.Sahoo,0,0,0,0,0,0,0,0,0,0,0,0,Prashant.Bansal,,
Q2 23'S6-Y to sch h k bhagwn h,2023/06/06,2023/06/20,HUB-99888,1431,Subratkumar.Sahoo,0,0,0,0,1,0,0,0,0,0,0,0,Prashant.Bansal,,
Q2 23'S6-Y to sch h k bhagwn h,2023/06/06,2023/06/20,HUB-100293,387,Subratkumar.Sahoo,0,0,0,0,1,6,0,0,0,0,0,0,VSingla,"1. ```suggestion    it('Video cards should not be draggable if contentManagement is disabled', async () => {  ```
2. ```suggestion    it('renders file content empty state with no Add Button when isContentManagementEnabled is false', async () => {  ```
3. ```suggestion    it('File content cards should not be draggable when isContentManagementEnabled is false', async () => {  ```
4. ```suggestion    it('Renders Download all button only, and not Add button & requirement tooltip when isContentManagementEnabled is false', async () => {  ```
5. ```suggestion    it('shows drag icon at smaller screens when content management is enabled', async () => {  ```
6. nit: this assertion is not required.",
Q2 23'S6-Y to sch h k bhagwn h,2023/06/06,2023/06/20,HUB-100293,1680,Subratkumar.Sahoo,0,0,0,0,0,0,0,0,0,0,0,0,VSingla,,
Q2 23'S6-Y to sch h k bhagwn h,2023/06/06,2023/06/20,HUB-101684,398,Subratkumar.Sahoo,0,0,0,0,1,2,0,0,0,0,0,0,VSingla,"1. ```suggestion      expect(screen.queryByText(en.uploadVideoLimitText)).not.toBeInTheDocument();  ```
2. Only the first element should be asserted using findByRole. Please use getByRole here.",
Q2 23'S6-Y to sch h k bhagwn h,2023/06/06,2023/06/20,HUB-101685,2738,Subratkumar.Sahoo,0,0,0,0,1,0,0,0,0,0,0,0,VSingla,,
Q2 23'S6-Y to sch h k bhagwn h,2023/06/06,2023/06/20,HUB-101685,2741,Subratkumar.Sahoo,0,0,38,2,0,0,0,0,0,0,0,0,SDowney,,"1. NA-0: Removing caret from writing assistant to avoid version upgrade to 0.1.19
2. Pull request #2737: NA-0: Removing caret from writing assistant to avoid version upgrade to 0.1.19  Merge in PT/onsite-shared-components from RemoveWritingAssistantCaret to develop  * commit '2e8b69a175fc5b9cf25b793edbc468c5b5badc9e':    NA-0: Removing caret from writing assistant to avoid version upgrade to 0.1.19
3. HUB-103567: Changes to show warning banner when all videos are hidde
4. Pull request #2740: HUB-103567: Changes to show warning banner when all videos are hidden  Merge in PT/onsite-shared-components from HUB-103567 to develop  * commit '7f8b37cfb40de980c6928d796cfc4c6d0ba3d2bd':    HUB-103567: Changes to show warning banner when all videos are hidde"
Q2 23'S6-Y to sch h k bhagwn h,2023/06/06,2023/06/20,HUB-101686,395,Subratkumar.Sahoo,0,0,0,0,1,4,0,0,0,0,0,0,VSingla,"1. ```suggestion      const cancelButton = screen.getByRole('button', { name: en.editLinkContentCancelButton });  ```
2. This mock is redundant.
3. This mock is also redundant.
4. nit: checks exit model does not render as form is unchanged.",
Q2 23'S6-Y to sch h k bhagwn h,2023/06/06,2023/06/20,HUB-101760,3590,Subratkumar.Sahoo,0,0,0,0,0,0,0,0,0,0,0,0,MMenpadi,,
Q2 23'S6-Y to sch h k bhagwn h,2023/06/06,2023/06/20,HUB-101760,3611,Subratkumar.Sahoo,1137,523,0,0,0,0,0,0,0,0,0,0,Subratkumar.Sahoo,,
Q2 23'S6-Y to sch h k bhagwn h,2023/06/06,2023/06/20,HUB-101792,401,Subratkumar.Sahoo,114,16,119,21,0,1,0,1,1,2,0,0,Subratkumar.Sahoo,1. Got it updated :white_check_mark:,"1. HUB-101792: Changes to show warning banner when all videos are hidden
2. HUB-101792: minor fix
3. HUB-101792: minor fix"
Q2 23'S6-Y to sch h k bhagwn h,2023/06/06,2023/06/20,HUB-102906,411,Subratkumar.Sahoo,0,0,0,0,1,0,0,0,0,0,0,0,MMenpadi,,
Q2 23'S6-Y to sch h k bhagwn h,2023/06/06,2023/06/20,HUB-102906,414,Subratkumar.Sahoo,0,0,0,0,1,1,0,0,0,0,0,0,MMenpadi,1. Shouldn't this be false?,
Q2 23'S6-Y to sch h k bhagwn h,2023/06/06,2023/06/20,HUB-102912,397,Subratkumar.Sahoo,21,8,21,8,0,0,0,1,1,1,0,0,Subratkumar.Sahoo,,"1. HUB-102912: Fix to disable `Done` button when empty file name
2. HUB-102912: upgrade shared-upload-library version"
Q2 23'S6-Y to sch h k bhagwn h,2023/06/06,2023/06/20,HUB-103567,2740,Subratkumar.Sahoo,31,0,0,0,0,0,0,1,1,0,0,0,Subratkumar.Sahoo,,
Q2 23'S6-Y to sch h k bhagwn h,2023/06/06,2023/06/20,HUB-103567,3482,Subratkumar.Sahoo,231,76,231,76,0,0,0,1,1,1,0,0,Subratkumar.Sahoo,,"1. NA-0: Upgrade cvent-web-components
2. NA-0: Upgrade cvent-web-components"
Q2 23'S6-Y to sch h k bhagwn h,2023/06/06,2023/06/20,PROD-168302,1681,Subratkumar.Sahoo,16,5,16,5,0,0,0,1,1,0,0,0,Subratkumar.Sahoo,,1. PROD-168302: Changes to show email/title/company only if it is selected in Exhibitor Settings
Q2 23'S6-Y to sch h k bhagwn h,2023/06/06,2023/06/20,PROD-168302,1682,Subratkumar.Sahoo,648,120,223,109,0,0,0,1,1,0,0,0,Subratkumar.Sahoo,,"1. PROD-168302: Prepping a release
2. PROD-168302: updated cvent-web-components version and ran yarn upgrade cvent-web-components"
Q2 23'S6-Y to sch h k bhagwn h,2023/06/06,2023/06/20,PROD-168302,1683,Subratkumar.Sahoo,223,109,7,7,0,0,0,1,1,0,0,0,Subratkumar.Sahoo,,1. PROD-168302: Downmerge master
Q2 23'S6-Y to sch h k bhagwn h,2023/06/06,2023/06/20,HUB-90743,82,Subratkumar.Sahoo,0,0,0,0,0,0,0,0,0,0,0,0,VShyoran,,
Q2 23'S6-Y to sch h k bhagwn h,2023/06/06,2023/06/20,HUB-101407,405,Subratkumar.Sahoo,0,0,0,0,0,0,0,0,0,0,0,0,VSingla,,
Q2 23'S6-Y to sch h k bhagwn h,2023/06/06,2023/06/20,HUB-101407,3590,Subratkumar.Sahoo,0,0,0,0,0,0,0,0,0,0,0,0,MMenpadi,,
Q2 23'S6-Y to sch h k bhagwn h,2023/06/06,2023/06/20,HUB-101407,3611,Subratkumar.Sahoo,1137,523,0,0,0,0,0,0,0,0,0,0,Subratkumar.Sahoo,,
Sprint Totals,,,,,,PR_ADDED: 5357,PR_REMOVED: 1977,COMMIT_ADDED: 794,COMMIT_REMOVED: 346,APPROVED: 12,COMMENTED: 17,DECLINED: 0,MERGED: 9,OPENED: 8,RESCOPED: 13,UNAPPROVED: 0,UPDATED: 1,,,

Q2 23' S7-Bhagwan kaha h re tu,2023/06/20,2023/07/04,CMOBL-152238,71,Subratkumar.Sahoo,0,0,0,0,1,0,0,0,0,0,0,0,renovatebotman,,
Q2 23' S7-Bhagwan kaha h re tu,2023/06/20,2023/07/04,CMOBL-152238,115,Subratkumar.Sahoo,0,0,0,0,0,0,0,0,0,0,0,1,renovatebotman,,
Q2 23' S7-Bhagwan kaha h re tu,2023/06/20,2023/07/04,CMOBL-152238,141,Subratkumar.Sahoo,0,0,0,0,1,0,0,0,0,0,0,0,renovatebotman,,
Q2 23' S7-Bhagwan kaha h re tu,2023/06/20,2023/07/04,CMOBL-152238,271,Subratkumar.Sahoo,0,0,0,0,1,0,0,0,0,0,0,1,renovatebotman,,
Q2 23' S7-Bhagwan kaha h re tu,2023/06/20,2023/07/04,CMOBL-152238,319,Subratkumar.Sahoo,0,0,0,0,0,0,0,0,0,0,0,0,renovatebotman,,
Q2 23' S7-Bhagwan kaha h re tu,2023/06/20,2023/07/04,CMOBL-152322,75,Subratkumar.Sahoo,0,0,0,0,2,0,0,0,0,0,0,0,Prashant.Bansal,,
Q2 23' S7-Bhagwan kaha h re tu,2023/06/20,2023/07/04,CMOBL-152322,84,Subratkumar.Sahoo,0,0,0,0,1,0,0,0,0,0,0,0,Prashant.Bansal,,
Q2 23' S7-Bhagwan kaha h re tu,2023/06/20,2023/07/04,CMOBL-152322,115,Subratkumar.Sahoo,0,0,0,0,1,0,0,0,0,0,0,0,Prashant.Bansal,,
Q2 23' S7-Bhagwan kaha h re tu,2023/06/20,2023/07/04,CMOBL-152322,124,Subratkumar.Sahoo,0,0,0,0,1,0,0,0,0,0,0,0,Prashant.Bansal,,
Q2 23' S7-Bhagwan kaha h re tu,2023/06/20,2023/07/04,CMOBL-152322,147,Subratkumar.Sahoo,0,0,0,0,1,0,0,0,0,0,0,0,Prashant.Bansal,,
Q2 23' S7-Bhagwan kaha h re tu,2023/06/20,2023/07/04,CMOBL-152322,309,Subratkumar.Sahoo,0,0,0,0,1,0,0,0,0,0,0,0,Prashant.Bansal,,
Q2 23' S7-Bhagwan kaha h re tu,2023/06/20,2023/07/04,CMOBL-152322,330,Subratkumar.Sahoo,0,0,0,0,1,0,0,0,0,0,0,0,Prashant.Bansal,,
Q2 23' S7-Bhagwan kaha h re tu,2023/06/20,2023/07/04,CMOBL-152322,391,Subratkumar.Sahoo,0,0,0,0,1,0,0,0,0,0,0,0,Prashant.Bansal,,
Q2 23' S7-Bhagwan kaha h re tu,2023/06/20,2023/07/04,CMOBL-152322,661,Subratkumar.Sahoo,0,0,0,0,1,0,0,0,0,0,0,0,Prashant.Bansal,,
Q2 23' S7-Bhagwan kaha h re tu,2023/06/20,2023/07/04,CMOBL-152322,1117,Subratkumar.Sahoo,0,0,0,0,2,0,0,0,0,0,1,0,Prashant.Bansal,,
Q2 23' S7-Bhagwan kaha h re tu,2023/06/20,2023/07/04,CMOBL-152322,311,Subratkumar.Sahoo,0,0,0,0,1,0,0,0,0,0,0,0,Prashant.Bansal,,
Q2 23' S7-Bhagwan kaha h re tu,2023/06/20,2023/07/04,CMOBL-152343,403,Subratkumar.Sahoo,9,48,9,48,0,0,0,1,1,0,0,0,Subratkumar.Sahoo,,1. CMOBL-152343: Removed `exhibitor_portal_branding` experiment
Q2 23' S7-Bhagwan kaha h re tu,2023/06/20,2023/07/04,CMOBL-152343,1564,Subratkumar.Sahoo,39,97,39,97,0,0,0,1,1,0,0,0,Subratkumar.Sahoo,,1. CMOBL-152343: Removed `customCardExhibitorAttribution` feature flag
Q2 23' S7-Bhagwan kaha h re tu,2023/06/20,2023/07/04,CMOBL-152343,1583,Subratkumar.Sahoo,0,0,0,0,0,0,0,0,0,0,0,0,SSimpson,,1. Pull request #1564: CMOBL-152343: Removed `customCardExhibitorAttribution` feature flag  Merge in AX/attendee-experience-builder from CMOBL-152343 to develop  * commit '2a2e3eb6e2af7e1d38c6496b85ba9eab522c6e93':    CMOBL-152343: Removed `customCardExhibitorAttribution` feature flag
Q2 23' S7-Bhagwan kaha h re tu,2023/06/20,2023/07/04,CMOBL-152343,3484,Subratkumar.Sahoo,10,17,10,17,0,1,0,1,1,0,0,0,Subratkumar.Sahoo,1. PR for removal from EPV2: https://stash.cvent.net/projects/PT/repos/onsite-exhibitor-portal-nx/pull-requests/403/overview,1. CMOBL-152343 : Removed `exhibitor_portal_branding` experiment
Q2 23' S7-Bhagwan kaha h re tu,2023/06/20,2023/07/04,CMOBL-152343,3489,Subratkumar.Sahoo,1591,8409,1616,175,0,0,0,0,1,2,0,0,Subratkumar.Sahoo,,"1. Pull request #3484: CMOBL-152343 : Removed `exhibitor_portal_branding` experiment  Merge in PT/onsite-planner-portal from CMOBL-152343 to develop  * commit '4dd4eeb1957f9dae7659731d1fee9aa54367da52':    CMOBL-152343 : Removed `exhibitor_portal_branding` experiment
2. HUB-76689: Prepping release
3. HUB-76689: updated cvent-web-components version
4. HUB-76689: updated cvent-web-components version"
Q2 23' S7-Bhagwan kaha h re tu,2023/06/20,2023/07/04,CMOBL-152343,17919,Subratkumar.Sahoo,10,20,10,20,0,0,0,1,1,0,0,0,Subratkumar.Sahoo,,1. CMOBL-152343: copyExhibitorTranslation feature flag cleanup
Q2 23' S7-Bhagwan kaha h re tu,2023/06/20,2023/07/04,CMOBL-153110,115,Subratkumar.Sahoo,0,0,0,0,0,0,0,0,0,0,0,0,renovatebotman,,
Q2 23' S7-Bhagwan kaha h re tu,2023/06/20,2023/07/04,CMOBL-153110,271,Subratkumar.Sahoo,0,0,0,0,0,0,0,0,0,0,0,0,renovatebotman,,
Q2 23' S7-Bhagwan kaha h re tu,2023/06/20,2023/07/04,CMOBL-153491,308,Subratkumar.Sahoo,0,0,0,0,0,0,0,0,0,0,0,0,KMahajan,,
Q2 23' S7-Bhagwan kaha h re tu,2023/06/20,2023/07/04,CMOBL-153491,15,Subratkumar.Sahoo,0,0,0,0,1,0,0,0,0,0,0,1,KMahajan,,
Q2 23' S7-Bhagwan kaha h re tu,2023/06/20,2023/07/04,CMOBL-153491,16,Subratkumar.Sahoo,0,0,0,0,1,0,0,0,0,0,0,0,KMahajan,,
Q2 23' S7-Bhagwan kaha h re tu,2023/06/20,2023/07/04,CMOBL-153491,312,Subratkumar.Sahoo,0,0,0,0,1,0,0,0,0,0,0,0,KMahajan,,
Q2 23' S7-Bhagwan kaha h re tu,2023/06/20,2023/07/04,CMOBL-153839,122,Subratkumar.Sahoo,0,0,0,0,1,0,0,0,0,0,0,0,Prashant.Bansal,,
Q2 23' S7-Bhagwan kaha h re tu,2023/06/20,2023/07/04,CMOBL-154428,3611,Subratkumar.Sahoo,1137,523,0,0,0,0,0,0,1,0,0,0,Subratkumar.Sahoo,,
Q2 23' S7-Bhagwan kaha h re tu,2023/06/20,2023/07/04,CMOBL-156519,1115,Subratkumar.Sahoo,0,0,0,0,3,0,0,0,0,0,3,0,Prashant.Bansal,,
Q2 23' S7-Bhagwan kaha h re tu,2023/06/20,2023/07/04,HUB-76689,97,Subratkumar.Sahoo,10,5,10,5,0,0,0,1,1,0,0,0,Subratkumar.Sahoo,,1. HUB-76689: Enabled the feature flag for exhibitorContentRevamp and fixed a selector
Q2 23' S7-Bhagwan kaha h re tu,2023/06/20,2023/07/04,HUB-76689,2746,Subratkumar.Sahoo,52,8232,26,28,0,0,0,0,1,2,0,0,Subratkumar.Sahoo,,"1. HUB-76689: Ran yarn prerelease
2. HUB-76689: Ran yarn prerelease
3. HUB-76689: Ran yarn prerelease"
Q2 23' S7-Bhagwan kaha h re tu,2023/06/20,2023/07/04,HUB-76689,2747,Subratkumar.Sahoo,0,0,0,0,1,0,0,0,0,0,0,0,MMenpadi,,
Q2 23' S7-Bhagwan kaha h re tu,2023/06/20,2023/07/04,HUB-76689,3489,Subratkumar.Sahoo,1591,8409,0,0,0,0,0,0,0,0,0,0,Subratkumar.Sahoo,,
Q2 23' S7-Bhagwan kaha h re tu,2023/06/20,2023/07/04,HUB-76689,3490,Subratkumar.Sahoo,0,0,0,0,1,0,0,0,0,0,0,0,MMenpadi,,
Q2 23' S7-Bhagwan kaha h re tu,2023/06/20,2023/07/04,HUB-76689,3611,Subratkumar.Sahoo,1137,523,0,0,0,0,0,0,0,0,0,0,Subratkumar.Sahoo,,
Q2 23' S7-Bhagwan kaha h re tu,2023/06/20,2023/07/04,HUB-76689,3613,Subratkumar.Sahoo,0,0,1,6,1,0,0,1,0,1,0,0,MMenpadi,,1. NA-0: Consolidated duplicate changelog
Q2 23' S7-Bhagwan kaha h re tu,2023/06/20,2023/07/04,HUB-90740,540,Subratkumar.Sahoo,0,0,0,0,1,0,0,0,0,0,0,0,VShyoran,,
Q2 23' S7-Bhagwan kaha h re tu,2023/06/20,2023/07/04,HUB-90741,82,Subratkumar.Sahoo,0,0,0,0,1,0,0,0,0,0,0,0,VShyoran,,
Q2 23' S7-Bhagwan kaha h re tu,2023/06/20,2023/07/04,HUB-90746,82,Subratkumar.Sahoo,0,0,0,0,0,0,0,0,0,0,0,0,VShyoran,,
Q2 23' S7-Bhagwan kaha h re tu,2023/06/20,2023/07/04,HUB-101407,405,Subratkumar.Sahoo,0,0,0,0,1,0,0,1,0,0,0,0,VSingla,,
Q2 23' S7-Bhagwan kaha h re tu,2023/06/20,2023/07/04,HUB-101407,3590,Subratkumar.Sahoo,0,0,0,0,1,0,0,0,0,0,0,0,MMenpadi,,
Q2 23' S7-Bhagwan kaha h re tu,2023/06/20,2023/07/04,HUB-101407,3611,Subratkumar.Sahoo,1137,523,0,0,0,0,0,0,0,0,0,0,Subratkumar.Sahoo,,
Q2 23' S7-Bhagwan kaha h re tu,2023/06/20,2023/07/04,HUB-104556,408,Subratkumar.Sahoo,0,0,0,0,1,1,0,1,0,0,0,0,MMenpadi,1. We can do this in a followup ticket. But this PR needs to be merged for releasing Exhibitor Content Management.,
Q2 23' S7-Bhagwan kaha h re tu,2023/06/20,2023/07/04,HUB-104556,2743,Subratkumar.Sahoo,0,0,0,0,1,0,0,0,0,0,0,0,MMenpadi,,
Q2 23' S7-Bhagwan kaha h re tu,2023/06/20,2023/07/04,HUB-104556,2746,Subratkumar.Sahoo,52,8232,0,0,0,0,0,0,0,0,0,0,Subratkumar.Sahoo,,
Q2 23' S7-Bhagwan kaha h re tu,2023/06/20,2023/07/04,HUB-104556,2747,Subratkumar.Sahoo,0,0,0,0,0,0,0,0,0,0,0,0,MMenpadi,,
Q2 23' S7-Bhagwan kaha h re tu,2023/06/20,2023/07/04,HUB-104556,3488,Subratkumar.Sahoo,0,0,0,0,1,0,0,0,0,0,0,0,MMenpadi,,
Q2 23' S7-Bhagwan kaha h re tu,2023/06/20,2023/07/04,HUB-104580,406,Subratkumar.Sahoo,133,64,135,66,0,2,0,1,1,2,0,0,Subratkumar.Sahoo,"1. This scenario will arise when all videos are hidden. Will update the description.
2. Yes :white_check_mark: , Initially I placed a check whether all videos are hidden but that would have increased the complexity so instead started checking whether first two videos are hidden or not.","1. HUB-104580: Remove marking 1st explicitly as featured video
2. HUB-104580: Added UT
3. HUB-104580: Refactored code"
Q2 23' S7-Bhagwan kaha h re tu,2023/06/20,2023/07/04,HUB-105155,82,Subratkumar.Sahoo,0,0,0,0,0,0,0,0,0,0,0,0,VShyoran,,
Q2 23' S7-Bhagwan kaha h re tu,2023/06/20,2023/07/04,PROD-170304,387,Subratkumar.Sahoo,0,0,0,0,0,0,0,0,0,0,0,0,RaviM,,
Q2 23' S7-Bhagwan kaha h re tu,2023/06/20,2023/07/04,PROD-170304,389,Subratkumar.Sahoo,0,0,0,0,1,0,0,0,0,0,0,0,Prashant.Bansal,,
Q2 23' S7-Bhagwan kaha h re tu,2023/06/20,2023/07/04,PROD-170304,17895,Subratkumar.Sahoo,0,0,0,0,1,0,0,0,0,0,0,0,Prashant.Bansal,,
Q2 23' S7-Bhagwan kaha h re tu,2023/06/20,2023/07/04,PROD-170304,17925,Subratkumar.Sahoo,0,0,0,0,1,0,0,0,0,0,0,0,Prashant.Bansal,,
Q2 23' S7-Bhagwan kaha h re tu,2023/06/20,2023/07/04,CMOBL-153243,308,Subratkumar.Sahoo,0,0,0,0,0,0,0,0,0,0,0,0,KMahajan,,
Q2 23' S7-Bhagwan kaha h re tu,2023/06/20,2023/07/04,HUB-90743,82,Subratkumar.Sahoo,0,0,0,0,0,0,0,0,0,0,0,0,VShyoran,,
Q2 23' S7-Bhagwan kaha h re tu,2023/06/20,2023/07/04,HUB-105022,82,Subratkumar.Sahoo,0,0,0,0,0,0,0,0,0,0,0,0,VShyoran,,
Sprint Totals,,,,,,PR_ADDED: 6908,PR_REMOVED: 35102,COMMIT_ADDED: 1856,COMMIT_REMOVED: 462,APPROVED: 36,COMMENTED: 4,DECLINED: 0,MERGED: 9,OPENED: 9,RESCOPED: 7,UNAPPROVED: 4,UPDATED: 3,,,

Overall Totals,,,,,,PR_ADDED: 38005,PR_REMOVED: 58327,COMMIT_ADDED: 11891,COMMIT_REMOVED: 7244,APPROVED: 121,COMMENTED: 84,DECLINED: 0,MERGED: 46,OPENED: 47,RESCOPED: 71,UNAPPROVED: 6,UPDATED: 9,,,
