SPRINT,START_DATE,END_DATE,TICKET,PR_ID,USER,PR_ADDED,PR_REMOVED,COMMIT_ADDED,COMMIT_REMOVED,APPROVED,COMMENTED,DECLINED,MERGED,OPENED,RESCOPED,UNAPPROVED,UPDATED,AUTHOR,COMMENTS,COMMIT_MESSAGES
WOW - S7 (30 Mar - 12Apr) 33,2023/03/30,2023/04/12,WEBINAR-4958,147826,Vivek.Kumar,0,0,16,3,0,0,0,0,0,0,0,0,THarsh,,1. WEBINAR-6337: Update account config in user session
WOW - S7 (30 Mar - 12Apr) 33,2023/03/30,2023/04/12,WEBINAR-5422,147721,Vivek.Kumar,0,0,1,11,0,0,0,0,0,0,0,0,JSwenson,,1. WEBINAR-888: remove try catch
WOW - S7 (30 Mar - 12Apr) 33,2023/03/30,2023/04/12,WEBINAR-5607,150601,Vivek.Kumar,0,0,0,0,0,0,0,0,0,0,0,0,PChugh,,
WOW - S7 (30 Mar - 12Apr) 33,2023/03/30,2023/04/12,WEBINAR-6036,1083,Vivek.Kumar,741,430,0,0,0,0,0,0,0,0,0,0,Vivek.Kumar,,
Sprint Totals,,,,,,PR_ADDED: 741,PR_REMOVED: 430,COMMIT_ADDED: 17,COMMIT_REMOVED: 14,APPROVED: 0,COMMENTED: 0,DECLINED: 0,MERGED: 0,OPENED: 0,RESCOPED: 0,UNAPPROVED: 0,UPDATED: 0,,,

WOW - S8 (13 - 26 Apr),2023/04/13,2023/04/26,PROD-164110,148210,Vivek.Kumar,0,0,1033,549,0,0,0,0,0,0,0,0,Vinodkumar.Yadav,,"1. WEBINAR-7314: Disable delete option if the users is a webinar owner
2. WEBINAR-7314: add resx key for delete user tool tip
3. WEBINAR-7314: Disable and remove delete button if user is a webinar owner
4. WEBINAR-7314: Incorporate review comments
5. WEBINAR-7314: Update variant check for contracted webinars experiment
6. Merge branch 'webinar-7314' of ssh://stash.cvent.net:7999/cvt/c4 into webinar-7314
7. WEBINAR-7314: Update constructor calls
8. WEBINAR-7314: Remove license while deleting user from users grid page
9. WEBINAR-7314: Fix type in tooltip
10. WEBINAR-7314: Incorporate review comment"
WOW - S8 (13 - 26 Apr),2023/04/13,2023/04/26,PROD-164110,148369,Vivek.Kumar,0,0,88,88,0,0,0,0,0,0,0,0,NJindal,,"1. WEBIANR-6520: Update code to user new endpoint for get webinar tier users count
2. WEBINAR-6520: Upgrade subscription client version
3. WEBINAR-6520: handle 400, 403 and 404 error statuses.
4. WEBINAR-6520: Correct log level
5. WEBINAR-6520: Use WebinarTierHelper to get license key
6. Merge branch 'prod' of ssh://stash.cvent.net:7999/cvt/c4 into webinar-6520
7. WEBINAR-6250: Fix UTs
8. Resolve merge conflicts"
WOW - S8 (13 - 26 Apr),2023/04/13,2023/04/26,WEBINAR-7051,148708,Vivek.Kumar,876,454,0,0,0,0,0,0,0,0,0,0,Vivek.Kumar,,
WOW - S8 (13 - 26 Apr),2023/04/13,2023/04/26,WEBINAR-7051,148824,Vivek.Kumar,0,0,14,9,0,0,0,0,0,0,0,0,Sagar.Patel,,1. WEBINAR-875: Assign free license when an admin user is made active
Sprint Totals,,,,,,PR_ADDED: 876,PR_REMOVED: 454,COMMIT_ADDED: 1135,COMMIT_REMOVED: 646,APPROVED: 0,COMMENTED: 0,DECLINED: 0,MERGED: 0,OPENED: 0,RESCOPED: 0,UNAPPROVED: 0,UPDATED: 0,,,

Q2 -WOW - S9 (27 - 10 May) -33,2023/04/27,2023/05/10,PROD-166432,148776,Vivek.Kumar,0,0,14,14,0,0,0,0,0,0,0,0,qtpman,,"1. WEBINAR-7314: Fix padding issue on users grid page
2. WEBINAR-7314: Keep delete single record async"
Q2 -WOW - S9 (27 - 10 May) -33,2023/04/27,2023/05/10,PROD-166432,148824,Vivek.Kumar,0,0,9,10,0,0,0,0,0,0,0,0,Sagar.Patel,,"1. resolve merge conflicts
2. WEBINAR-6051: fix typo in merge
3. WEBINAR-875: Incorporate review comments
4. WEBINAR-875: Simplify conditional check"
Sprint Totals,,,,,,PR_ADDED: 0,PR_REMOVED: 0,COMMIT_ADDED: 23,COMMIT_REMOVED: 24,APPROVED: 0,COMMENTED: 0,DECLINED: 0,MERGED: 0,OPENED: 0,RESCOPED: 0,UNAPPROVED: 0,UPDATED: 0,,,

Q2 - WOW - S10(11 - 24 May) 30,2023/05/11,2023/05/24,PROD-166742,149605,Vivek.Kumar,0,0,14,14,0,0,0,0,0,0,0,0,Sagar.Patel,,"1. WEBINAR-9288: Return Map of ownerStub and count of webianrs owned by users
2. WEBINAR-9288: Set user's canDelete attribute for paginated data
3. WEBINAR-9288: Typo fix"
Q2 - WOW - S10(11 - 24 May) 30,2023/05/11,2023/05/24,PROD-166742,149513,Vivek.Kumar,0,0,10,9,0,0,0,0,0,0,0,0,MKanis,,1. WEBINAR-9288: Correct search criteria
Q2 - WOW - S10(11 - 24 May) 30,2023/05/11,2023/05/24,WEBINAR-7045,149691,Vivek.Kumar,0,0,0,0,0,0,0,0,0,0,0,0,Jerin.Joseph,,"1. Pull request #149241: WEBINAR-7980: Redirect user on delete from user grid if there is conflict  Merge in CVT/c4 from webinar-7980 to devsilo660  * commit '33beba8fdf8c835fe232ed9d4b6a276e26fd6b4d':    WEBINAR-7980: Remove unwanted import    WEBINAR-7980: use ajaxredirect    WEBINAR-7980: Redirect user if there is conflict
2. Pull request #149425: WEBINAR-9288: Fetch webinars count owned by users in single ES query  Merge in CVT/c4 from webinar-9288 to devsilo660  * commit '25516e8c8a71061957fa18868ec206f0aa26d899':    WEBINAR-9288: Typo fix    WEBINAR-9288: Set user's canDelete attribute for paginated data    WEBINAR-9288: Return Map of ownerStub and count of webianrs owned by users    WEBINAR-9288: Correct search criteria    WEBINAR-9288:moved the can delete webinar logic to single place from grid"
Sprint Totals,,,,,,PR_ADDED: 0,PR_REMOVED: 0,COMMIT_ADDED: 24,COMMIT_REMOVED: 23,APPROVED: 0,COMMENTED: 0,DECLINED: 0,MERGED: 0,OPENED: 0,RESCOPED: 0,UNAPPROVED: 0,UPDATED: 0,,,

Q2 - WOW S11 (25 May-7 Jun),2023/05/25,2023/06/07,PROD-157033,150117,Vivek.Kumar,0,0,33,16,0,0,0,0,0,0,0,0,qtpman,,"1. WEBINAR-9290: Display webinars page option if applicable
2. WEBINAR-9290: Select Webinars as default option if admin role is selected
3. WEBINAR-9290: Use Model.pageoptions
4. WEBINAR-9290: Update logic to display webinars option if admin user role is selected otherwise hide it
5. Pull request #149976: Webinar 831  Merge in CVT/c4 from webinar-831 to webinar-9290_webinar-831  * commit '9b94a16757006d5c08189bab508827ce4af9799d':    WEBINAR-831:added exception handling for Not found when webinar is not available in account    WEBINAR-831:removed unwanted entry from csproj    WEBINAR-831:removed unwanted entry from package.config    WEBINAR-831:added logic for default redirection for webinar list page"
Sprint Totals,,,,,,PR_ADDED: 0,PR_REMOVED: 0,COMMIT_ADDED: 33,COMMIT_REMOVED: 16,APPROVED: 0,COMMENTED: 0,DECLINED: 0,MERGED: 0,OPENED: 0,RESCOPED: 0,UNAPPROVED: 0,UPDATED: 0,,,

Overall Totals,,,,,,PR_ADDED: 1617,PR_REMOVED: 884,COMMIT_ADDED: 1232,COMMIT_REMOVED: 723,APPROVED: 0,COMMENTED: 0,DECLINED: 0,MERGED: 0,OPENED: 0,RESCOPED: 0,UNAPPROVED: 0,UPDATED: 0,,,
