SPRINT,START_DATE,END_DATE,TICKET,PR_ID,USER,PR_ADDED,PR_REMOVED,COMMIT_ADDED,COMMIT_REMOVED,APPROVED,COMMENTED,DECLINED,MERGED,OPENED,RESCOPED,UNAPPROVED,UPDATED,AUTHOR,COMMENTS,COMMIT_MESSAGES
Q2 - WOW - S10(11 - 24 May) 30,2023/05/11,2023/05/24,PROD-166742,149559,Kamaldeep.Kaur,0,0,2,2,0,0,0,0,0,0,0,0,P.Ahuja,,"1. FLEX-87167: Updated url string to Advanced to fix error
2. Merge branch 'prod' of ssh://stash:7999/cvt/c4 into flex-87167-1"
Q2 - WOW - S10(11 - 24 May) 30,2023/05/11,2023/05/24,WEBINAR-7045,149493,Kamaldeep.Kaur,0,0,6,6,0,0,0,0,0,0,0,0,APrajapati,,1. FLEX-87167: Updated regx strings to AdvanceGroupPurchase
Sprint Totals,,,,,,PR_ADDED: 0,PR_REMOVED: 0,COMMIT_ADDED: 8,COMMIT_REMOVED: 8,APPROVED: 0,COMMENTED: 0,DECLINED: 0,MERGED: 0,OPENED: 0,RESCOPED: 0,UNAPPROVED: 0,UPDATED: 0,,,

Q2 - WOW S12 (8 - 21 Jun),2023/06/08,2023/06/21,PROD-167534,150933,Kamaldeep.Kaur,6279,3721,0,0,0,0,0,0,0,0,0,0,Kamaldeep.Kaur,,
Sprint Totals,,,,,,PR_ADDED: 6279,PR_REMOVED: 3721,COMMIT_ADDED: 0,COMMIT_REMOVED: 0,APPROVED: 0,COMMENTED: 0,DECLINED: 0,MERGED: 0,OPENED: 0,RESCOPED: 0,UNAPPROVED: 0,UPDATED: 0,,,

Overall Totals,,,,,,PR_ADDED: 6279,PR_REMOVED: 3721,COMMIT_ADDED: 8,COMMIT_REMOVED: 8,APPROVED: 0,COMMENTED: 0,DECLINED: 0,MERGED: 0,OPENED: 0,RESCOPED: 0,UNAPPROVED: 0,UPDATED: 0,,,
