SPRINT,START_DATE,END_DATE,TICKET,PR_ID,USER,PR_ADDED,PR_REMOVED,COMMIT_ADDED,COMMIT_REMOVED,APPROVED,COMMENTED,DECLINED,MERGED,OPENED,RESCOPED,UNAPPROVED,UPDATED,AUTHOR,COMMENTS,COMMIT_MESSAGES
Q2 2023 - Sprint 2,2023/04/20,2023/05/03,HUB-81337,9177,MGangani,0,0,0,0,0,0,0,0,0,0,0,0,BRehman,,1. Pull request #9124: HUB-81427 : Update Agenda Date List on Appointment/Reserved Time creation or updation  Merge in AX/attendee-experience-web from hub-81427 to develop  * commit '5b45a11db39d7c0a6f45d1f73211bdaed73f1416':    NA-0: Dummy commit    HUB-81427 : Added comments    HUB-81427: Added Null check    HUB-81427: Handled review comments    HUB-81427 : Added changeset    HUB-81427 : Update Agenda Date List on Appointment/Reserved Time creation or updation
Sprint Totals,,,,,,PR_ADDED: 0,PR_REMOVED: 0,COMMIT_ADDED: 0,COMMIT_REMOVED: 0,APPROVED: 0,COMMENTED: 0,DECLINED: 0,MERGED: 0,OPENED: 0,RESCOPED: 0,UNAPPROVED: 0,UPDATED: 0,,,

Q2 2023 - Sprint 5,2023/06/01,2023/06/14,HUB-97982,9507,MGangani,0,0,981,390,0,0,0,0,0,0,0,0,GStarr,,"1. PROD:164612: Prevent booth location to overlap and make it expand till 3 lines and truncate after that
2. PROD-164612: dummy commit
3. Pull request #9473: PROD-164612: Prevent booth location to overlap and make it expand till 3 lines and truncate after that  Merge in AX/attendee-experience-web from prod-164612 to develop  * commit '835917246102f29b7f68c4c74c76e2036d8f4a94':    PROD-164612: dummy commit    PROD:164612: Prevent booth location to overlap and make it expand till 3 lines and truncate after that
4. HUB-99617: this change is covered in HUB-99617-delete
5. HUB-99617: update Myschedule cache based on date tabs and agenda item start date
6. Merge branch 'develop' of https://stash.cvent.net/scm/ax/attendee-experience-web into hub-99617-2
7. HUB-99617: Changes to fix failing tests
8. Merge branch 'develop' of https://stash.cvent.net/scm/ax/attendee-experience-web into hub-99617-2  # Conflicts:  #	packages/attendee-experience-web/src/components/appointments/updateAgendaItems.js  #	packages/attendee-experience-web/src/components/appointments/utilities/useAppointmentQuery.js
9. HUB-99617: remove maunal updation on cache object
10. HUB-99617: incorporate changes to handle cache on agenda delete(decline/cancel)
11. HUB-99617: Make context normalized as per review comment and refactor code to handle failing cases for decline/cancel agenda
12. HUB-99617: revert unwanted queries.ts changes
13. Merge branch 'develop' of https://stash.cvent.net/scm/ax/attendee-experience-web into hub-99617-2
14. HUB-99617: Update query param
15. HUB-99617: use Reactive Variable instead of context for MyScheduleFilter
16. HUB-99617: refactoring
17. HUB-99617: lint fix
18. HUB-99617: moved useAgendaItemsCache.js to MySchedule component for better ownership
19. HUB-99617: Fix failing UTS
20. HUB-99617: lint fix
21. HUB-99617: Fixed personal time bugs, added comment and added Uts
22. HUB-99617: lint fix
23. HUB-96617: more UTs
24. Merge branch 'develop' of https://stash.cvent.net/scm/ax/attendee-experience-web into hub-99617-2
25. HUB-99617: fix issue when updating cache with filter and update cache for new property added
26. HUB-99617: fix UTs
27. HUB-99617: fix syntax
28. Pull request #9444: HUB-99617: update Myschedule cache based on date tabs and agenda item start date  Merge in AX/attendee-experience-web from hub-99617-2 to develop  * commit '512a2ffc692f5348b39d27ba7017cb5b5babbe9c': (24 commits)    HUB-99617: fix syntax    HUB-99617: fix UTs    HUB-99617: fix issue when updating cache with filter and update cache for new property added    HUB-96617: more UTs    HUB-99617: lint fix    HUB-99617: Fixed personal time bugs, added comment and added Uts    HUB-99617: lint fix    HUB-99617: Fix failing UTS    HUB-99617: moved useAgendaItemsCache.js to MySchedule component for better ownership    HUB-99617: lint fix    HUB-99617: refactoring    HUB-99617: use Reactive Variable instead of context for MyScheduleFilter    HUB-99617: PR feedback - Wrap updateAgendaItemCache function inside a hook    HUB-99617: Update query param    HUB-99617: Refactor updateAgendaItems function    HUB-99617: revert unwanted queries.ts changes    HUB-99617: Make context normalized as per review comment and refactor code to handle failing cases for decline/cancel agenda    HUB-99617: incorporate changes to handle cache on agenda delete(decline/cancel)    HUB-99617: remove maunal updation on cache object    HUB-99617: Changes to fix failing tests    ..."
Q2 2023 - Sprint 5,2023/06/01,2023/06/14,HUB-101324,9551,MGangani,6291,3709,0,0,0,0,0,0,0,0,0,0,MGangani,,
Sprint Totals,,,,,,PR_ADDED: 6291,PR_REMOVED: 3709,COMMIT_ADDED: 981,COMMIT_REMOVED: 390,APPROVED: 0,COMMENTED: 0,DECLINED: 0,MERGED: 0,OPENED: 0,RESCOPED: 0,UNAPPROVED: 0,UPDATED: 0,,,

Q2 2023 - Sprint 6,2023/06/15,2023/06/28,HUB-92821,9540,MGangani,0,0,0,0,1,0,0,0,0,0,0,0,Bhupendra.Kumar,,
Q2 2023 - Sprint 6,2023/06/15,2023/06/28,HUB-92821,9551,MGangani,6291,3709,0,0,0,0,0,0,1,0,0,0,MGangani,,
Q2 2023 - Sprint 6,2023/06/15,2023/06/28,HUB-99210,3635,MGangani,0,0,0,0,0,0,0,0,0,0,0,0,SSimpson,,1. Merge branch 'develop' of https://stash.cvent.net/scm/ax/attendee-experience-data into downmerge/2.17.0  # Conflicts:  #	.changeset/good-walls-vanish.md
Q2 2023 - Sprint 6,2023/06/15,2023/06/28,HUB-101324,9551,MGangani,6291,3709,0,0,0,0,0,0,0,0,0,0,MGangani,,
Q2 2023 - Sprint 6,2023/06/15,2023/06/28,HUB-103100,1560,MGangani,5945,1315,0,0,0,0,0,0,1,0,0,0,MGangani,,1. Merge branch 'master' of https://stash.cvent.net/scm/ax/attendee-experience-builder into release/1.107.0  # Conflicts:  #	.changeset/gold-carrots-yawn.md  #	.changeset/great-rocks-drive.md  #	.changeset/mean-ties-tease.md  #	.changeset/unlucky-maps-wash.md  #	.changeset/yellow-maps-love.md
Sprint Totals,,,,,,PR_ADDED: 18527,PR_REMOVED: 8733,COMMIT_ADDED: 0,COMMIT_REMOVED: 0,APPROVED: 1,COMMENTED: 0,DECLINED: 0,MERGED: 0,OPENED: 2,RESCOPED: 0,UNAPPROVED: 0,UPDATED: 0,,,

Overall Totals,,,,,,PR_ADDED: 24818,PR_REMOVED: 12442,COMMIT_ADDED: 981,COMMIT_REMOVED: 390,APPROVED: 1,COMMENTED: 0,DECLINED: 0,MERGED: 0,OPENED: 2,RESCOPED: 0,UNAPPROVED: 0,UPDATED: 0,,,
