SPRINT,START_DATE,END_DATE,TICKET,PR_ID,USER,PR_ADDED,PR_REMOVED,COMMIT_ADDED,COMMIT_REMOVED,APPROVED,COMMENTED,DECLINED,MERGED,OPENED,RESCOPED,UNAPPROVED,UPDATED,AUTHOR,COMMENTS,COMMIT_MESSAGES
PP-Gummy Bears,2023/04/04,2023/04/18,HUB-24122,9139,Gaurav.Kansal,0,0,4281,4283,0,0,0,0,0,0,0,0,ABadlia,,"1. WEBINAR-6104:Handle Recording component resposoviness and timeOverlay Component
2. WEBINAR-6104:Add cwitch CI version and VM URL s606 for CI testing
3. WEBINAR-6104:PR updated with different approach
4. WEBINAR-6104:PR comment incorporated
5. WEBINAR-6104:PR comment incorporated
6. Merge branch 'develop' into feature/WEBINAR-6104
7. WEBINAR-6104:Fix IT Suite
8. WEBINAR-6104:pnpm lock update
9. WEBINAR-6104:Fixing the small change
10. WEBINAR-6104:add cwitch snapshot version
11. WEBINAR-6104:Revert CI testing files and PR comment done"
Sprint Totals,,,,,,PR_ADDED: 0,PR_REMOVED: 0,COMMIT_ADDED: 4281,COMMIT_REMOVED: 4283,APPROVED: 0,COMMENTED: 0,DECLINED: 0,MERGED: 0,OPENED: 0,RESCOPED: 0,UNAPPROVED: 0,UPDATED: 0,,,

PP-Ho Hos,2023/04/18,2023/05/02,HUB-81331,9307,Gaurav.Kansal,2038,6,0,0,0,0,0,0,0,0,0,0,Gaurav.Kansal,,
Sprint Totals,,,,,,PR_ADDED: 2038,PR_REMOVED: 6,COMMIT_ADDED: 0,COMMIT_REMOVED: 0,APPROVED: 0,COMMENTED: 0,DECLINED: 0,MERGED: 0,OPENED: 0,RESCOPED: 0,UNAPPROVED: 0,UPDATED: 0,,,

PP-Idli,2023/05/02,2023/05/16,HUB-81331,9307,Gaurav.Kansal,2038,6,0,0,0,0,0,0,0,0,0,0,Gaurav.Kansal,,1. Merge remote-tracking branch 'origin/HUB-81331' into feature/WEBINAR-8577
Sprint Totals,,,,,,PR_ADDED: 2038,PR_REMOVED: 6,COMMIT_ADDED: 0,COMMIT_REMOVED: 0,APPROVED: 0,COMMENTED: 0,DECLINED: 0,MERGED: 0,OPENED: 0,RESCOPED: 0,UNAPPROVED: 0,UPDATED: 0,,,

PP-Jalapeno Poppers,2023/05/16,2023/05/30,HUB-81331,9307,Gaurav.Kansal,2038,6,0,0,0,1,1,0,1,0,0,0,Gaurav.Kansal,1. SLI testing on CI,1. WEBINAR-8577:Join a s Host Studio SLI for iframe
Sprint Totals,,,,,,PR_ADDED: 2038,PR_REMOVED: 6,COMMIT_ADDED: 0,COMMIT_REMOVED: 0,APPROVED: 0,COMMENTED: 1,DECLINED: 1,MERGED: 0,OPENED: 1,RESCOPED: 0,UNAPPROVED: 0,UPDATED: 0,,,

Overall Totals,,,,,,PR_ADDED: 6114,PR_REMOVED: 18,COMMIT_ADDED: 4281,COMMIT_REMOVED: 4283,APPROVED: 0,COMMENTED: 1,DECLINED: 1,MERGED: 0,OPENED: 1,RESCOPED: 0,UNAPPROVED: 0,UPDATED: 0,,,
