SPRINT,START_DATE,END_DATE,TICKET,PR_ID,USER,PR_ADDED,PR_REMOVED,COMMIT_ADDED,COMMIT_REMOVED,APPROVED,COMMENTED,DECLINED,MERGED,OPENED,RESCOPED,UNAPPROVED,UPDATED,AUTHOR,COMMENTS,COMMIT_MESSAGES
Quasar: H'23 (Apr 13- Apr 26),2023/04/13,2023/04/26,WEBINAR-9804,1338,Anshul.Yadav,600,165,666,232,0,2,0,0,1,10,0,1,Anshul.Yadav,"1. Removed.
2. Removed","1. CINT-24139 : Update Streaming details & recording workflow for JWT support
2. CINT-24139 : Update Streaming details & recording workflow for JWT support
3. CINT-24139 : minor
4. CINT-24139 : checkstyle fixes
5. CINT-24139 : ut fix
6. CINT-24139 : Resolved review comment
7. CINT-24139 :Resolved review comment
8. CINT-24139 : corrected JWT expiry seconds
9. CINT-24139 : Reverted dev.yaml changes
10. CINT-24139 : Reverted dev.yaml changes
11. Merge branch 'develop' into cint-24139
12. CINT-24139 : ZoomAuthHelper UT
13. CINT-24139 : ZoomAuthHelper UT"
Quasar: H'23 (Apr 13- Apr 26),2023/04/13,2023/04/26,WEBINAR-3011,269,Anshul.Yadav,42,6,0,0,0,0,0,0,0,0,0,0,Anshul.Yadav,,
Quasar: H'23 (Apr 13- Apr 26),2023/04/13,2023/04/26,WEBINAR-3011,9258,Anshul.Yadav,268,107,0,0,0,0,0,0,0,0,0,0,Anshul.Yadav,,
Quasar: H'23 (Apr 13- Apr 26),2023/04/13,2023/04/26,WEBINAR-4831,37,Anshul.Yadav,0,0,0,0,0,0,0,0,0,0,0,0,AKardam,,
Quasar: H'23 (Apr 13- Apr 26),2023/04/13,2023/04/26,WEBINAR-4831,42,Anshul.Yadav,0,0,0,0,0,0,0,0,0,0,0,0,AKardam,,
Quasar: H'23 (Apr 13- Apr 26),2023/04/13,2023/04/26,WEBINAR-4831,60,Anshul.Yadav,10,0,0,0,0,0,0,0,0,0,0,0,Anshul.Yadav,,
Quasar: H'23 (Apr 13- Apr 26),2023/04/13,2023/04/26,WEBINAR-4831,161,Anshul.Yadav,6,1,0,0,0,0,0,0,0,0,0,0,Anshul.Yadav,,
Quasar: H'23 (Apr 13- Apr 26),2023/04/13,2023/04/26,WEBINAR-4831,9234,Anshul.Yadav,6,1,0,0,0,0,0,0,0,0,0,0,Anshul.Yadav,,
Quasar: H'23 (Apr 13- Apr 26),2023/04/13,2023/04/26,WEBINAR-7016,160,Anshul.Yadav,56,5,0,0,0,0,0,0,0,0,0,0,Anshul.Yadav,,
Quasar: H'23 (Apr 13- Apr 26),2023/04/13,2023/04/26,WEBINAR-7016,9043,Anshul.Yadav,118,68,3197,6285,0,1,0,0,0,6,0,0,Anshul.Yadav,1. To be reverted,"1. WEBINAR-6226: updated cwitch version and reverted testing commit.
2. WEBINAR-6226: added try catch and updated cwitch version for testing
3. WEBINAR-6226: resolved review comment
4. WEBINAR-6226: minor
5. WEBINAR-6226: testing updates
6. Merge remote-tracking branch 'origin/webinar-6226' into webinar-6226  # Conflicts:  #	pnpm-lock.yaml
7. WEBINAR-6226: testing updates"
Quasar: H'23 (Apr 13- Apr 26),2023/04/13,2023/04/26,WEBINAR-7016,9347,Anshul.Yadav,18,5,0,0,0,0,0,0,0,0,0,0,Anshul.Yadav,,
Sprint Totals,,,,,,PR_ADDED: 1124,PR_REMOVED: 358,COMMIT_ADDED: 3863,COMMIT_REMOVED: 6517,APPROVED: 0,COMMENTED: 3,DECLINED: 0,MERGED: 0,OPENED: 1,RESCOPED: 16,UNAPPROVED: 0,UPDATED: 1,,,

Quasar: I'23 (Apr 27- May 10),2023/04/27,2023/05/10,WEBINAR-4831,37,Anshul.Yadav,0,0,0,0,0,0,0,0,0,1,0,0,AKardam,,1. Merge remote-tracking branch 'origin' into webinar-427
Quasar: I'23 (Apr 27- May 10),2023/04/27,2023/05/10,WEBINAR-4831,42,Anshul.Yadav,0,0,1999,1457,0,1,0,0,0,7,0,0,AKardam,1. ![VCM test.png](attachment:26362/21322),"1. WEBINAR-4831 : Skipped the logic of Acknowledge page load for e2e calls.
2. WEBINAR-4831 - changeset update
3. Merge branch 'webinar-427' into webinar-4831
4. WEBINAR-4831: After merge updates
5. WEBINAR-4831: For Flow Testing updates"
Quasar: I'23 (Apr 27- May 10),2023/04/27,2023/05/10,WEBINAR-4831,60,Anshul.Yadav,10,0,0,0,0,0,0,0,0,0,0,0,Anshul.Yadav,,
Quasar: I'23 (Apr 27- May 10),2023/04/27,2023/05/10,WEBINAR-4831,161,Anshul.Yadav,6,1,6,1,0,0,0,0,1,0,0,0,Anshul.Yadav,,"1. WEBINAR-4831-new : commit to test Webinar-4831
2. WEBINAR-4831-new : added changeset"
Quasar: I'23 (Apr 27- May 10),2023/04/27,2023/05/10,WEBINAR-4831,9234,Anshul.Yadav,6,1,6,1,0,0,0,0,1,0,0,0,Anshul.Yadav,,1. WEBINAR-4831 : Automation Fix test
Quasar: I'23 (Apr 27- May 10),2023/04/27,2023/05/10,WEBINAR-9801,1352,Anshul.Yadav,0,0,57,56,0,0,0,0,0,0,0,0,A.Bawa,,"1. CINT-24964 : Reverting Zoom Server to Server auth support back to Zoom jwt.
2. CINT-24964 : added changeset
3. CINT-24964 : update
4. CINT-24964 : Api secret update
5. Pull request #1346: CINT-24964 : Identify & fix hard error observed while saving video settings  Merge in API/universal-webcast from cint-24964 to develop  * commit '0c2f38053bee4180034915ad695f611641640149':    CINT-24964 : Api secret update    CINT-24964 : update    CINT-24964 : added changeset    CINT-24964 : Reverting Zoom Server to Server auth support back to Zoom jwt."
Quasar: I'23 (Apr 27- May 10),2023/04/27,2023/05/10,WEBINAR-9806,1346,Anshul.Yadav,18,17,0,0,0,1,0,1,1,2,0,0,Anshul.Yadav,1. https://jenkins.core.cvent.org/job/DeleteZoomUsers/402/,
Quasar: I'23 (Apr 27- May 10),2023/04/27,2023/05/10,WEBINAR-3011,269,Anshul.Yadav,42,6,0,0,0,0,0,0,0,0,0,0,Anshul.Yadav,,
Quasar: I'23 (Apr 27- May 10),2023/04/27,2023/05/10,WEBINAR-3011,9258,Anshul.Yadav,268,107,0,0,0,0,0,0,0,0,0,0,Anshul.Yadav,,
Quasar: I'23 (Apr 27- May 10),2023/04/27,2023/05/10,WEBINAR-7016,160,Anshul.Yadav,56,5,92,41,0,0,0,0,1,9,0,0,Anshul.Yadav,,"1. WEBINAR-7016 : Added logs for testing
2. WEBINAR-7016 : Added logs for testing
3. WEBINAR-7016 : table update
4. WEBINAR-7016 : changeset update
5. WEBINAR-7016 : minor
6. WEBINAR-7016 : Added debug logs
7. WEBINAR-7016 : Added debug logs in lambda
8. WEBINAR-7016 : Direct call for on notify from lambda
9. WEBINAR-7016 : Direct call for on notify from lambda
10. WEBINAR-7016 : Added logs
11. WEBINAR-7016 : Added logs"
Quasar: I'23 (Apr 27- May 10),2023/04/27,2023/05/10,WEBINAR-7016,9043,Anshul.Yadav,118,68,127,104,0,0,0,0,0,15,0,0,Anshul.Yadav,,"1. Merge remote-tracking branch 'origin' into webinar-6226
2. WEBINAR-7016 : updated video-meeting-url
3. WEBINAR-7016 : Resolved merge conflicts
4. WEBINAR-7016 : Testing update
5. WEBINAR-7016 : Testing update
6. WEBINAR-7016 : Testing update
7. WEBINAR-7016 : Testing update
8. WEBINAR-7016 : Testing update
9. WEBINAR-7016 : Testing update
10. WEBINAR-7016 : Testing update
11. WEBINAR-7016 : Testing update
12. WEBINAR-7016 : Testing update
13. WEBINAR-7016 : Testing update
14. Merge remote-tracking branch 'origin' into webinar-6226
15. WEBINAR-7016 : Testing update
16. WEBINAR-7016 : lint fix
17. WEBINAR-7016 : testing update"
Quasar: I'23 (Apr 27- May 10),2023/04/27,2023/05/10,WEBINAR-7016,9347,Anshul.Yadav,18,5,0,0,0,0,0,0,0,0,0,0,Anshul.Yadav,,
Sprint Totals,,,,,,PR_ADDED: 542,PR_REMOVED: 210,COMMIT_ADDED: 2287,COMMIT_REMOVED: 1660,APPROVED: 0,COMMENTED: 2,DECLINED: 0,MERGED: 1,OPENED: 4,RESCOPED: 34,UNAPPROVED: 0,UPDATED: 0,,,

Quasar: J'23 (May 11- May 24),2023/05/11,2023/05/24,WEBINAR-7920,9359,Anshul.Yadav,11,4,25,18,0,1,0,0,1,1,0,0,Anshul.Yadav,1. To Be reverted,"1. WEBINAR-7920: Bypass Server-Side Controls - AX Web
2. WEBINAR-7920: Bypass Server-Side Controls - AX Web"
Quasar: J'23 (May 11- May 24),2023/05/11,2023/05/24,WEBINAR-8857,149501,Anshul.Yadav,27,8,28,9,0,1,0,1,1,1,0,1,Anshul.Yadav,1. This check is being used for embedded CVC in  https://stash.cvent.net/projects/CVT/repos/c4/browse/VSProjects/Cvent.Subscribers.Event/Cvent.Subscribers.Event/MVC/AgendaAndFees/SessionWebcast/SessionWebcastController.cs#1394,"1. WEBINAR-8857 : For collab session, the embedded should be the default solution on video settings tab
2. WEBINAR-8857 : Resolved review comments"
Quasar: J'23 (May 11- May 24),2023/05/11,2023/05/24,WEBINAR-8857,150522,Anshul.Yadav,0,0,0,0,0,0,0,0,0,0,0,0,KKarakoti,,"1. Pull request #149501: WEBINAR-8857 : For collab session, the embedded should be the default solution on video settings tab  Merge in CVT/c4 from webinar-8857 to dev-silo630  * commit '9055ca7bbca4e87cab521bdd060797665f24f871':    WEBINAR-8857 : Resolved review comments    WEBINAR-8857 : For collab session, the embedded should be the default solution on video settings tab"
Quasar: J'23 (May 11- May 24),2023/05/11,2023/05/24,WEBINAR-8857,149542,Anshul.Yadav,14,7,14,7,0,0,0,0,1,0,0,0,Anshul.Yadav,,"1. WEBINAR-8857 : For collab session, the embedded should be the default solution on video settings tab"
Quasar: J'23 (May 11- May 24),2023/05/11,2023/05/24,PROD-163685,59,Anshul.Yadav,0,0,0,0,0,0,0,0,0,0,0,0,Divyam.Kaushik,,
Quasar: J'23 (May 11- May 24),2023/05/11,2023/05/24,WEBINAR-3011,269,Anshul.Yadav,42,6,51,15,0,0,0,0,1,1,0,1,Anshul.Yadav,,"1. WEBINAR-3011: Tooltip content for 'Record' button in disabled state
2. WEBINAR-3011: Resolved review comment
3. WEBINAR-3011: Resolved review comment"
Quasar: J'23 (May 11- May 24),2023/05/11,2023/05/24,WEBINAR-3011,9258,Anshul.Yadav,268,107,439,136,0,0,0,0,1,1,0,0,Anshul.Yadav,,"1. WEBINAR-3011: Tooltip content for 'Record' button in disabled state
2. Merge remote-tracking branch 'origin' into webinar-3011
3. WEBINAR-3011: After merge updates"
Quasar: J'23 (May 11- May 24),2023/05/11,2023/05/24,WEBINAR-10952,1365,Anshul.Yadav,0,0,0,0,0,0,0,0,0,0,0,0,ADhaliwal,,
Sprint Totals,,,,,,PR_ADDED: 362,PR_REMOVED: 132,COMMIT_ADDED: 557,COMMIT_REMOVED: 185,APPROVED: 0,COMMENTED: 2,DECLINED: 0,MERGED: 1,OPENED: 5,RESCOPED: 4,UNAPPROVED: 0,UPDATED: 2,,,

Quasar: K'23 (May 25- Jun 07,2023/05/25,2023/06/07,PROD-162863,1496,Anshul.Yadav,3,2,32,31,0,0,0,0,1,8,0,0,Anshul.Yadav,,"1. PROD-162863: Session Video Import Details has error message telling user to check logs
2. PROD-162863: Resolved review comments
3. PROD-162863: Resolved review comment
4. PROD-162863: Changes to test using workarounds
5. PROD-162863: Changes to test using workaround
6. PROD-162863: minor update
7. PROD-162863: Changes to test using workaround
8. PROD-162863: Changes to test using workaround
9. PROD-162863: Reverting test changes"
Quasar: K'23 (May 25- Jun 07,2023/05/25,2023/06/07,PROD-163685,59,Anshul.Yadav,0,0,10,9,0,0,0,0,0,3,0,0,Divyam.Kaushik,,"1. PROD-163685: skipped failing e2e on sg50
2. Merge remote-tracking branch 'origin' into prod-163685-trim
3. PROD-163685: skipped failing e2e on sg50"
Quasar: K'23 (May 25- Jun 07,2023/05/25,2023/06/07,WEBINAR-3421,166,Anshul.Yadav,50,2,60,12,0,0,0,0,1,4,0,1,Anshul.Yadav,,"1. WEBINAR-3421: Improve the MDC logging in Video meeting
2. WEBINAR-3421: Improve the MDC logging in Video meeting
3. WEBINAR-3421: For testing changes
4. WEBINAR-3421: For testing changes
5. WEBINAR-3421: reverting test changes"
Quasar: K'23 (May 25- Jun 07,2023/05/25,2023/06/07,WEBINAR-9651,1365,Anshul.Yadav,0,0,0,0,0,1,0,0,0,0,0,0,ADhaliwal,1. Updated,
Quasar: K'23 (May 25- Jun 07,2023/05/25,2023/06/07,WEBINAR-9651,1388,Anshul.Yadav,0,0,34,25,0,0,0,0,0,0,0,0,LCarrero,,"1. WEBINAR-9651: Update automation script to utilise a reserved index via hogan
2. WEBINAR-9651: Update automation script to utilise a reserved index via hogan
3. WEBINAR-9651: Update automation script to utilise a reserved index via hogan
4. WEBINAR-9651: For test changes
5. WEBINAR-9651: For test changes
6. WEBINAR-9651: updated credentials
7. WEBINAR-9651: update
8. WEBINAR-9651: fix
9. WEBINAR-9651: Resolved review comments"
Quasar: K'23 (May 25- Jun 07,2023/05/25,2023/06/07,WEBINAR-9651,1363,Anshul.Yadav,22,13,0,0,0,2,0,0,1,7,0,0,Anshul.Yadav,"1. Updated
2. Changed",
Quasar: K'23 (May 25- Jun 07,2023/05/25,2023/06/07,WEBINAR-9651,17800,Anshul.Yadav,6,0,11,5,0,0,0,0,1,2,0,1,Anshul.Yadav,,"1. WEBINAR-9651: Added Reserved zoom serverToServer call index.
2. WEBINAR-9651: Resolved review comments
3. WEBINAR-9651: Fixed lint"
Quasar: K'23 (May 25- Jun 07,2023/05/25,2023/06/07,WEBINAR-3011,269,Anshul.Yadav,42,6,0,0,0,0,0,0,0,0,0,0,Anshul.Yadav,,
Quasar: K'23 (May 25- Jun 07,2023/05/25,2023/06/07,WEBINAR-3011,9258,Anshul.Yadav,268,107,0,0,0,0,0,0,0,0,0,0,Anshul.Yadav,,
Quasar: K'23 (May 25- Jun 07,2023/05/25,2023/06/07,WEBINAR-10952,1365,Anshul.Yadav,0,0,0,0,0,0,0,0,0,0,0,0,ADhaliwal,,
Sprint Totals,,,,,,PR_ADDED: 391,PR_REMOVED: 130,COMMIT_ADDED: 147,COMMIT_REMOVED: 82,APPROVED: 0,COMMENTED: 3,DECLINED: 0,MERGED: 0,OPENED: 4,RESCOPED: 24,UNAPPROVED: 0,UPDATED: 2,,,

Quasar: L'23 (Jun 08- Jun 21),2023/06/08,2023/06/21,WEBINAR-9665,1388,Anshul.Yadav,0,0,0,0,0,0,0,0,0,0,0,0,LCarrero,,1. Pull request #1363: WEBINAR-9651: Update automation script to utilise a reserved index via hogan  Merge in API/universal-webcast from webinar-9651 to develop  * commit '4af0c5b88acfa9218e27e97737b6547c5744c675':    WEBINAR-9651: Resolved review comments    WEBINAR-9651: fix    WEBINAR-9651: update    WEBINAR-9651: updated credentials    WEBINAR-9651: For test changes    WEBINAR-9651: For test changes    WEBINAR-9651: Update automation script to utilise a reserved index via hogan    WEBINAR-9651: Update automation script to utilise a reserved index via hogan    WEBINAR-9651: Update automation script to utilise a reserved index via hogan
Quasar: L'23 (Jun 08- Jun 21),2023/06/08,2023/06/21,WEBINAR-10378,107,Anshul.Yadav,215,93,298,176,0,1,0,1,1,6,0,0,Anshul.Yadav,1. Removed this workflow from here and added it after fetching adapter in same function.,"1. WEBINAR-10378: Update Refresh/Validate end point to support Zoom's index
2. WEBINAR-10378: Update Refresh/Validate end point to support Zoom's index
3. Merge branch 'feature/WEBINAR-9652' into webinar-10378
4. WEBINAR-10378: Resolved review comments
5. WEBINAR-10378: added changeset
6. WEBINAR-10378: minor
7. WEBINAR-10378: Resolved Review comment
8. Merge branch 'master' into webinar-10378
9. WEBINAR-10378 : fixed ut"
Quasar: L'23 (Jun 08- Jun 21),2023/06/08,2023/06/21,WEBINAR-10378,108,Anshul.Yadav,212,89,1,0,0,0,1,0,1,0,0,1,Anshul.Yadav,,1. WEBINAR-10378-new : To check UT failures in other branch
Quasar: L'23 (Jun 08- Jun 21),2023/06/08,2023/06/21,WEBINAR-10423,9502,Anshul.Yadav,74,21,93,40,0,2,0,0,1,5,0,0,Anshul.Yadav,"1. To be reverted
2. Already discussed with @""Sukhpreet.Singh"" this won't be required here","1. WEBINAR-10423: Add the support of experiment for 250 active participant limit for collab session
2. Merge branch 'develop' into webinar-10423
3. Merge branch 'develop' into webinar-10423
4. WEBINAR-10423: Add the support of experiment for 250 active participant limit for collab session
5. WEBINAR-10423: Updated experiment name and usage
6. WEBINAR-10423: Updated cwitch version for testing
7. WEBINAR-10423: Resolved Review commit"
Sprint Totals,,,,,,PR_ADDED: 501,PR_REMOVED: 203,COMMIT_ADDED: 392,COMMIT_REMOVED: 216,APPROVED: 0,COMMENTED: 3,DECLINED: 1,MERGED: 1,OPENED: 3,RESCOPED: 11,UNAPPROVED: 0,UPDATED: 1,,,

Overall Totals,,,,,,PR_ADDED: 2920,PR_REMOVED: 1033,COMMIT_ADDED: 7246,COMMIT_REMOVED: 8660,APPROVED: 0,COMMENTED: 13,DECLINED: 1,MERGED: 3,OPENED: 17,RESCOPED: 89,UNAPPROVED: 0,UPDATED: 6,,,
