SPRINT,START_DATE,END_DATE,TICKET,PR_ID,USER,PR_ADDED,PR_REMOVED,COMMIT_ADDED,COMMIT_REMOVED,APPROVED,COMMENTED,DECLINED,MERGED,OPENED,RESCOPED,UNAPPROVED,UPDATED,AUTHOR,COMMENTS,COMMIT_MESSAGES
WOW - S8 (13 - 26 Apr),2023/04/13,2023/04/26,WEBINAR-6335,11735,GSavoie,0,0,2,2,0,0,0,0,0,0,0,0,THarsh,,"1. HUB-96992: Only call remote-printing if the feature is enabled
2. HUB-96992: Improve readability by reducing the Not.
3. Merge branch 'hub-96992' into prod-165949"
WOW - S8 (13 - 26 Apr),2023/04/13,2023/04/26,WEBINAR-7051,148683,GSavoie,0,0,0,0,0,0,0,0,0,0,0,0,PLohiya,,
Sprint Totals,,,,,,PR_ADDED: 0,PR_REMOVED: 0,COMMIT_ADDED: 2,COMMIT_REMOVED: 2,APPROVED: 0,COMMENTED: 0,DECLINED: 0,MERGED: 0,OPENED: 0,RESCOPED: 0,UNAPPROVED: 0,UPDATED: 0,,,

Q2 -WOW - S9 (27 - 10 May) -33,2023/04/27,2023/05/10,PROD-166432,148801,GSavoie,0,0,0,0,1,0,0,0,0,0,0,1,Ridhi.Handa,,
Q2 -WOW - S9 (27 - 10 May) -33,2023/04/27,2023/05/10,WEBINAR-7906,148801,GSavoie,0,0,0,0,0,0,0,0,0,0,0,0,Ridhi.Handa,,
Sprint Totals,,,,,,PR_ADDED: 0,PR_REMOVED: 0,COMMIT_ADDED: 0,COMMIT_REMOVED: 0,APPROVED: 1,COMMENTED: 0,DECLINED: 0,MERGED: 0,OPENED: 0,RESCOPED: 0,UNAPPROVED: 0,UPDATED: 1,,,

Q2 - WOW S11 (25 May-7 Jun),2023/05/25,2023/06/07,PROD-157033,150085,GSavoie,3059,844,0,0,0,0,1,0,1,0,0,0,GSavoie,,
Sprint Totals,,,,,,PR_ADDED: 3059,PR_REMOVED: 844,COMMIT_ADDED: 0,COMMIT_REMOVED: 0,APPROVED: 0,COMMENTED: 0,DECLINED: 1,MERGED: 0,OPENED: 1,RESCOPED: 0,UNAPPROVED: 0,UPDATED: 0,,,

Q2 - WOW S12 (8 - 21 Jun),2023/06/08,2023/06/21,PROD-167534,149732,GSavoie,0,0,21,15,0,0,0,0,0,0,0,0,SSao,,"1. PROD-170851: adding missing Acct_id/evt_stub binding
2. PROD-170851: optimize query
3. PROD-170851: adding missing Acct_id/evt_stub binding
4. PROD-170851: fix the join
5. PROD-170851: fix
6. PROD-170851: Additional optimization"
Sprint Totals,,,,,,PR_ADDED: 0,PR_REMOVED: 0,COMMIT_ADDED: 21,COMMIT_REMOVED: 15,APPROVED: 0,COMMENTED: 0,DECLINED: 0,MERGED: 0,OPENED: 0,RESCOPED: 0,UNAPPROVED: 0,UPDATED: 0,,,

Overall Totals,,,,,,PR_ADDED: 3059,PR_REMOVED: 844,COMMIT_ADDED: 23,COMMIT_REMOVED: 17,APPROVED: 1,COMMENTED: 0,DECLINED: 1,MERGED: 0,OPENED: 1,RESCOPED: 0,UNAPPROVED: 0,UPDATED: 1,,,
