SPRINT,START_DATE,END_DATE,TICKET,PR_ID,USER,PR_ADDED,PR_REMOVED,COMMIT_ADDED,COMMIT_REMOVED,APPROVED,COMMENTED,DECLINED,MERGED,OPENED,RESCOPED,UNAPPROVED,UPDATED,AUTHOR,COMMENTS,COMMIT_MESSAGES
Krypto Q2 23' S1 (8w 3d),2023/04/05,2023/04/19,PROD-164396,12573,BBaurai,4051,1819,0,0,0,0,0,0,0,0,0,0,BBaurai,,
Sprint Totals,,,,,,PR_ADDED: 4051,PR_REMOVED: 1819,COMMIT_ADDED: 0,COMMIT_REMOVED: 0,APPROVED: 0,COMMENTED: 0,DECLINED: 0,MERGED: 0,OPENED: 0,RESCOPED: 0,UNAPPROVED: 0,UPDATED: 0,,,

Krypto Q2 23' S2 (10w 1d),2023/04/19,2023/05/03,PROD-165626,148570,BBaurai,0,0,172,172,0,0,0,0,0,0,0,0,UBansal,,"1. PROD-146888: package update for Cvent.Accounts.Client to 1.230419.130320
2. Merge branch 'ccid-2544' of ssh://stash.cvent.net:7999/cvt/c4 into prod-146888-1"
Sprint Totals,,,,,,PR_ADDED: 0,PR_REMOVED: 0,COMMIT_ADDED: 172,COMMIT_REMOVED: 172,APPROVED: 0,COMMENTED: 0,DECLINED: 0,MERGED: 0,OPENED: 0,RESCOPED: 0,UNAPPROVED: 0,UPDATED: 0,,,

Krypto Q2 23' S4 (10w 1d),2023/05/18,2023/06/01,PROD-167055,12775,BBaurai,8076,1924,0,0,0,0,0,0,0,0,0,0,BBaurai,,
Sprint Totals,,,,,,PR_ADDED: 8076,PR_REMOVED: 1924,COMMIT_ADDED: 0,COMMIT_REMOVED: 0,APPROVED: 0,COMMENTED: 0,DECLINED: 0,MERGED: 0,OPENED: 0,RESCOPED: 0,UNAPPROVED: 0,UPDATED: 0,,,

Overall Totals,,,,,,PR_ADDED: 12127,PR_REMOVED: 3743,COMMIT_ADDED: 172,COMMIT_REMOVED: 172,APPROVED: 0,COMMENTED: 0,DECLINED: 0,MERGED: 0,OPENED: 0,RESCOPED: 0,UNAPPROVED: 0,UPDATED: 0,,,
