SPRINT,START_DATE,END_DATE,TICKET,PR_ID,USER,PR_ADDED,PR_REMOVED,COMMIT_ADDED,COMMIT_REMOVED,APPROVED,COMMENTED,DECLINED,MERGED,OPENED,RESCOPED,UNAPPROVED,UPDATED,AUTHOR,COMMENTS,COMMIT_MESSAGES
Sprint Hagen Daz,2023/04/11,2023/04/25,HUB-84883,9086,TDee,8,1,8,1,0,1,0,1,1,0,0,0,TDee,1. 4px is not enough  and 8px was too much,1. HUB-84883: Aligned live status to first line of text on discussion card
Sprint Hagen Daz,2023/04/11,2023/04/25,HUB-95375,478,TDee,0,0,0,0,1,0,0,0,0,0,1,0,MKumar1,,
Sprint Hagen Daz,2023/04/11,2023/04/25,HUB-84998,9154,TDee,0,0,0,0,0,0,0,0,0,0,0,0,DScott,,
Sprint Hagen Daz,2023/04/11,2023/04/25,HUB-89950,212,TDee,0,0,0,0,1,0,0,0,0,0,0,1,Michael.Tang,,
Sprint Hagen Daz,2023/04/11,2023/04/25,HUB-91000,9202,TDee,0,0,0,0,0,0,0,0,0,0,0,0,DDimercurio,,
Sprint Hagen Daz,2023/04/11,2023/04/25,PROD-165535,9097,TDee,0,0,0,0,1,0,0,0,0,0,0,0,TCox,,
Sprint Totals,,,,,,PR_ADDED: 8,PR_REMOVED: 1,COMMIT_ADDED: 8,COMMIT_REMOVED: 1,APPROVED: 3,COMMENTED: 1,DECLINED: 0,MERGED: 1,OPENED: 1,RESCOPED: 0,UNAPPROVED: 1,UPDATED: 1,,,

Sprint Ice Cream,2023/04/25,2023/05/09,HUB-47777,9155,TDee,15,4,32,21,0,0,0,1,1,1,0,0,TDee,,"1. HUB-47777: Update discussion list sections to have accessibility label
2. HUB-47777: Modified code to move aria-label to section tag
3. HUB-47777: Moved key attribute from div to section"
Sprint Ice Cream,2023/04/25,2023/05/09,HUB-47777,9177,TDee,0,0,0,0,0,0,0,0,0,0,0,0,BRehman,,1. Pull request #9155: HUB-47777: Update discussion list sections to have accessibility label  Merge in AX/attendee-experience-web from HUB-47777_Add_Accessibility_to_DiscussionList_Sections to develop  * commit 'c5cdd90b5de4f02491fde2ea9e96c5b39ed0d702':    HUB-47777: Moved key attribute from div to section    HUB-47777: Modified code to move aria-label to section tag    HUB-47777: Update discussion list sections to have accessibility label
Sprint Ice Cream,2023/04/25,2023/05/09,HUB-84998,9154,TDee,0,0,0,0,1,1,0,0,0,0,0,0,DScott,1. There's one more scenario we have where the join button disappears once the room has 6 attendees. Basically 6 is the max and so we convert the join button into a regular avatar,
Sprint Ice Cream,2023/04/25,2023/05/09,HUB-87782,9181,TDee,0,0,0,0,1,0,0,0,0,0,0,0,TCox,,
Sprint Ice Cream,2023/04/25,2023/05/09,HUB-89950,212,TDee,0,0,0,0,0,0,0,0,0,0,0,0,Michael.Tang,,
Sprint Ice Cream,2023/04/25,2023/05/09,HUB-91000,9202,TDee,0,0,0,0,1,0,0,0,0,0,0,0,DDimercurio,,
Sprint Ice Cream,2023/04/25,2023/05/09,HUB-96478,466,TDee,0,0,0,0,1,0,0,0,0,0,0,0,GMa,,
Sprint Ice Cream,2023/04/25,2023/05/09,HUB-93088,490,TDee,0,0,0,0,0,0,0,0,0,0,0,0,MKumar1,,
Sprint Ice Cream,2023/04/25,2023/05/09,HUB-97118,9296,TDee,0,0,0,0,0,0,0,0,0,0,0,0,GDionne,,
Sprint Ice Cream,2023/04/25,2023/05/09,HUB-98838,1464,TDee,8,0,8,0,0,0,0,0,1,0,0,0,TDee,,1. HUB-98838 Fix Discussions E2E failing due to setValue concatenating instead of overriding values
Sprint Ice Cream,2023/04/25,2023/05/09,PROD-164880,9036,TDee,0,0,0,0,0,0,0,0,0,0,0,0,PGartner,,
Sprint Ice Cream,2023/04/25,2023/05/09,PROD-165535,9097,TDee,0,0,0,0,0,0,0,0,0,0,0,0,TCox,,
Sprint Totals,,,,,,PR_ADDED: 23,PR_REMOVED: 4,COMMIT_ADDED: 40,COMMIT_REMOVED: 21,APPROVED: 4,COMMENTED: 1,DECLINED: 0,MERGED: 1,OPENED: 2,RESCOPED: 1,UNAPPROVED: 0,UPDATED: 0,,,

Wizards - Sprint Jalebi,2023/05/09,2023/05/23,HUB-93088,490,TDee,0,0,0,0,1,0,0,0,0,0,0,0,MKumar1,,
Wizards - Sprint Jalebi,2023/05/09,2023/05/23,HUB-93092,1481,TDee,0,0,0,0,0,0,0,0,0,0,0,0,Shea.Sullivan,,1. Pull request #1464: HUB-98838 Fix Discussions E2E failing due to setValue concatenating instead of overriding values  Merge in AX/attendee-experience-builder from HUB-98838_Fix_Discussions_setValue_Issues to develop  * commit '8256af5be64aee3189ac0142bf6dc9ea7c724a69':    HUB-98838 Fix Discussions E2E failing due to setValue concatenating instead of overriding values
Wizards - Sprint Jalebi,2023/05/09,2023/05/23,HUB-97118,9296,TDee,0,0,0,0,1,1,0,0,0,0,0,0,GDionne,1. Should this PR's commit be squashed? It's a huge list of commits,
Wizards - Sprint Jalebi,2023/05/09,2023/05/23,HUB-98056,9295,TDee,0,0,0,0,1,0,0,0,0,0,0,0,TCox,,
Wizards - Sprint Jalebi,2023/05/09,2023/05/23,HUB-98056,9296,TDee,0,0,0,0,0,0,0,0,0,0,0,0,GDionne,,
Wizards - Sprint Jalebi,2023/05/09,2023/05/23,HUB-98838,1464,TDee,8,0,0,0,0,0,0,1,0,0,0,0,TDee,,
Wizards - Sprint Jalebi,2023/05/09,2023/05/23,PROD-165535,9097,TDee,0,0,0,0,0,0,0,0,0,0,0,0,TCox,,
Wizards - Sprint Jalebi,2023/05/09,2023/05/23,HUB-96439,468,TDee,0,0,0,0,0,0,0,0,0,0,0,0,GMa,,
Wizards - Sprint Jalebi,2023/05/09,2023/05/23,HUB-96568,477,TDee,0,0,0,0,0,0,0,0,0,0,0,0,GMa,,
Wizards - Sprint Jalebi,2023/05/09,2023/05/23,PROD-164880,9036,TDee,0,0,0,0,0,0,0,0,0,0,0,0,PGartner,,
Wizards - Sprint Jalebi,2023/05/09,2023/05/23,PROD-165828,499,TDee,0,0,0,0,0,0,0,0,0,0,0,0,MKumar1,,
Sprint Totals,,,,,,PR_ADDED: 8,PR_REMOVED: 0,COMMIT_ADDED: 0,COMMIT_REMOVED: 0,APPROVED: 3,COMMENTED: 1,DECLINED: 0,MERGED: 1,OPENED: 0,RESCOPED: 0,UNAPPROVED: 0,UPDATED: 0,,,

Wizards - Sprint Kinder Joy,2023/05/23,2023/06/06,HUB-96439,468,TDee,0,0,0,0,1,0,0,0,0,0,0,0,GMa,,
Wizards - Sprint Kinder Joy,2023/05/23,2023/06/06,HUB-96486,474,TDee,0,0,0,0,1,1,0,0,0,0,0,0,GMa,"1. After Peter's PR, would you be able to add a screenshot of unit test passing?",
Wizards - Sprint Kinder Joy,2023/05/23,2023/06/06,HUB-96565,475,TDee,0,0,0,0,1,0,0,0,0,0,0,0,GMa,,
Wizards - Sprint Kinder Joy,2023/05/23,2023/06/06,HUB-99871,1499,TDee,7,1,8,2,0,0,0,1,1,1,0,0,TDee,,"1. HUB-99871: Fix editDiscussion test by clearing input field before setValue
2. HUB-99871: Lint fix"
Wizards - Sprint Kinder Joy,2023/05/23,2023/06/06,HUB-99871,1508,TDee,0,0,0,0,0,0,0,0,0,0,0,0,TCox,,1. Pull request #1499: HUB-99871: Fix editDiscussion test by clearing input field before setValue  Merge in AX/attendee-experience-builder from HUB-99871_Fix_editDiscussion_setValue_test to develop  * commit 'ec9ed42cdacc22ada5ee4ae04e2019741f29d65c':    HUB-99871: Lint fix    HUB-99871: Fix editDiscussion test by clearing input field before setValue
Wizards - Sprint Kinder Joy,2023/05/23,2023/06/06,PROD-164880,9036,TDee,0,0,0,0,0,0,0,0,0,0,0,0,PGartner,,
Wizards - Sprint Kinder Joy,2023/05/23,2023/06/06,PROD-165457,9380,TDee,0,0,0,0,1,0,0,0,0,0,0,0,DDimercurio,,
Wizards - Sprint Kinder Joy,2023/05/23,2023/06/06,HUB-96568,477,TDee,0,0,0,0,0,0,0,0,0,0,0,0,GMa,,
Wizards - Sprint Kinder Joy,2023/05/23,2023/06/06,HUB-97972,478,TDee,191,13,0,0,0,0,0,0,0,0,0,0,TDee,,
Wizards - Sprint Kinder Joy,2023/05/23,2023/06/06,HUB-97972,482,TDee,43,36,0,0,0,0,0,0,0,0,0,0,TDee,,
Wizards - Sprint Kinder Joy,2023/05/23,2023/06/06,PROD-165828,499,TDee,0,0,0,0,1,0,0,0,0,0,0,0,MKumar1,,
Wizards - Sprint Kinder Joy,2023/05/23,2023/06/06,PROD-167754,9469,TDee,0,0,0,0,0,0,0,0,0,0,0,0,GMa,,
Sprint Totals,,,,,,PR_ADDED: 241,PR_REMOVED: 50,COMMIT_ADDED: 8,COMMIT_REMOVED: 2,APPROVED: 5,COMMENTED: 1,DECLINED: 0,MERGED: 1,OPENED: 1,RESCOPED: 1,UNAPPROVED: 0,UPDATED: 0,,,

Wizards - Sprint Leche Flan,2023/06/06,2023/06/20,HUB-97972,478,TDee,191,13,205,14,0,32,0,1,1,12,0,0,TDee,"1. That is because there are no activities known to be App Only.   I only showed that on screenshots as an example of what an App only example looks like
2. I do have to add Web only restriction to ""Add to Calendar""
3. Do
4. Fix
5. Fix
6. The 28px addition is from the size of the activity restriction tag, or else the expanded list actually cuts off the bottom
7. Add comment
8. Fix testID web --> app
9. Do
10. Separate out
11. Do
12. Modified to be handled by the Webtag component instead
13. Done
14. Done
15. Check compliance or modify
16. Replaced with <p>
17. Removed unnecessary css parent layer 'tag'
18. Removed '.color' from text css
19. Had to look this up because I'm not familiar with having "" true && someValue""   Thanks!
20. Create constant, will be in index.js with all the other constants.   export const platformType = {    MOBILE: 'MOBILE',    WEB: 'WEB',  };
21. It merges the actual goal being loaded with its facts. The facts is the index.js file we're using and contains more information than what achievements returns.   Without doing this, we lack the information for which activities are restricted
22. Do
23. Rename to PlatformTag
24. Improve code
25. Clean up conditional to ternary
26. Do
27. Export Default and define proptypes
28. Move into PlatformTag
29. Create constant
30. ![Screenshot 2023-06-12 at 2.33.23 PM.png](attachment:15683/23052) ![Screenshot 2023-06-12 at 2.33.12 PM.png](attachment:15683/23051) ![Screenshot 2023-06-12 at 2.33.05 PM.png](attachment:15683/23050)
31. This was a request from Pujita to add in
32. Fix","1. HUB-97972: Add Platform tag, web-only to join video discussion and add to calendar, squash commit
2. HUB-97972: Clean up code, simplify variables
3. HUB-97972: Changed propType to oneOf for platform on PlatformTag"
Wizards - Sprint Leche Flan,2023/06/06,2023/06/20,HUB-97972,482,TDee,43,36,43,36,0,0,0,1,1,0,0,0,TDee,,"1. HUB-97972: Remove AddToCalendar Web-only tag, added 24px bottom margin between tag and display name on activity edit modal, center aligned points, edit link, and delete icon on achievement table item"
Wizards - Sprint Leche Flan,2023/06/06,2023/06/20,HUB-99805,9496,TDee,0,0,0,0,1,0,0,0,0,0,0,0,TCox,,
Wizards - Sprint Leche Flan,2023/06/06,2023/06/20,HUB-99845,1538,TDee,0,0,0,0,1,0,0,0,0,0,0,0,GMa,,
Wizards - Sprint Leche Flan,2023/06/06,2023/06/20,HUB-99976,9458,TDee,0,0,0,0,1,0,0,0,0,0,0,0,DDimercurio,,
Wizards - Sprint Leche Flan,2023/06/06,2023/06/20,HUB-103393,9526,TDee,97,50,372,579,0,3,0,1,1,2,0,0,TDee,"1. Will delete this once I get all tests passing on DiscussionsDetailsPage.spec.tsx
2. Delete
3. packages/attendee-experience-web/src/state/index.js states that  ""This file is deprecated. Instead import the queries/mutations file directly.""","1. HUB-103393: Add tests to check if VISIT_DISCUSSION mutation is fired depending on attendee visibility, converted spec file to tsx
2. HUB-103393: Updated unit tests to correctly validate calling of VISIT_DISCUSSION based on attendee profile visibility
3. HUB-103393: Removed js-based snapshot with tsx snapshot"
Wizards - Sprint Leche Flan,2023/06/06,2023/06/20,HUB-103499,481,TDee,0,0,0,0,1,0,0,0,0,0,0,0,GMa,,
Wizards - Sprint Leche Flan,2023/06/06,2023/06/20,PROD-165828,499,TDee,0,0,0,0,0,0,0,0,0,0,0,0,MKumar1,,
Wizards - Sprint Leche Flan,2023/06/06,2023/06/20,HUB-94205,219,TDee,0,0,0,0,1,0,0,0,0,0,0,0,TCox,,
Wizards - Sprint Leche Flan,2023/06/06,2023/06/20,HUB-96357,9553,TDee,0,0,0,0,0,0,0,0,0,0,0,0,DScott,,
Wizards - Sprint Leche Flan,2023/06/06,2023/06/20,HUB-96568,477,TDee,0,0,0,0,1,0,0,0,0,0,0,1,GMa,,
Wizards - Sprint Leche Flan,2023/06/06,2023/06/20,HUB-100703,1544,TDee,0,0,0,0,1,0,0,0,0,0,0,1,DDimercurio,,
Wizards - Sprint Leche Flan,2023/06/06,2023/06/20,HUB-101506,1559,TDee,0,0,0,0,0,0,0,0,0,0,0,0,GMa,,
Wizards - Sprint Leche Flan,2023/06/06,2023/06/20,PROD-166071,9527,TDee,6,0,6,0,0,0,0,1,1,0,0,0,TDee,,1. PROD-166071: Prevent SpeedNetworking Modal dismiss by clicking away from modal
Wizards - Sprint Leche Flan,2023/06/06,2023/06/20,PROD-167754,9469,TDee,0,0,0,0,1,0,0,0,0,0,0,0,GMa,,
Sprint Totals,,,,,,PR_ADDED: 337,PR_REMOVED: 99,COMMIT_ADDED: 626,COMMIT_REMOVED: 629,APPROVED: 8,COMMENTED: 35,DECLINED: 0,MERGED: 4,OPENED: 4,RESCOPED: 14,UNAPPROVED: 0,UPDATED: 2,,,

Wizards - Sprint Muffin,2023/06/20,2023/07/05,HUB-94205,219,TDee,0,0,0,0,0,0,0,0,0,0,0,0,TCox,,
Wizards - Sprint Muffin,2023/06/20,2023/07/05,HUB-96568,477,TDee,0,0,0,0,0,0,0,0,0,0,0,0,GMa,,
Wizards - Sprint Muffin,2023/06/20,2023/07/05,HUB-100703,1544,TDee,0,0,0,0,0,0,0,0,0,0,0,0,DDimercurio,,
Wizards - Sprint Muffin,2023/06/20,2023/07/05,HUB-101506,1559,TDee,0,0,0,0,1,0,0,0,0,0,0,0,GMa,,
Wizards - Sprint Muffin,2023/06/20,2023/07/05,HUB-103415,9568,TDee,0,0,0,0,1,0,0,0,0,0,0,0,Sanjay.Gorur,,
Wizards - Sprint Muffin,2023/06/20,2023/07/05,HUB-103623,9604,TDee,51,17,106,32,0,0,0,1,1,4,0,0,TDee,,"1. HUB-103623: Added PendingReportsEmptyState, updated storybook, updated translation, added spec file
2. HUB-103623: Updated stories for pending and resolved reporting empty state
3. HUB-103623: Updated storyshots, added changeset
4. HUB-103623: Updated codeowners file
5. HUB-103623: Fixed unit test locator key
6. HUB-103623: Remove unneeded custom title
7. HUB-103623: Fixed minor type on story title"
Wizards - Sprint Muffin,2023/06/20,2023/07/05,HUB-103623,9621,TDee,77,8,77,8,0,1,0,1,1,1,0,0,TDee,"1. To test via storybooks that we can override the testID if ever needed, it should show up when we check the elements from dev tools","1. HUB-103623: Fix typo on import, removed unneeded knob
2. HUB-103623: Added changeset"
Wizards - Sprint Muffin,2023/06/20,2023/07/05,HUB-103624,9581,TDee,0,0,0,0,1,0,0,0,0,0,0,0,TCox,,
Wizards - Sprint Muffin,2023/06/20,2023/07/05,HUB-103866,9597,TDee,0,0,0,0,1,1,0,0,0,0,0,0,Sanjay.Gorur,"1. Could you post a before and after?   This is for UX approval under the checklist below   ""UX - Have you added screenshots? Has UX reviewed your work?""   Unless you pinged them directly",
Wizards - Sprint Muffin,2023/06/20,2023/07/05,HUB-103894,483,TDee,11,5,11,5,0,0,0,1,1,0,0,0,TDee,,1. HUB-103894: Add disabled styling if gamification actions are disabled
Wizards - Sprint Muffin,2023/06/20,2023/07/05,HUB-104286,484,TDee,0,0,0,0,1,0,0,0,0,0,0,0,GMa,,
Wizards - Sprint Muffin,2023/06/20,2023/07/05,HUB-104506,9593,TDee,0,0,0,0,1,1,0,0,0,0,0,0,PGartner,1. I dont see where this useRef is used,
Wizards - Sprint Muffin,2023/06/20,2023/07/05,HUB-104511,487,TDee,0,0,0,0,1,0,0,0,0,0,0,0,GMa,,
Wizards - Sprint Muffin,2023/06/20,2023/07/05,HUB-105106,9629,TDee,0,0,0,0,1,0,0,0,0,0,0,1,Sanjay.Gorur,,
Wizards - Sprint Muffin,2023/06/20,2023/07/05,PROD-166071,9527,TDee,6,0,0,0,0,0,0,0,0,0,0,0,TDee,,
Wizards - Sprint Muffin,2023/06/20,2023/07/05,PROD-167754,9469,TDee,0,0,0,0,0,0,0,0,0,0,0,0,GMa,,
Wizards - Sprint Muffin,2023/06/20,2023/07/05,HUB-96357,9553,TDee,0,0,0,0,1,0,0,0,0,0,0,0,DScott,,
Wizards - Sprint Muffin,2023/06/20,2023/07/05,HUB-96479,488,TDee,1,1,6,6,0,2,0,0,1,0,0,0,TDee,"1. Ensure FE is ready
2. Ensure BE is ready",1. HUB-96479_Enable_DiscussionActions_Flag
Sprint Totals,,,,,,PR_ADDED: 146,PR_REMOVED: 31,COMMIT_ADDED: 200,COMMIT_REMOVED: 51,APPROVED: 9,COMMENTED: 5,DECLINED: 0,MERGED: 3,OPENED: 4,RESCOPED: 5,UNAPPROVED: 0,UPDATED: 1,,,

Overall Totals,,,,,,PR_ADDED: 763,PR_REMOVED: 185,COMMIT_ADDED: 882,COMMIT_REMOVED: 704,APPROVED: 32,COMMENTED: 44,DECLINED: 0,MERGED: 11,OPENED: 12,RESCOPED: 21,UNAPPROVED: 1,UPDATED: 4,,,
