SPRINT,START_DATE,END_DATE,TICKET,PR_ID,USER,PR_ADDED,PR_REMOVED,COMMIT_ADDED,COMMIT_REMOVED,APPROVED,COMMENTED,DECLINED,MERGED,OPENED,RESCOPED,UNAPPROVED,UPDATED,AUTHOR,COMMENTS,COMMIT_MESSAGES
Quasar: H'23 (Apr 13- Apr 26),2023/04/13,2023/04/26,CINT-24586,1334,Divyam.Kaushik,0,0,1073,29,0,0,0,0,0,1,0,0,A.Bawa,,"1. CINT-24678:Modified the getGrantedId for both auth code and bearer and created a method for Internal bearer call.
2. CINT-24678:Modified the UTs with respect to internal bearer call.
3. CINT-24678: Wrote the UT for GenerateInternalBearer for oauth code support.
4. CINT-24678: Wrote the UT for GenerateInternalBearer for oauth code support."
Quasar: H'23 (Apr 13- Apr 26),2023/04/13,2023/04/26,CINT-24586,1332,Divyam.Kaushik,0,0,0,0,0,0,0,0,0,1,0,0,A.Bawa,,
Quasar: H'23 (Apr 13- Apr 26),2023/04/13,2023/04/26,CINT-24678,1334,Divyam.Kaushik,0,0,0,0,0,0,0,0,0,0,0,0,A.Bawa,,
Quasar: H'23 (Apr 13- Apr 26),2023/04/13,2023/04/26,CINT-24678,1332,Divyam.Kaushik,0,0,0,0,0,0,0,0,0,0,0,0,A.Bawa,,
Quasar: H'23 (Apr 13- Apr 26),2023/04/13,2023/04/26,WEBINAR-6554,1342,Divyam.Kaushik,56,6,16,4,0,1,0,0,1,2,0,0,Divyam.Kaushik,"1. I have done the required changes, also this test works for Embedded CVC only as we are mocking an embedded webcast for this particular test.","1. WEBINAR-6554: Update IVS Deactivation flow for Embedded CVC
2. WEBINAR-6554: Changes regarding the respective UT
3. WEBINAR-6554: Changes regarding getScheduleExecution"
Sprint Totals,,,,,,PR_ADDED: 56,PR_REMOVED: 6,COMMIT_ADDED: 1089,COMMIT_REMOVED: 33,APPROVED: 0,COMMENTED: 1,DECLINED: 0,MERGED: 0,OPENED: 1,RESCOPED: 4,UNAPPROVED: 0,UPDATED: 0,,,

Quasar: I'23 (Apr 27- May 10),2023/04/27,2023/05/10,WEBINAR-9801,1352,Divyam.Kaushik,0,0,42,2,0,0,0,0,0,0,0,0,A.Bawa,,"1. Applied suggestion
2. WEBINAR-6554: Adding test case for after session end ivs stream end
3. WEBINAR-6554: Adding test case for after session end ivs stream end
4. WEBINAR-6554: checkstyle fix
5. Pull request #1342: WEBINAR-6554: Update IVS Deactivation flow for Embedded CVC  Merge in API/universal-webcast from webinar-6554 to develop  * commit 'e65ec556c0eddc45c35589cecb57f7968e7a809f':    WEBINAR-6554: checkstyle fix    WEBINAR-6554: Adding test case for after session end ivs stream end    WEBINAR-6554: Adding test case for after session end ivs stream end    Applied suggestion    WEBINAR-6554: returning null when Session end time not met    WEBINAR-6554: Changes regarding respective UT    WEBINAR-6554: Changes regarding respective UT    WEBINAR-6554: Changes regarding respective UT    WEBINAR-6554: Changes regarding respective UT    WEBINAR-6554: Changes regarding getScheduleExecution    WEBINAR-6554: Changes regarding the respective UT    WEBINAR-6554: Update IVS Deactivation flow for Embedded CVC"
Quasar: I'23 (Apr 27- May 10),2023/04/27,2023/05/10,WEBINAR-7919,162,Divyam.Kaushik,181,124,0,0,0,0,0,0,0,0,0,0,Divyam.Kaushik,,
Sprint Totals,,,,,,PR_ADDED: 181,PR_REMOVED: 124,COMMIT_ADDED: 42,COMMIT_REMOVED: 2,APPROVED: 0,COMMENTED: 0,DECLINED: 0,MERGED: 0,OPENED: 0,RESCOPED: 0,UNAPPROVED: 0,UPDATED: 0,,,

Quasar: J'23 (May 11- May 24),2023/05/11,2023/05/24,PROD-163676,48,Divyam.Kaushik,219,24,226,31,0,0,0,1,1,4,0,1,Divyam.Kaushik,,"1. PROD-163681: Updated wdio/cli to 7.30.0 in e2e
2. PROD-163681: Added changeset
3. PROD-163676: added video_meeting_graph_url for local testing
4. PROD-163676: added video_meeting_graph_url for local testing
5. PROD-163681: reverted back the video meeting graph url"
Quasar: J'23 (May 11- May 24),2023/05/11,2023/05/24,PROD-163681,48,Divyam.Kaushik,219,24,0,0,0,0,0,0,0,0,0,0,Divyam.Kaushik,,
Quasar: J'23 (May 11- May 24),2023/05/11,2023/05/24,PROD-163681,162,Divyam.Kaushik,181,124,151,191,0,0,0,0,0,12,0,0,Divyam.Kaushik,,"1. WEBINAR-7919: Added changeset
2. WEBINAR-7919: Changes in dataset for ITs
3. WEBINAR-7919: Changes in dataset for ITs
4. WEBINAR-7919: Changes in dataset for ITs
5. WEBINAR-7919: Changes in dataset for ITs
6. WEBINAR-7919: Changes regarding the ITs
7. WEBINAR-7919: Changes regarding the ITs
8. WEBINAR-7919: Changes regarding the ITs
9. WEBINAR-7919: Changes regarding the ITs
10. WEBINAR-7919: Changes regarding the ITs
11. WEBINAR-7919: Error handling when calling Universal-Attendee
12. WEBINAR-7919: Error handling when calling Universal-Attendee"
Quasar: J'23 (May 11- May 24),2023/05/11,2023/05/24,PROD-163681,163,Divyam.Kaushik,0,0,1,1,0,0,0,0,0,1,0,0,Piyush.Garg,,1. PROD-163681: Updated video-content-media url
Quasar: J'23 (May 11- May 24),2023/05/11,2023/05/24,PROD-163684,56,Divyam.Kaushik,373,143,0,0,0,0,0,0,0,0,0,0,Divyam.Kaushik,,
Quasar: J'23 (May 11- May 24),2023/05/11,2023/05/24,WEBINAR-7919,162,Divyam.Kaushik,181,124,0,0,0,0,0,0,0,0,0,0,Divyam.Kaushik,,
Quasar: J'23 (May 11- May 24),2023/05/11,2023/05/24,PROD-163680,54,Divyam.Kaushik,621,288,0,0,0,0,0,0,0,0,0,0,Divyam.Kaushik,,
Quasar: J'23 (May 11- May 24),2023/05/11,2023/05/24,PROD-163680,57,Divyam.Kaushik,21,15,0,0,0,0,0,0,0,0,0,0,Divyam.Kaushik,,
Quasar: J'23 (May 11- May 24),2023/05/11,2023/05/24,PROD-163685,57,Divyam.Kaushik,21,15,0,0,0,0,0,0,0,0,0,0,Divyam.Kaushik,,
Quasar: J'23 (May 11- May 24),2023/05/11,2023/05/24,PROD-163685,59,Divyam.Kaushik,16,7,0,0,0,0,0,0,0,0,0,0,Divyam.Kaushik,,
Quasar: J'23 (May 11- May 24),2023/05/11,2023/05/24,PROD-163685,51,Divyam.Kaushik,381,143,385,147,0,0,0,0,1,2,0,0,Divyam.Kaushik,,"1. PROD-163685: updated cvent/nx
2. PROD-163685: Added changeset
3. PROD-163685: updated auth client"
Sprint Totals,,,,,,PR_ADDED: 2233,PR_REMOVED: 907,COMMIT_ADDED: 763,COMMIT_REMOVED: 370,APPROVED: 0,COMMENTED: 0,DECLINED: 0,MERGED: 1,OPENED: 2,RESCOPED: 19,UNAPPROVED: 0,UPDATED: 1,,,

Quasar: K'23 (May 25- Jun 07,2023/05/25,2023/06/07,PROD-163680,54,Divyam.Kaushik,621,288,0,0,0,0,0,0,0,0,0,0,Divyam.Kaushik,,
Quasar: K'23 (May 25- Jun 07,2023/05/25,2023/06/07,PROD-163680,57,Divyam.Kaushik,21,15,30,24,0,0,0,1,1,8,0,0,Divyam.Kaushik,,"1. PROD-163680: updated busybox by overriding it so that dicer can be removed.
2. PROD-163683: added vm url for local testing
3. PROD-163683: reverted back the url to check what is breaking
4. PROD-163683: added correct url
5. PROD-163685: Updated vm url in e2e package
6. PROD-163685: Added changeset
7. PROD-163685: Reverted back the VM URL
8. PROD-163685: Reverted back the VM URL
9. PROD-163685: Changed the changeset w.r.t the ticket"
Quasar: K'23 (May 25- Jun 07,2023/05/25,2023/06/07,PROD-163683,57,Divyam.Kaushik,21,15,0,0,0,0,0,0,0,0,0,0,Divyam.Kaushik,,
Quasar: K'23 (May 25- Jun 07,2023/05/25,2023/06/07,PROD-163683,58,Divyam.Kaushik,45,107,51,102,0,0,0,1,1,2,0,0,Divyam.Kaushik,,"1. PROD-163683: Updated trim-newlines by updating meow
2. PROD-163683: resolved merge conflicts
3. PROD-163683: Added changeset"
Quasar: K'23 (May 25- Jun 07,2023/05/25,2023/06/07,PROD-163685,57,Divyam.Kaushik,21,15,0,0,0,0,0,0,0,0,0,0,Divyam.Kaushik,,
Quasar: K'23 (May 25- Jun 07,2023/05/25,2023/06/07,PROD-163685,59,Divyam.Kaushik,16,7,19,5,0,0,0,1,1,2,0,0,Divyam.Kaushik,,"1. PROD-163685: Updated trim to 0.0.3
2. PROD-163685: rebase from master
3. PROD-163685: Updated changeset"
Quasar: K'23 (May 25- Jun 07,2023/05/25,2023/06/07,PROD-163685,51,Divyam.Kaushik,381,143,0,0,0,0,0,0,0,0,0,0,Divyam.Kaushik,,
Quasar: K'23 (May 25- Jun 07,2023/05/25,2023/06/07,PROD-163686,61,Divyam.Kaushik,12,5,12,5,0,0,0,0,1,0,0,0,Divyam.Kaushik,,1. PROD-163686: Updated http-cache-semantics to 4.1.1
Quasar: K'23 (May 25- Jun 07,2023/05/25,2023/06/07,WEBINAR-9614,104,Divyam.Kaushik,14,1,19,6,0,1,0,0,1,4,0,1,Divyam.Kaushik,1. This is for zoom server to server account id,"1. WEBINAR-9614 : Added Application Account Id and account type grant
2. WEBINAR-9614 : changed the type of getApplicationAccountId to string and AuthType enum in lower case to support Zoom API
3. WEBINAR-9614 : Reverted back the Auth Type enum
4. Applied suggestion
5. Applied suggestion"
Quasar: K'23 (May 25- Jun 07,2023/05/25,2023/06/07,WEBINAR-9663,167,Divyam.Kaushik,104,212,103,212,0,0,0,0,1,1,0,0,Divyam.Kaushik,,"1. WEBINAR-9663: Updated video-meeting to utilise ExperimentClient
2. WEBINAR-9663: Added changeset
3. WEBINAR-9663: fixed lint errors"
Quasar: K'23 (May 25- Jun 07,2023/05/25,2023/06/07,WEBINAR-9663,171,Divyam.Kaushik,141,257,0,0,0,0,0,0,0,0,0,0,Divyam.Kaushik,,
Quasar: K'23 (May 25- Jun 07,2023/05/25,2023/06/07,WEBINAR-9663,170,Divyam.Kaushik,8,6,0,0,0,0,0,0,0,0,0,0,Divyam.Kaushik,,
Sprint Totals,,,,,,PR_ADDED: 1405,PR_REMOVED: 1071,COMMIT_ADDED: 234,COMMIT_REMOVED: 354,APPROVED: 0,COMMENTED: 1,DECLINED: 0,MERGED: 3,OPENED: 6,RESCOPED: 17,UNAPPROVED: 0,UPDATED: 1,,,

Quasar: L'23 (Jun 08- Jun 21),2023/06/08,2023/06/21,WEBINAR-9663,167,Divyam.Kaushik,104,212,0,0,0,0,0,0,0,0,0,0,Divyam.Kaushik,,
Quasar: L'23 (Jun 08- Jun 21),2023/06/08,2023/06/21,WEBINAR-9663,171,Divyam.Kaushik,141,257,229,345,0,0,0,1,1,3,0,0,Divyam.Kaushik,,"1. WEBINAR-9663: Eager loaded the experiment client
2. WEBINAR-9663: Added changeset
3. WEBINAR-9663: Used class methodology for eager loading of experiment client
4. WEBINAR-9663: Removed un-necessary code and comments"
Quasar: L'23 (Jun 08- Jun 21),2023/06/08,2023/06/21,WEBINAR-9663,170,Divyam.Kaushik,8,6,8,6,0,0,1,0,1,0,0,0,Divyam.Kaushik,,"1. WEBINAR-9663: Eager loaded the experiment client
2. WEBINAR-9663: Added changeset"
Quasar: L'23 (Jun 08- Jun 21),2023/06/08,2023/06/21,CINT-23852,62,Divyam.Kaushik,63,0,62,12,0,0,0,0,1,4,0,0,Divyam.Kaushik,,"1. CINT-23852: Added MDC logging for video-content-media
2. CINT-23852: Altered logic according to vcm
3. CINT-23852: Altered logic according to vcm
4. CINT-23852: Changed log_level to debug
5. CINT-23852: Added changeset"
Sprint Totals,,,,,,PR_ADDED: 316,PR_REMOVED: 475,COMMIT_ADDED: 299,COMMIT_REMOVED: 363,APPROVED: 0,COMMENTED: 0,DECLINED: 1,MERGED: 1,OPENED: 3,RESCOPED: 7,UNAPPROVED: 0,UPDATED: 0,,,

Overall Totals,,,,,,PR_ADDED: 4191,PR_REMOVED: 2583,COMMIT_ADDED: 2427,COMMIT_REMOVED: 1122,APPROVED: 0,COMMENTED: 2,DECLINED: 1,MERGED: 5,OPENED: 12,RESCOPED: 47,UNAPPROVED: 0,UPDATED: 2,,,
