SPRINT,START_DATE,END_DATE,TICKET,PR_ID,USER,PR_ADDED,PR_REMOVED,COMMIT_ADDED,COMMIT_REMOVED,APPROVED,COMMENTED,DECLINED,MERGED,OPENED,RESCOPED,UNAPPROVED,UPDATED,AUTHOR,COMMENTS,COMMIT_MESSAGES
Q2 23' S3,2023/04/25,2023/05/09,PROD-166009,9139,ABadlia,6309,3691,7,2,0,0,0,1,1,1,0,0,ABadlia,,1. release/2.13.0: updating appFeature file as a part of release activity
Q2 23' S3,2023/04/25,2023/05/09,PROD-166009,9152,ABadlia,0,0,0,0,0,0,0,0,0,0,0,0,Vivek.Bharti,,"1. Pull request #9139: Release/2.13.0  Merge in AX/attendee-experience-web from release/2.13.0 to master  * commit '742e7083c8f1d6488a68758f40647b548f62c69e': (145 commits)    release/2.13.0: updating appFeature file as a part of release activity    HUB-96602: Set DD RUM defaultPrivacyLevel config value to mask-user-input    PROD-165328: Updated ProfileCardEdit component to match profile picture styles of ProfileCard component    PROD-166009: updated attendee profile route for internal link custom cards    WEBINAR-6104: updating snap    WEBINAR-6104: removing hardcoded sie for indicators    WEBINAR-6104: rebase    HUB-96602: Add missing initialization properties for Datadog RUM configuration    CTEQ-56906: Axe tests to specs in yourEvents    Updating snapshot tests    HUB-94829: Revised styles for section headers on home page    HUB-94829: Revised styles for section headers    HUB-66842: Accepting only essential cookies now turns off code snippets that are marked as ""can be turned off""    PROD-164402: Remove icon ref prop    HUB-84705: Update redundant prop type to be just React.ReactNode    PROD-164402: Remove icon width ref    PROD-164123: errors 'Event not found error' - considerable jump around appointments webview    PROD-164123: errors 'Event not found error' - considerable jump around appointments webview    Applied suggestion    PROD-164402: Fix logo width    ..."
Sprint Totals,,,,,,PR_ADDED: 6309,PR_REMOVED: 3691,COMMIT_ADDED: 7,COMMIT_REMOVED: 2,APPROVED: 0,COMMENTED: 0,DECLINED: 0,MERGED: 1,OPENED: 1,RESCOPED: 1,UNAPPROVED: 0,UPDATED: 0,,,

Q2 23' S4,2023/05/09,2023/05/23,HUB-96417,219,ABadlia,0,0,0,0,1,0,0,0,0,0,0,0,Subratkumar.Sahoo,,
Q2 23' S4,2023/05/09,2023/05/23,HUB-96417,9293,ABadlia,0,0,0,0,0,0,0,0,0,0,0,0,Shea.Sullivan,,1. Pull request #9285: PROD-167412 | max cookie limit for locale  Merge in AX/attendee-experience-web from PROD-167412 to develop  * commit '136419d3db5859ead536110c6d1c0e00e385ae33':    PROD-167412: fix UT's    PROD-167412 | Update unit test    PROD-167412 | changeset max cookie limit for locale
Sprint Totals,,,,,,PR_ADDED: 0,PR_REMOVED: 0,COMMIT_ADDED: 0,COMMIT_REMOVED: 0,APPROVED: 1,COMMENTED: 0,DECLINED: 0,MERGED: 0,OPENED: 0,RESCOPED: 0,UNAPPROVED: 0,UPDATED: 0,,,

Overall Totals,,,,,,PR_ADDED: 6309,PR_REMOVED: 3691,COMMIT_ADDED: 7,COMMIT_REMOVED: 2,APPROVED: 1,COMMENTED: 0,DECLINED: 0,MERGED: 1,OPENED: 1,RESCOPED: 1,UNAPPROVED: 0,UPDATED: 0,,,
