SPRINT,START_DATE,END_DATE,TICKET,PR_ID,USER,PR_ADDED,PR_REMOVED,COMMIT_ADDED,COMMIT_REMOVED,APPROVED,COMMENTED,DECLINED,MERGED,OPENED,RESCOPED,UNAPPROVED,UPDATED,AUTHOR,COMMENTS,COMMIT_MESSAGES
Quasar: H'23 (Apr 13- Apr 26),2023/04/13,2023/04/26,WEBINAR-6230,9021,Deepak.Goyal,12,13,72,83,0,2,0,1,0,12,0,0,Deepak.Goyal,"1. okk I will take care
2. According to jira https://jira.cvent.com/browse/WEBINAR-6230, this was needed.  But I went through your points as well . Will discuss with team about these things.","1. WEBINAR-6230:remove extra wait display method
2. WEBINAR-6230:added waitDisplay method without timeout in test case
3. WEBINAR-6230:edit the text of test cases
4. WEBINAR-6230:rearrange the test cases
5. WEBINAR-6230:comment test case to check the job
6. WEBINAR-6230:comparing aria-label value
7. WEBINAR-6230:replace toEqual method with toContain
8. WEBINAR-6230:added console log to check the test value
9. WEBINAR-6230:to test the comparison of the values of attribute
10. WEBINAR-6230:Added expect statements in toggle microphone test cases
11. WEBINAR-6230:resolve the comments
12. WEBINAR-6230:remove the selector consist of hard coded attribute value"
Sprint Totals,,,,,,PR_ADDED: 12,PR_REMOVED: 13,COMMIT_ADDED: 72,COMMIT_REMOVED: 83,APPROVED: 0,COMMENTED: 2,DECLINED: 0,MERGED: 1,OPENED: 0,RESCOPED: 12,UNAPPROVED: 0,UPDATED: 0,,,

Overall Totals,,,,,,PR_ADDED: 12,PR_REMOVED: 13,COMMIT_ADDED: 72,COMMIT_REMOVED: 83,APPROVED: 0,COMMENTED: 2,DECLINED: 0,MERGED: 1,OPENED: 0,RESCOPED: 12,UNAPPROVED: 0,UPDATED: 0,,,
