SPRINT,START_DATE,END_DATE,TICKET,PR_ID,USER,PR_ADDED,PR_REMOVED,COMMIT_ADDED,COMMIT_REMOVED,APPROVED,COMMENTED,DECLINED,MERGED,OPENED,RESCOPED,UNAPPROVED,UPDATED,AUTHOR,COMMENTS,COMMIT_MESSAGES
Quasar: J'23 (May 11- May 24),2023/05/11,2023/05/24,PROD-162137,149426,RSalunke,0,0,0,0,1,0,0,0,0,0,0,1,SMahale,,
Quasar: J'23 (May 11- May 24),2023/05/11,2023/05/24,PROD-162137,149488,RSalunke,0,0,0,0,0,0,0,1,1,0,0,0,RSalunke,,
Quasar: J'23 (May 11- May 24),2023/05/11,2023/05/24,PROD-162137,149559,RSalunke,0,0,12,5,0,0,0,0,0,0,0,0,P.Ahuja,,1. PROD-168160 : Cross-Site Scripting (XSS) - Speaker Biography
Quasar: J'23 (May 11- May 24),2023/05/11,2023/05/24,WEBINAR-8857,149732,RSalunke,0,0,0,0,0,0,0,0,0,0,0,0,SSao,,
Quasar: J'23 (May 11- May 24),2023/05/11,2023/05/24,WEBINAR-8857,150662,RSalunke,0,0,0,0,0,0,0,0,0,0,0,0,SSao,,
Sprint Totals,,,,,,PR_ADDED: 0,PR_REMOVED: 0,COMMIT_ADDED: 12,COMMIT_REMOVED: 5,APPROVED: 1,COMMENTED: 0,DECLINED: 0,MERGED: 1,OPENED: 1,RESCOPED: 0,UNAPPROVED: 0,UPDATED: 1,,,

Overall Totals,,,,,,PR_ADDED: 0,PR_REMOVED: 0,COMMIT_ADDED: 12,COMMIT_REMOVED: 5,APPROVED: 1,COMMENTED: 0,DECLINED: 0,MERGED: 1,OPENED: 1,RESCOPED: 0,UNAPPROVED: 0,UPDATED: 1,,,
