SPRINT,START_DATE,END_DATE,TICKET,PR_ID,USER,PR_ADDED,PR_REMOVED,COMMIT_ADDED,COMMIT_REMOVED,APPROVED,COMMENTED,DECLINED,MERGED,OPENED,RESCOPED,UNAPPROVED,UPDATED,AUTHOR,COMMENTS,COMMIT_MESSAGES
Quasar: H'23 (Apr 13- Apr 26),2023/04/13,2023/04/26,CINT-24586,1337,Gaurav.Kansal,0,0,416,385,0,0,0,0,0,0,0,0,Sukhpreet.Singh,,"1. WEBINAR-6754:Update webinar broadcast type for Embedded Cvent Studio
2. WEBINAR-6754:Update webinar broadcast type for Embedded Cvent Studio
3. WEBINAR-6754:PR review comments incorporated
4. WEBINAR-6754:PR review comments incorporated
5. WEBINAR-6754:PR review comments incorporated
6. Merge branch 'develop' into feature/WEBINAR-6754
7. WEBINAR-6104:develop downmerge
8. Merge branch 'develop' into feature/WEBINAR-6754
9. WEBINAR-6754:develop domnmerge
10. Pull request #1326: WEBINAR-6754:Update webinar broadcast type for Embedded Cvent Studio  Merge in API/universal-webcast from feature/WEBINAR-6754 to develop  * commit 'd7c53d6d191e98885d854b6c2359aa02dc0a03f6':    WEBINAR-6754:develop domnmerge    WEBINAR-6104:develop downmerge    WEBINAR-6754:PR review comments incorporated    WEBINAR-6754:PR review comments incorporated    WEBINAR-6754:PR review comments incorporated    WEBINAR-6754:Update webinar broadcast type for Embedded Cvent Studio    WEBINAR-6754:Update webinar broadcast type for Embedded Cvent Studio"
Quasar: H'23 (Apr 13- Apr 26),2023/04/13,2023/04/26,WEBINAR-5649,9139,Gaurav.Kansal,0,0,47,67,0,0,0,0,0,0,0,0,ABadlia,,"1. WEBINAR-6104:PR comment incorporated
2. WEBINAR-6104:PR comment incorporated
3. Merge branch 'develop' into feature/WEBINAR-6104
4. WEBINAR-6104:Fix IT Suite
5. WEBINAR-6104:pnpm lock update
6. WEBINAR-6104:Fixing the small change
7. WEBINAR-6104:add cwitch snapshot version
8. WEBINAR-6104:Revert CI testing files and PR comment done"
Quasar: H'23 (Apr 13- Apr 26),2023/04/13,2023/04/26,WEBINAR-6104,265,Gaurav.Kansal,16,3,3,3,0,3,0,0,0,3,0,0,Gaurav.Kansal,"1. @FYuan , Please review the PR. One more approval is required
2. https://stash.cvent.net/projects/AX/repos/attendee-experience-web/pull-requests/9027/diff#packages/attendee-experience-web/src/components/virtualRoom/VideoContainer.js?t=1121
3. Done @""A.Bawa"" @NCaron","1. WEBINAR-6104:PR comment incorporated
2. WEBINAR-6104:merge master
3. WEBINAR-6104:Handle default value of recordingLabelheightAdjust"
Quasar: H'23 (Apr 13- Apr 26),2023/04/13,2023/04/26,WEBINAR-6104,1326,Gaurav.Kansal,39,8,0,0,0,2,0,1,1,6,0,1,Gaurav.Kansal,"1. Done
2. @""A.Bawa"" @NJindal , Kindly review the PR.",
Quasar: H'23 (Apr 13- Apr 26),2023/04/13,2023/04/26,WEBINAR-6104,9027,Gaurav.Kansal,6064,3058,0,0,0,5,0,0,0,7,0,0,Gaurav.Kansal,"1. Nopes
2. Yes
3. To revert
4. TO revert
5. Hey @SSimpson @JCurtis , Let me intoduce with the changes.   Actually, As part of Interactive Recording feature, earlier RECORDING Label came on top left of the video player (Just right after timer if timer should visible) which overlaps the Feature and Gallery layouts view in video player. Not only RECORDING label overlaps, but timer also overlaps on Feature and Gallery Layouts view.   Product ask is to separate out the RECORDING label from the Feature and Gallery Layout(Session video layouts) and give the proper spacing to the RECORDING label and timer  irrespective of overlapping on video layouts in video player. It should be resposive also.  Please see the attached screenshot working earlier : ![Screenshot 2023-04-18 at 12.40.26 PM.png](attachment:18181/20032)   For above ask, these changes are done in which when either of timerOverLayComponent() or recordingStatus is  'STARTED' , we pass the `recordingLabelHeightAdjust`  to cwitch which handles the resposiveness of player is sessionPlayer.js and give proper fixed  space to RECORDING label and timer, which now never overlaps on any of other component. This has been properly taken care w.r.t to Backward compatibility.   `recordingLabelHeight`=70 is the fixed space evaluated when  if (      ready &&      (timerOverlayComponent() || recordingStatus === RecordingStatus.Started)    )   will be true otherwise it is 0 alwsys which means no impact.  `timerOverlayComponent()` returns respective component when it mets conditions otheriwse it will be NULL. thats why , we evaluated `timerOverlayComponent()` in if{} block to check for its existence.   Updated screenshot working after changes ![Screenshot 2023-04-14 at 5.47.09 PM.png](attachment:18181/20033)   I tried to mention all your queries, feel free to ask further queries.   CC @AmanS @""A.Bawa"" @""Piyush.Garg""",
Sprint Totals,,,,,,PR_ADDED: 6119,PR_REMOVED: 3069,COMMIT_ADDED: 466,COMMIT_REMOVED: 455,APPROVED: 0,COMMENTED: 10,DECLINED: 0,MERGED: 1,OPENED: 1,RESCOPED: 16,UNAPPROVED: 0,UPDATED: 1,,,

Overall Totals,,,,,,PR_ADDED: 6119,PR_REMOVED: 3069,COMMIT_ADDED: 466,COMMIT_REMOVED: 455,APPROVED: 0,COMMENTED: 10,DECLINED: 0,MERGED: 1,OPENED: 1,RESCOPED: 16,UNAPPROVED: 0,UPDATED: 1,,,
