SPRINT,START_DATE,END_DATE,TICKET,PR_ID,USER,PR_ADDED,PR_REMOVED,COMMIT_ADDED,COMMIT_REMOVED,APPROVED,COMMENTED,DECLINED,MERGED,OPENED,RESCOPED,UNAPPROVED,UPDATED,AUTHOR,COMMENTS,COMMIT_MESSAGES
Q2 2023 - Sprint 2,2023/04/20,2023/05/03,PROD-165670,148570,UBansal,8183,1817,0,0,0,0,0,1,1,0,0,0,UBansal,,
Q2 2023 - Sprint 2,2023/04/20,2023/05/03,PROD-165670,149166,UBansal,0,0,0,0,0,0,0,0,0,0,0,0,DThakur,,
Q2 2023 - Sprint 2,2023/04/20,2023/05/03,PROD-165670,149559,UBansal,0,0,619,4,0,0,0,0,0,0,0,0,P.Ahuja,,"1. SMM-50942: Sp to get invtee travel data for budget
2. SMM-50942: added new parameters
3. SMM-50942: updated query to get air travel details"
Q2 2023 - Sprint 2,2023/04/20,2023/05/03,HUB-97991,149166,UBansal,0,0,0,0,0,0,0,0,0,0,0,0,DThakur,,
Sprint Totals,,,,,,PR_ADDED: 8183,PR_REMOVED: 1817,COMMIT_ADDED: 619,COMMIT_REMOVED: 4,APPROVED: 0,COMMENTED: 0,DECLINED: 0,MERGED: 1,OPENED: 1,RESCOPED: 0,UNAPPROVED: 0,UPDATED: 0,,,

Q2 2023 - Sprint 3,2023/05/04,2023/05/17,HUB-97991,149087,UBansal,0,0,219,18,0,0,0,0,0,0,0,0,Arvind.Negi,,1. PROD-167165: Sp changes for release
Q2 2023 - Sprint 3,2023/05/04,2023/05/17,HUB-97991,149166,UBansal,0,0,0,0,1,0,0,0,0,0,0,0,DThakur,,
Q2 2023 - Sprint 3,2023/05/04,2023/05/17,HUB-97991,149559,UBansal,0,0,1,21,0,0,0,0,0,0,0,0,P.Ahuja,,1. SMM-50942: sp removing commented code
Sprint Totals,,,,,,PR_ADDED: 0,PR_REMOVED: 0,COMMIT_ADDED: 220,COMMIT_REMOVED: 39,APPROVED: 1,COMMENTED: 0,DECLINED: 0,MERGED: 0,OPENED: 0,RESCOPED: 0,UNAPPROVED: 0,UPDATED: 0,,,

Overall Totals,,,,,,PR_ADDED: 8183,PR_REMOVED: 1817,COMMIT_ADDED: 839,COMMIT_REMOVED: 43,APPROVED: 1,COMMENTED: 0,DECLINED: 0,MERGED: 1,OPENED: 1,RESCOPED: 0,UNAPPROVED: 0,UPDATED: 0,,,
