SPRINT,START_DATE,END_DATE,TICKET,PR_ID,USER,PR_ADDED,PR_REMOVED,COMMIT_ADDED,COMMIT_REMOVED,APPROVED,COMMENTED,DECLINED,MERGED,OPENED,RESCOPED,UNAPPROVED,UPDATED,AUTHOR,COMMENTS,COMMIT_MESSAGES
Krypto Q2 23' S2 (10w 1d),2023/04/19,2023/05/03,PROD-165626,148480,Arzoo.Goyal,2666,803,0,0,0,0,0,1,1,0,0,0,Arzoo.Goyal,,1. Merge branch 'prod' of ssh://stash.cvent.net:7999/cvt/c4 into devsilo637-downmerge-26-04-2023
Krypto Q2 23' S2 (10w 1d),2023/04/19,2023/05/03,PROD-165626,148478,Arzoo.Goyal,2973,705,0,0,0,0,1,0,1,0,0,0,Arzoo.Goyal,,
Sprint Totals,,,,,,PR_ADDED: 5639,PR_REMOVED: 1508,COMMIT_ADDED: 0,COMMIT_REMOVED: 0,APPROVED: 0,COMMENTED: 0,DECLINED: 1,MERGED: 1,OPENED: 2,RESCOPED: 0,UNAPPROVED: 0,UPDATED: 0,,,

Overall Totals,,,,,,PR_ADDED: 5639,PR_REMOVED: 1508,COMMIT_ADDED: 0,COMMIT_REMOVED: 0,APPROVED: 0,COMMENTED: 0,DECLINED: 1,MERGED: 1,OPENED: 2,RESCOPED: 0,UNAPPROVED: 0,UPDATED: 0,,,
