SPRINT,START_DATE,END_DATE,TICKET,PR_ID,USER,PR_ADDED,PR_REMOVED,COMMIT_ADDED,COMMIT_REMOVED,APPROVED,COMMENTED,DECLINED,MERGED,OPENED,RESCOPED,UNAPPROVED,UPDATED,AUTHOR,COMMENTS,COMMIT_MESSAGES
WOW - S7 (30 Mar - 12Apr) 33,2023/03/30,2023/04/12,WEBINAR-849,1167,Ayesha.Khan,0,0,0,0,0,0,0,0,0,1,0,0,RupaliS,,1. Pull request #1212: Ccid 2520  Merge in CVT/soap-api from ccid-2520 to master  * commit 'b387c183070d1272cabe89b1ceb0e2dfb2522afd':    SMM-50488 : SP updated for vendor_country field when new vendor is added    smm-50488 : Change for length    smm-50488 : change for datatype length    smm-50488 : Vendor datatype length change    smm-50488 : Invalid country code change
WOW - S7 (30 Mar - 12Apr) 33,2023/03/30,2023/04/12,WEBINAR-849,1224,Ayesha.Khan,14,2,0,0,0,0,0,0,1,0,0,0,Ayesha.Khan,,
WOW - S7 (30 Mar - 12Apr) 33,2023/03/30,2023/04/12,WEBINAR-853,1167,Ayesha.Khan,0,0,0,0,0,0,0,0,0,0,0,0,RupaliS,,
WOW - S7 (30 Mar - 12Apr) 33,2023/03/30,2023/04/12,WEBINAR-853,1224,Ayesha.Khan,14,2,0,0,0,0,0,0,0,0,0,0,Ayesha.Khan,,
WOW - S7 (30 Mar - 12Apr) 33,2023/03/30,2023/04/12,WEBINAR-3695,1167,Ayesha.Khan,0,0,0,0,0,0,0,0,0,0,0,0,RupaliS,,
WOW - S7 (30 Mar - 12Apr) 33,2023/03/30,2023/04/12,WEBINAR-4958,142461,Ayesha.Khan,0,0,0,0,0,0,0,0,0,2,0,0,"Verma, Tushar",,
WOW - S7 (30 Mar - 12Apr) 33,2023/03/30,2023/04/12,WEBINAR-4958,143061,Ayesha.Khan,9990,10,0,0,0,0,0,0,0,2,0,0,Ayesha.Khan,,
WOW - S7 (30 Mar - 12Apr) 33,2023/03/30,2023/04/12,WEBINAR-4958,144525,Ayesha.Khan,0,0,0,0,0,0,0,0,0,2,0,0,spujara,,
WOW - S7 (30 Mar - 12Apr) 33,2023/03/30,2023/04/12,WEBINAR-4958,148894,Ayesha.Khan,0,0,0,0,0,0,0,0,0,0,0,0,SNitin,,
WOW - S7 (30 Mar - 12Apr) 33,2023/03/30,2023/04/12,WEBINAR-4958,6789,Ayesha.Khan,0,0,0,0,1,0,0,1,0,0,0,1,SKapri,,
WOW - S7 (30 Mar - 12Apr) 33,2023/03/30,2023/04/12,WEBINAR-4958,6820,Ayesha.Khan,0,0,0,0,0,0,0,0,0,0,0,0,VGadhiya,,"1. Pull request #6778: PROD-162270:Cross Event Card Transaction Cost Details report throwing instance ID  Merge in SOA/reporting from prod-162270 to ccid-2520  * commit '27140a86d037d3109b4bed6403ef3697b2cb43d4':    PROD-162270:Cross Event Card Transaction Cost Details report throwing instance ID
2. Pull request #6787: Master  Merge in SOA/reporting from master to ccid-2522  * commit 'd994d308d8881f783421bcb7547bb77c159e1510':"
WOW - S7 (30 Mar - 12Apr) 33,2023/03/30,2023/04/12,WEBINAR-4958,147739,Ayesha.Khan,6,0,0,0,0,0,0,0,1,0,0,0,Ayesha.Khan,,
WOW - S7 (30 Mar - 12Apr) 33,2023/03/30,2023/04/12,WEBINAR-4958,147826,Ayesha.Khan,0,0,0,0,0,0,0,0,0,0,0,0,THarsh,,"1. Pull request #147820: FLEX-87560: Added Not exists with insert to handle race condition of multiple threads trying to insert  Merge in CVT/c4 from flex-87560 to ccid-2527  * commit 'b7428f3cee2c95f02d0eb1c6c7ddc061bd49610f':    FLEX-87560: Added Not exists with insert to handle race condition of multiple threads trying to insert
2. Pull request #147821: PROD-164710: Creating new Brand Kalahari Resorts & Conventions  Merge in CVT/c4 from prod-164710 to ccid-2527  * commit '56d658b4565e568a1581c2e741a0107ac79f47fc':    PROD-164710: Creating new Brand Kalahari Resorts & Conventions
3. Pull request #147823: Webinar 5862  Merge in CVT/c4 from webinar-5862 to ccid-2527  * commit '3fbebfe0e42284409d8ea122d9f83a80aa471466':    Revert ""Revert ""WEBINAR-5862: Hide webinar section when on self service license type""""    WEBINAR-5862: Added restrictions for webinar configs in save function"
WOW - S7 (30 Mar - 12Apr) 33,2023/03/30,2023/04/12,WEBINAR-4958,147878,Ayesha.Khan,0,0,0,0,0,0,0,0,0,0,0,0,RSalunke,,"1. Pull request #147873: Ccid 2526  Merge in CVT/c4 from ccid-2526 to prod  * commit 'b9748ceb36cd2543bc55951c1b3927c2dbf06b5e': (24 commits)    ""Reverting PROD-163280 from ccid-2526"" Revert ""Pull request #147798: PROD-163280: Added a check to not display session bundle under volume discount for flex events.""    PROD-164611: Fixed build issue caused during resolving merge conflicts.    PROD-164692:Add new brand 21C Museum Hotel under accor chain    PROD-163280: Added a check to not display session bundle under volume discount for flex events.    PROD-164604: only do cont_type_stub check if cont_type_stub is being modified    PROD-16321: package update only for framework.ui    WEBINAR-6437 : handle 403 error from subscription-service when webinar feature is not supported    webinar-884-2:updated pr    WEBINAR-6337: Update account config in user session    webinar-884: updated code    webinar-884-2: used Model.UserInfo instead of repeated Model.GetUserInfo()    webinar-884-2: Added admin role condition.    webinar-884:assign webinar license during user creation    WEBINAR-827: Moved the Helper function to fetch User's Webinars to the Mapper file.    WEBINAR-827: Moved the redirection logic to the mapper, so it can be called by the Delete Endpoint as well as the Delete Popup Controller.    WEBINAR-827: Fixed redirect for the Delete Endpoint.    WEBINAR-827: Phrase Pull.    WEBINAR-827: Added full name resource string.    WEBINAR-827: Added a new GET endpoint for calling the Delete endpoint using a Redirect.    WEBINAR-827: Added Default Parameters for the Controller.    ..."
WOW - S7 (30 Mar - 12Apr) 33,2023/03/30,2023/04/12,WEBINAR-4958,147979,Ayesha.Khan,0,0,0,0,0,0,0,0,0,0,0,0,AJagtap,,"1. Pull request #147874: Prod  Merge in CVT/c4 from prod to ccid-2527  * commit '99305fb92cddce8239ec0c371349e5110a1dd271':
2. Pull request #147876: Ccid 2527  Merge in CVT/c4 from ccid-2527 to ccid-2529  * commit '906fba8f044506c8fe61273667ce1e8176e43d5d':
3. Pull request #147884: prod-164558-1: cvent.control package version updated  Merge in CVT/c4 from ccid-2527 to ccid-2529  * commit '6bc89c52104d53c0d08752d56b92df80ed70ada1':    prod-164558-1: cvent.control package version updated
4. Pull request #147935: Prod  Merge in CVT/c4 from prod to ccid-2529  * commit 'e0b8cdcfeb8727a9ac68456763107433bfdeb606':"
WOW - S7 (30 Mar - 12Apr) 33,2023/03/30,2023/04/12,WEBINAR-5422,142461,Ayesha.Khan,0,0,0,0,0,0,0,0,0,0,0,0,"Verma, Tushar",,
WOW - S7 (30 Mar - 12Apr) 33,2023/03/30,2023/04/12,WEBINAR-5422,143061,Ayesha.Khan,9990,10,0,0,0,0,0,0,0,0,0,0,Ayesha.Khan,,
WOW - S7 (30 Mar - 12Apr) 33,2023/03/30,2023/04/12,WEBINAR-5422,144525,Ayesha.Khan,0,0,0,0,0,0,0,0,0,0,0,0,spujara,,
WOW - S7 (30 Mar - 12Apr) 33,2023/03/30,2023/04/12,WEBINAR-5422,148894,Ayesha.Khan,0,0,0,0,0,0,0,0,0,0,0,0,SNitin,,
WOW - S7 (30 Mar - 12Apr) 33,2023/03/30,2023/04/12,WEBINAR-5422,147721,Ayesha.Khan,0,0,0,0,0,0,0,0,0,0,0,0,JSwenson,,"1. Pull request #147593: ENT-25612: remove old content tab references  Merge in CVT/c4 from ent-25612 to ccid-2520  * commit '8e38667dc323c0a44e5d6adbd5082b007a3ff85a':    ENT-25612: remove old content tab references
2. Pull request #147594: PROD-158793 - Instance Id on associating event to Abstract Project  Merge in CVT/c4 from prod-158793 to ccid-2520  * commit 'e59b28c234bfe009bb4326c80e3b9d25ed7200c8':    PROD-158793 - Instance Id on associating event to Abstract Project
3. Pull request #147595: Prod 160014  Merge in CVT/c4 from prod-160014 to ccid-2520  * commit '2f3c4ecdc760366fa277c18f5d35624f4d43bffc':    PROD-160014: Removed unecessary comment.    PROD-160014: Removed PageAccess conditions for emailInviteesWizard page.
4. Pull request #147606: Prod  Merge in CVT/c4 from prod to ccid-2518  * commit '3dfe06bef76d40be4cb1c07f6087bc88b15809b9':
5. Pull request #147607: Ccid 2518  Merge in CVT/c4 from ccid-2518 to ccid-2520  * commit 'b6df77213a057ce4993c461344aed00406eef8a7':"
WOW - S7 (30 Mar - 12Apr) 33,2023/03/30,2023/04/12,WEBINAR-5422,147732,Ayesha.Khan,0,0,0,0,0,0,0,0,0,0,0,0,THarsh,,"1. Pull request #147578: Ccid 2517  Merge in CVT/c4 from ccid-2517 to prod  * commit 'f02d67634db911b8397b8d48559daea61a23cc7a':    PROD-164121: removed from ccid-2517 Revert ""Pull request #147506: Webinar 885""    PROD-163373: Revert ""reverting PROD-163373 from ccid-2514 163373: removed from ccid-2512 Revert ""Pull request #147371: Prod 163373""""""""    FLEX-86969: took phrase pull    PROD-160700: Package update of Cvent.Framework.Imports.UI in c4    WEBINAR-885:Code refactor    WEBINAR-885:Added code to assign tier to all admins    PROD-156961 | Custom Session Field not accepting decimal number.    new mrf check for delete form    Catch exception when error for delete    Added separate package for Com.Cvent.MeetingRequest.Models    PROD-156961 | Custom Session Field not accepting decimal number.    PROD-156961 | Custom Session Field not accepting decimal number.    Updated meeting-request client    Make delete form process synchronous    Added error handling    ENT-27414: Changed order for delete form
2. Pull request #147681: Prod 163768  Merge in CVT/c4 from prod-163768 to ccid-2520  * commit '7baabc5641b990d518b9ae20f51551b6af896569':    PROD-163768: add index in temp table to support the added join clause    PROD-163768: move contact join to a separate update"
WOW - S7 (30 Mar - 12Apr) 33,2023/03/30,2023/04/12,WEBINAR-5422,147736,Ayesha.Khan,0,0,0,0,1,0,0,0,0,0,0,1,qtpman,,
WOW - S7 (30 Mar - 12Apr) 33,2023/03/30,2023/04/12,WEBINAR-5422,147813,Ayesha.Khan,0,0,0,0,0,0,0,0,0,0,0,0,Sagar.Patel,,"1. Pull request #147680: Webinar 4334 ccid 2522  Merge in CVT/c4 from webinar-4334_ccid-2522 to ccid-2522  * commit '5ac94c99d64af323599226e1c535d4a72aa5f7d1':    WEBINAR-4334: Phrase pull for remaining keys.    WEBINAR-4334: Added support for showing Confirmation Modal in case the Webinar License is updated, taken downmerge of WEBINAR-888 and moved the WebinarLicenseService.cs to be injected via Autofac.    Use autofac to register webinar license service instance    WEBINAR-4334: Moved the methods for POST, PUT and DELETE endpoints in the client to separate functions and fixed the NO_LICENSE_ID value.    Revert ""WEBINAR-4334: Removed check that only allows Users to downgrade in case of license mismatch.""    WEBINAR-4334: Removed check that only allows Users to downgrade in case of license mismatch.    WEBINAR-4334: Added Support for Changing/Assigning Licenses.    WEBINAR-4334: Added the function to assign a Webinar Tier to User."
WOW - S7 (30 Mar - 12Apr) 33,2023/03/30,2023/04/12,WEBINAR-5422,147726,Ayesha.Khan,0,0,0,0,0,0,1,0,0,0,0,0,Geetinder.Kaur,,
WOW - S7 (30 Mar - 12Apr) 33,2023/03/30,2023/04/12,WEBINAR-5607,142461,Ayesha.Khan,0,0,0,0,0,0,0,0,0,0,0,0,"Verma, Tushar",,
WOW - S7 (30 Mar - 12Apr) 33,2023/03/30,2023/04/12,WEBINAR-5607,143061,Ayesha.Khan,9990,10,0,0,0,0,0,0,0,0,0,0,Ayesha.Khan,,
WOW - S7 (30 Mar - 12Apr) 33,2023/03/30,2023/04/12,WEBINAR-5607,144525,Ayesha.Khan,0,0,0,0,0,0,0,0,0,0,0,0,spujara,,
WOW - S7 (30 Mar - 12Apr) 33,2023/03/30,2023/04/12,WEBINAR-5607,148894,Ayesha.Khan,0,0,0,0,0,0,0,0,0,0,0,0,SNitin,,
WOW - S7 (30 Mar - 12Apr) 33,2023/03/30,2023/04/12,WEBINAR-5607,149732,Ayesha.Khan,0,0,0,0,0,0,0,0,0,0,0,0,SSao,,
WOW - S7 (30 Mar - 12Apr) 33,2023/03/30,2023/04/12,WEBINAR-5607,150073,Ayesha.Khan,0,0,0,0,0,0,0,0,0,0,0,0,AJagtap,,
WOW - S7 (30 Mar - 12Apr) 33,2023/03/30,2023/04/12,WEBINAR-6036,1063,Ayesha.Khan,293,267,0,0,0,0,0,0,1,0,0,0,Ayesha.Khan,,
WOW - S7 (30 Mar - 12Apr) 33,2023/03/30,2023/04/12,WEBINAR-6036,11581,Ayesha.Khan,862,750,0,0,0,0,0,0,1,0,0,0,Ayesha.Khan,,
WOW - S7 (30 Mar - 12Apr) 33,2023/03/30,2023/04/12,WEBINAR-6036,11611,Ayesha.Khan,0,0,0,0,0,0,0,0,0,0,0,0,AJagtap,,1. Pull request #11590: Master  Merge in SOA/event from master to ccid-2518  * commit '5e300d723731d7c3db6d5f770520d9080e0ae115':
WOW - S7 (30 Mar - 12Apr) 33,2023/03/30,2023/04/12,WEBINAR-6036,11634,Ayesha.Khan,0,0,0,0,0,0,0,0,0,0,0,0,Sagar.Patel,,1. Pull request #11612: Master  Merge in SOA/event from master to ccid-2522  * commit '8b67b68205ca8b365e5eb0400b3c3fef1b41a02a':
Sprint Totals,,,,,,PR_ADDED: 31159,PR_REMOVED: 1051,COMMIT_ADDED: 0,COMMIT_REMOVED: 0,APPROVED: 2,COMMENTED: 0,DECLINED: 1,MERGED: 1,OPENED: 4,RESCOPED: 7,UNAPPROVED: 0,UPDATED: 2,,,

WOW - S8 (13 - 26 Apr),2023/04/13,2023/04/26,PROD-164110,142461,Ayesha.Khan,0,0,0,0,0,0,0,0,0,1,0,0,"Verma, Tushar",,
WOW - S8 (13 - 26 Apr),2023/04/13,2023/04/26,PROD-164110,143061,Ayesha.Khan,9990,10,0,0,0,0,0,0,0,1,0,0,Ayesha.Khan,,
WOW - S8 (13 - 26 Apr),2023/04/13,2023/04/26,PROD-164110,144525,Ayesha.Khan,0,0,0,0,0,0,0,0,0,1,0,0,spujara,,
WOW - S8 (13 - 26 Apr),2023/04/13,2023/04/26,PROD-164110,148894,Ayesha.Khan,0,0,0,0,0,0,0,0,0,0,0,0,SNitin,,
WOW - S8 (13 - 26 Apr),2023/04/13,2023/04/26,PROD-164110,148210,Ayesha.Khan,0,0,0,0,0,0,0,0,0,1,0,0,Vinodkumar.Yadav,,
WOW - S8 (13 - 26 Apr),2023/04/13,2023/04/26,PROD-164110,148364,Ayesha.Khan,0,0,0,0,0,0,0,0,0,0,0,0,SSao,,1. Pull request #148184: Prod  Merge in CVT/c4 from prod to ccid-2536  * commit '3d2081b27e1c55312b101bc2528aa1a00ee3310e':
WOW - S8 (13 - 26 Apr),2023/04/13,2023/04/26,PROD-164110,148502,Ayesha.Khan,0,0,0,0,0,0,0,0,0,0,0,0,SMahale,,"1. Pull request #148474: Ccid 2544  Merge in CVT/c4 from ccid-2544 to prod  * commit '89c3aea0cec637e087b8c0b15c8f098b8384c4d6': (60 commits)    planner phrase updates    PROD-165671: Reverting bad commit    PROD-165671: Resolving conflicts    added DELETED_FILE_AUDIT to LU_DATA_ARCHIVE_EXEMPTED_TABLE_LIST    PROD-165821: Update brand name and add a new brand    PROD-165696: Consolidate Cvent.Extensions on 4.0.3-PROD    CINT-24410: Phrase pull    Fix from Suyash related to duplicate questions in cvent standard questions folder    update to fix a issue    fix capitalization issue    update to fix contact search advanced search issue    Fix for edge browser alignment on zooming out the screen    Alignment fix    By default the mulselect will not be visible    remove unnecessary logging    logging fixes    phrase updates    Moved common css code to new css file, made changes to code asper comments    csnall-64050 Adding question category filter to preferred and rfp edit question wizard    PROD-63127:Fix rollback script    ..."
WOW - S8 (13 - 26 Apr),2023/04/13,2023/04/26,PROD-164110,148570,Ayesha.Khan,0,0,0,0,0,0,0,0,0,0,0,0,UBansal,,1. Pull request #148497: Prod  Merge in CVT/c4 from prod to ccid-2545  * commit '44eca31b0e76d1a77024b68bbba5c3ee1859f62d':
WOW - S8 (13 - 26 Apr),2023/04/13,2023/04/26,PROD-164110,149030,Ayesha.Khan,0,0,0,0,0,0,0,0,0,0,0,0,ALakshkar,,
WOW - S8 (13 - 26 Apr),2023/04/13,2023/04/26,WEBINAR-843,1167,Ayesha.Khan,0,0,0,0,0,0,0,0,0,0,0,0,RupaliS,,1. Pull request #1233: Webinar 843  Merge in CVT/soap-api from webinar-843 to ccid-2534  * commit '5d3616c2ea7e7fd255bc1fb84118b9f7a9a1d076':    WEBINAR-843: Fixed type conversion error    WEBINAR-843: Added check for session    WEBINAR-843: Fixed string syntax error    WEBINAR-843: Corrected toLowerCase method    WEBINAR-843: Block apis for webinars
WOW - S8 (13 - 26 Apr),2023/04/13,2023/04/26,WEBINAR-843,1233,Ayesha.Khan,0,0,0,0,1,0,0,1,0,0,0,1,SKapri,,
WOW - S8 (13 - 26 Apr),2023/04/13,2023/04/26,WEBINAR-7051,142461,Ayesha.Khan,0,0,0,0,0,0,0,0,0,0,0,0,"Verma, Tushar",,
WOW - S8 (13 - 26 Apr),2023/04/13,2023/04/26,WEBINAR-7051,143061,Ayesha.Khan,9990,10,0,0,0,0,0,0,0,0,0,0,Ayesha.Khan,,
WOW - S8 (13 - 26 Apr),2023/04/13,2023/04/26,WEBINAR-7051,144525,Ayesha.Khan,0,0,0,0,0,0,0,0,0,0,0,0,spujara,,
WOW - S8 (13 - 26 Apr),2023/04/13,2023/04/26,WEBINAR-7051,148894,Ayesha.Khan,0,0,0,0,0,0,0,0,0,0,0,0,SNitin,,
WOW - S8 (13 - 26 Apr),2023/04/13,2023/04/26,WEBINAR-7051,148210,Ayesha.Khan,0,0,0,0,0,0,0,0,0,0,0,0,Vinodkumar.Yadav,,
WOW - S8 (13 - 26 Apr),2023/04/13,2023/04/26,WEBINAR-7051,148664,Ayesha.Khan,0,0,0,0,0,0,0,0,0,0,0,0,qtpman,,
WOW - S8 (13 - 26 Apr),2023/04/13,2023/04/26,WEBINAR-7051,149030,Ayesha.Khan,0,0,0,0,0,0,0,0,0,0,0,0,ALakshkar,,
WOW - S8 (13 - 26 Apr),2023/04/13,2023/04/26,WEBINAR-7051,149559,Ayesha.Khan,0,0,0,0,0,0,0,0,0,0,0,0,P.Ahuja,,
Sprint Totals,,,,,,PR_ADDED: 19980,PR_REMOVED: 20,COMMIT_ADDED: 0,COMMIT_REMOVED: 0,APPROVED: 1,COMMENTED: 0,DECLINED: 0,MERGED: 1,OPENED: 0,RESCOPED: 4,UNAPPROVED: 0,UPDATED: 1,,,

Q2 -WOW - S9 (27 - 10 May) -33,2023/04/27,2023/05/10,PROD-166432,142461,Ayesha.Khan,0,0,0,0,0,0,0,0,0,1,0,0,"Verma, Tushar",,
Q2 -WOW - S9 (27 - 10 May) -33,2023/04/27,2023/05/10,PROD-166432,143061,Ayesha.Khan,9990,10,0,0,0,0,0,0,0,1,0,0,Ayesha.Khan,,
Q2 -WOW - S9 (27 - 10 May) -33,2023/04/27,2023/05/10,PROD-166432,144525,Ayesha.Khan,0,0,0,0,0,0,0,0,0,1,0,0,spujara,,
Q2 -WOW - S9 (27 - 10 May) -33,2023/04/27,2023/05/10,PROD-166432,148309,Ayesha.Khan,0,0,0,0,0,0,0,0,0,0,0,0,VGadhiya,,"1. Pull request #148890: Ccid 2553  Merge in CVT/c4 from ccid-2553 to ccid-2555  * commit 'ba6432c6632e88e5e08dd3adab4c44d49ec3b464':
2. Pull request #148929: Prod  Merge in CVT/c4 from prod to ccid-2555  * commit 'b9a85379bf657752896d1dbcd082478332f4bf83':"
Q2 -WOW - S9 (27 - 10 May) -33,2023/04/27,2023/05/10,PROD-166432,148894,Ayesha.Khan,0,0,0,0,0,0,0,0,0,0,0,0,SNitin,,
Q2 -WOW - S9 (27 - 10 May) -33,2023/04/27,2023/05/10,PROD-166432,148776,Ayesha.Khan,0,0,0,0,0,0,0,0,0,0,0,0,qtpman,,1. Pull request #148667: Prod  Merge in CVT/c4 from prod to ccid-2548  * commit '049222bf2e85e113bdcc42aea744984a1348099e':
Q2 -WOW - S9 (27 - 10 May) -33,2023/04/27,2023/05/10,PROD-166432,148801,Ayesha.Khan,0,0,27,179,0,0,0,0,0,0,0,0,Ridhi.Handa,,1. commit for PROD-166579 reverting commit of PROD-166070
Q2 -WOW - S9 (27 - 10 May) -33,2023/04/27,2023/05/10,PROD-166432,148822,Ayesha.Khan,0,0,0,0,0,0,0,0,0,0,0,0,APrajapati,,"1. Pull request #148664: Ccid 2547  Merge in CVT/c4 from ccid-2547 to prod  * commit 'd764bb506f30ce8200208a2f74f1993bb8e4153c': (94 commits)    Web.Base.config edited online with Bitbucket    Remove binding redirect that might be the reason user editing in cvii is failing.    [prod-163585] : Logic changed to show proper message for MRF created and MRF updated.    Revert ""Revert ""[prod-163585] : Logic changed to show proper message for MRF created and MRF updated.""""    Revert ""[prod-163585] : Logic changed to show proper message for MRF created and MRF updated.""    WEBINAR-7051: add new property named client in bearer token metadata which will hold map for clientName and username    PROD-165373: Resolve conflicts    PROD-165373: Version update    Fix for questions not showing up    WEBINAR-7314: Update resx keys    CSNALL-61056: Updated LU Scripts    PROD-166055:ADR and FnB updates for Q2 2023    HUB-96782: add assistant:write permission to bearer token in c4    WEBINAR-7314: Incorporate review comment    WEBINAR-871:Fix test cases    NA-0: Fix downmerge    HUB-88826: set Guest's Planner Alerts character limit to 100 like it is for Attendees    WEBINAR-871:PR comments    HUB-80285: re-added page title for Badges and Certificates    WEBINAR-871:allow user on paid license to upgrade to resolve conflict    ..."
Q2 -WOW - S9 (27 - 10 May) -33,2023/04/27,2023/05/10,PROD-166432,149030,Ayesha.Khan,0,0,1117,8883,0,0,0,0,0,0,0,0,ALakshkar,,1. Reverting PROD-166891 from ccid-2556
Q2 -WOW - S9 (27 - 10 May) -33,2023/04/27,2023/05/10,PROD-166432,149087,Ayesha.Khan,0,0,0,0,0,0,0,0,0,0,0,0,Arvind.Negi,,
Q2 -WOW - S9 (27 - 10 May) -33,2023/04/27,2023/05/10,PROD-166432,149559,Ayesha.Khan,0,0,0,0,0,0,0,0,0,0,0,0,P.Ahuja,,
Q2 -WOW - S9 (27 - 10 May) -33,2023/04/27,2023/05/10,PROD-166432,148702,Ayesha.Khan,0,0,0,0,0,0,1,0,0,0,0,0,qtpman,,
Q2 -WOW - S9 (27 - 10 May) -33,2023/04/27,2023/05/10,WEBINAR-3714,1167,Ayesha.Khan,0,0,0,0,0,0,0,0,0,0,0,0,RupaliS,,
Q2 -WOW - S9 (27 - 10 May) -33,2023/04/27,2023/05/10,WEBINAR-3714,1249,Ayesha.Khan,8,0,0,0,0,0,0,0,1,0,0,0,Ayesha.Khan,,
Q2 -WOW - S9 (27 - 10 May) -33,2023/04/27,2023/05/10,WEBINAR-3714,1253,Ayesha.Khan,18,161,0,0,0,0,0,0,0,0,0,0,Ayesha.Khan,,
Q2 -WOW - S9 (27 - 10 May) -33,2023/04/27,2023/05/10,WEBINAR-7906,142461,Ayesha.Khan,0,0,0,0,0,0,0,0,0,0,0,0,"Verma, Tushar",,
Q2 -WOW - S9 (27 - 10 May) -33,2023/04/27,2023/05/10,WEBINAR-7906,143061,Ayesha.Khan,9990,10,0,0,0,0,0,0,0,0,0,0,Ayesha.Khan,,
Q2 -WOW - S9 (27 - 10 May) -33,2023/04/27,2023/05/10,WEBINAR-7906,144525,Ayesha.Khan,0,0,0,0,0,0,0,0,0,0,0,0,spujara,,
Q2 -WOW - S9 (27 - 10 May) -33,2023/04/27,2023/05/10,WEBINAR-7906,148894,Ayesha.Khan,0,0,0,0,0,0,0,0,0,0,0,0,SNitin,,
Q2 -WOW - S9 (27 - 10 May) -33,2023/04/27,2023/05/10,WEBINAR-7906,148788,Ayesha.Khan,15,21,0,0,0,0,0,0,1,0,0,0,Ayesha.Khan,,
Q2 -WOW - S9 (27 - 10 May) -33,2023/04/27,2023/05/10,WEBINAR-7906,149030,Ayesha.Khan,0,0,0,0,0,0,0,0,0,0,0,0,ALakshkar,,
Q2 -WOW - S9 (27 - 10 May) -33,2023/04/27,2023/05/10,WEBINAR-7906,149087,Ayesha.Khan,0,0,0,0,0,0,0,0,0,0,0,0,Arvind.Negi,,
Q2 -WOW - S9 (27 - 10 May) -33,2023/04/27,2023/05/10,WEBINAR-7906,149559,Ayesha.Khan,0,0,0,0,0,0,0,0,0,0,0,0,P.Ahuja,,
Q2 -WOW - S9 (27 - 10 May) -33,2023/04/27,2023/05/10,WEBINAR-7906,148702,Ayesha.Khan,0,0,0,0,0,0,0,0,0,0,0,0,qtpman,,
Q2 -WOW - S9 (27 - 10 May) -33,2023/04/27,2023/05/10,WEBINAR-7906,148829,Ayesha.Khan,0,0,0,0,0,0,1,0,0,0,0,0,qtpman,,
Q2 -WOW - S9 (27 - 10 May) -33,2023/04/27,2023/05/10,WEBINAR-7906,148881,Ayesha.Khan,0,0,0,0,0,0,1,0,0,0,0,0,qtpman,,
Q2 -WOW - S9 (27 - 10 May) -33,2023/04/27,2023/05/10,WEBINAR-7910,1978,Ayesha.Khan,0,0,0,0,0,0,0,0,0,0,0,0,MMittal,,1. Pull request #2372: Ccid 2547  Merge in SOA/account from ccid-2547 to ccid-2550  * commit '6bc1a92d3eca2603669cf5104b92537e93d2f6a3':    CSNALL-61056:Update API to reflect flag    CSNALL-61056: Update flag name to include s    CSNALL-61056: Changes to show New Vendors Login CVII Flag
Q2 -WOW - S9 (27 - 10 May) -33,2023/04/27,2023/05/10,WEBINAR-7910,2370,Ayesha.Khan,138,4,0,0,0,0,0,0,1,0,0,0,Ayesha.Khan,,
Q2 -WOW - S9 (27 - 10 May) -33,2023/04/27,2023/05/10,WEBINAR-7982,142461,Ayesha.Khan,0,0,0,0,0,0,0,0,0,0,0,0,"Verma, Tushar",,
Q2 -WOW - S9 (27 - 10 May) -33,2023/04/27,2023/05/10,WEBINAR-7982,143061,Ayesha.Khan,9990,10,0,0,0,0,0,0,0,0,0,0,Ayesha.Khan,,
Q2 -WOW - S9 (27 - 10 May) -33,2023/04/27,2023/05/10,WEBINAR-7982,144525,Ayesha.Khan,0,0,0,0,0,0,0,0,0,0,0,0,spujara,,
Q2 -WOW - S9 (27 - 10 May) -33,2023/04/27,2023/05/10,WEBINAR-7982,148894,Ayesha.Khan,0,0,0,0,0,0,0,0,0,0,0,0,SNitin,,
Q2 -WOW - S9 (27 - 10 May) -33,2023/04/27,2023/05/10,WEBINAR-7982,148928,Ayesha.Khan,0,0,0,0,1,0,0,0,0,0,0,1,qtpman,,
Q2 -WOW - S9 (27 - 10 May) -33,2023/04/27,2023/05/10,WEBINAR-7982,149030,Ayesha.Khan,0,0,0,0,0,0,0,0,0,0,0,0,ALakshkar,,
Q2 -WOW - S9 (27 - 10 May) -33,2023/04/27,2023/05/10,WEBINAR-7982,149087,Ayesha.Khan,0,0,0,0,0,0,0,0,0,0,0,0,Arvind.Negi,,
Q2 -WOW - S9 (27 - 10 May) -33,2023/04/27,2023/05/10,WEBINAR-7982,149559,Ayesha.Khan,0,0,0,0,0,0,0,0,0,0,0,0,P.Ahuja,,
Q2 -WOW - S9 (27 - 10 May) -33,2023/04/27,2023/05/10,WEBINAR-7982,148881,Ayesha.Khan,0,0,0,0,0,0,0,0,0,0,0,0,qtpman,,
Q2 -WOW - S9 (27 - 10 May) -33,2023/04/27,2023/05/10,WEBINAR-8478,142461,Ayesha.Khan,0,0,0,0,0,0,0,0,0,0,0,0,"Verma, Tushar",,
Q2 -WOW - S9 (27 - 10 May) -33,2023/04/27,2023/05/10,WEBINAR-8478,143061,Ayesha.Khan,9990,10,0,0,0,0,0,0,0,0,0,0,Ayesha.Khan,,
Q2 -WOW - S9 (27 - 10 May) -33,2023/04/27,2023/05/10,WEBINAR-8478,144525,Ayesha.Khan,0,0,0,0,0,0,0,0,0,0,0,0,spujara,,
Q2 -WOW - S9 (27 - 10 May) -33,2023/04/27,2023/05/10,WEBINAR-8478,148894,Ayesha.Khan,0,0,0,0,0,0,0,0,0,0,0,0,SNitin,,
Q2 -WOW - S9 (27 - 10 May) -33,2023/04/27,2023/05/10,WEBINAR-8478,148887,Ayesha.Khan,10,1,0,0,0,0,0,0,1,0,0,0,Ayesha.Khan,,
Q2 -WOW - S9 (27 - 10 May) -33,2023/04/27,2023/05/10,WEBINAR-8478,148977,Ayesha.Khan,0,0,0,0,1,0,1,0,0,0,0,1,qtpman,,
Q2 -WOW - S9 (27 - 10 May) -33,2023/04/27,2023/05/10,WEBINAR-8478,149030,Ayesha.Khan,0,0,0,0,0,0,0,0,0,0,0,0,ALakshkar,,
Q2 -WOW - S9 (27 - 10 May) -33,2023/04/27,2023/05/10,WEBINAR-8478,149087,Ayesha.Khan,0,0,0,0,0,0,0,0,0,0,0,0,Arvind.Negi,,
Q2 -WOW - S9 (27 - 10 May) -33,2023/04/27,2023/05/10,WEBINAR-8478,149559,Ayesha.Khan,0,0,0,0,0,0,0,0,0,0,0,0,P.Ahuja,,
Sprint Totals,,,,,,PR_ADDED: 40149,PR_REMOVED: 227,COMMIT_ADDED: 1144,COMMIT_REMOVED: 9062,APPROVED: 2,COMMENTED: 0,DECLINED: 4,MERGED: 0,OPENED: 4,RESCOPED: 3,UNAPPROVED: 0,UPDATED: 2,,,

Q2 - WOW - S10(11 - 24 May) 30,2023/05/11,2023/05/24,PROD-166742,142461,Ayesha.Khan,0,0,0,0,0,0,0,0,0,3,0,0,"Verma, Tushar",,
Q2 - WOW - S10(11 - 24 May) 30,2023/05/11,2023/05/24,PROD-166742,143061,Ayesha.Khan,9990,10,0,0,0,0,0,0,0,3,0,0,Ayesha.Khan,,
Q2 - WOW - S10(11 - 24 May) 30,2023/05/11,2023/05/24,PROD-166742,144525,Ayesha.Khan,0,0,0,0,0,0,0,0,0,3,0,0,spujara,,
Q2 - WOW - S10(11 - 24 May) 30,2023/05/11,2023/05/24,PROD-166742,148894,Ayesha.Khan,0,0,0,0,0,0,0,0,0,3,0,0,SNitin,,
Q2 - WOW - S10(11 - 24 May) 30,2023/05/11,2023/05/24,PROD-166742,149458,Ayesha.Khan,11,1,0,0,0,0,0,0,1,0,0,0,Ayesha.Khan,,
Q2 - WOW - S10(11 - 24 May) 30,2023/05/11,2023/05/24,PROD-166742,149543,Ayesha.Khan,0,0,0,0,0,0,0,0,0,0,0,0,SSao,,
Q2 - WOW - S10(11 - 24 May) 30,2023/05/11,2023/05/24,PROD-166742,149559,Ayesha.Khan,0,0,0,0,0,0,0,0,0,0,0,0,P.Ahuja,,
Q2 - WOW - S10(11 - 24 May) 30,2023/05/11,2023/05/24,PROD-166742,149732,Ayesha.Khan,0,0,0,0,0,0,0,0,0,0,0,0,SSao,,
Q2 - WOW - S10(11 - 24 May) 30,2023/05/11,2023/05/24,PROD-166742,149852,Ayesha.Khan,0,0,0,0,0,0,0,0,0,0,0,0,SMahale,,"1. Pull request #149598: removing grant permission from all flies and folder other than func  Merge in CVT/c4 from sre-40749-non-func to ccid-2575  * commit '345d93802546d77015de4461f850111c89bf46c6':    removing grant permission from all flies and folder other than func
2. Pull request #149604: removing extra GO  Merge in CVT/c4 from sre-40749-non-func to ccid-2575  * commit '265057890c8e0eef6e159f1652c59d2c29c7345a':    removing extra GO"
Q2 - WOW - S10(11 - 24 May) 30,2023/05/11,2023/05/24,PROD-166742,149513,Ayesha.Khan,0,0,0,0,0,0,1,0,0,0,0,0,MKanis,,
Q2 - WOW - S10(11 - 24 May) 30,2023/05/11,2023/05/24,WEBINAR-3697,1167,Ayesha.Khan,0,0,0,0,0,0,0,0,0,0,0,0,RupaliS,,
Q2 - WOW - S10(11 - 24 May) 30,2023/05/11,2023/05/24,WEBINAR-3697,1252,Ayesha.Khan,113,9,0,0,0,0,0,0,1,0,0,0,Ayesha.Khan,,
Q2 - WOW - S10(11 - 24 May) 30,2023/05/11,2023/05/24,WEBINAR-3697,1254,Ayesha.Khan,113,9,0,0,0,0,0,0,0,0,0,0,Ayesha.Khan,,
Q2 - WOW - S10(11 - 24 May) 30,2023/05/11,2023/05/24,WEBINAR-7045,142461,Ayesha.Khan,0,0,0,0,0,0,0,0,0,0,0,0,"Verma, Tushar",,
Q2 - WOW - S10(11 - 24 May) 30,2023/05/11,2023/05/24,WEBINAR-7045,143061,Ayesha.Khan,9990,10,0,0,0,0,0,0,0,0,0,0,Ayesha.Khan,,
Q2 - WOW - S10(11 - 24 May) 30,2023/05/11,2023/05/24,WEBINAR-7045,144525,Ayesha.Khan,0,0,0,0,0,0,0,0,0,0,0,0,spujara,,
Q2 - WOW - S10(11 - 24 May) 30,2023/05/11,2023/05/24,WEBINAR-7045,148894,Ayesha.Khan,0,0,0,0,0,0,0,0,0,0,0,0,SNitin,,
Q2 - WOW - S10(11 - 24 May) 30,2023/05/11,2023/05/24,WEBINAR-7045,149080,Ayesha.Khan,42,4,0,0,0,0,0,0,0,0,0,0,Ayesha.Khan,,
Q2 - WOW - S10(11 - 24 May) 30,2023/05/11,2023/05/24,WEBINAR-7045,149087,Ayesha.Khan,0,0,0,0,0,0,0,0,0,2,0,0,Arvind.Negi,,"1. Pull request #149140: Ccid 2559  Merge in CVT/c4 from ccid-2559 to prod  * commit 'd13b244787cdba2788d8d350d18ac338df0559aa':    [PROD-165249] : Changes made to resolve conflicts.    [PROD-165249] : Resolved conflicts    [PROD-165249] : Added Column names in insert query to avoid exception for newly added columns in ENTITY_VISIBILITY table.    [PROD-165249] : Added Column names in insert query to avoid exception for newly added columns in ENTITY_VISIBILITY table.    [PROD-165249] : Added DBCR script in newly created Maintainnance CCID ticket.    PROD-163417:ENable cdc for contact_rollup table    PROD-163417:ENable cdc for cvent_rollup db
2. Pull request #149141: [PROD-165249] : Changes made to resolve conflicts.  Merge in CVT/c4 from prod to ccid-2562  * commit '539136f3e156ad1bd5b9ec581770a3f706cfaaad':    [PROD-165249] : Changes made to resolve conflicts.    [PROD-165249] : Resolved conflicts    [PROD-165249] : Added Column names in insert query to avoid exception for newly added columns in ENTITY_VISIBILITY table.    [PROD-165249] : Added Column names in insert query to avoid exception for newly added columns in ENTITY_VISIBILITY table.    [PROD-165249] : Added DBCR script in newly created Maintainnance CCID ticket.    PROD-163417:ENable cdc for contact_rollup table    PROD-163417:ENable cdc for cvent_rollup db
3. Pull request #149173: Ccid 2562  Merge in CVT/c4 from ccid-2562 to prod  * commit 'ff033aa18f39ff326f8d91f0d21853a311161c9a':    Revert ""Revert ""Revert ""PROD-166720: removed from ccid-2556 Revert ""Pull request #148954: PROD-166720: Disable off option for onarrival badge designer""""""""    PROD-167165: Sp changes for release    WEBINAR-7045: Updated access modifier    WEBINAR-7045: Added user specific webinar flag as a reporting feature for admin standard report    SRC-9161 - Adding event tests to the package updates for consistency.    SRC-9161 - fixing the privacy setting.    SRC-9161 - Fixing up the solution directory for the packages.    SRC-9161 - tearing out the config values that have already been added by previous work.    SRC-9161 - updating packages to newest to fix overflow issues.    SRC-9161 - Updating cvent.controls package to bump to latest stable.    SRC-9161 - Adding configuration setting.    SRC-9161 - Removing unnecessary experiment stuff.    SRC-9161 - Fixing up the packages path.    SRC-9161 - adding package and .csproj for visibility.    SRC-9161 - First Commit."
Q2 - WOW - S10(11 - 24 May) 30,2023/05/11,2023/05/24,WEBINAR-7045,149173,Ayesha.Khan,0,0,0,0,1,0,0,1,0,0,0,0,RupaliS,,
Q2 - WOW - S10(11 - 24 May) 30,2023/05/11,2023/05/24,WEBINAR-7045,149493,Ayesha.Khan,0,0,0,0,0,0,0,0,0,0,0,0,APrajapati,,"1. Pull request #149333: Ccid 2566  Merge in CVT/c4 from ccid-2566 to prod  * commit 'bd0ba1572bcddb805acc14f57203435b4298ce46': (128 commits)    PROD-166776: removed from ccid-2566 Revert ""Pull request #149301: [PROD-148017] : Updated the changes for Event Questions tag""    PROD-167352 | Acct_id binding missing in up_cvnt_Event_CopyInvitationDetail    reverting PROD-165245 from ccid-2566 Revert ""Pull request #149226: Ent 27503""    [PROD-148017] : Updated the changes for Event Questions tag    CMOBL-151754: Create new field for OA Settings    PROD-167352: removed from ccid-2566 Revert ""Pull request #149232: PROD-167352 | Acct_id binding missing in up_cvnt_Event_CopyInvitationDetail""    fix a typo    SRC-9166:Update all field lengths to match DB exactly    SRC-9166: Bump Session Desc to max amount of charecters to match DB    WEBINAR-7980: Remove unwanted import    WEBINAR-7980: use ajaxredirect    CSNALL-66510:Add column    WEBINAR-7980: Redirect user if there is conflict    ENT-27503: Added column names which are missed while resolving conflicts.    Revert ""PROD-165245: removed from ccid-2564 Revert ""Pull request #149193: Ent 27503""""    PROD-165245: removed from ccid-2564 Revert ""Pull request #149193: Ent 27503""    PROD-167198: removed from ccid-2564 Revert ""Pull request #149178: Cmobl 153828""    small change    Hubspot flag typo fix    PROD-165859: Update table row value    ...
2. Pull request #149405: Prod  Merge in CVT/c4 from prod to ccid-2567  * commit '2a215b4ce6f26ad6e0b9019b661842a94b35af12':"
Q2 - WOW - S10(11 - 24 May) 30,2023/05/11,2023/05/24,WEBINAR-7045,149559,Ayesha.Khan,0,0,0,0,0,0,0,0,0,0,0,0,P.Ahuja,,
Sprint Totals,,,,,,PR_ADDED: 20259,PR_REMOVED: 43,COMMIT_ADDED: 0,COMMIT_REMOVED: 0,APPROVED: 1,COMMENTED: 0,DECLINED: 1,MERGED: 1,OPENED: 2,RESCOPED: 14,UNAPPROVED: 0,UPDATED: 0,,,

Q2 - WOW S11 (25 May-7 Jun),2023/05/25,2023/06/07,PROD-157033,142461,Ayesha.Khan,0,0,0,0,0,0,0,0,0,3,0,0,"Verma, Tushar",,
Q2 - WOW S11 (25 May-7 Jun),2023/05/25,2023/06/07,PROD-157033,143061,Ayesha.Khan,9990,10,0,0,0,0,0,0,0,3,0,0,Ayesha.Khan,,
Q2 - WOW S11 (25 May-7 Jun),2023/05/25,2023/06/07,PROD-157033,144525,Ayesha.Khan,0,0,0,0,0,0,0,0,0,3,0,0,spujara,,
Q2 - WOW S11 (25 May-7 Jun),2023/05/25,2023/06/07,PROD-157033,148894,Ayesha.Khan,0,0,0,0,0,0,0,0,0,3,0,0,SNitin,,
Q2 - WOW S11 (25 May-7 Jun),2023/05/25,2023/06/07,PROD-157033,149732,Ayesha.Khan,0,0,0,0,0,0,0,0,0,3,0,0,SSao,,
Q2 - WOW S11 (25 May-7 Jun),2023/05/25,2023/06/07,PROD-157033,149900,Ayesha.Khan,0,0,0,0,0,0,0,0,0,0,0,0,Sukhpreet.Singh,,
Q2 - WOW S11 (25 May-7 Jun),2023/05/25,2023/06/07,PROD-157033,150117,Ayesha.Khan,0,0,0,0,1,0,0,0,0,0,0,1,qtpman,,
Q2 - WOW S11 (25 May-7 Jun),2023/05/25,2023/06/07,PROD-157033,149937,Ayesha.Khan,0,0,0,0,0,0,0,0,0,0,0,0,Akashdeep.Gupta,,"1. Pull request #149855: Ccid 2577  Merge in CVT/c4 from ccid-2577 to ccid-2580  * commit 'c97da2a791a90b94d33c778227ff3e7bdb91986a':
2. Pull request #149888: Prod  Merge in CVT/c4 from prod to ccid-2580  * commit '36e77d5c43547482bf208f899c04ffddfedaf6ba':"
Q2 - WOW S11 (25 May-7 Jun),2023/05/25,2023/06/07,PROD-157033,150036,Ayesha.Khan,0,0,0,0,0,0,1,0,0,0,0,0,MKanis,,
Q2 - WOW S11 (25 May-7 Jun),2023/05/25,2023/06/07,PROD-157033,150073,Ayesha.Khan,0,0,0,0,0,0,0,0,0,0,0,0,AJagtap,,
Q2 - WOW S11 (25 May-7 Jun),2023/05/25,2023/06/07,PROD-157033,150111,Ayesha.Khan,0,0,0,0,0,0,1,0,0,0,0,0,qtpman,,
Q2 - WOW S11 (25 May-7 Jun),2023/05/25,2023/06/07,WEBINAR-3715,1167,Ayesha.Khan,0,0,0,0,0,0,0,0,0,1,0,0,RupaliS,,"1. Pull request #1269: Ccid 2577  Merge in CVT/soap-api from ccid-2577 to master  * commit 'ae83717b30fcb20653640bb4aae1765317a5dd46':    WEBINAR-3715: fixed compile issues    WEBINAR-3715: checkIn api changes to block if we try to use it for webinars
2. Pull request #1270: Master  Merge in CVT/soap-api from master to ccid-2580  * commit '645718cbfe5247ea19154e5d4426c5d33acca5df':"
Q2 - WOW S11 (25 May-7 Jun),2023/05/25,2023/06/07,WEBINAR-3715,1258,Ayesha.Khan,154,15,0,0,0,0,0,0,1,0,0,0,Ayesha.Khan,,
Q2 - WOW S11 (25 May-7 Jun),2023/05/25,2023/06/07,WEBINAR-3715,1269,Ayesha.Khan,0,0,0,0,1,0,0,1,0,0,0,0,SKapri,,
Q2 - WOW S11 (25 May-7 Jun),2023/05/25,2023/06/07,WEBINAR-8615,1167,Ayesha.Khan,0,0,0,0,0,0,0,0,0,0,0,0,RupaliS,,
Sprint Totals,,,,,,PR_ADDED: 10144,PR_REMOVED: 25,COMMIT_ADDED: 0,COMMIT_REMOVED: 0,APPROVED: 2,COMMENTED: 0,DECLINED: 2,MERGED: 1,OPENED: 1,RESCOPED: 16,UNAPPROVED: 0,UPDATED: 1,,,

Q2 - WOW S12 (8 - 21 Jun),2023/06/08,2023/06/21,PROD-167534,142461,Ayesha.Khan,0,0,0,0,0,0,0,0,0,1,0,0,"Verma, Tushar",,
Q2 - WOW S12 (8 - 21 Jun),2023/06/08,2023/06/21,PROD-167534,143061,Ayesha.Khan,9990,10,0,0,0,0,0,0,0,1,0,0,Ayesha.Khan,,
Q2 - WOW S12 (8 - 21 Jun),2023/06/08,2023/06/21,PROD-167534,144525,Ayesha.Khan,0,0,0,0,0,0,0,0,0,1,0,0,spujara,,
Q2 - WOW S12 (8 - 21 Jun),2023/06/08,2023/06/21,PROD-167534,148894,Ayesha.Khan,0,0,0,0,0,0,0,0,0,1,0,0,SNitin,,
Q2 - WOW S12 (8 - 21 Jun),2023/06/08,2023/06/21,PROD-167534,149732,Ayesha.Khan,0,0,0,0,0,0,0,0,0,1,0,0,SSao,,
Q2 - WOW S12 (8 - 21 Jun),2023/06/08,2023/06/21,PROD-167534,150639,Ayesha.Khan,0,0,0,0,1,0,0,0,0,0,0,1,qtpman,,
Q2 - WOW S12 (8 - 21 Jun),2023/06/08,2023/06/21,PROD-167534,150073,Ayesha.Khan,0,0,0,0,0,0,0,0,0,1,0,0,AJagtap,,
Sprint Totals,,,,,,PR_ADDED: 9990,PR_REMOVED: 10,COMMIT_ADDED: 0,COMMIT_REMOVED: 0,APPROVED: 1,COMMENTED: 0,DECLINED: 0,MERGED: 0,OPENED: 0,RESCOPED: 6,UNAPPROVED: 0,UPDATED: 1,,,

Overall Totals,,,,,,PR_ADDED: 131681,PR_REMOVED: 1376,COMMIT_ADDED: 1144,COMMIT_REMOVED: 9062,APPROVED: 9,COMMENTED: 0,DECLINED: 8,MERGED: 4,OPENED: 11,RESCOPED: 50,UNAPPROVED: 0,UPDATED: 7,,,
