SPRINT,START_DATE,END_DATE,TICKET,PR_ID,USER,PR_ADDED,PR_REMOVED,COMMIT_ADDED,COMMIT_REMOVED,APPROVED,COMMENTED,DECLINED,MERGED,OPENED,RESCOPED,UNAPPROVED,UPDATED,AUTHOR,COMMENTS,COMMIT_MESSAGES
Sprint Hagen Daz,2023/04/11,2023/04/25,HUB-87209,9071,PGartner,0,0,0,0,1,3,0,0,0,0,0,0,TCox,"1. Here there is anotherimported icon , there some interesting pattern to follow like:  - import path  - typescript   - props transfert  ```  import React, { SVGProps } from 'react';  const ReactionIcon = ({ ...props }: SVGProps<SVGSVGElement>): JSX.Element => {    return (      <svg        {...props}        ```
2. Did you try with theme, light, dark and check if the color of the icon react correctly?
3. Nice",
Sprint Hagen Daz,2023/04/11,2023/04/25,HUB-87209,9087,PGartner,0,0,38,15,0,0,0,0,0,0,0,0,ACheng,,"1. PROD-164880: Imprve condition for avoiding extra rendering
2. PROD-164880 Removed useEffect
3. PROD-164880 Downmerged develop
4. PROD-164880: downmerged develop
5. PROD-164880: User mockQueries ME for changing the visibility
6. PROD-164880: Fixed unit test failing because of the Focus-trap on modal
7. PROD-164880: Added a mocks for being able to run unit test with focus-trap on modal
8. PROD-164880: Lint fix
9. Pull request #9036: PROD-164880: Do not show Visibility modal when user is already visible and click the browser refresh button  Merge in AX/attendee-experience-web from PROD-164880 to develop  * commit '4088a449fc83f7e28d57e518c4f697a29f21288f':    PROD-164880: Lint fix    PROD-164880: Added a mocks for being able to run unit test with focus-trap on modal    PROD-164880: Fixed unit test failing because of the Focus-trap on modal    PROD-164880: User mockQueries ME for changing the visibility    PROD-164880 Removed useEffect    PROD-164880: Imprve condition for avoiding extra rendering    PROD-164880: Do not show Visibility modal when user is already visible and click the browser refresh button"
Sprint Hagen Daz,2023/04/11,2023/04/25,HUB-91358,9062,PGartner,51,48,51,48,0,0,0,1,1,1,0,0,PGartner,,"1. HUB-91358: Replaced checkFileExists by getCdnImageUrl when uploading an image from ChatDiscussions
2. HUB-91358: Downmerged develop"
Sprint Hagen Daz,2023/04/11,2023/04/25,HUB-95375,478,PGartner,0,0,0,0,1,1,0,0,0,0,1,0,MKumar1,1. nit  ...(discussionStart && { logDate : { gte: discussionStart }},
Sprint Hagen Daz,2023/04/11,2023/04/25,HUB-84998,9154,PGartner,0,0,0,0,0,0,0,0,0,0,0,0,DScott,,
Sprint Hagen Daz,2023/04/11,2023/04/25,HUB-91000,9202,PGartner,0,0,0,0,0,0,0,0,0,0,0,0,DDimercurio,,
Sprint Totals,,,,,,PR_ADDED: 51,PR_REMOVED: 48,COMMIT_ADDED: 89,COMMIT_REMOVED: 63,APPROVED: 2,COMMENTED: 4,DECLINED: 0,MERGED: 1,OPENED: 1,RESCOPED: 1,UNAPPROVED: 1,UPDATED: 0,,,

Sprint Ice Cream,2023/04/25,2023/05/09,HUB-84998,9154,PGartner,0,0,0,0,1,1,0,0,0,0,0,0,DScott,1. Is the waitFor necessary?,
Sprint Ice Cream,2023/04/25,2023/05/09,HUB-87782,9181,PGartner,0,0,0,0,1,0,0,0,0,0,0,0,TCox,,
Sprint Ice Cream,2023/04/25,2023/05/09,HUB-91000,9202,PGartner,0,0,0,0,1,0,0,0,0,0,0,0,DDimercurio,,
Sprint Ice Cream,2023/04/25,2023/05/09,HUB-95985,215,PGartner,0,0,0,0,1,0,0,0,0,0,0,0,MKumar1,,
Sprint Ice Cream,2023/04/25,2023/05/09,HUB-96475,9188,PGartner,0,0,0,0,1,0,0,0,0,0,0,0,GMa,,
Sprint Ice Cream,2023/04/25,2023/05/09,HUB-96478,466,PGartner,0,0,0,0,1,0,0,0,0,0,0,0,GMa,,
Sprint Ice Cream,2023/04/25,2023/05/09,HUB-97118,9213,PGartner,0,0,0,0,0,1,0,0,0,0,0,0,DScott,"1. Maybe a miss before, but what happen if children in null or length 0.  Is it possible to add a unit test for that.  Thx",
Sprint Ice Cream,2023/04/25,2023/05/09,HUB-98223,9251,PGartner,193,89,0,0,0,0,0,0,0,0,0,0,PGartner,,
Sprint Ice Cream,2023/04/25,2023/05/09,HUB-98223,9293,PGartner,0,0,0,0,0,0,0,0,0,0,0,0,Shea.Sullivan,,
Sprint Ice Cream,2023/04/25,2023/05/09,HUB-98838,1464,PGartner,0,0,0,0,1,0,0,0,0,0,0,0,TDee,,
Sprint Ice Cream,2023/04/25,2023/05/09,HUB-98838,1476,PGartner,0,0,0,0,0,0,0,0,0,0,0,0,GDionne,,
Sprint Ice Cream,2023/04/25,2023/05/09,PROD-164880,9036,PGartner,39,7,0,0,0,0,0,0,0,0,0,0,PGartner,,
Sprint Totals,,,,,,PR_ADDED: 232,PR_REMOVED: 96,COMMIT_ADDED: 0,COMMIT_REMOVED: 0,APPROVED: 7,COMMENTED: 2,DECLINED: 0,MERGED: 0,OPENED: 0,RESCOPED: 0,UNAPPROVED: 0,UPDATED: 0,,,

Wizards - Sprint Jalebi,2023/05/09,2023/05/23,HUB-93092,1472,PGartner,0,0,0,0,1,0,0,0,0,0,0,0,GMa,,
Wizards - Sprint Jalebi,2023/05/09,2023/05/23,HUB-93092,1476,PGartner,0,0,0,0,0,4,0,0,0,0,0,0,GDionne,"1. This EmptyLocation component is actally displaying only a title.  So it would be better to provide here the title via props and let the parent compute the data with `pageLocations` and `pageId` (so no need to provide these via props
2. return locationTitle && <Content .......
3. `updatePageBanners` seems not used
4. I don't know how many pages is contained in these arrays but sort + double find is not performant.  It can a little bit improve with a dictionnary",
Wizards - Sprint Jalebi,2023/05/09,2023/05/23,HUB-97118,9213,PGartner,0,0,0,0,0,0,0,0,0,0,0,0,DScott,,
Wizards - Sprint Jalebi,2023/05/09,2023/05/23,HUB-98051,9309,PGartner,158,91,159,92,0,0,0,1,1,1,0,0,PGartner,,"1. HUB-98051 Fixed all skip test and query warning on DiscussionsMainPage.spec, VideoRooms.spec, useDiscussionRefresh.spec
2. HUB-98051 Added a comment
3. HUB-98051 Added changeset
4. HUB-98051 Downmerged develop"
Wizards - Sprint Jalebi,2023/05/09,2023/05/23,HUB-98223,9251,PGartner,193,89,843,739,0,3,0,1,1,7,0,0,PGartner,"1. FYI: Here the code change that fixes the issue. ( Other than that, all the changes in this files are typescript moves)
2. I removed this one because just after it calls `dispatchAndContinue` where the first step in this function is also to `shouldAbord`  And, if keep the only here   ```        channelId !== stateRef.current.channelId ||        entityId !== stateRef.current.entityId  ```  then the issue would not be resolved
3. Right, my bad.  The ESLINT is not working on my VScode currently, strange.","1. HUB-98223 WIP
2. HUB-98223 fixed unit tests and error infinite loading on discussions chat
3. HUB-98223 Add changeset
4. HUB-98223: Fixed test unit fails
5. HUB-98223 Fix lint
6. HUB-98223 try fix typscript issuee
7. HUB-98223 Downmerged develop
8. HUB-98223 Fixed typescript lint on Error
9. HUB-98223 Downmerged develop"
Wizards - Sprint Jalebi,2023/05/09,2023/05/23,HUB-98223,9293,PGartner,0,0,0,0,1,0,0,0,0,0,0,0,Shea.Sullivan,,1. Pull request #9251: HUB-98223  - Fixed useChatChannel infinite loading DiscussionsChat and unit test after migration to React 18  Merge in AX/attendee-experience-web from HUB-98223_fixing_tests to develop  * commit '7a65b8f7e8dafbb171114c4ecbe65e119f35b4ad':    HUB-98223 Fixed typescript lint on Error    HUB-98223 try fix typscript issuee    HUB-98223 Fix lint    HUB-98223: Fixed test unit fails    HUB-98223 Add changeset    HUB-98223 fixed unit tests and error infinite loading on discussions chat    HUB-98223 WIP
Wizards - Sprint Jalebi,2023/05/09,2023/05/23,HUB-98838,1464,PGartner,0,0,0,0,0,0,0,0,0,0,0,0,TDee,,
Wizards - Sprint Jalebi,2023/05/09,2023/05/23,HUB-98838,1476,PGartner,0,0,0,0,0,0,0,0,0,0,0,0,GDionne,,
Wizards - Sprint Jalebi,2023/05/09,2023/05/23,HUB-93091,212,PGartner,0,0,0,0,1,0,0,0,0,0,0,0,Michael.Tang,,
Wizards - Sprint Jalebi,2023/05/09,2023/05/23,HUB-93091,222,PGartner,0,0,0,0,1,0,0,0,0,0,0,0,Michael.Tang,,
Wizards - Sprint Jalebi,2023/05/09,2023/05/23,HUB-93091,495,PGartner,0,0,0,0,1,0,0,0,0,0,0,0,Michael.Tang,,
Wizards - Sprint Jalebi,2023/05/09,2023/05/23,HUB-96439,468,PGartner,0,0,0,0,0,0,0,0,0,0,0,0,GMa,,
Wizards - Sprint Jalebi,2023/05/09,2023/05/23,HUB-96568,477,PGartner,0,0,0,0,0,0,0,0,0,0,0,0,GMa,,
Wizards - Sprint Jalebi,2023/05/09,2023/05/23,HUB-96568,1200,PGartner,0,0,0,0,1,0,0,0,0,0,0,0,Michael.Tang,,
Wizards - Sprint Jalebi,2023/05/09,2023/05/23,HUB-96570,1200,PGartner,0,0,0,0,0,0,0,0,0,0,0,0,Michael.Tang,,
Wizards - Sprint Jalebi,2023/05/09,2023/05/23,PROD-164880,9036,PGartner,39,7,0,0,0,0,0,0,0,0,0,0,PGartner,,
Wizards - Sprint Jalebi,2023/05/09,2023/05/23,PROD-165828,494,PGartner,0,0,0,0,1,0,0,0,0,0,0,0,Michael.Tang,,
Wizards - Sprint Jalebi,2023/05/09,2023/05/23,PROD-165828,499,PGartner,0,0,0,0,0,0,0,0,0,0,0,0,MKumar1,,
Sprint Totals,,,,,,PR_ADDED: 390,PR_REMOVED: 187,COMMIT_ADDED: 1002,COMMIT_REMOVED: 831,APPROVED: 7,COMMENTED: 7,DECLINED: 0,MERGED: 2,OPENED: 2,RESCOPED: 8,UNAPPROVED: 0,UPDATED: 0,,,

Wizards - Sprint Kinder Joy,2023/05/23,2023/06/06,HUB-93091,212,PGartner,0,0,0,0,0,0,0,0,0,0,1,0,Michael.Tang,,
Wizards - Sprint Kinder Joy,2023/05/23,2023/06/06,HUB-93091,222,PGartner,0,0,0,0,0,0,0,0,0,0,0,0,Michael.Tang,,
Wizards - Sprint Kinder Joy,2023/05/23,2023/06/06,HUB-93091,495,PGartner,0,0,0,0,0,0,0,0,0,0,0,0,Michael.Tang,,
Wizards - Sprint Kinder Joy,2023/05/23,2023/06/06,HUB-96439,468,PGartner,0,0,0,0,1,0,0,0,0,0,0,0,GMa,,
Wizards - Sprint Kinder Joy,2023/05/23,2023/06/06,HUB-96464,473,PGartner,70,6,75,11,0,2,0,1,1,1,0,0,PGartner,"1. This are also many other facts with `max: null`  Otherwise if we put a max value, is it a value show to the user?  Is there a a recommended max value? 500 like the post above?
2. Thx  This is what I was thinking by letting `max: null` for keeping this input empty (see screenshot)  ![Screenshot 2023-05-25 at 10.26.50 PM.png](attachment:15683/22154) ![Screenshot 2023-05-25 at 10.26.44 PM.png](attachment:15683/22155)","1. HUB-96464 Added new factType for discussions
2. HUB-96464: Selected correct icons
3. HUB-96464 Updated unit tests
4. HUB-9646: Downmerged develop"
Wizards - Sprint Kinder Joy,2023/05/23,2023/06/06,HUB-96486,474,PGartner,0,0,0,0,1,1,0,0,0,0,0,0,GMa,1. May I have to do that in my PR or will you update all the factType I created in my PR?,
Wizards - Sprint Kinder Joy,2023/05/23,2023/06/06,HUB-97245,9507,PGartner,0,0,0,0,0,0,0,0,0,0,0,0,GStarr,,
Wizards - Sprint Kinder Joy,2023/05/23,2023/06/06,PROD-164880,9036,PGartner,39,7,0,0,0,0,0,0,0,0,0,0,PGartner,,
Wizards - Sprint Kinder Joy,2023/05/23,2023/06/06,PROD-165457,9409,PGartner,0,0,81,32,0,0,0,0,0,0,0,0,TCox,,"1. PROD-158351: Improved performance of Chats connection by using CID instead of ID
2. PROD-158351 Brought back the port number for runnong the app on package.json
3. Merge branch 'develop' into PROD-158351
4. Pull request #9377: PROD-158351: Improved performance of Chats connection by using CID instead of ID  Merge in AX/attendee-experience-web from PROD-158351 to develop  * commit 'b95fd8fbb4f67a07c7a1438c60a2939c5f7d2032':    PROD-158351 Brought back the port number for runnong the app on package.json    PROD-158351: Improved performance of Chats connection by using CID instead of ID
5. PROD-158351: Fixed E2E test on discussions chat
6. Pull request #9389: PROD-158351: Fixed E2E test on discussions chat  Merge in AX/attendee-experience-web from PROD-158351_fix_e2e to develop  * commit 'c02f4f290cc54afc20ec91931006c0cf05c92d6d':    PROD-158351: Fixed E2E test on discussions chat"
Wizards - Sprint Kinder Joy,2023/05/23,2023/06/06,HUB-96568,477,PGartner,0,0,0,0,0,0,0,0,0,0,0,0,GMa,,
Wizards - Sprint Kinder Joy,2023/05/23,2023/06/06,HUB-96568,1200,PGartner,0,0,0,0,0,0,0,0,0,0,0,0,Michael.Tang,,
Wizards - Sprint Kinder Joy,2023/05/23,2023/06/06,HUB-96570,1200,PGartner,0,0,0,0,0,0,0,0,0,0,0,0,Michael.Tang,,
Wizards - Sprint Kinder Joy,2023/05/23,2023/06/06,HUB-97972,478,PGartner,0,0,0,0,0,0,0,0,0,0,0,0,TDee,,
Wizards - Sprint Kinder Joy,2023/05/23,2023/06/06,HUB-98062,9507,PGartner,0,0,0,0,0,0,0,0,0,0,0,0,GStarr,,
Wizards - Sprint Kinder Joy,2023/05/23,2023/06/06,PROD-158351,9377,PGartner,71,30,0,0,0,2,0,1,1,2,0,0,PGartner,"1. No :-)   But for running on my computer yes, annoying.  fixed
2. Thx",
Wizards - Sprint Kinder Joy,2023/05/23,2023/06/06,PROD-158351,9389,PGartner,8,0,0,0,0,0,0,1,1,0,0,0,PGartner,,
Wizards - Sprint Kinder Joy,2023/05/23,2023/06/06,PROD-165503,9477,PGartner,0,0,0,0,0,0,0,0,0,0,0,0,DScott,,
Wizards - Sprint Kinder Joy,2023/05/23,2023/06/06,PROD-165503,9551,PGartner,0,0,0,0,0,0,0,0,0,0,0,0,MGangani,,
Wizards - Sprint Kinder Joy,2023/05/23,2023/06/06,PROD-165828,494,PGartner,0,0,0,0,0,0,0,0,0,0,0,0,Michael.Tang,,
Wizards - Sprint Kinder Joy,2023/05/23,2023/06/06,PROD-165828,499,PGartner,0,0,0,0,1,0,0,0,0,0,0,0,MKumar1,,
Wizards - Sprint Kinder Joy,2023/05/23,2023/06/06,PROD-167754,9469,PGartner,0,0,0,0,0,0,0,0,0,0,0,0,GMa,,
Wizards - Sprint Kinder Joy,2023/05/23,2023/06/06,PROD-167754,9507,PGartner,0,0,0,0,0,0,0,0,0,0,0,0,GStarr,,
Sprint Totals,,,,,,PR_ADDED: 188,PR_REMOVED: 43,COMMIT_ADDED: 156,COMMIT_REMOVED: 43,APPROVED: 3,COMMENTED: 5,DECLINED: 0,MERGED: 3,OPENED: 3,RESCOPED: 3,UNAPPROVED: 1,UPDATED: 0,,,

Wizards - Sprint Leche Flan,2023/06/06,2023/06/20,HUB-96570,1200,PGartner,0,0,0,0,0,0,0,0,0,0,0,0,Michael.Tang,,
Wizards - Sprint Leche Flan,2023/06/06,2023/06/20,HUB-97972,478,PGartner,0,0,0,0,0,24,0,0,0,0,0,0,TDee,"1. In the screenshots we can see the Join Session facts with a ""App Only"" flag. Why it is not relefected in the file here?
2. All words in the key have to start with a capital.
3. It is preferable to avoid multi level in the CSS object.  Is it possible to rename with `tagContainer` , `tagIcon` and `tagText`?
4. WebTag has to be into his own file
5. The file is already large, is it possible to extra this component into his own file.  Also prefer to use the arrow declaration and not the function      `const WebTag = (platformRestriction, style) => {}`
6. The differences between the 2 conditions are the icon and the text.  I recommend to keep unique the code of the container, color etc and apply the condition only on the value that change (icon and text).  The idea is to avoid to repeat the same code.
7. Is the H5 compliant with accessibility heading rules on this page?
8. Here the example why too much layer on CSS is uncessary  Just above we have  `<div tabIndex={-1} css={style.tag.tagIcon}>`. That mean the div receives the sub-object `soft.color`  that is not interpreted and unecessary for the css of the div
9. `css={style.tag.text}`.  (color is not necessary, I mean it is better to return the expedcted css directly from tag.text)
10. WEB and MOBILE are equivalent values used in FileRadio. It would be good to put this constant into a constants file and shared them across the app.
11. The value are niot defined like that ine the FilterRadio. It would be better to keep the same value.
12. Is it really necessary to merged the goal?
13. The condition below uses only `filterDefaults`, I believe it comes from one of the `currentDefaultGoal` or `goal` .
14. <WebTag platformRestriction={platformRestriction} />   The prop styles is unecessary.
15. Thinking further, the component props name has to be change, the name 'platform' is enought (not need of platformRestriction))
16. NIT: it is cleaner to add the break;
17. Could you rename the component because it is not only a 'Web'Tag it can be 'mobile' as well.
18. The function is called twice and this is uncessary.  It has to be calll outisde the JSX once and the parameter provided in the JSX.  Based on this comment then the return have to be short-circuit    if (!!platformRestriction) return <></>  const { icon , titleKey } = getTagAndText(platformRestriction)  return        <div css={style.tagContainer}>          <p css={style.soft}>            <div tabIndex={-1} css={style.tagIcon}>             {icon}            </div>            {translate(titleKey)}          </p>        </div>
19. return platformRestriction ? <div> ... </> : <></>;
20. The styles have to be defined in this file and not by props.
21. There is only one component then it is better ot use `default`  And could you defined the props (propsTypes)
22. It has to go in the new component
23. If the 28 comes from WebTag then you can maxHeight the component itsellf, declare a constant in WebTag file and use the constant here.
24. nit: `currentDefaultGoal?.platformRestriction`",
Wizards - Sprint Leche Flan,2023/06/06,2023/06/20,HUB-98062,9507,PGartner,0,0,0,0,1,0,0,0,0,0,0,0,GStarr,,
Wizards - Sprint Leche Flan,2023/06/06,2023/06/20,HUB-99805,9507,PGartner,0,0,0,0,0,0,0,0,0,0,0,0,GStarr,,
Wizards - Sprint Leche Flan,2023/06/06,2023/06/20,HUB-99842,1529,PGartner,0,0,0,0,1,2,0,0,0,0,0,1,DDimercurio,"1. This props can be rename onClick
2. This if is because if a user selected the same tile then it has to unselect it?",
Wizards - Sprint Leche Flan,2023/06/06,2023/06/20,HUB-99842,1560,PGartner,0,0,1,1,0,0,0,0,0,0,0,0,MGangani,,"1. HUB-101507 Fixed unit tests
2. Pull request #1527: HUB-101507: Reusable icon selector component on custom page content  Merge in AX/attendee-experience-builder from HUB-101507 to develop  * commit '61dcc1c7c26345253cec9896a4e92d37981785bd':    HUB-101507 Fixed unit tests    HUB-101507: Migrate a file to typescript    HUB-101507: Added changeset    HUB-101507: Made reusable the icon selection component on custom page content reusable"
Wizards - Sprint Leche Flan,2023/06/06,2023/06/20,HUB-99842,1556,PGartner,0,0,120,55,0,0,0,0,0,0,0,0,MGangani,,"1. HUB-101507: Made reusable the icon selection component on custom page content reusable
2. HUB-101507: Added changeset
3. HUB-101507: Migrate a file to typescript"
Wizards - Sprint Leche Flan,2023/06/06,2023/06/20,HUB-99844,1541,PGartner,0,0,0,0,1,0,0,0,0,0,0,1,TCox,,
Wizards - Sprint Leche Flan,2023/06/06,2023/06/20,HUB-99976,9458,PGartner,0,0,0,0,1,0,0,0,0,0,0,0,DDimercurio,,
Wizards - Sprint Leche Flan,2023/06/06,2023/06/20,HUB-99976,9507,PGartner,0,0,0,0,0,0,0,0,0,0,0,0,GStarr,,
Wizards - Sprint Leche Flan,2023/06/06,2023/06/20,HUB-100014,509,PGartner,0,0,0,0,1,0,0,0,0,0,0,0,TCox,,
Wizards - Sprint Leche Flan,2023/06/06,2023/06/20,HUB-101507,1527,PGartner,104,39,0,0,0,2,0,1,1,3,0,0,PGartner,"1. I created a story but I am facing this issue on Storybook launch.   Someone has an idea of the issue?  ![Screenshot 2023-06-12 at 11.25.38 AM.png](attachment:23574/23044)
2. I forgot good catch",
Wizards - Sprint Leche Flan,2023/06/06,2023/06/20,HUB-101853,480,PGartner,1,1,1,1,0,0,0,1,1,0,0,0,PGartner,,1. HUB-101853 Hide plaform selection on JOIN_GROUP_Discussion action
Wizards - Sprint Leche Flan,2023/06/06,2023/06/20,HUB-101853,479,PGartner,74,10,74,10,0,0,1,0,1,0,0,0,PGartner,,1. HUB-101853: Set a default platform (only web) value on video discussions fact
Wizards - Sprint Leche Flan,2023/06/06,2023/06/20,HUB-102541,218,PGartner,0,0,0,0,1,0,0,0,0,0,0,0,Michael.Tang,,
Wizards - Sprint Leche Flan,2023/06/06,2023/06/20,HUB-103393,9526,PGartner,0,0,0,0,1,0,0,0,0,0,0,0,TDee,,
Wizards - Sprint Leche Flan,2023/06/06,2023/06/20,HUB-103393,9551,PGartner,0,0,0,0,0,0,0,0,0,0,0,0,MGangani,,
Wizards - Sprint Leche Flan,2023/06/06,2023/06/20,PROD-165828,494,PGartner,0,0,0,0,0,0,0,0,0,0,0,0,Michael.Tang,,
Wizards - Sprint Leche Flan,2023/06/06,2023/06/20,PROD-165828,499,PGartner,0,0,0,0,0,0,0,0,0,0,0,0,MKumar1,,
Wizards - Sprint Leche Flan,2023/06/06,2023/06/20,HUB-94205,219,PGartner,0,0,0,0,1,0,0,0,0,0,0,0,TCox,,
Wizards - Sprint Leche Flan,2023/06/06,2023/06/20,HUB-96357,9553,PGartner,0,0,0,0,0,0,0,0,0,0,0,0,DScott,,
Wizards - Sprint Leche Flan,2023/06/06,2023/06/20,HUB-96358,9524,PGartner,0,0,0,0,0,1,0,0,0,0,0,0,Sanjay.Gorur,1. Could you create another fixture that contains only the exoected field from the query  You are going to duplicate this import and tweak the data  import discussions from '@testUtils/fixtures/getDiscussionsList';,
Wizards - Sprint Leche Flan,2023/06/06,2023/06/20,HUB-96568,477,PGartner,0,0,0,0,1,0,0,0,0,0,0,0,GMa,,
Wizards - Sprint Leche Flan,2023/06/06,2023/06/20,HUB-96568,1200,PGartner,0,0,0,0,0,0,0,0,0,0,0,0,Michael.Tang,,
Wizards - Sprint Leche Flan,2023/06/06,2023/06/20,HUB-100703,1544,PGartner,0,0,0,0,1,0,0,0,0,0,0,1,DDimercurio,,
Wizards - Sprint Leche Flan,2023/06/06,2023/06/20,HUB-101496,510,PGartner,0,0,0,0,1,0,0,0,0,0,0,0,MKumar1,,
Wizards - Sprint Leche Flan,2023/06/06,2023/06/20,HUB-101506,1559,PGartner,0,0,0,0,0,0,0,0,0,0,0,0,GMa,,
Wizards - Sprint Leche Flan,2023/06/06,2023/06/20,HUB-101859,511,PGartner,0,0,0,0,1,0,0,0,0,0,0,0,Michael.Tang,,
Wizards - Sprint Leche Flan,2023/06/06,2023/06/20,HUB-101859,524,PGartner,0,0,0,0,0,0,0,0,0,0,0,0,Michael.Tang,,
Wizards - Sprint Leche Flan,2023/06/06,2023/06/20,HUB-103700,21,PGartner,0,0,0,0,0,0,0,0,0,0,0,0,Sanjay.Gorur,,
Wizards - Sprint Leche Flan,2023/06/06,2023/06/20,PROD-158351,9377,PGartner,71,30,0,0,0,0,0,0,0,0,0,0,PGartner,,
Wizards - Sprint Leche Flan,2023/06/06,2023/06/20,PROD-158351,9389,PGartner,8,0,0,0,0,0,0,0,0,0,0,0,PGartner,,
Wizards - Sprint Leche Flan,2023/06/06,2023/06/20,PROD-165503,9477,PGartner,0,0,0,0,0,4,0,0,0,0,0,0,DScott,"1. Because we are doing this now, I am wondering if Cvent designers do not prefer another icon for the send button. A Cvent icon and not a Stream icon.
2. Please use arrow function  const example = () => {}  I think many of chat shared components start with the word `Chat`. Maybe we can continue like that and name the component `ChatSendButton`
3. I am wondering if we do not have to update the Send button for Exhibitor and Sessio as well
4. Could you check the send button when we EDIT a message. Thx.  Maybe this SendButton would not be able to override easily. If this is the case then could you create an additional Jira ticket for covering this need?  Thx",
Wizards - Sprint Leche Flan,2023/06/06,2023/06/20,PROD-165503,9551,PGartner,0,0,0,0,0,0,0,0,0,0,0,0,MGangani,,
Wizards - Sprint Leche Flan,2023/06/06,2023/06/20,PROD-166071,9527,PGartner,0,0,0,0,1,0,0,0,0,0,0,0,TDee,,
Wizards - Sprint Leche Flan,2023/06/06,2023/06/20,PROD-166071,9551,PGartner,0,0,0,0,0,0,0,0,0,0,0,0,MGangani,,
Wizards - Sprint Leche Flan,2023/06/06,2023/06/20,PROD-167754,9469,PGartner,0,0,0,0,1,0,0,0,0,0,0,0,GMa,,
Wizards - Sprint Leche Flan,2023/06/06,2023/06/20,PROD-167754,9507,PGartner,0,0,0,0,0,0,0,0,0,0,0,0,GStarr,,
Sprint Totals,,,,,,PR_ADDED: 258,PR_REMOVED: 80,COMMIT_ADDED: 196,COMMIT_REMOVED: 67,APPROVED: 14,COMMENTED: 33,DECLINED: 1,MERGED: 2,OPENED: 3,RESCOPED: 3,UNAPPROVED: 0,UPDATED: 3,,,

Wizards - Sprint Muffin,2023/06/20,2023/07/05,HUB-88755,9598,PGartner,0,0,0,0,0,1,0,0,0,0,0,0,Sanjay.Gorur,1. Is there any unit test/ integration test to update?,
Wizards - Sprint Muffin,2023/06/20,2023/07/05,HUB-94205,219,PGartner,0,0,0,0,0,0,0,0,0,0,0,0,TCox,,
Wizards - Sprint Muffin,2023/06/20,2023/07/05,HUB-96358,9524,PGartner,0,0,0,0,0,0,0,0,0,0,0,0,Sanjay.Gorur,,
Wizards - Sprint Muffin,2023/06/20,2023/07/05,HUB-96568,477,PGartner,0,0,0,0,0,0,0,0,0,0,0,0,GMa,,
Wizards - Sprint Muffin,2023/06/20,2023/07/05,HUB-96568,1200,PGartner,0,0,0,0,0,0,0,0,0,0,0,0,Michael.Tang,,
Wizards - Sprint Muffin,2023/06/20,2023/07/05,HUB-100703,1544,PGartner,0,0,0,0,0,0,0,0,0,0,0,0,DDimercurio,,
Wizards - Sprint Muffin,2023/06/20,2023/07/05,HUB-101496,510,PGartner,0,0,0,0,0,0,0,0,0,0,0,0,MKumar1,,
Wizards - Sprint Muffin,2023/06/20,2023/07/05,HUB-101506,1559,PGartner,0,0,0,0,1,0,0,0,0,0,0,0,GMa,,
Wizards - Sprint Muffin,2023/06/20,2023/07/05,HUB-101508,1571,PGartner,0,0,0,0,1,0,0,0,0,0,0,0,GMa,,
Wizards - Sprint Muffin,2023/06/20,2023/07/05,HUB-101859,511,PGartner,0,0,0,0,0,0,0,0,0,0,0,0,Michael.Tang,,
Wizards - Sprint Muffin,2023/06/20,2023/07/05,HUB-101859,524,PGartner,0,0,0,0,1,0,0,0,0,0,0,0,Michael.Tang,,
Wizards - Sprint Muffin,2023/06/20,2023/07/05,HUB-103623,9604,PGartner,0,0,0,0,1,0,0,0,0,0,0,1,TDee,,
Wizards - Sprint Muffin,2023/06/20,2023/07/05,HUB-103624,9581,PGartner,0,0,0,0,1,0,0,0,0,0,0,0,TCox,,
Wizards - Sprint Muffin,2023/06/20,2023/07/05,HUB-103624,9618,PGartner,0,0,1,1,0,0,0,0,0,0,0,0,SSimpson,,"1. Merge branch 'develop' into HUB-104506
2. HUB-104506: Downmerged develop and down the number of max-warning
3. Pull request #9593: HUB-104506: Fixed bug for avoiding multi call of facts from Chat when only one is needed  Merge in AX/attendee-experience-web from HUB-104506 to develop  * commit 'f41e77bfaebf3f1ba9143662b114f494583ec658':    HUB-104506: Downmerged develop and down the number of max-warning    HUB-104506 Lint fix    HUB-104506 Removed console.log    HUB-104506 Removed AvatarGroup fix    HUB-104506 Typescript fixes    HUB-104506: Fixed bug for avoiding multi-action call from Chat when only one is needed"
Wizards - Sprint Muffin,2023/06/20,2023/07/05,HUB-103624,9611,PGartner,0,0,62,45,0,0,0,0,0,0,0,0,MQian,,"1. HUB-104506: Fixed bug for avoiding multi-action call from Chat when only one is needed
2. HUB-104506 Typescript fixes
3. HUB-104506 Removed AvatarGroup fix
4. HUB-104506 Removed console.log
5. HUB-104506 Lint fix"
Wizards - Sprint Muffin,2023/06/20,2023/07/05,HUB-103700,21,PGartner,0,0,0,0,1,0,0,0,0,0,0,0,Sanjay.Gorur,,
Wizards - Sprint Muffin,2023/06/20,2023/07/05,HUB-104286,486,PGartner,0,0,0,0,1,0,0,0,0,0,0,0,GMa,,
Wizards - Sprint Muffin,2023/06/20,2023/07/05,HUB-104506,9593,PGartner,52,35,0,0,0,0,0,1,1,2,0,0,PGartner,,
Wizards - Sprint Muffin,2023/06/20,2023/07/05,HUB-104506,9610,PGartner,19,21,19,21,0,0,0,1,1,1,0,0,PGartner,,"1. HUB-104506 useChatChannel - Revert a code for being to handle all cases
2. HUB-104506 Added changeset"
Wizards - Sprint Muffin,2023/06/20,2023/07/05,HUB-105106,9629,PGartner,0,0,0,0,1,0,0,0,0,0,0,1,Sanjay.Gorur,,
Wizards - Sprint Muffin,2023/06/20,2023/07/05,PROD-165503,9477,PGartner,0,0,0,0,0,0,0,0,0,0,0,0,DScott,,
Wizards - Sprint Muffin,2023/06/20,2023/07/05,PROD-165503,9551,PGartner,0,0,0,0,1,0,0,0,0,0,0,0,MGangani,,
Wizards - Sprint Muffin,2023/06/20,2023/07/05,PROD-166071,9527,PGartner,0,0,0,0,0,0,0,0,0,0,0,0,TDee,,
Wizards - Sprint Muffin,2023/06/20,2023/07/05,PROD-166071,9551,PGartner,0,0,0,0,0,0,0,0,0,0,0,0,MGangani,,
Wizards - Sprint Muffin,2023/06/20,2023/07/05,PROD-167754,9469,PGartner,0,0,0,0,0,0,0,0,0,0,0,0,GMa,,
Wizards - Sprint Muffin,2023/06/20,2023/07/05,PROD-167754,9507,PGartner,0,0,0,0,0,0,0,0,0,0,0,0,GStarr,,
Wizards - Sprint Muffin,2023/06/20,2023/07/05,HUB-96357,9553,PGartner,0,0,0,0,1,0,0,0,0,0,0,0,DScott,,
Wizards - Sprint Muffin,2023/06/20,2023/07/05,HUB-96479,488,PGartner,0,0,0,0,1,0,0,0,0,0,0,1,TDee,,
Wizards - Sprint Muffin,2023/06/20,2023/07/05,HUB-103302,9602,PGartner,0,0,119,69,0,14,0,0,0,2,0,0,DScott,"1. I think doing onClick={handleClick} and the Item calling handleClick(id) is better for performance
2. and here onClick(id)
3. Could add a test for testing the correct clicked item is selected?  For example be sure if we clicked the number 3 then the number 3 is selected (icon selected active)
4. Mistake on `requried`
5. Keep same when it is possible
6. Could you move this into a constant file?  I believe we would certainly reuse that or maybe change this model when we are going to move forward (like maybe adding an id per line).
7. Could you use arrow function. And provide a better default testID :-). Thx
8. I think for accessibility we need something for indicating to the user that one of the items is selected and which one.
9. Could you add test for making the distinction between selected and not selected item for testing the presence of the selected icon.
10. Is there any Carina color we can use?
11. Yes.  Thx for the figma link.  Most of the time we link a section of the Figma design in the JIRA ticket. The file is usually huge and most of the time the UX designers provide more info concerning the Blocks Theming.  In the file you've provided there is one of them, here - https://www.figma.com/file/sYMfNn1V0pyrw1azpdjUaz/Safety?type=design&node-id=2923%3A406243&mode=design&t=xFidbkJKqli0pRR3-1  In you case it seems this is not totally clear (I mean for me). You'll have to chck with the UX designer to confirm which color (Carian) to use. (and handle the Blocks)
12. the testID value has to change depedning the state of isActive  example: `{...injectTestId(`${testID}-selected-icon-${isActive ? 'active': 'inactive}`)}
13. Correct, nvm
14. I run the storybook and the text needs soe css tweaks  When the text is long (maybe on some language) and the screen small (mobile), it needs a    - align left   - maybe a text wrapping on 2 lines (the the zoom increases then the text goes out of the box)","1. Merge branch 'develop' into HUB-103302_report_reasoning_components
2. HUB-103302 Updated props and behaviour of the components"
Wizards - Sprint Muffin,2023/06/20,2023/07/05,HUB-104267,526,PGartner,0,0,0,0,1,0,0,0,0,0,0,0,MKumar1,,
Wizards - Sprint Muffin,2023/06/20,2023/07/05,PROD-158351,9377,PGartner,71,30,0,0,0,0,0,0,0,0,0,0,PGartner,,
Wizards - Sprint Muffin,2023/06/20,2023/07/05,PROD-158351,9389,PGartner,8,0,0,0,0,0,0,0,0,0,0,0,PGartner,,
Wizards - Sprint Muffin,2023/06/20,2023/07/05,PROD-170831,9580,PGartner,77,41,168,132,0,3,0,1,1,5,0,0,PGartner,"1. Fixed
2. Fixed
3. I wish but I did not find a way. It is pretty complicate to mock a Channel object from GetStream third party library and fo testing this we have to simulate a listener that simulate an event.  I am wondering if creating an extra ticket for looking for this would be better and also worth it.","1. PROD-170831 Fixed join chat measurement tracking
2. PROD-170831 Fixed unit tests
3. PROD-170831 Added changeset
4. Merge branch 'develop' into PROD-170831
5. PROD-170831 Fix unit tests
6. PROD-170831 Fixed unit test on useAnalytics
7. Merge branch 'develop' into PROD-170831
8. PROD-170831: Downmerged develop"
Sprint Totals,,,,,,PR_ADDED: 227,PR_REMOVED: 127,COMMIT_ADDED: 369,COMMIT_REMOVED: 268,APPROVED: 12,COMMENTED: 18,DECLINED: 0,MERGED: 3,OPENED: 3,RESCOPED: 10,UNAPPROVED: 0,UPDATED: 3,,,

Overall Totals,,,,,,PR_ADDED: 1346,PR_REMOVED: 581,COMMIT_ADDED: 1812,COMMIT_REMOVED: 1272,APPROVED: 45,COMMENTED: 69,DECLINED: 1,MERGED: 11,OPENED: 12,RESCOPED: 25,UNAPPROVED: 2,UPDATED: 6,,,
