SPRINT,START_DATE,END_DATE,TICKET,PR_ID,USER,PR_ADDED,PR_REMOVED,COMMIT_ADDED,COMMIT_REMOVED,APPROVED,COMMENTED,DECLINED,MERGED,OPENED,RESCOPED,UNAPPROVED,UPDATED,AUTHOR,COMMENTS,COMMIT_MESSAGES
Q2 2023 - Sprint 2,2023/04/20,2023/05/03,PROD-165670,148504,Sagar.Patel,0,0,0,0,1,0,0,0,0,0,0,1,AJagtap,,
Q2 2023 - Sprint 2,2023/04/20,2023/05/03,PROD-165670,148699,Sagar.Patel,8443,1557,0,0,0,0,0,1,1,0,0,0,Sagar.Patel,,
Q2 2023 - Sprint 2,2023/04/20,2023/05/03,PROD-165670,148796,Sagar.Patel,0,0,0,0,1,0,0,0,0,0,0,1,AJagtap,,
Q2 2023 - Sprint 2,2023/04/20,2023/05/03,HUB-97991,148816,Sagar.Patel,0,0,0,0,0,0,0,0,0,0,0,0,AJagtap,,
Q2 2023 - Sprint 2,2023/04/20,2023/05/03,HUB-97991,148967,Sagar.Patel,0,0,0,0,0,0,0,0,0,0,0,0,AJagtap,,
Q2 2023 - Sprint 2,2023/04/20,2023/05/03,HUB-97991,148968,Sagar.Patel,0,0,0,0,0,0,0,0,0,0,0,0,AJagtap,,
Q2 2023 - Sprint 2,2023/04/20,2023/05/03,HUB-97991,149024,Sagar.Patel,3436,1708,0,0,0,0,0,0,0,0,0,0,Sagar.Patel,,
Sprint Totals,,,,,,PR_ADDED: 11879,PR_REMOVED: 3265,COMMIT_ADDED: 0,COMMIT_REMOVED: 0,APPROVED: 2,COMMENTED: 0,DECLINED: 0,MERGED: 1,OPENED: 1,RESCOPED: 0,UNAPPROVED: 0,UPDATED: 2,,,

Q2 2023 - Sprint 3,2023/05/04,2023/05/17,HUB-97991,148816,Sagar.Patel,0,0,0,0,0,0,0,0,0,0,0,0,AJagtap,,
Q2 2023 - Sprint 3,2023/05/04,2023/05/17,HUB-97991,148967,Sagar.Patel,0,0,0,0,1,0,0,0,0,0,0,1,AJagtap,,
Q2 2023 - Sprint 3,2023/05/04,2023/05/17,HUB-97991,148968,Sagar.Patel,0,0,0,0,1,0,0,0,0,0,0,1,AJagtap,,
Q2 2023 - Sprint 3,2023/05/04,2023/05/17,HUB-97991,149024,Sagar.Patel,3436,1708,0,0,0,0,0,1,1,0,0,0,Sagar.Patel,,
Sprint Totals,,,,,,PR_ADDED: 3436,PR_REMOVED: 1708,COMMIT_ADDED: 0,COMMIT_REMOVED: 0,APPROVED: 2,COMMENTED: 0,DECLINED: 0,MERGED: 1,OPENED: 1,RESCOPED: 0,UNAPPROVED: 0,UPDATED: 2,,,

Q2 2023 - Sprint 4,2023/05/18,2023/05/31,HUB-84318,12079,Sagar.Patel,0,0,0,0,0,0,0,0,0,0,0,0,AJagtap,,
Q2 2023 - Sprint 4,2023/05/18,2023/05/31,PROD-166215,12079,Sagar.Patel,0,0,0,0,0,0,0,0,0,0,0,0,AJagtap,,
Sprint Totals,,,,,,PR_ADDED: 0,PR_REMOVED: 0,COMMIT_ADDED: 0,COMMIT_REMOVED: 0,APPROVED: 0,COMMENTED: 0,DECLINED: 0,MERGED: 0,OPENED: 0,RESCOPED: 0,UNAPPROVED: 0,UPDATED: 0,,,

Q2 2023 - Sprint 5,2023/06/01,2023/06/14,HUB-84318,12079,Sagar.Patel,0,0,0,0,0,0,0,0,0,0,0,0,AJagtap,,
Q2 2023 - Sprint 5,2023/06/01,2023/06/14,PROD-166215,12079,Sagar.Patel,0,0,0,0,0,0,0,0,0,0,0,0,AJagtap,,
Q2 2023 - Sprint 5,2023/06/01,2023/06/14,PROD-168082,150493,Sagar.Patel,0,0,0,0,0,0,0,0,0,0,0,0,AJagtap,,
Q2 2023 - Sprint 5,2023/06/01,2023/06/14,PROD-168082,150524,Sagar.Patel,1382,540,0,0,0,0,0,0,0,0,0,0,Sagar.Patel,,
Sprint Totals,,,,,,PR_ADDED: 1382,PR_REMOVED: 540,COMMIT_ADDED: 0,COMMIT_REMOVED: 0,APPROVED: 0,COMMENTED: 0,DECLINED: 0,MERGED: 0,OPENED: 0,RESCOPED: 0,UNAPPROVED: 0,UPDATED: 0,,,

Overall Totals,,,,,,PR_ADDED: 16697,PR_REMOVED: 5513,COMMIT_ADDED: 0,COMMIT_REMOVED: 0,APPROVED: 4,COMMENTED: 0,DECLINED: 0,MERGED: 2,OPENED: 2,RESCOPED: 0,UNAPPROVED: 0,UPDATED: 4,,,
