SPRINT,START_DATE,END_DATE,TICKET,PR_ID,USER,PR_ADDED,PR_REMOVED,COMMIT_ADDED,COMMIT_REMOVED,APPROVED,COMMENTED,DECLINED,MERGED,OPENED,RESCOPED,UNAPPROVED,UPDATED,AUTHOR,COMMENTS,COMMIT_MESSAGES
WOW - S7 (30 Mar - 12Apr) 33,2023/03/30,2023/04/12,WEBINAR-4958,147826,THarsh,1465,775,0,0,0,0,0,1,1,0,0,0,THarsh,,"1. PROD-164558 : CCID merge conflicts reolved
2. Merge branch 'ccid-2527' of ssh://stash.cvent.net:7999/cvt/c4 into prod-164558-conflict"
WOW - S7 (30 Mar - 12Apr) 33,2023/03/30,2023/04/12,WEBINAR-4958,147979,THarsh,0,0,0,0,0,0,0,0,0,0,0,0,AJagtap,,1. PROD-164558 : ccid-2527 conflicts resolved again
WOW - S7 (30 Mar - 12Apr) 33,2023/03/30,2023/04/12,WEBINAR-4958,148022,THarsh,9485,515,0,0,0,0,0,0,0,0,0,0,THarsh,,
WOW - S7 (30 Mar - 12Apr) 33,2023/03/30,2023/04/12,WEBINAR-4958,148125,THarsh,0,0,11,1,0,0,0,0,0,0,0,0,APrajapati,,"1. PROD-164530 : Calling doc creation for template email creation type
2. PROD-164530 : Removing extra changes added"
WOW - S7 (30 Mar - 12Apr) 33,2023/03/30,2023/04/12,WEBINAR-4958,147839,THarsh,4597,3056,56,60,0,0,1,0,1,0,0,0,THarsh,,"1. NA-0 : alpha-kr downmerge conflict
2. PROD-164558 : EntityVisibility package update to release version
3. PROD-164558 : Merge conflicts resolved
4. PROD-164558 : Event SOA package update for client only"
WOW - S7 (30 Mar - 12Apr) 33,2023/03/30,2023/04/12,WEBINAR-5422,147732,THarsh,9144,856,0,0,0,0,0,1,1,0,0,0,THarsh,,
WOW - S7 (30 Mar - 12Apr) 33,2023/03/30,2023/04/12,WEBINAR-5422,147744,THarsh,9144,856,0,0,0,0,0,1,1,0,0,0,THarsh,,"1. NA-0 : Merge conflicts resolved
2. Merge branch 'prod' of ssh://stash.cvent.net:7999/cvt/c4 into optimus-prod-conflict-20230406"
WOW - S7 (30 Mar - 12Apr) 33,2023/03/30,2023/04/12,WEBINAR-5422,147745,THarsh,0,0,0,0,1,0,0,0,0,0,0,1,APrajapati,,
WOW - S7 (30 Mar - 12Apr) 33,2023/03/30,2023/04/12,WEBINAR-5607,147826,THarsh,1465,775,0,0,0,0,0,0,0,0,0,0,THarsh,,
WOW - S7 (30 Mar - 12Apr) 33,2023/03/30,2023/04/12,WEBINAR-5607,148022,THarsh,9485,515,0,0,0,0,0,0,0,0,0,0,THarsh,,
WOW - S7 (30 Mar - 12Apr) 33,2023/03/30,2023/04/12,WEBINAR-5607,150473,THarsh,0,0,0,0,0,0,0,0,0,0,0,0,APrajapati,,
WOW - S7 (30 Mar - 12Apr) 33,2023/03/30,2023/04/12,WEBINAR-5607,150702,THarsh,8181,1819,0,0,0,0,0,0,0,0,0,0,THarsh,,
WOW - S7 (30 Mar - 12Apr) 33,2023/03/30,2023/04/12,WEBINAR-5607,147839,THarsh,4597,3056,0,0,0,0,0,0,0,0,0,0,THarsh,,
WOW - S7 (30 Mar - 12Apr) 33,2023/03/30,2023/04/12,WEBINAR-6036,11616,THarsh,993,857,0,0,0,0,0,0,1,0,0,0,THarsh,,
WOW - S7 (30 Mar - 12Apr) 33,2023/03/30,2023/04/12,WEBINAR-6036,11641,THarsh,0,0,0,0,0,0,0,0,0,0,0,0,VKubba,,1. Merge branch 'master' of ssh://stash.cvent.net:7999/soa/event into prod-164558
WOW - S7 (30 Mar - 12Apr) 33,2023/03/30,2023/04/12,WEBINAR-6036,11735,THarsh,6919,3081,0,0,0,0,0,0,0,0,0,0,THarsh,,
Sprint Totals,,,,,,PR_ADDED: 65475,PR_REMOVED: 16161,COMMIT_ADDED: 67,COMMIT_REMOVED: 61,APPROVED: 1,COMMENTED: 0,DECLINED: 1,MERGED: 3,OPENED: 5,RESCOPED: 0,UNAPPROVED: 0,UPDATED: 1,,,

WOW - S8 (13 - 26 Apr),2023/04/13,2023/04/26,PROD-164110,1400,THarsh,667,333,0,0,0,0,0,0,0,0,0,0,THarsh,,
WOW - S8 (13 - 26 Apr),2023/04/13,2023/04/26,PROD-164110,2042,THarsh,0,0,44,34,0,0,0,0,0,0,0,0,APrajapati,,"1. PROD-161619 : Conditions handled for non required survey custom fields
2. PROD-161619 : If condition corrected"
WOW - S8 (13 - 26 Apr),2023/04/13,2023/04/26,PROD-164110,2045,THarsh,712,143,0,0,0,0,0,0,0,0,0,0,THarsh,,
WOW - S8 (13 - 26 Apr),2023/04/13,2023/04/26,PROD-164110,148822,THarsh,0,0,0,0,0,0,0,0,0,0,0,0,APrajapati,,
WOW - S8 (13 - 26 Apr),2023/04/13,2023/04/26,PROD-164110,149325,THarsh,8522,1478,0,0,0,0,0,0,0,0,0,0,THarsh,,
WOW - S8 (13 - 26 Apr),2023/04/13,2023/04/26,PROD-164110,149327,THarsh,8521,1479,0,0,0,0,0,0,0,0,0,0,THarsh,,
WOW - S8 (13 - 26 Apr),2023/04/13,2023/04/26,WEBINAR-6335,11735,THarsh,6919,3081,0,0,0,0,0,0,0,0,0,0,THarsh,,
WOW - S8 (13 - 26 Apr),2023/04/13,2023/04/26,WEBINAR-7051,148822,THarsh,0,0,0,0,0,0,0,0,0,0,0,0,APrajapati,,
WOW - S8 (13 - 26 Apr),2023/04/13,2023/04/26,WEBINAR-7051,149325,THarsh,8522,1478,0,0,0,0,0,0,0,0,0,0,THarsh,,
WOW - S8 (13 - 26 Apr),2023/04/13,2023/04/26,WEBINAR-7051,149327,THarsh,8521,1479,0,0,0,0,0,0,0,0,0,0,THarsh,,
Sprint Totals,,,,,,PR_ADDED: 42384,PR_REMOVED: 9471,COMMIT_ADDED: 44,COMMIT_REMOVED: 34,APPROVED: 0,COMMENTED: 0,DECLINED: 0,MERGED: 0,OPENED: 0,RESCOPED: 0,UNAPPROVED: 0,UPDATED: 0,,,

Q2 -WOW - S9 (27 - 10 May) -33,2023/04/27,2023/05/10,PROD-166432,148309,THarsh,0,0,94,94,0,0,0,0,0,0,0,0,VGadhiya,,"1. SURVEY-68200 : Package version update for logic domain entities
2. SURVEY-68200 : .net version updated
3. SURVEY-68200 : targetFramework updated
4. Pull request #148706: SURVEY-68200 : Package version update for logic domain entities  Merge in CVT/c4 from survey-68200 to alpha-kr  * commit '226f200cb7478c91fd6472bd2784d742f2c764b9':    SURVEY-68200 : targetFramework updated    SURVEY-68200 : .net version updated    SURVEY-68200 : Package version update for logic domain entities"
Q2 -WOW - S9 (27 - 10 May) -33,2023/04/27,2023/05/10,PROD-166432,148776,THarsh,0,0,348,348,0,0,0,0,0,0,0,0,qtpman,,"1. PROD-164728 : Cvent.Controls and related package version update
2. PROD-164728 : Cvent.Controls and related package version update
3. PROD-164728 : Package update using master branch build version
4. NA-0 : Merge conflicts
5. NA-0 : Merge conflicts
6. Merge branch 'ccid-2548' of ssh://stash.cvent.net:7999/cvt/c4 into prod-164728
7. PROD-166145 : ccid forward fix"
Q2 -WOW - S9 (27 - 10 May) -33,2023/04/27,2023/05/10,PROD-166432,148822,THarsh,0,0,0,0,1,0,0,0,0,0,0,1,APrajapati,,
Q2 -WOW - S9 (27 - 10 May) -33,2023/04/27,2023/05/10,PROD-166432,148824,THarsh,0,0,0,0,0,0,0,0,0,0,0,0,Sagar.Patel,,"1. NA-0 : merge conflicts
2. Merge branch 'ccid-2550' of ssh://stash.cvent.net:7999/cvt/c4 into prod-164728-1"
Q2 -WOW - S9 (27 - 10 May) -33,2023/04/27,2023/05/10,PROD-166432,148925,THarsh,0,0,78,75,0,0,0,0,0,0,0,0,AJagtap,,"1. PROD-164728 : Adding entry for surveys and package upgrade
2. NA-0 : merge conflicts
3. Merge branch 'ccid-2551' of ssh://stash.cvent.net:7999/cvt/c4 into prod-164728"
Q2 -WOW - S9 (27 - 10 May) -33,2023/04/27,2023/05/10,PROD-166432,149325,THarsh,8522,1478,0,0,0,0,0,0,0,0,0,0,THarsh,,
Q2 -WOW - S9 (27 - 10 May) -33,2023/04/27,2023/05/10,PROD-166432,149327,THarsh,8521,1479,0,0,0,0,0,0,0,0,0,0,THarsh,,
Q2 -WOW - S9 (27 - 10 May) -33,2023/04/27,2023/05/10,WEBINAR-7906,148822,THarsh,0,0,0,0,0,0,0,0,0,0,0,0,APrajapati,,
Q2 -WOW - S9 (27 - 10 May) -33,2023/04/27,2023/05/10,WEBINAR-7906,149325,THarsh,8522,1478,0,0,0,0,0,0,0,0,0,0,THarsh,,
Q2 -WOW - S9 (27 - 10 May) -33,2023/04/27,2023/05/10,WEBINAR-7906,149327,THarsh,8521,1479,0,0,0,0,0,0,0,0,0,0,THarsh,,
Q2 -WOW - S9 (27 - 10 May) -33,2023/04/27,2023/05/10,WEBINAR-7982,149117,THarsh,0,0,0,0,0,0,0,0,0,0,0,0,APrajapati,,
Q2 -WOW - S9 (27 - 10 May) -33,2023/04/27,2023/05/10,WEBINAR-7982,149325,THarsh,8522,1478,0,0,0,0,0,0,0,0,0,0,THarsh,,
Q2 -WOW - S9 (27 - 10 May) -33,2023/04/27,2023/05/10,WEBINAR-7982,149327,THarsh,8521,1479,0,0,0,0,0,0,0,0,0,0,THarsh,,
Q2 -WOW - S9 (27 - 10 May) -33,2023/04/27,2023/05/10,WEBINAR-8478,148893,THarsh,0,0,0,0,1,2,0,0,0,0,1,1,APrajapati,"1. 2 entries for this same reference here
2. same here",
Q2 -WOW - S9 (27 - 10 May) -33,2023/04/27,2023/05/10,WEBINAR-8478,149117,THarsh,0,0,0,0,0,0,0,0,0,0,0,0,APrajapati,,
Q2 -WOW - S9 (27 - 10 May) -33,2023/04/27,2023/05/10,WEBINAR-8478,149325,THarsh,8522,1478,0,0,0,0,0,0,0,0,0,0,THarsh,,
Q2 -WOW - S9 (27 - 10 May) -33,2023/04/27,2023/05/10,WEBINAR-8478,149327,THarsh,8521,1479,0,0,0,0,0,0,0,0,0,0,THarsh,,
Sprint Totals,,,,,,PR_ADDED: 68172,PR_REMOVED: 11828,COMMIT_ADDED: 520,COMMIT_REMOVED: 517,APPROVED: 2,COMMENTED: 2,DECLINED: 0,MERGED: 0,OPENED: 0,RESCOPED: 0,UNAPPROVED: 1,UPDATED: 2,,,

Q2 - WOW - S10(11 - 24 May) 30,2023/05/11,2023/05/24,PROD-166742,149859,THarsh,0,0,0,0,0,0,0,0,0,0,0,0,APrajapati,,
Q2 - WOW - S10(11 - 24 May) 30,2023/05/11,2023/05/24,WEBINAR-7045,149325,THarsh,8522,1478,0,0,0,0,0,1,1,0,0,0,THarsh,,
Q2 - WOW - S10(11 - 24 May) 30,2023/05/11,2023/05/24,WEBINAR-7045,149327,THarsh,8521,1479,0,0,0,0,0,1,1,0,0,0,THarsh,,1. NA-0 : merge conflicts
Sprint Totals,,,,,,PR_ADDED: 17043,PR_REMOVED: 2957,COMMIT_ADDED: 0,COMMIT_REMOVED: 0,APPROVED: 0,COMMENTED: 0,DECLINED: 0,MERGED: 2,OPENED: 2,RESCOPED: 0,UNAPPROVED: 0,UPDATED: 0,,,

Q2 - WOW S11 (25 May-7 Jun),2023/05/25,2023/06/07,PROD-157033,1764,THarsh,0,0,4,4,0,0,0,0,0,0,0,0,RupaliS,,"1. Pull request #2059: Master to Optimus  Merge in SUR/inquisium from master to optimus  * commit '7b41a2fbe8d959113a41b40c9f0060598ad593fc':    PROD-167166 : Resx pull    PROD-167166 : PR comment addressed    PROD-167166 : Restricting IL deletion if already associated with an email    PROD-167166 : Restricting IL deletion if already associated with an email
2. PROD-165912 : Updating latest master version for Cvent.Controls
3. NA-0 : merge conflicts
4. Pull request #2064: Prod 165912 master conflict  Merge in SUR/inquisium from prod-165912-master-conflict to prod-165912  * commit 'f438aacd61317965a149a1534623ec54faf46eac':    PROD-167828: More package updates    RND-10782-test: Update Framework.Client/shared to the latest versions    PROD-166931: condition check update    PROD-166931: commented code removed    PROD-166931: form question choices supported in printable survey"
Q2 - WOW S11 (25 May-7 Jun),2023/05/25,2023/06/07,PROD-157033,2088,THarsh,0,0,0,0,0,0,0,0,0,0,0,0,APrajapati,,
Q2 - WOW S11 (25 May-7 Jun),2023/05/25,2023/06/07,PROD-157033,2099,THarsh,1666,429,0,0,0,0,0,0,0,0,0,0,THarsh,,
Q2 - WOW S11 (25 May-7 Jun),2023/05/25,2023/06/07,PROD-157033,150473,THarsh,0,0,0,0,0,0,0,0,0,0,0,0,APrajapati,,
Q2 - WOW S11 (25 May-7 Jun),2023/05/25,2023/06/07,PROD-157033,149937,THarsh,0,0,651,250,0,0,0,0,0,0,0,0,Akashdeep.Gupta,,"1. NA-0 : merged conflicts
2. NA-0 :merged conflicts
3. NA-0 : merged conflcits
4. Revert ""reverting PROD-165912 from ccid-2580 due to some extra changes Revert ""Pull request #149921: Revert ""Reverting PROD-168081 from ccid-2580""""""  This reverts commit 96078bfc6f6ce584bc2e4e5eb304bf39805eb41b.
5. Revert ""Pull request #149836: Revert ""Reverting PROD-168081 from ccid-2580""""  This reverts commit ac19910e13e9a26e45944a37704da68da3b4ad14, reversing  changes made to 39958c01f6e1b3564ae3f955324cfa67fc3f5341."
Sprint Totals,,,,,,PR_ADDED: 1666,PR_REMOVED: 429,COMMIT_ADDED: 655,COMMIT_REMOVED: 254,APPROVED: 0,COMMENTED: 0,DECLINED: 0,MERGED: 0,OPENED: 0,RESCOPED: 0,UNAPPROVED: 0,UPDATED: 0,,,

Q2 - WOW S12 (8 - 21 Jun),2023/06/08,2023/06/21,PROD-167534,150702,THarsh,8181,1819,0,0,0,0,0,0,0,0,0,0,THarsh,,
Q2 - WOW S12 (8 - 21 Jun),2023/06/08,2023/06/21,PROD-167534,150718,THarsh,0,0,0,0,0,0,0,0,0,0,0,0,APrajapati,,
Sprint Totals,,,,,,PR_ADDED: 8181,PR_REMOVED: 1819,COMMIT_ADDED: 0,COMMIT_REMOVED: 0,APPROVED: 0,COMMENTED: 0,DECLINED: 0,MERGED: 0,OPENED: 0,RESCOPED: 0,UNAPPROVED: 0,UPDATED: 0,,,

Overall Totals,,,,,,PR_ADDED: 202921,PR_REMOVED: 42665,COMMIT_ADDED: 1286,COMMIT_REMOVED: 866,APPROVED: 3,COMMENTED: 2,DECLINED: 1,MERGED: 5,OPENED: 7,RESCOPED: 0,UNAPPROVED: 1,UPDATED: 3,,,
