SPRINT,START_DATE,END_DATE,TICKET,PR_ID,USER,PR_ADDED,PR_REMOVED,COMMIT_ADDED,COMMIT_REMOVED,APPROVED,COMMENTED,DECLINED,MERGED,OPENED,RESCOPED,UNAPPROVED,UPDATED,AUTHOR,COMMENTS,COMMIT_MESSAGES
Quasar: J'23 (May 11- May 24),2023/05/11,2023/05/24,WEBINAR-10952,1365,SawanK,0,0,0,0,0,0,0,0,0,0,0,0,ADhaliwal,,
Sprint Totals,,,,,,PR_ADDED: 0,PR_REMOVED: 0,COMMIT_ADDED: 0,COMMIT_REMOVED: 0,APPROVED: 0,COMMENTED: 0,DECLINED: 0,MERGED: 0,OPENED: 0,RESCOPED: 0,UNAPPROVED: 0,UPDATED: 0,,,

Quasar: K'23 (May 25- Jun 07,2023/05/25,2023/06/07,WEBINAR-9651,1365,SawanK,0,0,0,0,0,0,0,0,0,0,0,0,ADhaliwal,,
Quasar: K'23 (May 25- Jun 07,2023/05/25,2023/06/07,WEBINAR-9651,1388,SawanK,0,0,11,1,0,0,0,0,0,0,0,0,LCarrero,,"1. CTEQ-59920: Added parameters to trigger webcast bluecumber runs post deployment
2. CTEQ-59920: changeset"
Quasar: K'23 (May 25- Jun 07,2023/05/25,2023/06/07,WEBINAR-10952,1365,SawanK,0,0,0,0,0,0,0,0,0,0,0,0,ADhaliwal,,
Sprint Totals,,,,,,PR_ADDED: 0,PR_REMOVED: 0,COMMIT_ADDED: 11,COMMIT_REMOVED: 1,APPROVED: 0,COMMENTED: 0,DECLINED: 0,MERGED: 0,OPENED: 0,RESCOPED: 0,UNAPPROVED: 0,UPDATED: 0,,,

Quasar: L'23 (Jun 08- Jun 21),2023/06/08,2023/06/21,PROD-168499,22673,SawanK,3,0,3,0,0,0,0,0,1,0,0,0,SawanK,,"1. AUTO-65372: Fixed CVC solution type selection
2. AUTO-65372: Fixed CVC solution type selection"
Quasar: L'23 (Jun 08- Jun 21),2023/06/08,2023/06/21,PROD-168499,22675,SawanK,4,3,5,8,0,0,0,0,1,2,0,0,SawanK,,"1. AUTO-65372: Fixed CVC solution type selection
2. AUTO-65372: Fixed CVC solution type selection
3. AUTO-65372: Fixed CVC solution type selection"
Quasar: L'23 (Jun 08- Jun 21),2023/06/08,2023/06/21,WEBINAR-9665,1388,SawanK,0,0,11,1,0,0,0,0,0,0,0,0,LCarrero,,"1. CTEQ-59920: Added parameters to trigger webcast bluecumber runs post deployment
2. CTEQ-59920: changeset
3. Merge remote-tracking branch 'origin/cteq-59920' into cteq-59920
4. Pull request #1367: CTEQ-59920: Added parameters to trigger webcast bluecumber runs post deployment  Merge in API/universal-webcast from cteq-59920 to develop  * commit '7e6fa2121013e290f190010f5f821ddfc5942b21':    CTEQ-59920: changeset    CTEQ-59920: Added parameters to trigger webcast bluecumber runs post deployment    CTEQ-59920: changeset    CTEQ-59920: Added parameters to trigger webcast bluecumber runs post deployment"
Sprint Totals,,,,,,PR_ADDED: 7,PR_REMOVED: 3,COMMIT_ADDED: 19,COMMIT_REMOVED: 9,APPROVED: 0,COMMENTED: 0,DECLINED: 0,MERGED: 0,OPENED: 2,RESCOPED: 2,UNAPPROVED: 0,UPDATED: 0,,,

Overall Totals,,,,,,PR_ADDED: 7,PR_REMOVED: 3,COMMIT_ADDED: 30,COMMIT_REMOVED: 10,APPROVED: 0,COMMENTED: 0,DECLINED: 0,MERGED: 0,OPENED: 2,RESCOPED: 2,UNAPPROVED: 0,UPDATED: 0,,,
