SPRINT,START_DATE,END_DATE,TICKET,PR_ID,USER,PR_ADDED,PR_REMOVED,COMMIT_ADDED,COMMIT_REMOVED,APPROVED,COMMENTED,DECLINED,MERGED,OPENED,RESCOPED,UNAPPROVED,UPDATED,AUTHOR,COMMENTS,COMMIT_MESSAGES
Krypto Q2 23' S2 (10w 1d),2023/04/19,2023/05/03,PROD-165626,148494,SSao,4491,1906,0,0,0,0,0,1,1,0,0,0,SSao,,
Krypto Q2 23' S2 (10w 1d),2023/04/19,2023/05/03,PROD-165626,148608,SSao,0,0,539,14,0,0,0,0,0,0,0,0,SBandekar,,"1. PROD-164365 | Phrase Pull for ""h23.009"""
Krypto Q2 23' S2 (10w 1d),2023/04/19,2023/05/03,PROD-165626,148624,SSao,0,0,0,0,1,0,0,0,0,0,0,1,Dhruti.Shah,,
Krypto Q2 23' S2 (10w 1d),2023/04/19,2023/05/03,PROD-165626,149115,SSao,0,0,0,0,0,0,0,0,0,0,0,0,SMahale,,
Krypto Q2 23' S2 (10w 1d),2023/04/19,2023/05/03,PROD-165626,148243,SSao,0,0,0,0,0,0,0,0,0,0,0,0,SMahale,,
Sprint Totals,,,,,,PR_ADDED: 4491,PR_REMOVED: 1906,COMMIT_ADDED: 539,COMMIT_REMOVED: 14,APPROVED: 1,COMMENTED: 0,DECLINED: 0,MERGED: 1,OPENED: 1,RESCOPED: 0,UNAPPROVED: 0,UPDATED: 1,,,

Overall Totals,,,,,,PR_ADDED: 4491,PR_REMOVED: 1906,COMMIT_ADDED: 539,COMMIT_REMOVED: 14,APPROVED: 1,COMMENTED: 0,DECLINED: 0,MERGED: 1,OPENED: 1,RESCOPED: 0,UNAPPROVED: 0,UPDATED: 1,,,
