SPRINT,START_DATE,END_DATE,TICKET,PR_ID,USER,PR_ADDED,PR_REMOVED,COMMIT_ADDED,COMMIT_REMOVED,APPROVED,COMMENTED,DECLINED,MERGED,OPENED,RESCOPED,UNAPPROVED,UPDATED,AUTHOR,COMMENTS,COMMIT_MESSAGES
Krypto Q2 23' S2 (10w 1d),2023/04/19,2023/05/03,PROD-165626,148494,DThakur,0,0,11,17,0,0,0,0,0,0,0,0,SSao,,1. PROD-165669: changes for adding condition in joins to map the indexes created on the table
Krypto Q2 23' S2 (10w 1d),2023/04/19,2023/05/03,PROD-165626,149166,DThakur,8433,1567,0,0,0,0,0,0,0,0,0,0,DThakur,,
Sprint Totals,,,,,,PR_ADDED: 8433,PR_REMOVED: 1567,COMMIT_ADDED: 11,COMMIT_REMOVED: 17,APPROVED: 0,COMMENTED: 0,DECLINED: 0,MERGED: 0,OPENED: 0,RESCOPED: 0,UNAPPROVED: 0,UPDATED: 0,,,

Overall Totals,,,,,,PR_ADDED: 8433,PR_REMOVED: 1567,COMMIT_ADDED: 11,COMMIT_REMOVED: 17,APPROVED: 0,COMMENTED: 0,DECLINED: 0,MERGED: 0,OPENED: 0,RESCOPED: 0,UNAPPROVED: 0,UPDATED: 0,,,
