SPRINT,START_DATE,END_DATE,TICKET,PR_ID,USER,PR_ADDED,PR_REMOVED,COMMIT_ADDED,COMMIT_REMOVED,APPROVED,COMMENTED,DECLINED,MERGED,OPENED,RESCOPED,UNAPPROVED,UPDATED,AUTHOR,COMMENTS,COMMIT_MESSAGES
WOW - S7 (30 Mar - 12Apr) 33,2023/03/30,2023/04/12,WEBINAR-4958,147920,SMuley,0,0,0,0,1,0,0,0,0,0,0,0,JKanara,,
WOW - S7 (30 Mar - 12Apr) 33,2023/03/30,2023/04/12,WEBINAR-5422,147920,SMuley,0,0,0,0,0,0,0,0,0,0,0,0,JKanara,,
WOW - S7 (30 Mar - 12Apr) 33,2023/03/30,2023/04/12,WEBINAR-5607,147920,SMuley,0,0,0,0,0,0,0,0,0,0,0,0,JKanara,,
WOW - S7 (30 Mar - 12Apr) 33,2023/03/30,2023/04/12,WEBINAR-5607,150604,SMuley,5565,2923,0,0,0,0,0,0,0,0,0,0,SMuley,,
Sprint Totals,,,,,,PR_ADDED: 5565,PR_REMOVED: 2923,COMMIT_ADDED: 0,COMMIT_REMOVED: 0,APPROVED: 1,COMMENTED: 0,DECLINED: 0,MERGED: 0,OPENED: 0,RESCOPED: 0,UNAPPROVED: 0,UPDATED: 0,,,

Q2 - WOW S11 (25 May-7 Jun),2023/05/25,2023/06/07,PROD-157033,149732,SMuley,0,0,53,19,0,0,0,0,0,0,0,0,SSao,,"1. CSNALL-68753:- Misc fixes on Preferred side initial commit
2. CSNALL-61158:- Changed code to prevent breakage in RFP flow
3. CSNALL-61158:- removing try catch"
Q2 - WOW S11 (25 May-7 Jun),2023/05/25,2023/06/07,PROD-157033,150583,SMuley,0,0,268,152,0,0,0,0,0,0,0,0,SBhardwaj,,"1. CSNALL-61158:- Initial commit
2. CSNALL-61158:- addition of Question Type in the Tag
3. CSNALL-61158:- Added experiment
4. Merge branch 'csnall-61158' of ssh://stash:7999/cvt/c4 into csnall-61158
5. Pull request #149819: Add FAQ category tag for standard Questions  Merge in CVT/c4 from csnall-61158 to feature-add-faq-to-library-restored  * commit '84e2060d785de74c1f89ae3a867cb2210b39b3be':    CSNALL-61158:- Added experiment    CSNALL-61158 Add condition check for standard_question_stub    CSNALL-61158 Add category tag for standard questions.    CSNALL-61157 CSNALL-68206 Use Supplier side experiment.    CSNALL-61158 Add category tag for standard questions.    CSNALL-61158:- addition of Question Type in the Tag    CSNALL-61158:- Initial commit    CSNALL-61158:- initial commit
6. CSNALL-66377:- Edit RFP tags for FAQ and Std Qstns
7. CSNALL-66377:- Admin side FAQ tagging to standard questions
8. CSNALL-66377:- Experiment check
9. CSNALL-66377-V1:- Comment resolution and logic fix for FRP Custom Questions Faq Tag
10. CSNALL-66377-V1:- Fix for rendering standard question tag on Admin
11. CSNALL-66377-V1:- PR comments resolved
12. Pull request #149857: Csnall 66377 v1  Merge in CVT/c4 from csnall-66377-v1 to feature-add-faq-to-library-restored  * commit '62de4cd8176b8c4c1d1aa67ddca857c421c3251f':    CSNALL-66377-V1:- PR comments resolved    CSNALL-66377-V1:- Fix for rendering standard question tag on Admin    CSNALL-66377-V1:- Comment resolution and logic fix for FRP Custom Questions Faq Tag    CSNALL-66377:- Experiment check    CSNALL-66377:- Admin side FAQ tagging to standard questions    CSNALL-66377:- Edit RFP tags for FAQ and Std Qstns
13. CSNALL-66377-V1:- Fix for breakage of RFP creation
14. Pull request #149972: CSNALL-66377-V1:- Fix for breakage of RFP creation  Merge in CVT/c4 from csnall-66377-v1 to feature-add-faq-to-library-restored  * commit '13e2ec4ea98fe4378d83d951b2d793a3886d61ab':    CSNALL-66377-V1:- Fix for breakage of RFP creation"
Sprint Totals,,,,,,PR_ADDED: 0,PR_REMOVED: 0,COMMIT_ADDED: 321,COMMIT_REMOVED: 171,APPROVED: 0,COMMENTED: 0,DECLINED: 0,MERGED: 0,OPENED: 0,RESCOPED: 0,UNAPPROVED: 0,UPDATED: 0,,,

Q2 - WOW S12 (8 - 21 Jun),2023/06/08,2023/06/21,PROD-167534,151123,SMuley,8082,1918,0,0,0,0,0,0,0,0,0,0,SMuley,,
Q2 - WOW S12 (8 - 21 Jun),2023/06/08,2023/06/21,PROD-167534,149732,SMuley,0,0,14,17,0,0,0,0,0,0,0,0,SSao,,"1. Pull request #150126: CSNALL-68753:- Misc fixes on Preferred side initial commit  Merge in CVT/c4 from csnall-68753 to feature-add-faq-to-library-restored  * commit '7647d9df28e5bee478768b91d8e2e44a4385161c':    CSNALL-68753:- Misc fixes on Preferred side initial commit
2. CSNALL-66377-V1:- Making FAQ tags left allogned in Admin and removing rfp classification in Defaut Question in Admin
3. CSNALL-66377-V1:- No Wrap Left Align Tag in Admin
4. Pull request #150394: CSNALL-66377-V1:- Making FAQ tags left allogned in Admin and removing rfp classification in Defaut Question in Admin  Merge in CVT/c4 from csnall-66377-v1 to release-prod-faq-1.26.1  * commit 'aa06ab9a6107bbd44a9903f408977363206de005':    CSNALL-66377-V1:- No Wrap Left Align Tag in Admin    CSNALL-66377-V1:- Making FAQ tags left allogned in Admin and removing rfp classification in Defaut Question in Admin
5. Pull request #150273: FIX-COPY-PREFERED-1.26:- fixing multiple select and copy of custom question to folder  Merge in CVT/c4 from fix-copy-preferred-1.26 to faq-1.26-0608  * commit 'e697f80b56cd90c796605fc5ba76e697c515174e':    FIX-COPY-PREFERRED-1.26:- Fix for add question to rfp flow    FIX-COPY-PREFERED-1.26:- fixing multiple select and copy of custom question to folder
6. Pull request #150393: Pull request #150273: FIX-COPY-PREFERED-1.26:- fixing multiple select and copy of custom question to folder  Merge in CVT/c4 from csnall-69130 to release-prod-faq-1.26.1  * commit 'ebc3f818170cf18c9bee6aac5c5b91f682a10bef':    Pull request #150273: FIX-COPY-PREFERED-1.26:- fixing multiple select and copy of custom question to folder
7. CSNALL-61158:- Phrase key
8. CSNALL-61158:- Phrasekey update
9. CSNALL-61158:- Hardcoding tooltip
10. Pull request #150405: Csnall 61158  Merge in CVT/c4 from csnall-61158 to release-prod-faq-1.26.1  * commit '432716e004b1d5449579e7e915a9e00f70536cc5':    CSNALL-61158:- Hardcoding tooltip    CSNALL-61158:- Phrasekey update    CSNALL-61158:- Phrase key    CSNALL-61158:- Initial Tooltip commit    CSNALL-61158:- removing try catch    CSNALL-61158:- Changed code to prevent breakage in RFP flow
11. CSNALL-66377-V1:- Experiment for Create Rfp
12. Pull request #150435: CSNALL-66377-V1:- Experiment for Create Rfp  Merge in CVT/c4 from csnall-66377-v1 to release-prod-faq-1.26.1  * commit '6ba3c4eea347bbb05a740b083aca6a71b395794f':    CSNALL-66377-V1:- Experiment for Create Rfp"
Q2 - WOW S12 (8 - 21 Jun),2023/06/08,2023/06/21,PROD-167534,150933,SMuley,0,0,26,5,0,0,0,0,0,0,0,0,Kamaldeep.Kaur,,"1. Pull request #150512: CSNALL-69305:-Initial commit  Merge in CVT/c4 from csnall-69305 to feature-add-faq-to-library-restored  * commit '960b77d670f2112dfdcbeeaf9d0d4001a0050391':    CSNALL-69305:- Changes for Move question to standard folder fix    CSNALL-69305:-Initial commit
2. Pull request #150652: PROD-170413 - Apply code changes for phrase update for tooltip.  Merge in CVT/c4 from prod-170413-v1 to feature-add-faq-to-library-restored  * commit '371eea57cc00f64a1ab10b9d75a90854d3c4cbae':    PROD-170413 - Apply code changes for phrase update for tooltip.
3. Pull request #150420: Added localeId in venue standard questions url  Merge in CVT/c4 from csnall-68751 to feature-add-faq-to-library-restored  * commit '460d0184a3924b76b6b71eaa0e43ac518a557d78':    Added localeId in venue standard questions url"
Sprint Totals,,,,,,PR_ADDED: 8082,PR_REMOVED: 1918,COMMIT_ADDED: 40,COMMIT_REMOVED: 22,APPROVED: 0,COMMENTED: 0,DECLINED: 0,MERGED: 0,OPENED: 0,RESCOPED: 0,UNAPPROVED: 0,UPDATED: 0,,,

Overall Totals,,,,,,PR_ADDED: 13647,PR_REMOVED: 4841,COMMIT_ADDED: 361,COMMIT_REMOVED: 193,APPROVED: 1,COMMENTED: 0,DECLINED: 0,MERGED: 0,OPENED: 0,RESCOPED: 0,UNAPPROVED: 0,UPDATED: 0,,,
