SPRINT,START_DATE,END_DATE,TICKET,PR_ID,USER,PR_ADDED,PR_REMOVED,COMMIT_ADDED,COMMIT_REMOVED,APPROVED,COMMENTED,DECLINED,MERGED,OPENED,RESCOPED,UNAPPROVED,UPDATED,AUTHOR,COMMENTS,COMMIT_MESSAGES
Q2 2023 - Sprint 2,2023/04/20,2023/05/03,PROD-166104,1521,Sukhpreet.Singh,9500,500,0,0,0,0,0,0,0,0,0,0,Sukhpreet.Singh,,
Sprint Totals,,,,,,PR_ADDED: 9500,PR_REMOVED: 500,COMMIT_ADDED: 0,COMMIT_REMOVED: 0,APPROVED: 0,COMMENTED: 0,DECLINED: 0,MERGED: 0,OPENED: 0,RESCOPED: 0,UNAPPROVED: 0,UPDATED: 0,,,

Q2 2023 - Sprint 3,2023/05/04,2023/05/17,PROD-166104,1521,Sukhpreet.Singh,9500,500,0,0,0,0,0,0,0,0,0,0,Sukhpreet.Singh,,
Sprint Totals,,,,,,PR_ADDED: 9500,PR_REMOVED: 500,COMMIT_ADDED: 0,COMMIT_REMOVED: 0,APPROVED: 0,COMMENTED: 0,DECLINED: 0,MERGED: 0,OPENED: 0,RESCOPED: 0,UNAPPROVED: 0,UPDATED: 0,,,

Q2 2023 - Sprint 5,2023/06/01,2023/06/14,PROD-168082,150499,Sukhpreet.Singh,0,0,27,8,0,0,0,0,0,0,0,0,Dhruti.Shah,,"1. Pull request #149501: WEBINAR-8857 : For collab session, the embedded should be the default solution on video settings tab  Merge in CVT/c4 from webinar-8857 to dev-silo630  * commit '9055ca7bbca4e87cab521bdd060797665f24f871':    WEBINAR-8857 : Resolved review comments    WEBINAR-8857 : For collab session, the embedded should be the default solution on video settings tab"
Sprint Totals,,,,,,PR_ADDED: 0,PR_REMOVED: 0,COMMIT_ADDED: 27,COMMIT_REMOVED: 8,APPROVED: 0,COMMENTED: 0,DECLINED: 0,MERGED: 0,OPENED: 0,RESCOPED: 0,UNAPPROVED: 0,UPDATED: 0,,,

Overall Totals,,,,,,PR_ADDED: 19000,PR_REMOVED: 1000,COMMIT_ADDED: 27,COMMIT_REMOVED: 8,APPROVED: 0,COMMENTED: 0,DECLINED: 0,MERGED: 0,OPENED: 0,RESCOPED: 0,UNAPPROVED: 0,UPDATED: 0,,,
