SPRINT,START_DATE,END_DATE,TICKET,PR_ID,USER,PR_ADDED,PR_REMOVED,COMMIT_ADDED,COMMIT_REMOVED,APPROVED,COMMENTED,DECLINED,MERGED,OPENED,RESCOPED,UNAPPROVED,UPDATED,AUTHOR,COMMENTS,COMMIT_MESSAGES
Sprint Ice Cream,2023/04/25,2023/05/09,HUB-97118,9296,GDionne,290,35,0,0,0,0,0,0,0,0,0,0,GDionne,,
Sprint Ice Cream,2023/04/25,2023/05/09,HUB-98838,1476,GDionne,2078,504,0,0,0,0,0,0,0,0,0,0,GDionne,,
Sprint Totals,,,,,,PR_ADDED: 2368,PR_REMOVED: 539,COMMIT_ADDED: 0,COMMIT_REMOVED: 0,APPROVED: 0,COMMENTED: 0,DECLINED: 0,MERGED: 0,OPENED: 0,RESCOPED: 0,UNAPPROVED: 0,UPDATED: 0,,,

Wizards - Sprint Jalebi,2023/05/09,2023/05/23,HUB-93092,1476,GDionne,2078,504,2679,1099,0,2,1,0,1,8,0,0,GDionne,"1. yea it was supposed to be 'Banner Test 4' instead, changing it now
2. There would be at most 3 pages in the `newSortedPages` array and 3 at all times in pageLocations.","1. HUB-87816: Added new placement locations
2. HUB-87816: Removed feature flag for BannerPlacements
3. HUB-87816: Added ordering to the page locations and sometweaks
4. HUB-87816: Added location list sorting and location empty state
5. HUB-87816: Added changeset
6. HUB-87816: Updated snapshots
7. HUB-87816: Fixed snapshots
8. HUB-87816: Fixed UT's to rely more on user interactable selectors and added default value for Boxes.tsx
9. HUB-87816: Tweaked some unit tests
10. HUB-87816: Some small changes to props for  EmptyLocation.tsx
11. HUB-87816: Updated unit test for changes in EmptyLocation.tsx
12. updated password for PR53
13. added changeset
14. Applied suggestion
15. NA-0: Moving PageBanner tests from black to blue
16. HUB-98388: Replace getAttendeeInterestChoices query with getProfessionalInterestChoices
17. HUB-98388: Replace updateAttendeeInterestChoices mutation with updateProfessionalInterestChoices
18. HUB-98388: Replace deleteAttendeeInterestChoices mutation with deleteProfessionalInterestChoices
19. HUB-98163: Removed on demand website only text from session content feature
20. HUB-99127: Remove on demand page under quick links
21. nit: renamed quicklink temp vartiable name
22. release/1.101.0: updating appFeature file as a part of release activity
23. HUB-96417: added changeset
24. RELEASING: Releasing 3 package(s)  Releases:    @cvent/mobile-app-builder@1.101.0    @cvent/automation-mobile-app-builder@0.46.0    @cvent/attendee-experience-builder-cdk@1.101.0  [skip ci]
25. HUB-96417: downmerge release 1.101.0
26. HUB-93092: Removed unused video discussions files
27. PROD-165740: Fix attendee profile feature card hyperlink
28. HUB-98163: Update to the latest version of @cvent/writing-assistant-component
29. HUB-98838 Fix Discussions E2E failing due to setValue concatenating instead of overriding values
30. PROD-165740: Add comment to test file for test data requirement
31. Applied suggestion
32. HUB-53567: added singleLinkCardForInternalLinkType in suite
33. HUB-53567: adding delay of 5 sec
34. HUB-53367: minor fix
35. HUB-53367: minor fix
36. HUB-53567: added changeset
37. HUB-53567: using waitFor and updated selector to not be hardcoded
38. HUB-53567: minor fix
39. HUB-85456: Update Page Banner altText form behaviour
40. HUB-87816: Added new placement locations
41. HUB-87816: Added location list sorting and location empty state"
Wizards - Sprint Jalebi,2023/05/09,2023/05/23,HUB-97118,9296,GDionne,290,35,8380,8301,0,4,0,0,1,9,0,0,GDionne,"1. Current [TCW](https://jira.cvent.com/browse/HUB-99452) for this
2. Yea good catch, i'll just remove this part and keep the featureFlag check on the SponsorsPage.tsx component -> so if the feature flag is off PageBannerCarousel.tsx just won't get rendered and if it's on the page is going to be in allowedPages
3. Yea most of the ones that reference Sponsorship page I can make more generic so they encompass the other new locations that are added. When I do my other ticket for Home page I will convert them in something more generic.
4. Link to slack [convo](https://cvent.slack.com/archives/CUAGY0BD2/p1684516843406239) about squashing","1. HUB-84583: Added block banners for Sponsorship page
2. HUB-84583: Added unit tests and some tweaks
3. Bump timeouts on flaky Connections unit tests
4. NA-0: Tweak flaky MyGame test, move to custom screen queries
5. NA-0: Bump timeout for AttendeeConnectionsList test
6. NA-0: Bump timeout and consolidate duplicate test renders for ConnectionsList
7. PROD-167648: Delete legacy cookies on server load
8. HUB-94476: session chat read only for on demand sessions
9. HUB-99466 Update appFeatues for session tags and custom fields
10. Pull request #9231: WEBINAR-7558: Fetches studio speaker link from graphql instead of webcast object  Merge in AX/attendee-experience-web from WEBINAR-7558 to develop  Squashed commit of the following:  commit 0a7f7c29f2af38714223b439854b010494c68096  Merge: 9affa3cfc8b eda86f942c8  Author: Gupta, Mohit <mgupta1@cvent.com>  Date:   Tue May 16 12:12:35 2023 +0530      Merge branch 'develop' into WEBINAR-7558  commit 9affa3cfc8be1aea33b9accbc06e55fc4d1a4b2d  Merge: e89afdd2cff 6252d70c091  Author: Gupta, Mohit <mgupta1@cvent.com>  Date:   Mon May 15 12:14:48 2023 +0530      Merge branch 'develop' into WEBINAR-7558  commit e89afdd2cffff0c34dd71da9ab6362d4e109fc80  Merge: 7c1ad4851cc 2e531be6e9b  Author: Gupta, Mohit <mgupta1@cvent.com>  Date:   Sat May 13 11:47:25 2023 +0530      Merge branch 'develop' into WEBINAR-7558  commit 7c1ad4851ccbb877182c6979b671cef44ef1bd01  Author: Gupta, Mohit <mgupta1@cvent.com>  Date:   Fri May 12 20:47:20 2023 +0530      WEBINAR-7558: Refactors  commit a38bf1049f6e4a89a25a1d6643dc6975407feb35  Author: Gupta, Mohit <mgupta1@cvent.com>  Date:   Fri May 12 15:22:16 2023 +0530      WEBINAR-7558: Refactors  commit 336d8c6159f9e8960c0c174ab9396a34d69daedc  Author: Gupta, Mohit <mgupta1@cvent.com>  Date:   Fri May 12 15:16:05 2023 +0530      WEBINAR-7558: Adds broadcastType in studio speaker url  commit f6cb3e8b9d32de90d6267200812e85756f2d7a1a  Author: Gupta, Mohit <mgupta1@cvent.com>  Date:   Fri May 12 13:29:59 2023 +0530      WEBINAR-7558: Makes studio utility files type bounded  commit a32119fb96940e5d0f7c1fc118ab4390d51f0cbc  Author: Gupta, Mohit <mgupta1@cvent.com>  Date:   Wed May 10 17:48:18 2023 +0530      WEBINAR-7558: Refactors  commit de0b4f80f857672d268317ab764833dde074ef95  Author: Gupta, Mohit <mgupta1@cvent.com>  Date:   Wed May 10 16:48:48 2023 +0530      WEBINAR-7558: Adds apiPartnerV3Integration experiment check in studio speaker url  commit 522728abee3a4f2789e6f1f7844e3ed60c581455  Merge: 527d49d33a2 0f380909b28  Author: Gupta, Mohit <mgupta1@cvent.com>  Date:   Wed May 10 13:14:44 2023 +0530      Merge branch 'develop' into WEBINAR-7558  commit 527d49d33a2667287f50df2886bfba52c9d39fe8  Author: Gupta, Mohit <mgupta1@cvent.com>  Date:   Wed May 10 13:05:19 2023 +0530      WEBINAR-7558: Fixes error case for studio  commit bf9351bab7a73e1605c54a2b42fbfa330b1baf64  Author: Gupta, Mohit <mgupta1@cvent.com>  Date:   Tue May 9 17:35:26 2023 +0530      WEBINAR-7558: Refactors a function name  commit 51b554b87a6d034c000e3a199710c9a0534f801b  Author: Gupta, Mohit <mgupta1@cvent.com>  Date:   Tue May 9 17:27:10 2023 +0530      WEBINAR-7558: Fetches studio speaker link from graphql instead of webcast object.  commit d6a0e26d069fc19496ef8d45370894c6f021b5dc  Author: Gupta, Mohit <mgupta1@cvent.com>  Date:   Sat May 6 15:21:24 2023 +0530      WEBINAR-7558: Moves studio director pro code into onClickHostLink from getWebcastLinks query  commit 1d7f0c6aff40391086457f1a6b720766a1fe897b  Author: Gupta, Mohit <mgupta1@cvent.com>  Date:   Sat May 6 13:31:18 2023 +0530      WEBINAR-7558: Refactors HostUrlErrorAlert to StudioUrlErrorAlert
11. CTEQ-55003 - moving link-clicking tests down to the unit layer if needed
12. CTEQ-55003: fixing lint error - needed to remove the function from import statement
13. HUB-8529: Added event to error data for SLI tracking
14. NA-0 Add iargyle for Snax
15. PROD-167412 | changeset max cookie limit for locale
16. PROD-167412 | Update unit test
17. PROD-167412: fix UT's
18. HUB-88872: update to use onAttendeeHasChannelsV2 subscription to subscribe to new channels for messaging V2
19. add a mock for attendeeMessagingV2/useMessagingSubscription
20. add ticket to comment
21. HUB-98056: Fix flaky speed networking unit test
22. HUB-97118: Update SwitchSelectorItem component and spec to TypeScript
23. HUB-98370 : Quick actions button overlapping for samsung fold
24. NA-0: dummy commit
25. HUB-97152: Adding Accept Button and Decline button only
26. HUB-97152 : Added UT
27. HUB-97152 : Destructuring
28. HUB-99509: Fixed Bug, for EN- Auto accept OFF, after accepting HOST still sees accept button
29. HUB-99509: Added changeset
30. HUB-99509 : Added UTs and constant for Attendee status
31. HUB-99509 : Attendee status (forgot to stage the file in commit)
32. HUB-99509 : Typo
33. HUB-98128: My schedule throwing error and show infinite loading on appointment create
34. HUB-98128: add warning to update updateAgendaItems.spec.js if any changes are made to SEARCH_SCHDULE response
35. PROD-164938:set viewingAsAttendee as page alert studio side
36. PROD-164938:handle little lint issue
37. PROD-164938:use color tokens and resolve the comments
38. PROD-164938:fix little lint issues
39. HUB-72793: Added date time filters to SEARCH_SCHEDULE query.
40. HUB-72793: Added changeset
41. HUB-72793: Updated fetch policy to be cache first only and not call network always.
42. HUB-82374: Handled loader logic for MySchedule page (including agenda dates)
43. HUB-82374: Updated flaky test
44. HUB-82374: Adding UTs for nav bar
45. HUB-72793: Fixed tests and added relevant mocks
46. HUB-72793: Fixed flaky tests
47. HUB-72793: Fixed flaky tests by using a lesser selector
48. HUB-72793: Reverted test selector changes and added missing mocks
49. HUB-72793: Increased timeout for flaky tests
50. HUB-72793: Changed timezone of tests
51. HUB-72793: Reverted test changes. Only left flaky fix
52. HUB-72793: Reverted mocks changes.
53. HUB-72793: Reverted mocks changes part 2.
54. HUB-97827: Add test
55. HUB-72793: Use var instead of hard coded value
56. HUB-72793: Add mock for SEARCH_SCHEDULE (expected on jenkins run, not on local)
57. HUB-82374: Changed mocks to be more dynamic typed
58. HUB-82374: Removed redundant function and updated mocks accordingly.
59. HUB-82374: Fixed lint issues
60. HUB-72793: Migration of mocks to a seperate file.
61. HUB-72793: Used Timezone context instead of mocking preferred timezone
62. HUB-72793: Added additional mock
63. HUB-72793: Reverted Timezone fix
64. PROD-166503: Phrase keys for Social Media links in languages other than english
65. HUB-91763: use pubnub fetchMessages replacing history
66. HUB-91763: removed commented code
67. HUB-91763: updated sessiondetails test
68. HUB-91763: used component alias for import
69. HUB-91763: added stringified time token
70. HUB-91763: moved nextStart time token inside condition
71. HUB-30936: Add region role and label to exhibitor results list
72. changeset
73. NA-0 Fix session-details e2e test
74. Merge remote-tracking branch 'origin/develop' into HUB-84583
75. HUB-84583: Fix unwanted change
76. HUB-84583: Removed unwanted feature flag
77. HUB-84583: Fixed filter allowed pages logic for more legibility
78. HUB-84583: Added some UT's for SponsorsPage and removed redundant logic
79. HUB-84583: Fixed unit test for SponsorsPage
80. HUB-84583: Removed unnecessary unit test"
Wizards - Sprint Jalebi,2023/05/09,2023/05/23,HUB-98056,9296,GDionne,290,35,0,0,0,0,0,0,0,0,0,0,GDionne,,
Wizards - Sprint Jalebi,2023/05/09,2023/05/23,HUB-98838,1476,GDionne,2078,504,0,0,0,0,0,0,0,0,0,0,GDionne,,
Sprint Totals,,,,,,PR_ADDED: 4736,PR_REMOVED: 1078,COMMIT_ADDED: 11059,COMMIT_REMOVED: 9400,APPROVED: 0,COMMENTED: 6,DECLINED: 1,MERGED: 0,OPENED: 2,RESCOPED: 17,UNAPPROVED: 0,UPDATED: 0,,,

Wizards - Sprint Kinder Joy,2023/05/23,2023/06/06,HUB-99871,1508,GDionne,0,0,12,3,0,0,0,0,0,0,0,0,TCox,,"1. NA-0: Updated automation tests to accommodate for new page banner changes
2. Pull request #1497: NA-0: Updated automation tests to accommodate for new page banner changes  Merge in AX/attendee-experience-builder from NA-0 to develop  * commit '514fee4a93ea4f7895809287f2e3f37960206a48':    NA-0: Updated automation tests to accommodate for new page banner changes"
Sprint Totals,,,,,,PR_ADDED: 0,PR_REMOVED: 0,COMMIT_ADDED: 12,COMMIT_REMOVED: 3,APPROVED: 0,COMMENTED: 0,DECLINED: 0,MERGED: 0,OPENED: 0,RESCOPED: 0,UNAPPROVED: 0,UPDATED: 0,,,

Wizards - Sprint Leche Flan,2023/06/06,2023/06/20,HUB-99842,1560,GDionne,0,0,11,3,0,0,0,0,0,0,0,0,MGangani,,"1. HUB-83631_V2: Fixed banner placement for banner creation flow
2. Pull request #1533: HUB-83631_V2: Fixed banner placement for banner creation flow  Merge in AX/attendee-experience-builder from HUB-83631_V2 to develop  * commit 'c5f073ef820d53e47fc2c60031f7bc4a0d49d303':    HUB-83631_V2: Fixed banner placement for banner creation flow"
Wizards - Sprint Leche Flan,2023/06/06,2023/06/20,HUB-99842,1556,GDionne,0,0,9,10,0,0,0,0,0,0,0,0,MGangani,,"1. HUB-83631: Removed redundant anchor tag
2. Merge branch 'develop' into HUB-83631
3. HUB-83631: Added suggestions
4. Pull request #1525: HUB-83631: Replacing cover images with page banners  Merge in AX/attendee-experience-builder from HUB-83631 to develop  * commit '319a2f073ef515e654566ae98991d5a505ed5387':    HUB-83631: Added suggestions    HUB-83631: Removed redundant anchor tag    HUB-83631: Tweaked unit tests, added skip flag to some queries, and applied some suggestions    HUB-83631: Fixed remaining unit tests    HUB-83631: Added new unit tests and made some small changes    HUB-83631: Replaced web cover images with page banners"
Wizards - Sprint Leche Flan,2023/06/06,2023/06/20,HUB-100703,1581,GDionne,0,0,169,57,0,0,0,0,0,0,0,0,MQian,,1. HUB-102943: Updated page banner placement form
Sprint Totals,,,,,,PR_ADDED: 0,PR_REMOVED: 0,COMMIT_ADDED: 189,COMMIT_REMOVED: 70,APPROVED: 0,COMMENTED: 0,DECLINED: 0,MERGED: 0,OPENED: 0,RESCOPED: 0,UNAPPROVED: 0,UPDATED: 0,,,

Wizards - Sprint Muffin,2023/06/20,2023/07/05,HUB-100703,1583,GDionne,0,0,385,117,0,0,0,0,0,0,0,0,SSimpson,,"1. HUB-102943: Added UT for new redirect link and page location sections testID's not to rely on phrase keys
2. Merge branch 'develop' into HUB-102943
3. Pull request #1549: HUB-102943: Updated page banner placement form  Merge in AX/attendee-experience-builder from HUB-102943 to develop  * commit 'd610fd18b15c4067402380ad0fd14c79d1affe1d':    HUB-102943: Added UT for new redirect link and page location sections testID's not to rely on phrase keys    HUB-102943: Removed redirect to placements tab link from create banner flow    HUB-102943: Updated page banner placement form
4. HUB-102945: Added sort function to order the banners alphabetically
5. HUB-102945: phrase pull
6. Merge branch 'develop' into HUB-102945
7. Pull request #1563: HUB-102945: Added sort function to order the banners alphabetically  Merge in AX/attendee-experience-builder from HUB-102945 to develop  * commit '9eeadabec44ea89188b99e5e61d413fa97224737':    HUB-102945: phrase pull    HUB-102945: Added sort function to order the banners alphabetically
8. HUB-102944: Relabled Exhibitor page to Associated exhibitor in banner create and edit form
9. Merge branch 'develop' into HUB-102944
10. Pull request #1575: HUB-102944: Relabled Exhibitor page to Associated exhibitor in banner create and edit form  Merge in AX/attendee-experience-builder from HUB-102944 to develop  * commit '2344b47c186eb105de7632c7b3e984f49c90d436':    HUB-102944: Relabled Exhibitor page to Associated exhibitor in banner create and edit form"
Sprint Totals,,,,,,PR_ADDED: 0,PR_REMOVED: 0,COMMIT_ADDED: 385,COMMIT_REMOVED: 117,APPROVED: 0,COMMENTED: 0,DECLINED: 0,MERGED: 0,OPENED: 0,RESCOPED: 0,UNAPPROVED: 0,UPDATED: 0,,,

Overall Totals,,,,,,PR_ADDED: 7104,PR_REMOVED: 1617,COMMIT_ADDED: 11645,COMMIT_REMOVED: 9590,APPROVED: 0,COMMENTED: 6,DECLINED: 1,MERGED: 0,OPENED: 2,RESCOPED: 17,UNAPPROVED: 0,UPDATED: 0,,,
