SPRINT,START_DATE,END_DATE,TICKET,PR_ID,USER,PR_ADDED,PR_REMOVED,COMMIT_ADDED,COMMIT_REMOVED,APPROVED,COMMENTED,DECLINED,MERGED,OPENED,RESCOPED,UNAPPROVED,UPDATED,AUTHOR,COMMENTS,COMMIT_MESSAGES
Pink-Gumbo(03/30-04/13)(9.6w),2023/03/30,2023/04/13,HUB-94277,148210,Vinodkumar.Yadav,8418,1582,0,0,0,0,0,0,0,0,0,0,Vinodkumar.Yadav,,
Sprint Totals,,,,,,PR_ADDED: 8418,PR_REMOVED: 1582,COMMIT_ADDED: 0,COMMIT_REMOVED: 0,APPROVED: 0,COMMENTED: 0,DECLINED: 0,MERGED: 0,OPENED: 0,RESCOPED: 0,UNAPPROVED: 0,UPDATED: 0,,,

Pink-Hamburger,2023/04/13,2023/04/27,HUB-94277,148210,Vinodkumar.Yadav,8418,1582,0,0,0,0,0,0,1,0,0,0,Vinodkumar.Yadav,,
Pink-Hamburger,2023/04/13,2023/04/27,HUB-94277,148416,Vinodkumar.Yadav,0,0,32,10,0,0,0,0,0,0,0,0,qtpman,,"1. up_rfp_GetListApproverRequester.sql edited online with Bitbucket  CSNALL-66866 : RFP Approval - Optimisation to fetch requesters and approvers
2. up_rfp_GetListApproverRequester.sql edited online with Bitbucket  CSNALL-66866 : RFP Approval Performance Testing
3. Pull request #148315: CSNALL-66866 : PROD-165762 : RFP Approval Performance  Merge in CVT/c4 from csnall-66866 to prod-165762  * commit 'c5f2f96bb323387d1a725e2f613bfcc6d0458bef':    up_rfp_GetListApproverRequester.sql edited online with Bitbucket    up_rfp_GetListApproverRequester.sql edited online with Bitbucket"
Sprint Totals,,,,,,PR_ADDED: 8418,PR_REMOVED: 1582,COMMIT_ADDED: 32,COMMIT_REMOVED: 10,APPROVED: 0,COMMENTED: 0,DECLINED: 0,MERGED: 0,OPENED: 1,RESCOPED: 0,UNAPPROVED: 0,UPDATED: 0,,,

Overall Totals,,,,,,PR_ADDED: 16836,PR_REMOVED: 3164,COMMIT_ADDED: 32,COMMIT_REMOVED: 10,APPROVED: 0,COMMENTED: 0,DECLINED: 0,MERGED: 0,OPENED: 1,RESCOPED: 0,UNAPPROVED: 0,UPDATED: 0,,,
