SPRINT,START_DATE,END_DATE,TICKET,PR_ID,USER,PR_ADDED,PR_REMOVED,COMMIT_ADDED,COMMIT_REMOVED,APPROVED,COMMENTED,DECLINED,MERGED,OPENED,RESCOPED,UNAPPROVED,UPDATED,AUTHOR,COMMENTS,COMMIT_MESSAGES
WOW - S7 (30 Mar - 12Apr) 33,2023/03/30,2023/04/12,PROD-159666,535,VGaur,0,0,0,0,1,0,0,0,0,0,0,0,ASetia,,
WOW - S7 (30 Mar - 12Apr) 33,2023/03/30,2023/04/12,WEBINAR-853,1211,VGaur,0,0,0,0,1,0,0,0,0,0,0,0,Akashdeep.Gupta,,
WOW - S7 (30 Mar - 12Apr) 33,2023/03/30,2023/04/12,WEBINAR-853,1214,VGaur,0,0,0,0,1,0,0,0,0,0,0,1,Akashdeep.Gupta,,
WOW - S7 (30 Mar - 12Apr) 33,2023/03/30,2023/04/12,WEBINAR-2127,164,VGaur,239,101,269,131,0,0,0,1,1,1,0,1,VGaur,,"1. WEBINAR-2127: Add valid user webinar tier check for contracted webinar pages to be accessible
2. WEBINAR-2127: Make sure that webinars are not accessible when the webinar flag has been turned off and redirect to the account level default page in that case"
WOW - S7 (30 Mar - 12Apr) 33,2023/03/30,2023/04/12,WEBINAR-2127,1552,VGaur,158,217,160,219,0,0,0,1,1,2,0,0,VGaur,,"1. WEBINAR-2127: Remove fallback to account config for getting webinar tier details for a user and remove higher tier experiment checks for self service accounts as well
2. WEBINAR-2127: Add check for the event being a webinar in the get webinar tier for event endpoint"
WOW - S7 (30 Mar - 12Apr) 33,2023/03/30,2023/04/12,WEBINAR-2127,1554,VGaur,70,25,70,25,0,3,0,1,1,1,0,0,VGaur,"1. Took these values from Flex reg api
2. The existing logic of registering the user in the token metadata used to work for self serve (because there was a single user only), but it wont work for contracted accounts. (or multi user scenario)  We must only register the original webinar creator, not the user in the token metadata. This logic works for both self serve and contracted.
3. Added the webinar check so that this cant be misused even by mistake for non webinar events.",1. WEBINAR-2127: Prevent registration in non-webinar events and registration of additional planners and only register the webinar owner/creator in the planner registration endpoint and tuneup SQL configs
WOW - S7 (30 Mar - 12Apr) 33,2023/03/30,2023/04/12,WEBINAR-3678,2943,VGaur,0,0,205,2677,2,0,0,0,0,1,1,0,Akashdeep.Gupta,,"1. WEBINAR-3678: Fix build by updating snaps, change add integration to be a mutation instead of being a query, rename a few of the integration related hooks to be a bit better named"
WOW - S7 (30 Mar - 12Apr) 33,2023/03/30,2023/04/12,WEBINAR-3678,2953,VGaur,0,0,0,0,1,0,0,1,0,0,0,0,Akashdeep.Gupta,,
WOW - S7 (30 Mar - 12Apr) 33,2023/03/30,2023/04/12,WEBINAR-3695,1217,VGaur,0,0,0,0,1,0,0,0,0,0,0,0,Akashdeep.Gupta,,
WOW - S7 (30 Mar - 12Apr) 33,2023/03/30,2023/04/12,WEBINAR-4122,2981,VGaur,0,0,0,0,1,0,0,0,0,0,0,0,ASetia,,
WOW - S7 (30 Mar - 12Apr) 33,2023/03/30,2023/04/12,WEBINAR-4958,566,VGaur,0,0,0,0,1,0,0,0,0,0,0,0,Shivangi.Agarwal,,
WOW - S7 (30 Mar - 12Apr) 33,2023/03/30,2023/04/12,WEBINAR-4958,147725,VGaur,0,0,0,0,1,0,0,0,0,0,0,0,Shivangi.Agarwal,,
WOW - S7 (30 Mar - 12Apr) 33,2023/03/30,2023/04/12,WEBINAR-4958,6786,VGaur,0,0,0,0,1,0,0,0,0,0,0,0,Shivangi.Agarwal,,
WOW - S7 (30 Mar - 12Apr) 33,2023/03/30,2023/04/12,WEBINAR-4958,6791,VGaur,0,0,0,0,1,0,0,0,0,0,0,0,Shivangi.Agarwal,,
WOW - S7 (30 Mar - 12Apr) 33,2023/03/30,2023/04/12,WEBINAR-4958,147728,VGaur,0,0,0,0,1,0,1,0,0,0,0,0,Shivangi.Agarwal,,
WOW - S7 (30 Mar - 12Apr) 33,2023/03/30,2023/04/12,WEBINAR-5422,147587,VGaur,48,5,52,9,0,1,0,1,1,1,0,0,VGaur,"1. It was so that its the same as the link generated from webinar planner side, but even if the environment query param is added, the link works, so I can remove this condition","1. WEBINAR-5422: Add handling for webinars in iproc based urls
2. WEBINAR-5422: Remove unused import
3. WEBINAR-5422: Remove condition for T2 to not add the environment query param because the link works anyway"
WOW - S7 (30 Mar - 12Apr) 33,2023/03/30,2023/04/12,WEBINAR-5422,147613,VGaur,0,0,0,0,1,0,0,0,0,0,0,1,SKapri,,
WOW - S7 (30 Mar - 12Apr) 33,2023/03/30,2023/04/12,WEBINAR-5422,147813,VGaur,0,0,11,10,0,0,0,0,0,0,0,0,Sagar.Patel,,1. Use autofac to register webinar license service instance
WOW - S7 (30 Mar - 12Apr) 33,2023/03/30,2023/04/12,WEBINAR-5422,147586,VGaur,49,4,0,0,0,0,1,0,1,0,0,0,VGaur,,
WOW - S7 (30 Mar - 12Apr) 33,2023/03/30,2023/04/12,WEBINAR-5607,159,VGaur,0,0,0,0,1,0,0,0,0,0,0,0,ASetia,,
WOW - S7 (30 Mar - 12Apr) 33,2023/03/30,2023/04/12,WEBINAR-5607,160,VGaur,0,0,0,0,1,1,0,0,0,0,0,0,ASetia,1. Shouldn't this be blank string?,
WOW - S7 (30 Mar - 12Apr) 33,2023/03/30,2023/04/12,WEBINAR-5607,162,VGaur,0,0,0,0,2,3,0,0,0,0,1,0,ASetia,"1. version should be in the `<properties>` section above
2. ```suggestion              LOG.warn(""Exception caught while getting webinar tier details for user"", e);  ```
3. Instead of directly injecting the client, we should wrap this in a service class named `WebinarTierService` or something similar and then inject that service class here",
WOW - S7 (30 Mar - 12Apr) 33,2023/03/30,2023/04/12,WEBINAR-5607,163,VGaur,69,9,69,9,0,0,0,1,1,0,0,0,VGaur,,1. WEBINAR-5607: Stop fallback to Normandy for webinars list page for checking access
WOW - S7 (30 Mar - 12Apr) 33,2023/03/30,2023/04/12,WEBINAR-5607,147551,VGaur,0,0,0,0,2,0,0,0,0,0,1,1,ASetia,,
WOW - S7 (30 Mar - 12Apr) 33,2023/03/30,2023/04/12,WEBINAR-5607,147535,VGaur,0,0,0,0,2,4,0,0,0,0,1,0,ASetia,"1. this has to be `_webinarTierDetailClient.GetWebinarTiersDetailsForUser(userStub).GetAwaiter.GetResult()`  without `await` and the method will not be marked `async`
2. We must only call `HasWebinarTiersDetails` if `isWebinarAllowed` is true, we dont want to make this call if the webinar flag is not on.  So you can do something like   ```CSharp  return isWebinarAllowed && HasWebinarTiersDetails(requestContextItems.UserDetails.UserStub) ? NodeVisibility.Visible : NodeVisibility.Hidden;  ```
3. Where is the `autofacContext` coming from?
4. We can remove `ConfigureAwait(false)`",
WOW - S7 (30 Mar - 12Apr) 33,2023/03/30,2023/04/12,WEBINAR-5726,2961,VGaur,0,0,0,0,2,0,0,0,0,0,1,0,Akashdeep.Gupta,,
WOW - S7 (30 Mar - 12Apr) 33,2023/03/30,2023/04/12,WEBINAR-5758,2947,VGaur,0,0,0,0,0,0,0,0,0,0,0,0,Shivangi.Agarwal,,
WOW - S7 (30 Mar - 12Apr) 33,2023/03/30,2023/04/12,WEBINAR-5759,2954,VGaur,0,0,0,0,1,5,0,0,0,0,0,0,Shivangi.Agarwal,"1. We already have a client talking to the push integration config manager service, we should reuse that  https://stash.cvent.net/projects/EC/repos/planner-events-ui/browse/packages/planner-events-ui/src/apollo/resolvers/common/clients/PushIntegrationClient.ts?at=webinar-5759
2. We already have the url here  https://stash.cvent.net/projects/EC/repos/planner-events-ui/pull-requests/2954/diff#packages/planner-events-ui/.env.template?f=318
3. Change this to `async () => {}` OR add a null check in the `deletePushIntegrationConfig` function  see https://stash.cvent.net/projects/EC/repos/planner-events-ui/pull-requests/2954/overview?commentId=3329702
4. Same as https://stash.cvent.net/projects/EC/repos/planner-events-ui/pull-requests/2954/overview?commentId=3329703
5. I think we can use the same method, but send an empty/null function for `deactivateIntegrationCall` argument in case of hubspot and salesforce, so that we can get rid of this if-statement.",
WOW - S7 (30 Mar - 12Apr) 33,2023/03/30,2023/04/12,WEBINAR-6036,1063,VGaur,0,0,293,267,1,0,0,0,0,0,0,1,Ayesha.Khan,,1. WEBINAR-6036: Add webinar specific hard coded permissions so that we allow users to take actions on webinars even if the event level permissions do not allow that
WOW - S7 (30 Mar - 12Apr) 33,2023/03/30,2023/04/12,WEBINAR-6036,11567,VGaur,1355,1247,0,0,0,0,0,0,0,0,0,0,VGaur,,
WOW - S7 (30 Mar - 12Apr) 33,2023/03/30,2023/04/12,WEBINAR-6036,11581,VGaur,0,0,867,755,1,0,0,0,0,0,0,1,Ayesha.Khan,,"1. WEBINAR-6036: Add manual user permissions check for the trigger event copy endpoint so that we can skip the permissions check in case a webinar is being created
2. WEBINAR-6036: Handle null checks in a better way while evaluating permissions"
WOW - S7 (30 Mar - 12Apr) 33,2023/03/30,2023/04/12,WEBINAR-6036,138,VGaur,82,4,0,0,0,0,0,0,0,0,0,0,VGaur,,
WOW - S7 (30 Mar - 12Apr) 33,2023/03/30,2023/04/12,WEBINAR-6036,1060,VGaur,293,267,0,0,0,0,0,0,0,0,0,0,VGaur,,
WOW - S7 (30 Mar - 12Apr) 33,2023/03/30,2023/04/12,WEBINAR-6036,1062,VGaur,293,267,0,0,0,0,1,0,1,0,0,0,VGaur,,
WOW - S7 (30 Mar - 12Apr) 33,2023/03/30,2023/04/12,WEBINAR-6036,11569,VGaur,1355,1247,0,0,0,0,0,0,0,0,0,0,VGaur,,
WOW - S7 (30 Mar - 12Apr) 33,2023/03/30,2023/04/12,WEBINAR-6036,11580,VGaur,862,750,0,0,0,0,1,0,1,1,0,0,VGaur,,
WOW - S7 (30 Mar - 12Apr) 33,2023/03/30,2023/04/12,WEBINAR-6300,155,VGaur,0,0,45,49,1,0,0,1,0,1,0,0,renovatebotman,,1. WEBINAR-6300: Update mono java and planner events bom dependencies
WOW - S7 (30 Mar - 12Apr) 33,2023/03/30,2023/04/12,WEBINAR-6300,158,VGaur,10,0,10,0,0,0,0,1,1,0,0,0,VGaur,,1. WEBINAR-6300: Fix ITs not running after mono java upgrade
WOW - S7 (30 Mar - 12Apr) 33,2023/03/30,2023/04/12,WEBINAR-6300,1548,VGaur,0,0,47,37,1,0,0,1,0,1,0,0,renovatebotman,,1. WEBINAR-6300: Update mono java and planner events bom dependencies
WOW - S7 (30 Mar - 12Apr) 33,2023/03/30,2023/04/12,WEBINAR-6300,1550,VGaur,10,0,10,0,0,0,0,1,1,0,0,0,VGaur,,1. WEBINAR-6300: Fix ITs not running after mono java upgrade
WOW - S7 (30 Mar - 12Apr) 33,2023/03/30,2023/04/12,WEBINAR-6303,157,VGaur,211,43,211,43,0,0,0,1,1,2,0,1,VGaur,,1. WEBINAR-6303: Move service to Java 17 runtime and compilation
WOW - S7 (30 Mar - 12Apr) 33,2023/03/30,2023/04/12,WEBINAR-6370,2960,VGaur,0,0,0,0,1,0,0,0,0,0,0,0,Shivangi.Agarwal,,
WOW - S7 (30 Mar - 12Apr) 33,2023/03/30,2023/04/12,WEBINAR-6415,21,VGaur,14,107,14,107,0,0,0,1,1,0,0,0,VGaur,,1. WEBINAR-6415: Remove pt-java-clients dependency from planner events bom altogether
WOW - S7 (30 Mar - 12Apr) 33,2023/03/30,2023/04/12,WEBINAR-6415,1551,VGaur,223,259,223,259,0,0,0,1,1,0,0,0,VGaur,,1. WEBINAR-6415 PROD-162429 : Remove pt-java-clients dependency from the service and Remove calls to qe only exhibitor data endpoint and use event api exhibitors endpoint instead
Sprint Totals,,,,,,PR_ADDED: 5341,PR_REMOVED: 4552,COMMIT_ADDED: 2556,COMMIT_REMOVED: 4597,APPROVED: 30,COMMENTED: 17,DECLINED: 4,MERGED: 13,OPENED: 13,RESCOPED: 11,UNAPPROVED: 5,UPDATED: 7,,,

WOW - S8 (13 - 26 Apr),2023/04/13,2023/04/26,PROD-164110,1377,VGaur,0,0,0,0,0,0,0,0,0,0,0,0,Akashdeep.Gupta,,
WOW - S8 (13 - 26 Apr),2023/04/13,2023/04/26,PROD-164110,2025,VGaur,0,0,0,0,1,0,0,0,0,0,0,0,Akashdeep.Gupta,,
WOW - S8 (13 - 26 Apr),2023/04/13,2023/04/26,PROD-164110,148203,VGaur,0,0,0,0,1,0,0,0,0,0,0,0,Akashdeep.Gupta,,
WOW - S8 (13 - 26 Apr),2023/04/13,2023/04/26,PROD-165853,3051,VGaur,46,9,46,9,0,0,0,1,1,0,0,0,VGaur,,1. PROD-165853: Change event category label text from event type to event category
WOW - S8 (13 - 26 Apr),2023/04/13,2023/04/26,PROD-165876,165,VGaur,21,0,21,0,0,0,0,1,1,0,0,1,VGaur,,1. PROD-165876: Add event visibility check for webinars in get navigation tree endpoint
WOW - S8 (13 - 26 Apr),2023/04/13,2023/04/26,PROD-165877,3057,VGaur,136,5,136,5,0,0,0,1,1,0,0,0,VGaur,,1. PROD-165877: Introduce event visibility authorization rule and apply it for operations mentioned in the security ticket
WOW - S8 (13 - 26 Apr),2023/04/13,2023/04/26,WEBINAR-843,1232,VGaur,0,0,0,0,1,0,1,0,0,0,0,0,Shivangi.Agarwal,,
WOW - S8 (13 - 26 Apr),2023/04/13,2023/04/26,WEBINAR-5477,3005,VGaur,408,38,408,38,0,0,0,1,1,3,0,0,VGaur,,"1. WEBINAR-5477: Auto focus on webinar name field when the webinar creation page is opened
2. WEBINAR-7069: Add webinar setup information as action properties to the create & update webinar actions
3. WEBINAR-5477: Fix failing unit tests"
WOW - S8 (13 - 26 Apr),2023/04/13,2023/04/26,WEBINAR-6324,3017,VGaur,0,0,0,0,1,0,0,0,0,0,0,0,ASetia,,
WOW - S8 (13 - 26 Apr),2023/04/13,2023/04/26,WEBINAR-6324,3036,VGaur,0,0,0,0,1,0,0,0,0,0,0,0,ASetia,,
WOW - S8 (13 - 26 Apr),2023/04/13,2023/04/26,WEBINAR-6333,3015,VGaur,0,0,0,0,1,8,0,0,0,0,0,0,Shivangi.Agarwal,"1. This whole section should be in a separate component called `PromotionSection` or something similar.  And then this would look like:  ```typescript-jsx  {enableWebinarPromotion && <PromotionSection ... />}  ```
2. Everything above this is not related to search settings, and is related to the PromotionSection itself, hence all of that should move to the new PromotionSection component
3. You component structure should looks something like this  ```typescript-jsx  <PromotionSection      prop1      prop2      searchEngineSection={ <SearchEngineSettings prop3 prop4 /> }  ```  And internally in the PromotionSection component, you'll have something like  ```typescript-jsx     return (     <div css={blah}>        <h2>Promotion</h2>         {searchEngineSection}     </div>    );  ```
4. This will move within the PromotionSection component
5. We need to use composition here i.e. send the _rendered_ component as a prop, here you are sending just the component name,  So something like  ```typescript-jsx  {enableWebinarPromotion && <WebinarPromotion searchEngineSection={<SearchEngineSettings />} />}  ```
6. Also notice that the prop name starts from a lower cased letter, we need to change that
7. After https://stash.cvent.net/projects/EC/repos/planner-events-ui/pull-requests/3015/overview?commentId=3376221 is handled, this would just be  ```typescript-jsx  {searchEngineSection}  ```
8. Use concrete TS types instead of prop types.  and the new type after handling https://stash.cvent.net/projects/EC/repos/planner-events-ui/pull-requests/3015/overview?commentId=3376221 would be JSX.Element",
WOW - S8 (13 - 26 Apr),2023/04/13,2023/04/26,WEBINAR-6334,3059,VGaur,0,0,0,0,0,10,0,0,0,0,0,0,Shivangi.Agarwal,"1. Our internal components are supposed to be dumb presentation only components, all the data should be fetched at the outermost component, which in this case is `Marketing.tsx` and then passed on to the child components as props. You'll see this behavior being followed for all the pages existing in the app.  This is because we do tracking related to page load time and error counts at the top page level.  Plus its easier to test and add stories for.
2. Add concrete type instead of `any`
3. Add concrete types intead of `any`
4. Add concrete type instead of `any`
5. Same as https://stash.cvent.net/projects/EC/repos/planner-events-ui/pull-requests/3059/overview?commentId=3393818
6. Any new queries shouldn't be prefixed with `get` because a query implies a get by default
7. Please add concrete types
8. Please add concrete types
9. We should be logging the error here
10. How are we handling the `success` equals false scenario on the UI side?",
WOW - S8 (13 - 26 Apr),2023/04/13,2023/04/26,WEBINAR-6335,11688,VGaur,0,0,0,0,1,0,0,0,0,0,0,0,Akashdeep.Gupta,,
WOW - S8 (13 - 26 Apr),2023/04/13,2023/04/26,WEBINAR-6530,3013,VGaur,0,0,0,0,3,3,0,0,0,0,2,0,ASetia,"1. Use Carina token for this
2. This doesnt need to be in common folder, we should move it to the eventList folder under a subfolder name `welcomeBanner`
3. Add a small comment explaining when we should show the welcome banner",
WOW - S8 (13 - 26 Apr),2023/04/13,2023/04/26,WEBINAR-6563,3003,VGaur,0,0,0,0,1,7,0,0,0,0,0,0,Akashdeep.Gupta,"1. This should come from a styles hook
2. Use `css` prop instead
3. This should come from a styles hook
4. This should come from a styles hook and use `css` prop
5. ```suggestion        />  ```
6. Please confirm with Brett that this is not required to be shown for self serve accounts
7. Use `css` prop instead",
WOW - S8 (13 - 26 Apr),2023/04/13,2023/04/26,WEBINAR-6563,3042,VGaur,0,0,0,0,1,0,0,0,0,0,0,0,Akashdeep.Gupta,,
WOW - S8 (13 - 26 Apr),2023/04/13,2023/04/26,WEBINAR-6930,3040,VGaur,0,0,0,0,1,6,0,0,0,0,0,0,Shivangi.Agarwal,"1. The description should also be set in the initial form values.  And the value should be memoized.
2. Add types for `basicActionModalProps`
3. This should not be required, please see how webinar creation and webinar details forms work.  We dont need to maintain separate state inside our components, Forms do that for us.
4. This should not be required if you set the initial form values correctly
5. Use constant for `0`
6. As discussed on Slack, to properly use form, we need to render the submit and cancel buttons inside the form itself.  Example:  https://stash.cvent.net/projects/ec/repos/planner-events-ui/browse/packages/planner-events-ui/src/components/home/actions/modals/ActionModals/PlanningStatusUpdateModal.tsx?at=48684133e574ed32d40ae18c412b6745c2e5c6c4#132-149",
WOW - S8 (13 - 26 Apr),2023/04/13,2023/04/26,WEBINAR-6998,3049,VGaur,0,0,0,0,0,0,0,0,0,0,0,0,Akashdeep.Gupta,,
WOW - S8 (13 - 26 Apr),2023/04/13,2023/04/26,WEBINAR-7051,23,VGaur,0,0,0,0,1,0,0,0,0,0,1,0,ASetia,,
WOW - S8 (13 - 26 Apr),2023/04/13,2023/04/26,WEBINAR-7051,37,VGaur,0,0,17,11,0,0,0,0,0,3,0,0,ASetia,,"1. WEBINAR-7051: add new poperty to add client in bearer token metadata
2. WEBIANR-70151: dont check key in client map before setting it
3. WEBINAR-7051: update auth client version
4. WEBINAR-7051: updating auth client version
5. WEBINAR-7051: update auth client version and aut domain entity version"
WOW - S8 (13 - 26 Apr),2023/04/13,2023/04/26,WEBINAR-7051,64,VGaur,0,0,30,10,1,0,0,0,0,3,1,0,ASetia,,"1. WEBINAR-7051: add new property named client in bearer token metadata which will hold map for clientName and its value
2. WEBINAR-7051: correct syntax for adding new property
3. WEBINAR-7051: avoid explicit casting
4. WEBINAR-7051: check if client property is dictionary"
WOW - S8 (13 - 26 Apr),2023/04/13,2023/04/26,WEBINAR-7051,1391,VGaur,0,0,27,27,0,0,0,0,0,5,0,0,ASetia,,"1. WEBINAR-7051: update cvent.backendauth version to have property named client in bearer
2. WEBIANR-7051: update version of auth client and auth domainentity
3. WEBIANR-7051: update version of auth client and auth domainentity
4. WEBINAR-7051: updating versions for auth client, backend auth and auth domainentity
5. WEBINAR-7051: updating backend auth version
6. WEBINAR-7051: updating versions for auth"
WOW - S8 (13 - 26 Apr),2023/04/13,2023/04/26,WEBINAR-7051,148557,VGaur,0,0,0,0,0,0,0,0,0,0,0,0,ASetia,,
WOW - S8 (13 - 26 Apr),2023/04/13,2023/04/26,WEBINAR-7069,3005,VGaur,408,38,0,0,0,0,0,0,0,0,0,0,VGaur,,
WOW - S8 (13 - 26 Apr),2023/04/13,2023/04/26,WEBINAR-7070,1558,VGaur,67,50,67,50,0,0,0,1,1,0,0,0,VGaur,,1. WEBINAR-7070: Use the user stub of the webinar owner to check for concurrency instead of the currently updating user and check for concurrency only when event start/end date times have changed
WOW - S8 (13 - 26 Apr),2023/04/13,2023/04/26,WEBINAR-7829,3041,VGaur,85,15,295,225,0,0,1,0,1,0,0,0,VGaur,,"1. WEBINAR-7829: POC to add a new auth directive that checks for webinar license
2. WEBINAR-7829: Instead of using an altogether new directive, simply use authorization rules concept in the existing auth directive"
Sprint Totals,,,,,,PR_ADDED: 1171,PR_REMOVED: 155,COMMIT_ADDED: 1047,COMMIT_REMOVED: 375,APPROVED: 15,COMMENTED: 34,DECLINED: 2,MERGED: 5,OPENED: 6,RESCOPED: 14,UNAPPROVED: 4,UPDATED: 1,,,

Q2 -WOW - S9 (27 - 10 May) -33,2023/04/27,2023/05/10,PROD-165246,3082,VGaur,0,0,0,0,1,0,0,0,0,0,0,0,Shivangi.Agarwal,,
Q2 -WOW - S9 (27 - 10 May) -33,2023/04/27,2023/05/10,PROD-166012,3066,VGaur,244,452,0,0,0,0,0,1,0,0,0,0,VGaur,,
Q2 -WOW - S9 (27 - 10 May) -33,2023/04/27,2023/05/10,PROD-166012,3078,VGaur,633,773,633,773,0,3,0,1,1,3,0,0,VGaur,"1. Main change is in this file
2. Check if invitee search is used in non webinar workflows as well or not
3. It was not, but I've added the event id parameter so that it works in future for all kinds of accounts and users","1. PROD-166012: Add webinar license secured rule to secure graph operations for webinar specific use cases and events for users having webinar licenses assigned to them
2. PROD-166012: Add event id parameter in invitee search query so that it works for non webinar users as well in future
3. PROD-166012: Fix failing tests"
Q2 -WOW - S9 (27 - 10 May) -33,2023/04/27,2023/05/10,PROD-166012,3102,VGaur,129,12,129,12,0,0,0,1,1,0,0,0,VGaur,,1. PROD-166012: Add visibility rule for the graph queries mentioned in the ticket
Q2 -WOW - S9 (27 - 10 May) -33,2023/04/27,2023/05/10,PROD-166432,148309,VGaur,0,0,245,126,0,0,0,0,0,0,0,0,VGadhiya,,"1. WEBINAR-7982: Hook up event license type change endpoint with CVII when event license is changed from self serve to professional or enterprise
2. WEBINAR-7982: Change the order of the account flag change call
3. WEBINAR-7982: Add account id in the logs
4. Merge branch 'ccid-2553' of ssh://stash:7999/cvt/c4 into webinar-7982
5. WEBINAR-8478: enable cvent video player if we enabled webianr management falg
6. WEBINAR-8478: append cvent video player flag correctly in xml
7. WEBINAR-8478: place cvent video player turning on at correct place
8. WEBINAR-8478: correct condition to auto enable cvent video player
9. PROD-166752: Integrate webinars downgrade for free tier admin user notify endpoint"
Q2 -WOW - S9 (27 - 10 May) -33,2023/04/27,2023/05/10,WEBINAR-3714,1167,VGaur,0,0,8,0,0,0,0,0,0,0,0,0,RupaliS,,"1. WEBINAR-3714: throw exception for webinars in sendEmail api
2. WEBINAR-3714: catch soapexception correctly for sendEmail and not return null if webinar soapEx is thrown"
Q2 -WOW - S9 (27 - 10 May) -33,2023/04/27,2023/05/10,WEBINAR-3714,1247,VGaur,0,0,0,0,1,0,0,0,0,1,0,0,ASetia,,
Q2 -WOW - S9 (27 - 10 May) -33,2023/04/27,2023/05/10,WEBINAR-6302,1573,VGaur,36,4,36,4,0,0,0,1,1,1,0,1,VGaur,,1. WEBINAR-6302: Move service to Java 17 runtime and compilation
Q2 -WOW - S9 (27 - 10 May) -33,2023/04/27,2023/05/10,WEBINAR-6365,3096,VGaur,0,0,0,0,1,0,0,0,0,0,0,0,ASetia,,
Q2 -WOW - S9 (27 - 10 May) -33,2023/04/27,2023/05/10,WEBINAR-6365,3114,VGaur,0,0,0,0,1,0,0,0,0,0,0,0,ASetia,,
Q2 -WOW - S9 (27 - 10 May) -33,2023/04/27,2023/05/10,WEBINAR-6365,3127,VGaur,0,0,0,0,2,0,0,0,0,0,1,0,ASetia,,
Q2 -WOW - S9 (27 - 10 May) -33,2023/04/27,2023/05/10,WEBINAR-6528,3105,VGaur,0,0,0,0,1,10,0,0,0,0,0,0,Shivangi.Agarwal,"1. Lets add a test for the value being false
2. The cache key must have environment and emailId both
3. The code from line 282 until here can simplified as  ```typescript  return {     hasMultipleAccounts: !!(accountsForDuplicateEmailResponse || [])                               .some(data => data.eventLicenseTypeId === 44)  };  ```
4. Create an appropriately named constant for 44
5. Instead of useQuery, we should use `useQueryAndLog` hook
6. This logic should move into `useIntercomDataQuery` hook
7. We need to set `failGraceFully` context property as true, as you'll see its being done in all the queries being called in `useIntercomDataQuery`
8. `userDetails` can take some time to load, so we should not trigger this query until the user details have been loaded, add the condition in the `skip` property
9. We need to use `!userHasSelfServeAccount` because we need to fire the identify call for contracted users _not_ having a self account
10. `isWebinarAllowed` is not really needed, only `!isSelfServiceAccount` should be enough",
Q2 -WOW - S9 (27 - 10 May) -33,2023/04/27,2023/05/10,WEBINAR-6528,3117,VGaur,0,0,0,0,1,2,0,0,0,0,0,0,Shivangi.Agarwal,"1. This will prevent the rendering of the component altogether if the actual value of `userHasSelfServeAccount` is false
2. ```suggestion      accountsForDuplicateEmail.loading;  ```",
Q2 -WOW - S9 (27 - 10 May) -33,2023/04/27,2023/05/10,WEBINAR-6528,3128,VGaur,0,0,0,0,1,0,0,0,0,0,0,0,Shivangi.Agarwal,,
Q2 -WOW - S9 (27 - 10 May) -33,2023/04/27,2023/05/10,WEBINAR-6529,294,VGaur,0,0,0,0,0,13,0,0,0,0,0,0,Akashdeep.Gupta,"1. Move all the types to a separate `types.ts` file
2. https://stash.cvent.net/projects/EC/repos/shared-core-events-ui/pull-requests/294/overview?commentId=3430338
3. https://stash.cvent.net/projects/EC/repos/shared-core-events-ui/pull-requests/294/overview?commentId=3430338
4. https://stash.cvent.net/projects/EC/repos/shared-core-events-ui/pull-requests/294/overview?commentId=3430338
5. https://stash.cvent.net/projects/EC/repos/shared-core-events-ui/pull-requests/294/overview?commentId=3430338
6. https://stash.cvent.net/projects/EC/repos/shared-core-events-ui/pull-requests/294/overview?commentId=3430338
7. https://stash.cvent.net/projects/EC/repos/shared-core-events-ui/pull-requests/294/overview?commentId=3430338
8. This should be taken as a prop
9. This should be taken as a prop
10. Add types for props similar to other components
11. The parent folder name should be `dynamicWebinarBanner` because `banner` is a very generic term
12. You have to expose the components from library via this file otherwise we wont be able to use them in the consuming app. See:  https://stash.cvent.net/projects/ec/repos/shared-core-events-ui/browse/src/index.ts?at=f7444f402a44b9d76b5cdfc398217853a2b854a1#3  https://stash.cvent.net/projects/ec/repos/shared-core-events-ui/browse/src/components/upcomingEvents/index.ts?at=f7444f402a44b9d76b5cdfc398217853a2b854a1#1-3
13. ```suggestion  export const useDynamicBannerBreakpoints = (): CustomBreakpointsContextType => {  ```",
Q2 -WOW - S9 (27 - 10 May) -33,2023/04/27,2023/05/10,WEBINAR-6529,301,VGaur,0,0,0,0,0,0,0,0,0,0,0,0,Akashdeep.Gupta,,
Q2 -WOW - S9 (27 - 10 May) -33,2023/04/27,2023/05/10,WEBINAR-6529,297,VGaur,0,0,0,0,0,0,0,0,0,0,0,0,PrashantS,,
Q2 -WOW - S9 (27 - 10 May) -33,2023/04/27,2023/05/10,WEBINAR-7906,148606,VGaur,0,0,0,0,1,0,1,0,0,0,0,1,Akashdeep.Gupta,,
Q2 -WOW - S9 (27 - 10 May) -33,2023/04/27,2023/05/10,WEBINAR-7906,148754,VGaur,0,0,0,0,1,0,0,0,0,0,0,0,Akashdeep.Gupta,,
Q2 -WOW - S9 (27 - 10 May) -33,2023/04/27,2023/05/10,WEBINAR-7909,1583,VGaur,979,92,984,97,0,0,0,1,1,1,0,1,VGaur,,"1. WEBINAR-7911: Add logic for downgrading webinars of admin user to free tier if the admin is on free tier  WEBINAR-7909: Add logic for launching webinars and verifying email of admin user in the change event license endpoint
2. WEBINAR-7982: Update overridden account config flags to be updated for enterprise/professional according to product requirements"
Q2 -WOW - S9 (27 - 10 May) -33,2023/04/27,2023/05/10,WEBINAR-7910,1978,VGaur,0,0,143,9,0,0,0,0,0,0,0,0,MMittal,,"1. WEBINAR-7910: add new endpoint to get all account licenses
2. WEBINAR-7910: updating comments
3. WEBINAR-7910: add all applicable proeprtiers in AccountLicese
4. WEBINAR-7910: remove unwanted imports"
Q2 -WOW - S9 (27 - 10 May) -33,2023/04/27,2023/05/10,WEBINAR-7910,121,VGaur,0,0,0,0,1,4,0,0,0,0,0,0,ASetia,"1. Add appropriate comments here
2. Add appropriate comments
3. ```suggestion      Call<AccountLicense> getAccountLicenses(@Header(""Authorization"") BearerTokenHeader bearerToken,  ```
4. Add another method to call via api key auth with account id in the headers, because thats what we'll be using",
Q2 -WOW - S9 (27 - 10 May) -33,2023/04/27,2023/05/10,WEBINAR-7910,1575,VGaur,0,0,0,0,1,4,0,0,0,0,0,0,ASetia,"1. ```suggestion                  ""Error occurred while fetching account licenses"");  ```
2. We need to get rid of this cache altogether as well and simply call the service
3. Update to release version
4. We can simply use `isSelfServiceAccount()` instead of using event license type id here",
Q2 -WOW - S9 (27 - 10 May) -33,2023/04/27,2023/05/10,WEBINAR-7910,2369,VGaur,0,0,0,0,1,1,0,0,0,2,0,0,ASetia,1. What we using this for? I think we can remove this,
Q2 -WOW - S9 (27 - 10 May) -33,2023/04/27,2023/05/10,WEBINAR-7911,1580,VGaur,18,0,18,0,0,1,0,1,1,0,0,0,VGaur,"1. Implementation will be added in a subsequent PR, opened this PR first so that I can integrate the endpoint with CVII",1. WEBINAR-7911: Add blank endpoint for triggering webinar downgrades for free tier admin user
Q2 -WOW - S9 (27 - 10 May) -33,2023/04/27,2023/05/10,WEBINAR-7911,1583,VGaur,979,92,0,0,0,0,0,0,0,0,0,0,VGaur,,
Q2 -WOW - S9 (27 - 10 May) -33,2023/04/27,2023/05/10,WEBINAR-7911,1579,VGaur,0,0,0,0,0,0,1,0,0,0,0,0,Akashdeep.Gupta,,
Q2 -WOW - S9 (27 - 10 May) -33,2023/04/27,2023/05/10,WEBINAR-7912,540,VGaur,0,0,13,2,1,6,0,0,0,0,0,0,Shivangi.Agarwal,"1. ```suggestion      private static final String FREE_WEBINAR_TIER_NAME = ""webinar1"";  ```
2. ```suggestion              this.sourceTier =  allTiers.stream().filter(tier -> tier.getName().equalsIgnoreCase(sourceTier))  ```
3. Since we're already making a change to this code, lets change this logic to ignore case
4. ```suggestion              this.targetTier = allTiers.stream().filter(tier -> tier.getName().equalsIgnoreCase(targetTier))  ```
5. Since we're making a change to this code, lets change this logic to ignore case
6. ```suggestion          private boolean isSourceTierInvalidAndTargetTierFree() {  ```",1. update: Improve logging around webinar license switch rabbit consumer so that we get more information
Q2 -WOW - S9 (27 - 10 May) -33,2023/04/27,2023/05/10,WEBINAR-7982,28,VGaur,15,0,15,0,0,0,0,1,1,0,0,0,VGaur,,1. WEBINAR-7982: Add retry on `IOException` flag to retry interceptor in multi env aware clients
Q2 -WOW - S9 (27 - 10 May) -33,2023/04/27,2023/05/10,WEBINAR-7982,1578,VGaur,999,66,1025,92,0,2,0,1,1,2,0,0,VGaur,"1. As discussed we're now adding full strings in resource urls as per the api governance team
2. Fixed","1. WEBINAR-7982: Add endpoint to update account level event license type
2. WEBINAR-7982: Add unit tests and change the step exception logic to rethrow the caught exception
3. WEBINAR-7982: Handle review comment and fix sonar code smells"
Q2 -WOW - S9 (27 - 10 May) -33,2023/04/27,2023/05/10,WEBINAR-7982,1583,VGaur,979,92,0,0,0,0,0,0,0,0,0,0,VGaur,,
Q2 -WOW - S9 (27 - 10 May) -33,2023/04/27,2023/05/10,WEBINAR-7982,148853,VGaur,0,0,0,0,1,0,0,0,0,1,0,1,Ridhi.Handa,,
Q2 -WOW - S9 (27 - 10 May) -33,2023/04/27,2023/05/10,WEBINAR-7982,148840,VGaur,158,70,0,0,0,0,1,0,1,1,0,0,VGaur,,
Q2 -WOW - S9 (27 - 10 May) -33,2023/04/27,2023/05/10,WEBINAR-8333,3075,VGaur,2022,915,2022,915,0,0,0,1,1,4,0,1,VGaur,,1. WEBINAR-8333: Refactor planner events ui Navigation UI code to be more modular and streamlined
Q2 -WOW - S9 (27 - 10 May) -33,2023/04/27,2023/05/10,WEBINAR-8478,148845,VGaur,0,0,0,0,1,0,0,0,0,3,0,0,ASetia,,
Q2 -WOW - S9 (27 - 10 May) -33,2023/04/27,2023/05/10,WEBINAR-8480,3087,VGaur,0,0,0,0,1,0,0,0,0,0,0,0,Shivangi.Agarwal,,
Q2 -WOW - S9 (27 - 10 May) -33,2023/04/27,2023/05/10,WEBINAR-8736,3121,VGaur,15,11,15,11,0,0,0,1,1,0,0,0,VGaur,,1. WEBINAR-8736: Use the correct get event list url method and rename the other method name to be webinar specific
Sprint Totals,,,,,,PR_ADDED: 7206,PR_REMOVED: 2579,COMMIT_ADDED: 5286,COMMIT_REMOVED: 2041,APPROVED: 18,COMMENTED: 46,DECLINED: 3,MERGED: 10,OPENED: 10,RESCOPED: 19,UNAPPROVED: 1,UPDATED: 5,,,

Q2 - WOW - S10(11 - 24 May) 30,2023/05/11,2023/05/24,PROD-156489,3176,VGaur,0,0,0,0,1,1,0,0,0,0,0,0,ASetia,1. Lets add a unit test for this change,
Q2 - WOW - S10(11 - 24 May) 30,2023/05/11,2023/05/24,PROD-156489,3182,VGaur,0,0,0,0,1,0,0,0,0,0,0,0,ASetia,,
Q2 - WOW - S10(11 - 24 May) 30,2023/05/11,2023/05/24,PROD-166236,1597,VGaur,0,0,0,0,1,0,0,0,0,0,0,0,ASetia,,
Q2 - WOW - S10(11 - 24 May) 30,2023/05/11,2023/05/24,PROD-166742,149404,VGaur,12,0,12,0,0,0,0,1,1,0,0,0,VGaur,,1. PROD-166742: Disable login button when the page is submitted using window.onbeforeunload event
Q2 - WOW - S10(11 - 24 May) 30,2023/05/11,2023/05/24,PROD-166742,149420,VGaur,11,13,11,13,0,0,0,1,1,0,0,0,VGaur,,1. PROD-166742: Update the login button disable logic so that it works properly in all browsers
Q2 - WOW - S10(11 - 24 May) 30,2023/05/11,2023/05/24,PROD-166742,149403,VGaur,11,1,0,0,0,4,2,0,1,1,0,0,VGaur,"1. This is the incantation I could find to handle disabling a button whose logic runs on the server side and also has custom javascript validation logic on the client side.
2. Browsers suck, this doesn't quite work in every case
3. Updated the incantation to work properly
4. No, that wasn't the issue, the earlier `window.onbeforeunload` thingy was not working properly in Chrome on MacOS, but was working on Windows.  So then I moved it to the body, and it started working properly everywhere.  If there are client validations, the onbeforeunload event is not triggered and the button is not disabled.  The disabling is triggered as soon as the page does a postback, which works fine for our use case.",
Q2 - WOW - S10(11 - 24 May) 30,2023/05/11,2023/05/24,PROD-167529,3177,VGaur,0,0,0,0,1,2,0,0,0,0,0,0,Shivangi.Agarwal,"1. We need to add a redirection follow here, similar to  https://stash.cvent.net/projects/ec/repos/planner-events-ui/browse/packages/planner-events-ui/src/pages/events/presentation/index.tsx?at=470a7342f08c09bbd3b658dc880f2b00be0383bd#22-25
2. Lets add a small comment here as to why we are doing this",
Q2 - WOW - S10(11 - 24 May) 30,2023/05/11,2023/05/24,PROD-167915,3160,VGaur,0,0,0,0,1,0,0,0,0,0,0,0,ASetia,,
Q2 - WOW - S10(11 - 24 May) 30,2023/05/11,2023/05/24,WEBINAR-5349,3181,VGaur,28,18,28,18,0,0,0,1,1,0,0,0,VGaur,,"1. update: Update the assertions for overview page regarding report links as they are not present on the card in the new designs
2. WEBINAR-5349: Increase event creation progress poll interval to 1s from 0.5s"
Q2 - WOW - S10(11 - 24 May) 30,2023/05/11,2023/05/24,WEBINAR-7005,3156,VGaur,0,0,0,0,1,0,0,0,0,0,0,0,Shivangi.Agarwal,,
Q2 - WOW - S10(11 - 24 May) 30,2023/05/11,2023/05/24,WEBINAR-7045,149071,VGaur,0,0,0,0,0,0,0,0,0,0,0,0,Shivangi.Agarwal,,
Q2 - WOW - S10(11 - 24 May) 30,2023/05/11,2023/05/24,WEBINAR-7045,149076,VGaur,0,0,0,0,0,0,0,0,0,0,0,0,Shivangi.Agarwal,,
Q2 - WOW - S10(11 - 24 May) 30,2023/05/11,2023/05/24,WEBINAR-7045,149691,VGaur,0,0,0,0,0,0,0,0,0,0,0,0,Jerin.Joseph,,"1. Pull request #149404: PROD-166742: Disable login button when the page is submitted using window.onbeforeunload event  Merge in CVT/c4 from prod-166742 to devsilo660  * commit '91ef97b8721257a951663948bbc5b6abfb974a4b':    PROD-166742: Disable login button when the page is submitted using window.onbeforeunload event
2. Pull request #149420: PROD-166742: Update the login button disable logic so that it works properly in all browsers  Merge in CVT/c4 from prod-166742 to devsilo660  * commit 'b8d7ae5fde5da0a162de6ff98ccc66e920bc6a6e':    PROD-166742: Update the login button disable logic so that it works properly in all browsers"
Q2 - WOW - S10(11 - 24 May) 30,2023/05/11,2023/05/24,WEBINAR-7214,3162,VGaur,0,0,0,0,1,26,0,0,0,0,0,0,Akashdeep.Gupta,"1. All this new logic should be in a separate file inside the `dynamicBanner` folder
2. Use EventSearchFields  https://stash.cvent.net/projects/EC/repos/planner-events-ui/browse/packages/planner-events-ui/src/components/eventList/eventFilterModel.ts?at=98046271a202ba77e856a86e815832836a448141#8
3. Use EventSearchFields  https://stash.cvent.net/projects/EC/repos/planner-events-ui/browse/packages/planner-events-ui/src/components/eventList/eventFilterModel.ts?at=98046271a202ba77e856a86e815832836a448141#8
4. Use EventSearchFields for all of these  https://stash.cvent.net/projects/EC/repos/planner-events-ui/browse/packages/planner-events-ui/src/components/eventList/eventFilterModel.ts?at=98046271a202ba77e856a86e815832836a448141#8
5. Use EventSearchFields  https://stash.cvent.net/projects/EC/repos/planner-events-ui/browse/packages/planner-events-ui/src/components/eventList/eventFilterModel.ts?at=98046271a202ba77e856a86e815832836a448141#8
6. Use EventSearchFields  https://stash.cvent.net/projects/EC/repos/planner-events-ui/browse/packages/planner-events-ui/src/components/eventList/eventFilterModel.ts?at=98046271a202ba77e856a86e815832836a448141#8
7. Use EventSearchFields  https://stash.cvent.net/projects/EC/repos/planner-events-ui/browse/packages/planner-events-ui/src/components/eventList/eventFilterModel.ts?at=98046271a202ba77e856a86e815832836a448141#8
8. Use EventSearchFields  https://stash.cvent.net/projects/EC/repos/planner-events-ui/browse/packages/planner-events-ui/src/components/eventList/eventFilterModel.ts?at=98046271a202ba77e856a86e815832836a448141#8
9. Use EventSearchFields  https://stash.cvent.net/projects/EC/repos/planner-events-ui/browse/packages/planner-events-ui/src/components/eventList/eventFilterModel.ts?at=98046271a202ba77e856a86e815832836a448141#8
10. Use EventSearchFields  https://stash.cvent.net/projects/EC/repos/planner-events-ui/browse/packages/planner-events-ui/src/components/eventList/eventFilterModel.ts?at=98046271a202ba77e856a86e815832836a448141#8
11. Use EventSearchFields  https://stash.cvent.net/projects/EC/repos/planner-events-ui/browse/packages/planner-events-ui/src/components/eventList/eventFilterModel.ts?at=98046271a202ba77e856a86e815832836a448141#8
12. Use EventSearchFields  https://stash.cvent.net/projects/EC/repos/planner-events-ui/browse/packages/planner-events-ui/src/components/eventList/eventFilterModel.ts?at=98046271a202ba77e856a86e815832836a448141#8
13. Use EventSearchFields  https://stash.cvent.net/projects/EC/repos/planner-events-ui/browse/packages/planner-events-ui/src/components/eventList/eventFilterModel.ts?at=98046271a202ba77e856a86e815832836a448141#8
14. Use EventSearchFields for all  https://stash.cvent.net/projects/EC/repos/planner-events-ui/browse/packages/planner-events-ui/src/components/eventList/eventFilterModel.ts?at=98046271a202ba77e856a86e815832836a448141#8
15. Use EventSearchFields  https://stash.cvent.net/projects/EC/repos/planner-events-ui/browse/packages/planner-events-ui/src/components/eventList/eventFilterModel.ts?at=98046271a202ba77e856a86e815832836a448141#8
16. Use WebinarStatus  https://stash.cvent.net/projects/EC/repos/planner-events-ui/pull-requests/3162/diff#packages/planner-events-ui/src/components/eventList/eventListUtil.ts?t=202
17. Use WebinarStatus  https://stash.cvent.net/projects/EC/repos/planner-events-ui/pull-requests/3162/diff#packages/planner-events-ui/src/components/eventList/eventListUtil.ts?t=202
18. Use WebinarStatus  https://stash.cvent.net/projects/EC/repos/planner-events-ui/pull-requests/3162/diff#packages/planner-events-ui/src/components/eventList/eventListUtil.ts?t=202
19. Add a comment as to what this date is
20. Add a comment as to what this date is
21. All of this new code should be a new separate component called `EventListDynamicBanner` or something similar.  This should also be in the new `dynamicBanner` subfolder.
22. This is an incorrect use of the `useEffect` hook, we should return this data from the `useDynamicBanner` hook itself by moving the `banner` state variable in there.  And the state variable should be set when the required queries have completed.
23. Please add a comment as to why this is needed
24. This code is not related to integrations, hence this should not be inside the integrations folder.  We should make a separate `dynamicBanner` sub-folder under the `eventList` folder
25. There should be no changes in this file because no packages are being updated
26. This should be added under a feature flag",
Q2 - WOW - S10(11 - 24 May) 30,2023/05/11,2023/05/24,WEBINAR-7214,3284,VGaur,0,0,0,0,0,0,0,0,0,0,0,0,Akashdeep.Gupta,,
Q2 - WOW - S10(11 - 24 May) 30,2023/05/11,2023/05/24,WEBINAR-8645,298,VGaur,0,0,0,0,1,0,0,0,0,0,0,0,ASetia,,
Q2 - WOW - S10(11 - 24 May) 30,2023/05/11,2023/05/24,WEBINAR-8645,3133,VGaur,0,0,0,0,1,0,0,0,0,0,0,0,ASetia,,
Q2 - WOW - S10(11 - 24 May) 30,2023/05/11,2023/05/24,WEBINAR-8761,3140,VGaur,0,0,0,0,1,0,0,0,0,0,0,0,Shivangi.Agarwal,,
Q2 - WOW - S10(11 - 24 May) 30,2023/05/11,2023/05/24,WEBINAR-8821,3150,VGaur,0,0,0,0,1,0,0,0,0,0,0,0,Shivangi.Agarwal,,
Q2 - WOW - S10(11 - 24 May) 30,2023/05/11,2023/05/24,WEBINAR-8858,3129,VGaur,154,5515,0,0,0,0,0,0,0,0,0,0,VGaur,,
Q2 - WOW - S10(11 - 24 May) 30,2023/05/11,2023/05/24,WEBINAR-8958,3141,VGaur,0,0,0,0,1,0,0,0,0,0,0,0,Shivangi.Agarwal,,
Q2 - WOW - S10(11 - 24 May) 30,2023/05/11,2023/05/24,WEBINAR-8994,123,VGaur,0,0,0,0,1,0,0,0,0,0,0,0,ASetia,,
Q2 - WOW - S10(11 - 24 May) 30,2023/05/11,2023/05/24,WEBINAR-8994,167,VGaur,5,1,0,0,0,0,0,0,0,0,0,0,VGaur,,
Q2 - WOW - S10(11 - 24 May) 30,2023/05/11,2023/05/24,WEBINAR-9097,322,VGaur,8400,1600,0,0,0,0,0,0,0,0,0,0,VGaur,,
Q2 - WOW - S10(11 - 24 May) 30,2023/05/11,2023/05/24,WEBINAR-9097,3144,VGaur,3491,3032,3523,3064,0,1,0,1,1,12,0,1,VGaur,1. Revert the IT skip in this commit  https://stash.cvent.net/projects/EC/repos/planner-events-ui/commits/36624ac136d49f8d27e943557367a3d51722eb75,"1. WEBINAR-9097: React 18 Upgrade
2. WEBINAR-9097: Jest 29 update and fixing home page empty state flicker issue
3. WEBINAR-9097: Refactor the charts component and dataflow to be less cryptic and work properly with React 18
4. chore: Un-skip ignored IT"
Q2 - WOW - S10(11 - 24 May) 30,2023/05/11,2023/05/24,WEBINAR-9097,3154,VGaur,1545,1869,1545,1869,0,0,0,1,1,3,0,0,VGaur,,"1. WEBINAR-9097: Add React 18 typings, update emotion version and fix emotion css prop typings. Upgrade nx-dev to v15"
Q2 - WOW - S10(11 - 24 May) 30,2023/05/11,2023/05/24,WEBINAR-9097,3161,VGaur,411,123,411,123,0,0,0,1,1,0,0,0,VGaur,,1. WEBINAR-9097: Fix incorrect usages of lazy query which leads to undefined behavior in the application
Q2 - WOW - S10(11 - 24 May) 30,2023/05/11,2023/05/24,WEBINAR-9097,3169,VGaur,3457,3935,3457,3935,0,5,0,1,1,4,0,1,VGaur,"1. Remove
2. Remove
3. Remove
4. Add this back here
5. Remove","1. WEBINAR-9097: Fix storybooks post React 18 upgrade, Also use webpack5 compilation in storybooks"
Sprint Totals,,,,,,PR_ADDED: 17525,PR_REMOVED: 16107,COMMIT_ADDED: 8987,COMMIT_REMOVED: 9022,APPROVED: 13,COMMENTED: 39,DECLINED: 2,MERGED: 7,OPENED: 8,RESCOPED: 20,UNAPPROVED: 0,UPDATED: 2,,,

Q2 - WOW S11 (25 May-7 Jun),2023/05/25,2023/06/07,PROD-157033,1414,VGaur,0,0,0,0,1,0,0,0,0,0,0,0,Akashdeep.Gupta,,
Q2 - WOW S11 (25 May-7 Jun),2023/05/25,2023/06/07,PROD-166887,3226,VGaur,15,2,15,2,0,0,0,0,1,0,0,0,VGaur,,1. PROD-166887: Forcefully set evaluation type to AND on the graph side to prevent the security issue
Q2 - WOW S11 (25 May-7 Jun),2023/05/25,2023/06/07,PROD-167530,161,VGaur,0,0,0,0,1,1,0,0,0,0,0,0,Shivangi.Agarwal,"1. Relative url will not work in this app because this app doesn't host the home page, you'll have to create the full url using the base url of the planner events ui NX app.",
Q2 - WOW S11 (25 May-7 Jun),2023/05/25,2023/06/07,WEBINAR-3715,1255,VGaur,0,0,0,0,1,0,1,0,0,0,0,0,ASetia,,
Q2 - WOW S11 (25 May-7 Jun),2023/05/25,2023/06/07,WEBINAR-4956,3193,VGaur,0,0,0,0,1,5,0,0,0,0,0,0,Shivangi.Agarwal,"1. This check is redundant, this page will always open under one of these conditions by design. We can remove it
2. Instead of exposing `getVideoSolutionAppBaseUrl` you should create a method in appConfig.ts that returns the whole manage storage url itself
3. Lets also pass the fail gracefully flag as true because we wouldn't want the whole page to error out if the query fails
4. Using an effect and state variables is totally unnecessary for this use case.  You can simply use `useMemo` here.  something similar to this  ```typescript-jsx  const { showAlert, alertProps } = useMemo(() => {     const videoStorage = videoStorageData?.videoStorage;     const percentage =          videoStorage?.totalAccountStorage > ZERO            ? (videoStorage?.totalStorageSize * HUNDRED) / videoStorage?.totalAccountStorage            : VIDEO_STORAGE_FULL_PERCENTAGE;      const showAlert = videoStoragePercentage >= VIDEO_STORAGE_NINETY_PERCENT;      const alertProps = videoStoragePercentage === VIDEO_STORAGE_FULL_PERCENTAGE      ? { appearance: ALERT.APPEARANCE.ERROR,         title: t('PresentationPage_VideoStorage_Full_Alert_Title')        }      : { ...ALERT_DEFAULT }     return { showAlert, alertProps };  }  }, [...]);  ```
5. For further reading please see https://react.dev/learn/you-might-not-need-an-effect",
Q2 - WOW S11 (25 May-7 Jun),2023/05/25,2023/06/07,WEBINAR-4956,3208,VGaur,0,0,0,0,1,0,0,0,0,0,0,0,Shivangi.Agarwal,,
Q2 - WOW S11 (25 May-7 Jun),2023/05/25,2023/06/07,WEBINAR-4996,3202,VGaur,0,0,0,0,1,0,0,0,0,0,0,0,Shivangi.Agarwal,,
Q2 - WOW S11 (25 May-7 Jun),2023/05/25,2023/06/07,WEBINAR-7215,3194,VGaur,0,0,0,0,1,9,0,0,0,0,0,0,Akashdeep.Gupta,"1. We'll not be using a different dynamo table, we'll be using the same table i.e. `DYNAMODB_TABLE_planner_events_ui_app_cache`
2. ```suggestion        dismissedBannerEventIds(keyName: String): EventIds @auth(methods: [BEARER], roles: [])  ```
3. We already have this code, we should reuse that  https://stash.cvent.net/projects/ec/repos/planner-events-ui/browse/packages/planner-events-ui/src/server/caches/dynamodb-cache/index.ts?at=5043b614e7b44c131b5a3bae382eb39c7586802a#98-114
4. We already have this code, we should reuse that  https://stash.cvent.net/projects/ec/repos/planner-events-ui/browse/packages/planner-events-ui/src/server/caches/dynamodb-cache/index.ts?at=5043b614e7b44c131b5a3bae382eb39c7586802a#461-477
5. Changes in this file are not required because of https://stash.cvent.net/projects/EC/repos/planner-events-ui/pull-requests/3194/overview?commentId=3482780
6. https://stash.cvent.net/projects/EC/repos/planner-events-ui/pull-requests/3194/overview?commentId=3482780
7. https://stash.cvent.net/projects/EC/repos/planner-events-ui/pull-requests/3194/overview?commentId=3482780
8. Add unit tests for this code, you can mock `dynamoDbData` and assert what values are being sent to the imported methods
9. Lets add a test assertion that `refetchDismissEventIds` method is called when `getPostEventsData` is called",
Q2 - WOW S11 (25 May-7 Jun),2023/05/25,2023/06/07,WEBINAR-8209,24,VGaur,0,0,803,101,1,0,0,1,0,4,0,0,renovatebotman,,"1. WEBINAR-8209: Mono Java 36, DW 4.0 major upgrades and other package updates"
Q2 - WOW S11 (25 May-7 Jun),2023/05/25,2023/06/07,WEBINAR-8209,166,VGaur,0,0,46,45,1,1,0,1,0,6,0,0,renovatebotman,1. Update to release version,"1. WEBINAR-8209: Mono Java 36, DW 4.0 major upgrades and other package updates"
Q2 - WOW S11 (25 May-7 Jun),2023/05/25,2023/06/07,WEBINAR-8209,172,VGaur,154,287,154,287,0,0,0,1,1,0,0,0,VGaur,,1. WEBINAR-8209: Migrate unit tests to JUnit5
Q2 - WOW S11 (25 May-7 Jun),2023/05/25,2023/06/07,WEBINAR-8209,1571,VGaur,0,0,383,428,1,0,0,1,0,6,0,0,renovatebotman,,"1. WEBINAR-8209: Mono Java 36, DW 4.0 major upgrades and other package updates"
Q2 - WOW S11 (25 May-7 Jun),2023/05/25,2023/06/07,WEBINAR-8209,1602,VGaur,7,1,7,1,0,0,0,1,1,0,0,0,VGaur,,1. WEBINAR-8209: Update planner events bom to get the correct elasticsearch common dependency to fix the ES cluster connection issues
Q2 - WOW S11 (25 May-7 Jun),2023/05/25,2023/06/07,WEBINAR-8209,1604,VGaur,35,12,35,12,0,1,0,1,1,0,0,0,VGaur,1. This PR is to prevent errors if someone sends bad/stale data in the custom fields answer map.,"1. WEBINAR-8209: Ignore custom fields that are sent in the creation request answer map, but are not present at account level"
Q2 - WOW S11 (25 May-7 Jun),2023/05/25,2023/06/07,WEBINAR-8209,1608,VGaur,2776,2884,2776,2884,0,0,0,1,1,0,0,0,VGaur,,1. WEBINAR-8209: Migrate unit tests to JUnit5
Q2 - WOW S11 (25 May-7 Jun),2023/05/25,2023/06/07,WEBINAR-8615,1277,VGaur,0,0,0,0,1,0,0,0,0,0,0,0,ASetia,,
Q2 - WOW S11 (25 May-7 Jun),2023/05/25,2023/06/07,WEBINAR-9375,3203,VGaur,0,0,0,0,1,8,0,0,0,0,0,0,ASetia,"1. Move these two statements to within use memo as well
2. This should always be called within a hook or a component or a function, not outside
3. Instead of putting the radio group in a constant, lets just render it directly where its required to be rendered
4. If the `enableVideoStorageEnforcement` is off, shouldn't we return a value of `0` as the used percentage?  Here it seems like we'll return 100, which is incorrect.
5. This was not an issue when Shivangi did the implementation because it was only used to show an alert and the alert itself was also behind the experiment.
6. Please add unit tests for this hook.
7. Unit tests will make this issue clearer  https://stash.cvent.net/projects/EC/repos/planner-events-ui/pull-requests/3203/overview?commentId=3497257
8. Why is this else block required?",
Q2 - WOW S11 (25 May-7 Jun),2023/05/25,2023/06/07,WEBINAR-9556,1610,VGaur,0,0,0,0,2,0,0,0,0,0,1,0,CMalik,,
Q2 - WOW S11 (25 May-7 Jun),2023/05/25,2023/06/07,WEBINAR-10103,315,VGaur,37,28,0,0,0,0,0,0,0,0,0,0,VGaur,,
Q2 - WOW S11 (25 May-7 Jun),2023/05/25,2023/06/07,WEBINAR-10103,3233,VGaur,0,0,0,0,0,0,0,0,0,0,0,0,Akashdeep.Gupta,,
Q2 - WOW S11 (25 May-7 Jun),2023/05/25,2023/06/07,WEBINAR-10104,312,VGaur,0,0,0,0,1,0,0,0,0,0,0,0,Shivangi.Agarwal,,
Q2 - WOW S11 (25 May-7 Jun),2023/05/25,2023/06/07,WEBINAR-10104,313,VGaur,0,0,0,0,1,0,0,0,0,0,0,0,Shivangi.Agarwal,,
Q2 - WOW S11 (25 May-7 Jun),2023/05/25,2023/06/07,WEBINAR-10104,3223,VGaur,0,0,0,0,1,0,0,0,0,0,0,0,Shivangi.Agarwal,,
Sprint Totals,,,,,,PR_ADDED: 3024,PR_REMOVED: 3214,COMMIT_ADDED: 4219,COMMIT_REMOVED: 3760,APPROVED: 17,COMMENTED: 25,DECLINED: 1,MERGED: 7,OPENED: 5,RESCOPED: 16,UNAPPROVED: 1,UPDATED: 0,,,

Q2 - WOW S12 (8 - 21 Jun),2023/06/08,2023/06/21,APEX-14617,3253,VGaur,573,37,574,38,0,0,0,1,1,2,0,0,VGaur,,"1. APEX-14617: Add event creation processing timing measurement tracking
2. APEX-14617: Always run the custom tracker action so that measuring can start correctly
3. APEX-14617: Prevent re-trigerring of the custom actions tracker func after it has been triggered once"
Q2 - WOW S12 (8 - 21 Jun),2023/06/08,2023/06/21,PROD-164473,325,VGaur,0,0,0,0,1,0,0,0,0,0,0,0,Akashdeep.Gupta,,
Q2 - WOW S12 (8 - 21 Jun),2023/06/08,2023/06/21,PROD-164473,1203,VGaur,0,0,0,0,0,0,0,0,0,0,0,0,Akashdeep.Gupta,,
Q2 - WOW S12 (8 - 21 Jun),2023/06/08,2023/06/21,PROD-164473,3277,VGaur,0,0,0,0,0,0,0,0,0,0,0,0,Akashdeep.Gupta,,
Q2 - WOW S12 (8 - 21 Jun),2023/06/08,2023/06/21,PROD-166871,3264,VGaur,0,0,0,0,1,2,0,0,0,0,0,0,CGarg,"1. The `D` answer is not present as a choice in the custom field, so it shouldn't be returned, i.e. answers that don't match with any choice should not be returned similar to how answers corresponding to inactive choices are not returned.
2. Comment is incorrect, it should now say that the source event choice is not considered if its not present in the custom field's current choices.",
Q2 - WOW S12 (8 - 21 Jun),2023/06/08,2023/06/21,PROD-167534,150526,VGaur,0,0,0,0,1,0,0,0,0,0,0,0,Shivangi.Agarwal,,
Q2 - WOW S12 (8 - 21 Jun),2023/06/08,2023/06/21,PROD-168888,1614,VGaur,0,0,0,0,1,2,0,0,0,0,0,0,CGarg,"1. Agreed^
2. Same as https://stash.cvent.net/projects/EC/repos/planner-events/pull-requests/1614/overview?commentId=3521819",
Q2 - WOW S12 (8 - 21 Jun),2023/06/08,2023/06/21,WEBINAR-3207,11970,VGaur,0,0,0,0,0,1,0,0,0,0,0,0,CMalik,1. Same comment as https://stash.cvent.net/projects/EC/repos/planner-events/pull-requests/1619/overview?commentId=3523085,
Q2 - WOW S12 (8 - 21 Jun),2023/06/08,2023/06/21,WEBINAR-3207,1619,VGaur,0,0,0,0,0,2,0,0,0,0,0,0,CMalik,"1. We wont have a hardcoded one hour check here, because if you go inside the `eventEmailService.updateEmailSchedule` method, you'll see that there are multiple emails that are scheduled with different schedules (some in the past and some in the future), we just have to handle the ones for which the trigger date is going to be in the past.
2. So you'll need to change the logic within the `eventEmailService.updateEmailSchedule` method itself",
Q2 - WOW S12 (8 - 21 Jun),2023/06/08,2023/06/21,WEBINAR-6569,413,VGaur,0,0,0,0,1,2,0,0,0,0,0,0,ASetia,"1. We can create a constant for this as well
2. Instead of being in a separate effect, this logic of calling `updateVideoUploadDropAreaBackground` can be moved to the `onCompleted` callback method of the storage query itself",
Q2 - WOW S12 (8 - 21 Jun),2023/06/08,2023/06/21,WEBINAR-8334,49,VGaur,0,0,0,0,0,0,0,0,0,0,0,0,CGarg,,
Q2 - WOW S12 (8 - 21 Jun),2023/06/08,2023/06/21,WEBINAR-8334,1613,VGaur,0,0,0,0,1,3,0,0,0,0,0,0,CGarg,"1. This catch block is not required, because the exception mapper converts to response automatically
2. Same as https://stash.cvent.net/projects/EC/repos/planner-events/pull-requests/1613/overview?commentId=3514513
3. ```suggestion  WEBINAR-8334: Refactor webinar register attendee code to throw exceptions instead of directly returning jxrs responses  ```",
Q2 - WOW S12 (8 - 21 Jun),2023/06/08,2023/06/21,WEBINAR-8334,25,VGaur,184,131,0,0,0,0,0,0,0,0,0,0,VGaur,,
Q2 - WOW S12 (8 - 21 Jun),2023/06/08,2023/06/21,WEBINAR-9555,3242,VGaur,0,0,0,0,1,11,0,0,0,0,0,0,Shivangi.Agarwal,"1. ```suggestion    videoStorageMetadata?: VideoStorageUsed;  ```
2. `videoStorageUsed` is not exactly the correct naming here, I'd prefer `videoStorageMetadata`
3. ```suggestion  export type VideoStorageMetadata = {  ```
4. Pass the `fetchPolicy` as cache-first, we dont want to make a network call each time this hooks is called
5. We should send whether the tier is a free tier or not as a prop
6. Lets enhance `useUserWebinarTier` to return whether the tier is a free tier or not instead of writing the logic here
7. Combine the useMemo above and this one into a single useMemo
8. _Defining_ a component within another component is an anti-pattern which we should always avoid because it leads to guaranteed re-renders.  Instead of doing this, you can directly render this at the place where its being rendered.
9. All of this new logic plus the logic added above can be moved into a separate custom hook that returns the different properties being used, like default alert props, manage storage on click method handler etc
10. We can probably move this whole component out as a separate component with the `QuickUpgradePanel` thing as well and move the logic it takes to render them as well.  We can call it `VideoStorageAlert` or something similar
11. The hook should probably be renamed now to `useVideoStorageMetadata`",
Q2 - WOW S12 (8 - 21 Jun),2023/06/08,2023/06/21,WEBINAR-9555,3246,VGaur,0,0,0,0,1,0,0,0,0,0,0,0,Shivangi.Agarwal,,
Q2 - WOW S12 (8 - 21 Jun),2023/06/08,2023/06/21,WEBINAR-9555,3248,VGaur,58,14,58,14,0,1,0,1,1,0,0,0,VGaur,"1. The calculations being done below led to `hasStorageAvailable` being false in experiment off earlier, which led to the replay option being disabled in prod.",1. WEBINAR-9555: Fix the useVideoStorageMetadata hook to work properly in experiment off scenario
Q2 - WOW S12 (8 - 21 Jun),2023/06/08,2023/06/21,WEBINAR-9745,3273,VGaur,0,0,0,0,1,7,0,0,0,0,0,0,Shivangi.Agarwal,"1. Put this in a separate sub-folder named `resources`
2. Put this in a separate sub-folder named resources
3. We should render this directly where this is being used instead of putting this in a memoized variable
4. The parent-most component rendered in the loop must be passed a `key` prop which is unique for each element of the array.  And you dont have to declare the `key` prop on the actual component.
5. For further reading: https://react.dev/learn/rendering-lists#keeping-list-items-in-order-with-key
6. This should be declared outside of the component
7. Can you please add screenshots of the new section here?",
Q2 - WOW S12 (8 - 21 Jun),2023/06/08,2023/06/21,WEBINAR-9746,3274,VGaur,0,0,0,0,0,2,0,0,0,0,0,0,ASetia,"1. Should be a constant outside the component
2. Move it to a separate method outside the component, can be within the same file",
Q2 - WOW S12 (8 - 21 Jun),2023/06/08,2023/06/21,WEBINAR-10149,3240,VGaur,0,0,0,0,1,1,0,0,0,0,0,0,Akashdeep.Gupta,"1. This should be moved within the else-if block below, its no longer required to be outside",
Q2 - WOW S12 (8 - 21 Jun),2023/06/08,2023/06/21,WEBINAR-10365,1624,VGaur,1138,8,1225,95,0,0,0,0,1,1,0,0,VGaur,,"1. WEBINAR-10365: Setup async processing structure for the webinar video purge workflow
2. WEBINAR-10365: Add unit tests for the purge workflow structure"
Q2 - WOW S12 (8 - 21 Jun),2023/06/08,2023/06/21,WEBINAR-10570,3252,VGaur,0,0,0,0,1,1,0,0,0,0,0,0,Akashdeep.Gupta,1. Add concrete types instead of `any`,
Q2 - WOW S12 (8 - 21 Jun),2023/06/08,2023/06/21,WEBINAR-10572,319,VGaur,0,0,0,0,1,0,0,0,0,0,0,0,Akashdeep.Gupta,,
Q2 - WOW S12 (8 - 21 Jun),2023/06/08,2023/06/21,WEBINAR-10573,323,VGaur,0,0,0,0,1,0,0,0,0,0,0,0,Akashdeep.Gupta,,
Q2 - WOW S12 (8 - 21 Jun),2023/06/08,2023/06/21,WEBINAR-10573,3260,VGaur,0,0,0,0,2,1,0,0,0,0,1,0,Akashdeep.Gupta,1. ```suggestion    const postEventsData = useMemo((): SearchedEvent[] => {  ```,
Q2 - WOW S12 (8 - 21 Jun),2023/06/08,2023/06/21,WEBINAR-10623,3252,VGaur,0,0,0,0,0,0,0,0,0,0,0,0,Akashdeep.Gupta,,
Q2 - WOW S12 (8 - 21 Jun),2023/06/08,2023/06/21,WEBINAR-10684,3260,VGaur,0,0,0,0,0,0,0,0,0,0,0,0,Akashdeep.Gupta,,
Sprint Totals,,,,,,PR_ADDED: 1953,PR_REMOVED: 190,COMMIT_ADDED: 1857,COMMIT_REMOVED: 147,APPROVED: 15,COMMENTED: 36,DECLINED: 0,MERGED: 2,OPENED: 3,RESCOPED: 3,UNAPPROVED: 1,UPDATED: 0,,,

Overall Totals,,,,,,PR_ADDED: 36220,PR_REMOVED: 26797,COMMIT_ADDED: 23952,COMMIT_REMOVED: 19942,APPROVED: 108,COMMENTED: 197,DECLINED: 12,MERGED: 44,OPENED: 45,RESCOPED: 83,UNAPPROVED: 12,UPDATED: 15,,,
