SPRINT,START_DATE,END_DATE,TICKET,PR_ID,USER,PR_ADDED,PR_REMOVED,COMMIT_ADDED,COMMIT_REMOVED,APPROVED,COMMENTED,DECLINED,MERGED,OPENED,RESCOPED,UNAPPROVED,UPDATED,AUTHOR,COMMENTS,COMMIT_MESSAGES
Krypto Q2 23' S4 (10w 1d),2023/05/18,2023/06/01,PROD-167055,12714,Mohitkumar.Shah,2338,1033,0,0,0,0,0,1,1,0,0,0,Mohitkumar.Shah,,
Krypto Q2 23' S4 (10w 1d),2023/05/18,2023/06/01,PROD-167055,12742,Mohitkumar.Shah,0,0,84,23,0,0,0,0,0,0,0,0,NSaliu,,"1. Pull request #12708: HUB-98200: updated sorting order  Merge in REP/reporting-content from feature/HUB-98200-Sort to devsilo606  * commit '270c02de2b4f14c0ce8a7b956f93bfe52dc62a3a':    HUB-98200: updated sorting order
2. Pull request #12686: Feature/HUB-98200 Sort  Merge in REP/reporting-content from feature/HUB-98200-Sort to devsilo606  * commit '88d46258e5683ff4c8f5336cf09a495d7ab084c3':    HUB-98200: updated sorting order    HUB-98200: updated sorting order    HUB-98200: attendeehub-monthly-registration-usage-detail.json    HUB-98200: attendeehub-monthly-registration-usage-detail.json    HUB-98200: Change Default Sort Criteria    HUB-98200: Change Default Sort Criteria
3. HUB-96470: Update OAP Registration Usage Detail Report Description Key
4. Pull request #12717: HUB-96470 & HUB-98200  Merge in REP/reporting-content from HUB-96470-backup to master  * commit '3690b26c54818bb4805a7bfb07e70e368b3aa523':    HUB-96470: Update OAP Registration Usage Detail Report Description Key    Pull request #12686: Feature/HUB-98200 Sort    Pull request #12708: HUB-98200: updated sorting order"
Sprint Totals,,,,,,PR_ADDED: 2338,PR_REMOVED: 1033,COMMIT_ADDED: 84,COMMIT_REMOVED: 23,APPROVED: 0,COMMENTED: 0,DECLINED: 0,MERGED: 1,OPENED: 1,RESCOPED: 0,UNAPPROVED: 0,UPDATED: 0,,,

Overall Totals,,,,,,PR_ADDED: 2338,PR_REMOVED: 1033,COMMIT_ADDED: 84,COMMIT_REMOVED: 23,APPROVED: 0,COMMENTED: 0,DECLINED: 0,MERGED: 1,OPENED: 1,RESCOPED: 0,UNAPPROVED: 0,UPDATED: 0,,,
