SPRINT,START_DATE,END_DATE,TICKET,PR_ID,USER,PR_ADDED,PR_REMOVED,COMMIT_ADDED,COMMIT_REMOVED,APPROVED,COMMENTED,DECLINED,MERGED,OPENED,RESCOPED,UNAPPROVED,UPDATED,AUTHOR,COMMENTS,COMMIT_MESSAGES
Q2 2023 - Sprint 2,2023/04/20,2023/05/03,HUB-94986,3502,Pratik.Yadav,0,0,0,0,1,0,0,0,0,0,0,1,Kailash.Goswami,,
Q2 2023 - Sprint 2,2023/04/20,2023/05/03,PROD-161513,746,Pratik.Yadav,0,0,0,0,0,0,0,0,0,0,0,0,Vidul.Kumar,,
Q2 2023 - Sprint 2,2023/04/20,2023/05/03,PROD-161513,17372,Pratik.Yadav,0,0,0,0,0,0,0,0,0,0,0,0,Vidul.Kumar,,
Q2 2023 - Sprint 2,2023/04/20,2023/05/03,PROD-165057,3469,Pratik.Yadav,0,0,0,0,0,1,0,0,0,0,0,0,Navin.Sharma,1. typo in resource,
Q2 2023 - Sprint 2,2023/04/20,2023/05/03,PROD-165670,148351,Pratik.Yadav,0,0,1529,91,1,0,0,0,0,1,0,1,PPednekar,,"1. HUB-92842: add count of attendee segment in warning message
2. HUB-92842: put count in else condition
3. HUB-92840: HUB-92906: add link to flash warning and flash warning on noitifications grid page for impacted notificaions.
4. HUB-92840: remove redundant method param and rename segmentsMap
5. HUB-94227: add impacted notifications popup
6. HUB-94277: remove unecessary change and add condition for empty text in segment grid
7. HUB-94227: add new lines and break longer lines and add test ids
8. HUB-92840: add try catch statement in getNotifications  method
9. HUB-94227: adjust warning icon style
10. PROD-165670: phrase pull
11. PROD-165670:Merge branch 'ccid-2540' of ssh://stash.cvent.net:7999/cvt/c4 into prod-165670"
Q2 2023 - Sprint 2,2023/04/20,2023/05/03,HUB-84671,1447,Pratik.Yadav,0,0,0,0,0,1,0,0,0,0,0,1,Navin.Sharma,"1. @""Bhupendra.Kumar"" shouldn't we do this work behind a feature flag?",
Q2 2023 - Sprint 2,2023/04/20,2023/05/03,HUB-84671,1452,Pratik.Yadav,0,0,0,0,0,0,0,0,0,0,0,0,Navin.Sharma,,
Q2 2023 - Sprint 2,2023/04/20,2023/05/03,HUB-97991,1483,Pratik.Yadav,0,0,0,0,0,0,0,0,0,0,0,0,ARohilla,,
Q2 2023 - Sprint 2,2023/04/20,2023/05/03,PROD-166104,147,Pratik.Yadav,0,0,0,0,1,0,0,0,0,0,0,1,Vidul.Kumar,,
Q2 2023 - Sprint 2,2023/04/20,2023/05/03,PROD-166104,1467,Pratik.Yadav,0,0,0,0,1,0,0,0,0,0,0,1,Vidul.Kumar,,
Q2 2023 - Sprint 2,2023/04/20,2023/05/03,PROD-166104,1479,Pratik.Yadav,0,0,0,0,0,0,0,0,0,0,0,0,Vidul.Kumar,,
Sprint Totals,,,,,,PR_ADDED: 0,PR_REMOVED: 0,COMMIT_ADDED: 1529,COMMIT_REMOVED: 91,APPROVED: 4,COMMENTED: 2,DECLINED: 0,MERGED: 0,OPENED: 0,RESCOPED: 1,UNAPPROVED: 0,UPDATED: 5,,,

Q2 2023 - Sprint 3,2023/05/04,2023/05/17,HUB-84671,1447,Pratik.Yadav,0,0,0,0,0,0,0,0,0,0,0,0,Navin.Sharma,,
Q2 2023 - Sprint 3,2023/05/04,2023/05/17,HUB-84671,1452,Pratik.Yadav,0,0,0,0,1,0,0,0,0,0,0,1,Navin.Sharma,,
Q2 2023 - Sprint 3,2023/05/04,2023/05/17,HUB-93098,36,Pratik.Yadav,0,0,0,0,1,0,0,0,0,0,0,0,ARohilla,,
Q2 2023 - Sprint 3,2023/05/04,2023/05/17,HUB-97991,1483,Pratik.Yadav,0,0,0,0,1,0,0,0,0,0,0,1,ARohilla,,
Q2 2023 - Sprint 3,2023/05/04,2023/05/17,HUB-98016,1880,Pratik.Yadav,40,15,46,21,0,1,0,1,1,5,0,0,Pratik.Yadav,1. Yes we have already added the icon https://stash.cvent.net/projects/AX/repos/attendee-experience-shared/pull-requests/238/diff#packages/falcon-icons/icons/icons/video-play.png,"1. HUB-98016: add onDemand page to available pages and also add onDemandHeaderTheme
2. HUB-98016: remove field validator from EditableHeaderThemeSettings to support onDemand header theme
3. HUB-98016: add space after if
4. HUB-98016: add nullable annotation
5. HUB-98016: add back field validator and update automation schema
6. HUB-98016: update icon name for onDemand Videos"
Q2 2023 - Sprint 3,2023/05/04,2023/05/17,HUB-98016,3539,Pratik.Yadav,14,0,16,2,0,0,0,0,1,1,0,0,Pratik.Yadav,,"1. HUB-98016: add onDemandHeaderTheme object to HeaderThemeSettings
2. HUB-98016: fix typo in comment"
Q2 2023 - Sprint 3,2023/05/04,2023/05/17,HUB-98258,3545,Pratik.Yadav,0,0,0,0,1,1,0,0,0,0,0,1,Navin.Sharma,1. instead of removing it can we validate the empty list as stacy said?,
Q2 2023 - Sprint 3,2023/05/04,2023/05/17,HUB-98258,9305,Pratik.Yadav,0,0,0,0,1,0,0,0,0,0,0,1,Navin.Sharma,,
Q2 2023 - Sprint 3,2023/05/04,2023/05/17,PROD-166104,147,Pratik.Yadav,0,0,0,0,0,0,0,0,0,0,0,0,Vidul.Kumar,,
Q2 2023 - Sprint 3,2023/05/04,2023/05/17,PROD-166104,1467,Pratik.Yadav,0,0,0,0,0,0,0,0,0,0,0,0,Vidul.Kumar,,
Q2 2023 - Sprint 3,2023/05/04,2023/05/17,PROD-166104,1479,Pratik.Yadav,0,0,0,0,1,1,0,0,0,0,0,1,Vidul.Kumar,1. Please test webcast imports and authors imports after this upgrade.,
Q2 2023 - Sprint 3,2023/05/04,2023/05/17,HUB-94839,747,Pratik.Yadav,0,0,0,0,0,0,0,0,0,0,0,0,Rashi.Gupta,,
Sprint Totals,,,,,,PR_ADDED: 54,PR_REMOVED: 15,COMMIT_ADDED: 62,COMMIT_REMOVED: 23,APPROVED: 6,COMMENTED: 3,DECLINED: 0,MERGED: 1,OPENED: 2,RESCOPED: 6,UNAPPROVED: 0,UPDATED: 5,,,

Q2 2023 - Sprint 4,2023/05/18,2023/05/31,HUB-39923,9345,Pratik.Yadav,316,20,445,67,0,0,0,1,1,5,0,0,Pratik.Yadav,,"1. HUB-39923: add speaker documents to speaker bio page
2. HUB-39923: add changeset
3. HUB-39923: add feature flag for speaker documents
4. Merge branch 'develop' of ssh://stash.cvent.net:7999/ax/attendee-experience-web into hub-39923
5. Merge branch 'develop' of ssh://stash.cvent.net:7999/ax/attendee-experience-web into hub-39923
6. HUB-39923: remove prop validation, add cleanup story link for feature flag and make test id last prop
7. HUB-39923: change type of dccoument array and replace ticket link with ticket number"
Q2 2023 - Sprint 4,2023/05/18,2023/05/31,HUB-39923,9409,Pratik.Yadav,0,0,868,168,0,0,0,0,0,0,0,0,TCox,,"1. HUB-74533: send speaker document opened fact when a document gets opened
2. HUB-74533: remove fact id from the trackAction and put argument in default method
3. HUB-74533: make record fact method of type any
4. HUB-74533: remove default method for recordFileFact
5. HUB-74533: update factDefinition snapshot
6. Merge branch 'develop' of ssh://stash.cvent.net:7999/ax/attendee-experience-web into hub-74533
7. HUB-74533: migrate speaker document opened fact to new analytic structure
8. Pull request #9374: HUB-74533: send speaker document opened fact when a document gets opened  Merge in AX/attendee-experience-web from hub-74533 to develop  * commit '028396459eb366212a31ae5302323c3b42f1a34a':    Applied suggestion    Applied suggestion    Applied suggestion    HUB-74533: migrate speaker document opened fact to new analytic structure    HUB-74533: update factDefinition snapshot    HUB-74533: remove default method for recordFileFact    HUB-74533: make record fact method of type any    HUB-74533: remove fact id from the trackAction and put argument in default method    HUB-74533: send speaker document opened fact when a document gets opened
9. HUB-100540: add automation cases for speaker documents
10. HUB-100540: add changeset
11. Merge branch 'develop' of ssh://stash.cvent.net:7999/ax/attendee-experience-web into hub-100540
12. HUB-100540: run prettier on speaker-details.spec.ts
13. Merge branch 'develop' of ssh://stash.cvent.net:7999/ax/attendee-experience-web into hub-100540
14. HUB-100540: remove redundant await and also insert blan line between classs members
15. Pull request #9362: HUB-100540: add automation cases for speaker documents  Merge in AX/attendee-experience-web from hub-100540 to develop  * commit '81548d82f9c5be94c14ee0c58a603b87e231f580':    HUB-100540: remove redundant await and also insert blan line between classs members    HUB-100540: run prettier on speaker-details.spec.ts    HUB-100540: add changeset    HUB-100540: add automation cases for speaker documents"
Q2 2023 - Sprint 4,2023/05/18,2023/05/31,HUB-81906,770,Pratik.Yadav,0,0,0,0,1,1,0,0,0,0,0,1,Navin.Sharma,1. v1 is the part of the java client path ?,
Q2 2023 - Sprint 4,2023/05/18,2023/05/31,HUB-95866,9406,Pratik.Yadav,15,5,15,5,0,0,0,1,1,0,0,0,Pratik.Yadav,,1. HUB-95866: add wait for displayed for notifications in flyout
Q2 2023 - Sprint 4,2023/05/18,2023/05/31,HUB-97179,781,Pratik.Yadav,0,0,0,0,0,0,0,0,0,0,0,0,ARohilla,,
Q2 2023 - Sprint 4,2023/05/18,2023/05/31,HUB-97864,1488,Pratik.Yadav,0,0,0,0,1,2,0,0,0,0,0,1,Navin.Sharma,"1. will this create problem if it goes to prod without service changes?
2. is this change in ax-data on prod?",
Q2 2023 - Sprint 4,2023/05/18,2023/05/31,HUB-97864,1495,Pratik.Yadav,0,0,96,10,0,0,0,0,0,0,0,0,JMcGough,,"1. HUB-98327: filter onDemand quick link on the basis of feature flag and add automation of onDemand quick link
2. HUB-98327: fix test description
3. HUB-98327: disable lint warning until the feature is released
4. Applied suggestion
5. Pull request #1487: HUB-98327: filter onDemand quick link on the basis of feature flag and add automation of onDemand quick link  Merge in AX/attendee-experience-builder from hub-98327 to develop  * commit '1fa43a7b0b89a60f575f84b39e5224d8677f84b0':    Applied suggestion    HUB-98327: disable lint warning until the feature is released    HUB-98327: fix test description    HUB-98327: filter onDemand quick link on the basis of feature flag and add automation of onDemand quick link"
Q2 2023 - Sprint 4,2023/05/18,2023/05/31,HUB-98327,1487,Pratik.Yadav,94,8,0,0,0,1,0,1,1,3,0,0,Pratik.Yadav,1. ![Screenshot 2023-05-19 at 3.37.44 PM.png](attachment:23574/21681),
Q2 2023 - Sprint 4,2023/05/18,2023/05/31,HUB-98327,1884,Pratik.Yadav,15,10,15,10,0,0,0,1,1,2,0,0,Pratik.Yadav,,"1. HUB-98327: fix quick link name for on Demand quick link
2. HUB-98327: fix test
3. HUB-98327: fix failing test for ondemand name"
Q2 2023 - Sprint 4,2023/05/18,2023/05/31,HUB-74531,9397,Pratik.Yadav,640,34,654,48,0,4,0,1,1,7,0,0,Pratik.Yadav,"1. This is auto generated file i did not edit this file.
2. i am not able to use 2.0 for this fact it gives me this error `There are some errors with one or more of your action definitions. Please review and try again. {    ""speaker_detail_screen_viewed"": {      ""nameViolation"": ""actions must only contain alphanumeric values and whitespaces""    }  }`   though i was able to increase the version for speaker document opened fact.
3. We need to change the name of the fact to support v2.0 but we can't do this for this fact as we want the same as we are using in app. So that product can track usage in both web and app through same name.  That's why going with v1.0 for now.
4. removed","1. HUB-74531: add speaker bio page viewed fact to mixpanel and analytics
2. HUB-74531:  add changeset
3. HUB-74531: add method to dependency array
4. HUb-74531: use optional chaning for bio
5. HUB-74531: add check on speaker id
6. HUB-74531: add fact definitions for speaker facts
7. HUB-74531: fix typo and convert js into ts
8. HUB-74531: remove externalName from speaker document opened
9. HUB-74531: update snapshot"
Q2 2023 - Sprint 4,2023/05/18,2023/05/31,HUB-74533,9374,Pratik.Yadav,593,4,0,0,0,2,0,1,1,6,0,0,Pratik.Yadav,"1. not needed so removed
2. removed this as it was throwing error of type in speaker document and also wherever this component is used this prop is passed.",
Q2 2023 - Sprint 4,2023/05/18,2023/05/31,PROD-166215,11895,Pratik.Yadav,16,3,0,0,0,0,0,0,1,0,0,0,Pratik.Yadav,,
Sprint Totals,,,,,,PR_ADDED: 1689,PR_REMOVED: 84,COMMIT_ADDED: 2093,COMMIT_REMOVED: 308,APPROVED: 2,COMMENTED: 10,DECLINED: 0,MERGED: 6,OPENED: 7,RESCOPED: 23,UNAPPROVED: 0,UPDATED: 2,,,

Q2 2023 - Sprint 5,2023/06/01,2023/06/14,HUB-74531,9397,Pratik.Yadav,640,34,0,0,0,0,0,0,0,0,0,0,Pratik.Yadav,,
Q2 2023 - Sprint 5,2023/06/01,2023/06/14,HUB-74533,9374,Pratik.Yadav,593,4,0,0,0,0,0,0,0,0,0,0,Pratik.Yadav,,
Q2 2023 - Sprint 5,2023/06/01,2023/06/14,HUB-93099,40,Pratik.Yadav,0,0,0,0,0,0,0,0,0,0,0,0,Vidul.Kumar,,
Q2 2023 - Sprint 5,2023/06/01,2023/06/14,HUB-94839,747,Pratik.Yadav,0,0,0,0,0,0,0,0,0,0,0,0,Rashi.Gupta,,
Q2 2023 - Sprint 5,2023/06/01,2023/06/14,HUB-97982,9483,Pratik.Yadav,0,0,0,0,1,3,0,0,0,0,0,1,Navin.Sharma,"1. inject test id should be the last prop
2. Please attach Screenshot of the UI
3. convert it into typescript",
Q2 2023 - Sprint 5,2023/06/01,2023/06/14,HUB-102406,9500,Pratik.Yadav,0,0,0,0,1,0,0,0,0,0,0,1,Navin.Sharma,,
Q2 2023 - Sprint 5,2023/06/01,2023/06/14,PROD-166215,11895,Pratik.Yadav,16,3,0,0,0,0,0,0,0,0,0,0,Pratik.Yadav,,
Q2 2023 - Sprint 5,2023/06/01,2023/06/14,PROD-167883,3583,Pratik.Yadav,0,0,0,0,1,1,0,0,0,0,0,1,Bhupendra.Kumar,1. why any?,
Q2 2023 - Sprint 5,2023/06/01,2023/06/14,PROD-168082,150258,Pratik.Yadav,6,5,5,5,0,3,0,1,1,2,0,0,Pratik.Yadav,"1. nope, the service has this limit.
2. Ya we will only get this issue if all the. notification on the page has audience 'audience segment' and one or more than one notification has multiple segments in it.
3. yes you are correct might need it.","1. PROD-168082: fetch segments in loop
2. PROD-168082: make getAttendeeSegments pascal cased"
Q2 2023 - Sprint 5,2023/06/01,2023/06/14,PROD-168082,150378,Pratik.Yadav,0,0,0,0,1,0,0,0,0,0,0,1,Ridhi.Handa,,
Q2 2023 - Sprint 5,2023/06/01,2023/06/14,HUB-93103,38,Pratik.Yadav,0,0,0,0,0,9,0,0,0,0,0,0,Suraj.Verma,"1. a separate method can be created in base class for this code.
2. test for invalid preference type can also be written for getPreference
3. it doesn't make any sense to iterate the whole list, if we can find the key in O(1).
4. here as well
5. method name should be singular as we are only fetching a single preference
6. why internal server error?
7. method name doesn't convey it's function
8. can you rename key to preference type and value to attendeePreference?
9. ?",
Q2 2023 - Sprint 5,2023/06/01,2023/06/14,HUB-93103,39,Pratik.Yadav,0,0,0,0,1,0,0,0,0,0,0,0,Suraj.Verma,,
Q2 2023 - Sprint 5,2023/06/01,2023/06/14,HUB-93473,788,Pratik.Yadav,0,0,0,0,0,0,0,0,0,0,0,0,ARohilla,,
Q2 2023 - Sprint 5,2023/06/01,2023/06/14,HUB-93473,1623,Pratik.Yadav,0,0,0,0,1,0,0,0,0,0,0,1,ARohilla,,
Q2 2023 - Sprint 5,2023/06/01,2023/06/14,HUB-95858,38,Pratik.Yadav,0,0,0,0,0,0,0,0,0,0,0,0,Suraj.Verma,,
Q2 2023 - Sprint 5,2023/06/01,2023/06/14,HUB-95858,44,Pratik.Yadav,0,0,0,0,0,0,0,0,0,0,0,0,Suraj.Verma,,
Sprint Totals,,,,,,PR_ADDED: 1255,PR_REMOVED: 46,COMMIT_ADDED: 5,COMMIT_REMOVED: 5,APPROVED: 6,COMMENTED: 16,DECLINED: 0,MERGED: 1,OPENED: 1,RESCOPED: 2,UNAPPROVED: 0,UPDATED: 5,,,

Q2 2023 - Sprint 6,2023/06/15,2023/06/28,HUB-92821,9540,Pratik.Yadav,0,0,0,0,1,0,0,0,0,0,0,1,Bhupendra.Kumar,,
Q2 2023 - Sprint 6,2023/06/15,2023/06/28,HUB-93473,788,Pratik.Yadav,0,0,0,0,0,2,0,0,0,0,0,0,ARohilla,"1. you can also verify the case for not sent notification
2. where did you insert this count in DB?",
Q2 2023 - Sprint 6,2023/06/15,2023/06/28,HUB-93473,800,Pratik.Yadav,0,0,84,97,0,0,0,0,0,0,0,0,SBundale,,"1. HUB-101419: fix test run issue on CI
2. Pull request #796: HUB-101419: fix test run issue on CI  Merge in FAL/notifications from hub-101419 to master  * commit '6d9831024599a78790aab3b7e83bcd420f8b3589':    HUB-101419: fix test run issue on CI
3. HUB-104409: fix failing automations and ignore some failing tests.
4. HUB-104409: change notification url for S606 config
5. Pull request #797: HUB-104409: fix failing automations and ignore some failing tests.  Merge in FAL/notifications from hub-104409 to master  * commit 'd5e358aa0c1ac65e72843918f1d5521c9c4c3d11':    HUB-104409: change notification url for S606 config    HUB-104409: fix failing automations and ignore some failing tests."
Q2 2023 - Sprint 6,2023/06/15,2023/06/28,HUB-93473,1623,Pratik.Yadav,0,0,0,0,0,0,0,0,0,0,0,0,ARohilla,,
Q2 2023 - Sprint 6,2023/06/15,2023/06/28,HUB-95858,38,Pratik.Yadav,0,0,0,0,1,13,0,0,0,0,0,0,Suraj.Verma,"1. @""Navin.Sharma"" Why didn't we add tests for upsert method of attendeePreferencesService?
2. https://stash.cvent.net/projects/AX/repos/preferences/pull-requests/38/overview?commentId=3548730
3. https://stash.cvent.net/projects/AX/repos/preferences/pull-requests/38/overview?commentId=3548730
4. https://stash.cvent.net/projects/AX/repos/preferences/pull-requests/38/overview?commentId=3548730
5. you are not verifying anything in this test
6. shouldn't be Preference instead of Preferences?
7. java doc comment
8. A case for no preference found can be added.
9. can the key be preferenceType?
10. revert this please
11. can we add case for preferenceType not found in the doc?
12. please revert this name
13. please remove",
Q2 2023 - Sprint 6,2023/06/15,2023/06/28,HUB-95858,44,Pratik.Yadav,0,0,0,0,1,0,0,0,0,0,0,0,Suraj.Verma,,
Q2 2023 - Sprint 6,2023/06/15,2023/06/28,HUB-99210,3619,Pratik.Yadav,0,0,0,0,1,0,0,0,0,0,0,1,ARohilla,,
Q2 2023 - Sprint 6,2023/06/15,2023/06/28,HUB-101419,796,Pratik.Yadav,21,17,0,0,0,0,0,1,1,0,0,0,Pratik.Yadav,,
Q2 2023 - Sprint 6,2023/06/15,2023/06/28,HUB-104409,797,Pratik.Yadav,63,80,0,0,0,5,0,1,1,1,0,0,Pratik.Yadav,"1. @PMandal I didn't understand the purpose of this tests. So i removed it. Please let me know if this needs to be re-added/modifed. Thanks!!
2. Audience service endpoints are meant for systemGenerated notifications only. Means the notifications with audience type SessionRegistrants and appointmentRequestRecipient only. So it doesn't make any sense to test cases related to audience segment notifications here.
3. yes, as we use staging instance for notification service. I realised sometimes S606 instance goes down.
4. Yes @""Vidul.Kumar"" we need to change gdpUrl and pubnubUrl as well as currently there is no deployment on S606 https://cvent.datadoghq.com/apm/services/notifications-service/operations/servlet.request/resources?env=s606&isInferred=false&resources=qson%3A%28data%3A%28visible%3A%21t%2Chits%3A%28selected%3Atotal%29%2Cerrors%3A%28selected%3Atotal%29%2Clatency%3A%28selected%3Ap99%29%2CtopN%3A%215%29%2Cversion%3A%210%29&summary=qson%3A%28data%3A%28visible%3A%21t%2Cerrors%3A%28selected%3Acount%29%2Chits%3A%28selected%3Acount%29%2Clatency%3A%28selected%3Alatency%2Cslot%3A%28agg%3A75%2CisLogScale%3A%21t%29%2Cdistribution%3A%28isLogScale%3A%21f%29%29%2Csublayer%3A%28slot%3A%28layers%3Aservice%29%2Cselected%3Apercentage%29%29%2Cversion%3A%211%29&topGraphs=latency%3Alatency%2Chits%3Aversion_count%2Cerrors%3Aversion_count%2CbreakdownAs%3Apercentage&start=1687766651729&end=1687767551729&paused=false
5. Why would we remove S606 automation?",
Q2 2023 - Sprint 6,2023/06/15,2023/06/28,HUB-104518,798,Pratik.Yadav,0,0,0,0,1,3,0,0,0,0,0,1,Rashi.Gupta,"1. inviteeStub needs to be added in ci config as well, you can copy paste from sg50 config.
2. do we want some sort of validation on length for this path-param?
3. we can add test for internalServerException as well.",
Q2 2023 - Sprint 6,2023/06/15,2023/06/28,PROD-169707,1907,Pratik.Yadav,0,0,0,0,0,0,0,0,0,0,0,1,Bhupendra.Kumar,,
Q2 2023 - Sprint 6,2023/06/15,2023/06/28,HUB-93103,38,Pratik.Yadav,0,0,0,0,0,0,0,0,0,0,0,0,Suraj.Verma,,
Q2 2023 - Sprint 6,2023/06/15,2023/06/28,HUB-93103,39,Pratik.Yadav,0,0,0,0,0,0,0,0,0,0,0,0,Suraj.Verma,,
Q2 2023 - Sprint 6,2023/06/15,2023/06/28,HUB-98885,813,Pratik.Yadav,0,0,0,0,0,0,0,0,0,0,0,0,Rashi.Gupta,,
Q2 2023 - Sprint 6,2023/06/15,2023/06/28,HUB-100051,1596,Pratik.Yadav,0,0,0,0,0,0,0,0,0,0,0,0,Navin.Sharma,,
Q2 2023 - Sprint 6,2023/06/15,2023/06/28,PROD-169805,17992,Pratik.Yadav,0,0,0,0,0,0,0,0,0,0,0,0,Vidul.Kumar,,
Sprint Totals,,,,,,PR_ADDED: 84,PR_REMOVED: 97,COMMIT_ADDED: 84,COMMIT_REMOVED: 97,APPROVED: 5,COMMENTED: 23,DECLINED: 0,MERGED: 2,OPENED: 2,RESCOPED: 1,UNAPPROVED: 0,UPDATED: 4,,,

Overall Totals,,,,,,PR_ADDED: 3082,PR_REMOVED: 242,COMMIT_ADDED: 3773,COMMIT_REMOVED: 524,APPROVED: 23,COMMENTED: 54,DECLINED: 0,MERGED: 10,OPENED: 12,RESCOPED: 33,UNAPPROVED: 0,UPDATED: 21,,,
