SPRINT,START_DATE,END_DATE,TICKET,PR_ID,USER,PR_ADDED,PR_REMOVED,COMMIT_ADDED,COMMIT_REMOVED,APPROVED,COMMENTED,DECLINED,MERGED,OPENED,RESCOPED,UNAPPROVED,UPDATED,AUTHOR,COMMENTS,COMMIT_MESSAGES
Q2 23' S2-Fatela jeb sil jayga,2023/04/11,2023/04/25,CMOBL-150107,811,Shea.Sullivan,0,0,0,0,0,0,0,0,0,0,0,0,Prashant.Bansal,,
Q2 23' S2-Fatela jeb sil jayga,2023/04/11,2023/04/25,CMOBL-150108,811,Shea.Sullivan,0,0,0,0,0,0,0,0,0,0,0,0,Prashant.Bansal,,
Q2 23' S2-Fatela jeb sil jayga,2023/04/11,2023/04/25,CMOBL-150109,803,Shea.Sullivan,0,0,0,0,0,1,0,0,0,0,0,0,Subratkumar.Sahoo,1. Can this just be   ```suggestion          newProduct.enabled = false;  ```  We are only hitting this when `disableRevenueSharing = true` right so `!disableRevenueSharing` should always be false.,
Q2 23' S2-Fatela jeb sil jayga,2023/04/11,2023/04/25,CMOBL-150109,811,Shea.Sullivan,0,0,0,0,0,0,0,0,0,0,0,0,Prashant.Bansal,,
Q2 23' S2-Fatela jeb sil jayga,2023/04/11,2023/04/25,CMOBL-152748,3537,Shea.Sullivan,0,0,0,0,1,0,0,0,0,0,0,0,Prashant.Bansal,,
Q2 23' S2-Fatela jeb sil jayga,2023/04/11,2023/04/25,CMOBL-152748,3549,Shea.Sullivan,0,0,26,6,1,0,0,0,0,0,0,0,SDowney,,1. NA-0: Fix test setup for TEST_ENV=local
Q2 23' S2-Fatela jeb sil jayga,2023/04/11,2023/04/25,HUB-74287,362,Shea.Sullivan,0,0,0,0,1,0,0,0,0,0,0,0,Subratkumar.Sahoo,,
Q2 23' S2-Fatela jeb sil jayga,2023/04/11,2023/04/25,HUB-92744,360,Shea.Sullivan,1759,97,1,1,0,0,0,0,0,0,0,0,Shea.Sullivan,,1. NA-0: Update jenkinsfile to remove branch that no longer exists
Q2 23' S2-Fatela jeb sil jayga,2023/04/11,2023/04/25,HUB-92744,1441,Shea.Sullivan,0,0,0,0,1,0,0,0,0,0,0,0,VShyoran,,
Q2 23' S2-Fatela jeb sil jayga,2023/04/11,2023/04/25,HUB-92862,360,Shea.Sullivan,1759,97,0,0,0,0,0,0,0,0,0,0,Shea.Sullivan,,
Q2 23' S2-Fatela jeb sil jayga,2023/04/11,2023/04/25,HUB-95491,2722,Shea.Sullivan,0,0,0,0,0,0,0,0,0,0,0,0,SMartin,,
Q2 23' S2-Fatela jeb sil jayga,2023/04/11,2023/04/25,HUB-95491,3455,Shea.Sullivan,0,0,0,0,1,0,0,0,0,0,0,0,Subratkumar.Sahoo,,
Q2 23' S2-Fatela jeb sil jayga,2023/04/11,2023/04/25,HUB-95491,3461,Shea.Sullivan,0,0,0,0,0,0,0,0,0,0,0,0,SMartin,,
Q2 23' S2-Fatela jeb sil jayga,2023/04/11,2023/04/25,CMOBL-146549,2693,Shea.Sullivan,0,0,0,0,0,0,0,0,0,0,0,0,VKanaujia,,
Q2 23' S2-Fatela jeb sil jayga,2023/04/11,2023/04/25,CMOBL-146549,2707,Shea.Sullivan,0,0,0,0,0,0,0,0,0,0,0,0,VKanaujia,,
Q2 23' S2-Fatela jeb sil jayga,2023/04/11,2023/04/25,CMOBL-146549,2722,Shea.Sullivan,0,0,0,0,0,0,0,0,0,0,0,0,SMartin,,
Q2 23' S2-Fatela jeb sil jayga,2023/04/11,2023/04/25,CMOBL-146549,3443,Shea.Sullivan,353,99,0,0,0,0,0,0,0,0,0,0,Shea.Sullivan,,
Q2 23' S2-Fatela jeb sil jayga,2023/04/11,2023/04/25,CMOBL-146549,3446,Shea.Sullivan,123,768,0,0,0,0,0,0,0,0,0,0,Shea.Sullivan,,
Q2 23' S2-Fatela jeb sil jayga,2023/04/11,2023/04/25,CMOBL-146549,3448,Shea.Sullivan,276,810,0,0,0,0,0,0,0,0,0,0,Shea.Sullivan,,
Q2 23' S2-Fatela jeb sil jayga,2023/04/11,2023/04/25,CMOBL-146549,3445,Shea.Sullivan,0,0,0,0,0,0,0,0,0,0,0,0,VKanaujia,,
Q2 23' S2-Fatela jeb sil jayga,2023/04/11,2023/04/25,CMOBL-150760,2722,Shea.Sullivan,0,0,0,0,0,0,0,0,0,0,0,0,SMartin,,
Q2 23' S2-Fatela jeb sil jayga,2023/04/11,2023/04/25,CMOBL-150760,3453,Shea.Sullivan,0,0,0,0,1,0,0,0,0,0,0,0,VKanaujia,,
Q2 23' S2-Fatela jeb sil jayga,2023/04/11,2023/04/25,CMOBL-150760,3461,Shea.Sullivan,0,0,0,0,0,0,0,0,0,0,0,0,SMartin,,
Q2 23' S2-Fatela jeb sil jayga,2023/04/11,2023/04/25,CMOBL-152752,3549,Shea.Sullivan,0,0,0,0,0,0,0,0,0,0,0,0,SDowney,,
Q2 23' S2-Fatela jeb sil jayga,2023/04/11,2023/04/25,HUB-53567,1481,Shea.Sullivan,1250,396,0,0,0,0,0,0,0,0,0,0,Shea.Sullivan,,
Q2 23' S2-Fatela jeb sil jayga,2023/04/11,2023/04/25,HUB-76662,365,Shea.Sullivan,0,0,0,0,1,0,0,0,0,0,0,0,VKanaujia,,
Q2 23' S2-Fatela jeb sil jayga,2023/04/11,2023/04/25,HUB-76665,375,Shea.Sullivan,0,0,0,0,0,0,0,0,0,0,0,0,MMenpadi,,
Q2 23' S2-Fatela jeb sil jayga,2023/04/11,2023/04/25,HUB-76667,365,Shea.Sullivan,0,0,0,0,0,0,0,0,0,0,0,0,VKanaujia,,
Q2 23' S2-Fatela jeb sil jayga,2023/04/11,2023/04/25,HUB-76668,365,Shea.Sullivan,0,0,0,0,0,0,0,0,0,0,0,0,VKanaujia,,
Q2 23' S2-Fatela jeb sil jayga,2023/04/11,2023/04/25,HUB-89439,375,Shea.Sullivan,0,0,0,0,0,0,0,0,0,0,0,0,MMenpadi,,
Q2 23' S2-Fatela jeb sil jayga,2023/04/11,2023/04/25,HUB-89439,1442,Shea.Sullivan,0,0,0,0,1,0,0,0,0,0,0,0,MMenpadi,,
Q2 23' S2-Fatela jeb sil jayga,2023/04/11,2023/04/25,HUB-89439,3541,Shea.Sullivan,0,0,0,0,1,0,0,0,0,0,0,0,MMenpadi,,
Q2 23' S2-Fatela jeb sil jayga,2023/04/11,2023/04/25,HUB-89439,3574,Shea.Sullivan,0,0,0,0,0,0,0,0,0,0,0,0,D.Collette,,
Q2 23' S2-Fatela jeb sil jayga,2023/04/11,2023/04/25,HUB-92743,171,Shea.Sullivan,0,0,0,0,0,0,0,0,0,0,0,0,VKanaujia,,
Q2 23' S2-Fatela jeb sil jayga,2023/04/11,2023/04/25,HUB-92743,3574,Shea.Sullivan,0,0,0,0,0,0,0,0,0,0,0,0,D.Collette,,
Q2 23' S2-Fatela jeb sil jayga,2023/04/11,2023/04/25,HUB-96535,1444,Shea.Sullivan,0,0,0,0,1,0,0,0,0,0,0,0,VKanaujia,,
Q2 23' S2-Fatela jeb sil jayga,2023/04/11,2023/04/25,HUB-96535,1445,Shea.Sullivan,0,0,0,0,0,0,0,0,0,0,0,0,VKanaujia,,
Q2 23' S2-Fatela jeb sil jayga,2023/04/11,2023/04/25,HUB-96535,3551,Shea.Sullivan,0,0,0,0,0,0,0,0,0,0,0,0,VKanaujia,,
Q2 23' S2-Fatela jeb sil jayga,2023/04/11,2023/04/25,HUB-96535,3561,Shea.Sullivan,1025,56,0,0,0,0,0,0,0,0,0,0,Shea.Sullivan,,
Q2 23' S2-Fatela jeb sil jayga,2023/04/11,2023/04/25,PROD-164667,809,Shea.Sullivan,0,0,0,0,0,0,0,0,0,0,0,0,Prashant.Bansal,,
Q2 23' S2-Fatela jeb sil jayga,2023/04/11,2023/04/25,PROD-164667,811,Shea.Sullivan,0,0,0,0,0,0,0,0,0,0,0,0,Prashant.Bansal,,
Q2 23' S2-Fatela jeb sil jayga,2023/04/11,2023/04/25,PROD-164667,2719,Shea.Sullivan,0,0,0,0,0,0,0,0,0,0,0,0,Prashant.Bansal,,
Q2 23' S2-Fatela jeb sil jayga,2023/04/11,2023/04/25,PROD-164667,3549,Shea.Sullivan,0,0,0,0,0,0,0,0,0,0,0,0,SDowney,,
Q2 23' S2-Fatela jeb sil jayga,2023/04/11,2023/04/25,PROD-164667,3553,Shea.Sullivan,0,0,0,0,0,0,0,0,0,0,0,0,Prashant.Bansal,,
Sprint Totals,,,,,,PR_ADDED: 6545,PR_REMOVED: 2323,COMMIT_ADDED: 27,COMMIT_REMOVED: 7,APPROVED: 10,COMMENTED: 1,DECLINED: 0,MERGED: 0,OPENED: 0,RESCOPED: 0,UNAPPROVED: 0,UPDATED: 0,,,

Q2 23' S3,2023/04/25,2023/05/09,CMOBL-112323,3463,Shea.Sullivan,0,0,0,0,1,0,0,0,0,0,0,0,Subratkumar.Sahoo,,
Q2 23' S3,2023/04/25,2023/05/09,CMOBL-112323,3472,Shea.Sullivan,757,288,75,47,0,0,0,0,0,0,0,0,Shea.Sullivan,,"1. CMOBL-153378: Update FE to use new public url archive route
2. CMOBL-153387: Upgrade shared components"
Q2 23' S3,2023/04/25,2023/05/09,CMOBL-146549,2693,Shea.Sullivan,0,0,0,0,0,0,0,0,0,0,0,0,VKanaujia,,
Q2 23' S3,2023/04/25,2023/05/09,CMOBL-146549,2707,Shea.Sullivan,0,0,0,0,0,0,0,0,0,0,0,0,VKanaujia,,
Q2 23' S3,2023/04/25,2023/05/09,CMOBL-146549,2722,Shea.Sullivan,0,0,0,0,1,0,0,0,0,0,0,0,SMartin,,
Q2 23' S3,2023/04/25,2023/05/09,CMOBL-146549,3443,Shea.Sullivan,353,99,0,0,0,0,0,0,0,0,0,0,Shea.Sullivan,,
Q2 23' S3,2023/04/25,2023/05/09,CMOBL-146549,3446,Shea.Sullivan,123,768,0,0,0,0,0,0,0,0,0,0,Shea.Sullivan,,
Q2 23' S3,2023/04/25,2023/05/09,CMOBL-146549,3448,Shea.Sullivan,276,810,0,0,0,0,0,0,0,0,0,0,Shea.Sullivan,,
Q2 23' S3,2023/04/25,2023/05/09,CMOBL-146549,3445,Shea.Sullivan,0,0,0,0,0,0,0,0,0,0,0,0,VKanaujia,,
Q2 23' S3,2023/04/25,2023/05/09,CMOBL-150760,2722,Shea.Sullivan,0,0,0,0,0,0,0,0,0,0,0,0,SMartin,,
Q2 23' S3,2023/04/25,2023/05/09,CMOBL-150760,3453,Shea.Sullivan,0,0,0,0,0,0,0,0,0,0,0,0,VKanaujia,,
Q2 23' S3,2023/04/25,2023/05/09,CMOBL-150760,3461,Shea.Sullivan,0,0,0,0,1,0,0,0,0,0,0,0,SMartin,,
Q2 23' S3,2023/04/25,2023/05/09,CMOBL-152752,3549,Shea.Sullivan,0,0,0,0,0,0,0,0,0,0,0,0,SDowney,,
Q2 23' S3,2023/04/25,2023/05/09,CMOBL-153503,153,Shea.Sullivan,0,0,0,0,1,0,0,0,0,0,0,0,KMahajan,,
Q2 23' S3,2023/04/25,2023/05/09,CMOBL-153664,3549,Shea.Sullivan,0,0,0,0,0,0,0,0,0,0,0,0,SDowney,,
Q2 23' S3,2023/04/25,2023/05/09,CMOBL-153664,3552,Shea.Sullivan,0,0,0,0,0,0,0,0,0,0,0,0,MMenpadi,,
Q2 23' S3,2023/04/25,2023/05/09,HUB-53567,1481,Shea.Sullivan,1250,396,0,0,0,0,0,0,0,0,0,0,Shea.Sullivan,,
Q2 23' S3,2023/04/25,2023/05/09,HUB-73499,366,Shea.Sullivan,0,0,0,0,0,0,0,0,0,0,0,0,Subratkumar.Sahoo,,
Q2 23' S3,2023/04/25,2023/05/09,HUB-73499,367,Shea.Sullivan,0,0,0,0,1,0,0,0,0,0,0,0,Subratkumar.Sahoo,,
Q2 23' S3,2023/04/25,2023/05/09,HUB-76662,365,Shea.Sullivan,0,0,0,0,0,0,0,0,0,0,0,0,VKanaujia,,
Q2 23' S3,2023/04/25,2023/05/09,HUB-76667,365,Shea.Sullivan,0,0,0,0,0,0,0,0,0,0,0,0,VKanaujia,,
Q2 23' S3,2023/04/25,2023/05/09,HUB-76668,365,Shea.Sullivan,0,0,0,0,0,0,0,0,0,0,0,0,VKanaujia,,
Q2 23' S3,2023/04/25,2023/05/09,HUB-96535,1444,Shea.Sullivan,0,0,0,0,0,0,0,0,0,0,0,0,VKanaujia,,
Q2 23' S3,2023/04/25,2023/05/09,HUB-96535,1445,Shea.Sullivan,0,0,0,0,1,0,0,0,0,0,0,0,VKanaujia,,
Q2 23' S3,2023/04/25,2023/05/09,HUB-96535,3551,Shea.Sullivan,0,0,0,0,1,0,0,0,0,0,0,0,VKanaujia,,
Q2 23' S3,2023/04/25,2023/05/09,HUB-96535,3561,Shea.Sullivan,1025,56,482,286,0,0,0,0,0,0,0,0,Shea.Sullivan,,"1. CMOBL-153378: Add param to allow exporting files by getting publicUrl
2. Merge branch 'develop' into CMOBL-153378
3. CMOBL-153378: Update test and fix trailing slash
4. Merge branch 'develop' into CMOBL-153378
5. Merge branch 'develop' into CMOBL-153378
6. CMOBL-153378: Upgrade file-service-client
7. CMOBL-153378: Upgrade json schemas"
Q2 23' S3,2023/04/25,2023/05/09,PROD-164667,809,Shea.Sullivan,0,0,0,0,1,0,0,0,0,0,0,0,Prashant.Bansal,,
Q2 23' S3,2023/04/25,2023/05/09,PROD-164667,811,Shea.Sullivan,0,0,0,0,0,0,0,0,0,0,0,0,Prashant.Bansal,,
Q2 23' S3,2023/04/25,2023/05/09,PROD-164667,2719,Shea.Sullivan,0,0,0,0,1,0,0,0,0,0,0,0,Prashant.Bansal,,
Q2 23' S3,2023/04/25,2023/05/09,PROD-164667,3549,Shea.Sullivan,0,0,0,0,0,0,0,0,0,0,0,0,SDowney,,
Q2 23' S3,2023/04/25,2023/05/09,PROD-164667,3553,Shea.Sullivan,0,0,0,0,1,0,0,0,0,0,0,0,Prashant.Bansal,,
Q2 23' S3,2023/04/25,2023/05/09,CMOBL-153113,364,Shea.Sullivan,0,0,0,0,0,0,0,0,0,0,0,0,SMartin,,
Q2 23' S3,2023/04/25,2023/05/09,CMOBL-153113,722,Shea.Sullivan,0,0,0,0,0,0,0,0,0,0,0,0,SDowney,,
Q2 23' S3,2023/04/25,2023/05/09,CMOBL-153113,806,Shea.Sullivan,0,0,0,0,0,0,0,0,0,0,0,0,SMartin,,
Q2 23' S3,2023/04/25,2023/05/09,CMOBL-153113,3558,Shea.Sullivan,0,0,0,0,1,0,0,0,0,0,0,0,J.Kumar,,
Q2 23' S3,2023/04/25,2023/05/09,CMOBL-153113,3564,Shea.Sullivan,0,0,0,0,0,0,0,0,0,0,0,0,SMartin,,
Q2 23' S3,2023/04/25,2023/05/09,HUB-76665,375,Shea.Sullivan,0,0,0,0,0,0,0,0,0,0,0,0,MMenpadi,,
Q2 23' S3,2023/04/25,2023/05/09,HUB-89439,375,Shea.Sullivan,0,0,0,0,0,0,0,0,0,0,0,0,MMenpadi,,
Q2 23' S3,2023/04/25,2023/05/09,HUB-89439,1442,Shea.Sullivan,0,0,0,0,0,0,0,0,0,0,0,0,MMenpadi,,
Q2 23' S3,2023/04/25,2023/05/09,HUB-89439,3541,Shea.Sullivan,0,0,0,0,0,0,0,0,0,0,0,0,MMenpadi,,
Q2 23' S3,2023/04/25,2023/05/09,HUB-89439,3574,Shea.Sullivan,0,0,0,0,0,0,0,0,0,0,0,0,D.Collette,,
Q2 23' S3,2023/04/25,2023/05/09,HUB-89999,374,Shea.Sullivan,0,0,0,0,0,0,0,0,0,0,0,0,Subratkumar.Sahoo,,
Q2 23' S3,2023/04/25,2023/05/09,HUB-92743,171,Shea.Sullivan,0,0,0,0,0,0,0,0,0,0,0,0,VKanaujia,,
Q2 23' S3,2023/04/25,2023/05/09,HUB-92743,3574,Shea.Sullivan,0,0,0,0,0,0,0,0,0,0,0,0,D.Collette,,
Q2 23' S3,2023/04/25,2023/05/09,HUB-96428,810,Shea.Sullivan,0,0,0,0,1,0,0,0,0,0,0,0,KMahajan,,
Q2 23' S3,2023/04/25,2023/05/09,HUB-96428,811,Shea.Sullivan,0,0,0,0,0,0,0,0,0,0,0,0,Prashant.Bansal,,
Sprint Totals,,,,,,PR_ADDED: 3784,PR_REMOVED: 2417,COMMIT_ADDED: 557,COMMIT_REMOVED: 333,APPROVED: 12,COMMENTED: 0,DECLINED: 0,MERGED: 0,OPENED: 0,RESCOPED: 0,UNAPPROVED: 0,UPDATED: 0,,,

Q2 23' S4,2023/05/09,2023/05/23,CMOBL-153113,364,Shea.Sullivan,0,0,0,0,0,0,0,0,0,0,0,0,SMartin,,1. Automatic merge from master -> develop  * commit '759362e8d50c526e3e34567822e40e469c82f5e3':    [gulp release] - prepare for next development iteration 9.1.3-SNAPSHOT    [gulp release] - prepare release file-service-9.1.2    Bump version round 2    [gulp release] - prepare release file-service-9.1.1    Bump version    [gulp release] - prepare release file-service-9.1.0    prerelease
Q2 23' S4,2023/05/09,2023/05/23,CMOBL-153113,722,Shea.Sullivan,0,0,0,0,0,0,0,0,0,0,0,0,SDowney,,
Q2 23' S4,2023/05/09,2023/05/23,CMOBL-153113,806,Shea.Sullivan,0,0,0,0,0,0,0,0,0,0,0,0,SMartin,,
Q2 23' S4,2023/05/09,2023/05/23,CMOBL-153113,3558,Shea.Sullivan,0,0,0,0,0,0,0,0,0,0,0,0,J.Kumar,,
Q2 23' S4,2023/05/09,2023/05/23,CMOBL-153113,3564,Shea.Sullivan,0,0,0,0,1,0,0,0,0,0,0,0,SMartin,,
Q2 23' S4,2023/05/09,2023/05/23,CMOBL-154095,1682,Shea.Sullivan,0,0,482,36,0,0,0,0,0,0,0,0,Subratkumar.Sahoo,,"1. Merge branch 'develop' into release/3.0.3
2. set components back to dev"
Q2 23' S4,2023/05/09,2023/05/23,CMOBL-154095,2735,Shea.Sullivan,0,0,0,0,0,0,0,0,0,0,0,0,Subratkumar.Sahoo,,1. Pull request #2733: Downmerge  Merge in PT/onsite-shared-components from master to develop  * commit 'c606c2d9fde807fa8b894f2b9cc085bdba39d1d6':    prerelease
Q2 23' S4,2023/05/09,2023/05/23,CMOBL-154095,3477,Shea.Sullivan,0,0,610,293,0,0,0,0,0,0,0,0,Subratkumar.Sahoo,,"1. Merge branch 'develop' into release/3.2.2
2. Set version back to dev
3. Fix failing snapshot
4. Pull request #3475: downmerge 3.2.2  Merge in PT/onsite-planner-portal from release/3.2.2 to develop  * commit 'd224810e1b523767e4866f9ecb1c11e370ffb9d0':    Fix failing snapshot    Set version back to dev    prerelease"
Q2 23' S4,2023/05/09,2023/05/23,HUB-76665,375,Shea.Sullivan,0,0,0,0,1,0,0,0,0,0,0,0,MMenpadi,,
Q2 23' S4,2023/05/09,2023/05/23,HUB-89439,375,Shea.Sullivan,0,0,0,0,0,0,0,0,0,0,0,0,MMenpadi,,
Q2 23' S4,2023/05/09,2023/05/23,HUB-89439,1442,Shea.Sullivan,0,0,0,0,0,0,0,0,0,0,0,0,MMenpadi,,
Q2 23' S4,2023/05/09,2023/05/23,HUB-89439,3541,Shea.Sullivan,0,0,0,0,0,0,0,0,0,0,0,0,MMenpadi,,
Q2 23' S4,2023/05/09,2023/05/23,HUB-89439,3574,Shea.Sullivan,0,0,18,12,0,0,0,0,0,0,0,0,D.Collette,,1. NA-0: Fix rev share assertion in tests
Q2 23' S4,2023/05/09,2023/05/23,HUB-89999,374,Shea.Sullivan,0,0,0,0,0,0,0,0,0,0,0,0,Subratkumar.Sahoo,,
Q2 23' S4,2023/05/09,2023/05/23,HUB-96417,240,Shea.Sullivan,0,0,5,0,0,0,0,0,0,0,0,0,SBundale,,"1. HUB-94114: Add changeset
2. Pull request #221: HUB-94114 phraseapp release  Merge in AX/language-management from hub-94114-phraseapp to master  * commit '4d5dbf2be1ef3da7307cbd0af7bd8f5c159a24af':    HUB-94114: Add changeset    HUB-94114: phraseapp changes"
Q2 23' S4,2023/05/09,2023/05/23,HUB-96417,1481,Shea.Sullivan,1250,396,0,0,0,0,0,1,1,0,0,0,Shea.Sullivan,,
Q2 23' S4,2023/05/09,2023/05/23,HUB-96417,9293,Shea.Sullivan,8573,1427,7,0,0,0,0,0,1,1,0,0,Shea.Sullivan,,1. Bump packages for build
Q2 23' S4,2023/05/09,2023/05/23,HUB-96428,810,Shea.Sullivan,0,0,0,0,0,0,0,0,0,0,0,0,KMahajan,,
Q2 23' S4,2023/05/09,2023/05/23,HUB-96428,811,Shea.Sullivan,0,0,0,0,1,0,0,0,0,0,0,0,Prashant.Bansal,,
Q2 23' S4,2023/05/09,2023/05/23,HUB-98731,3473,Shea.Sullivan,0,0,0,0,1,0,0,0,0,0,0,0,Subratkumar.Sahoo,,
Q2 23' S4,2023/05/09,2023/05/23,HUB-99967,707,Shea.Sullivan,0,0,0,0,1,0,0,0,0,0,0,0,Subratkumar.Sahoo,,
Q2 23' S4,2023/05/09,2023/05/23,CMOBL-153241,4,Shea.Sullivan,0,0,0,0,0,0,0,0,0,0,0,0,KMahajan,,
Q2 23' S4,2023/05/09,2023/05/23,CMOBL-153241,173,Shea.Sullivan,0,0,0,0,0,0,0,0,0,0,0,0,KMahajan,,
Q2 23' S4,2023/05/09,2023/05/23,HUB-92743,171,Shea.Sullivan,0,0,0,0,0,0,0,0,0,0,0,0,VKanaujia,,
Q2 23' S4,2023/05/09,2023/05/23,HUB-92743,3574,Shea.Sullivan,0,0,0,0,0,0,0,0,0,0,0,0,D.Collette,,
Q2 23' S4,2023/05/09,2023/05/23,HUB-92905,381,Shea.Sullivan,0,0,0,0,0,0,0,0,0,0,0,0,VKanaujia,,
Sprint Totals,,,,,,PR_ADDED: 9823,PR_REMOVED: 1823,COMMIT_ADDED: 1122,COMMIT_REMOVED: 341,APPROVED: 5,COMMENTED: 0,DECLINED: 0,MERGED: 1,OPENED: 2,RESCOPED: 1,UNAPPROVED: 0,UPDATED: 0,,,

Q2 23' S5,2023/05/23,2023/06/06,CMOBL-153241,4,Shea.Sullivan,0,0,0,0,0,0,0,0,0,0,0,0,KMahajan,,
Q2 23' S5,2023/05/23,2023/06/06,CMOBL-153241,173,Shea.Sullivan,0,0,0,0,0,0,0,0,0,0,0,0,KMahajan,,
Q2 23' S5,2023/05/23,2023/06/06,CMOBL-153920,165,Shea.Sullivan,0,0,0,0,1,0,0,0,0,0,0,0,KMahajan,,
Q2 23' S5,2023/05/23,2023/06/06,HUB-87696,385,Shea.Sullivan,0,0,0,0,1,0,0,0,0,0,0,0,Subratkumar.Sahoo,,
Q2 23' S5,2023/05/23,2023/06/06,HUB-92743,171,Shea.Sullivan,0,0,0,0,0,0,0,0,0,0,0,0,VKanaujia,,
Q2 23' S5,2023/05/23,2023/06/06,HUB-92743,3574,Shea.Sullivan,0,0,0,0,1,0,0,0,0,0,0,0,D.Collette,,
Q2 23' S5,2023/05/23,2023/06/06,HUB-92905,381,Shea.Sullivan,0,0,0,0,1,0,0,0,0,0,0,0,VKanaujia,,
Q2 23' S5,2023/05/23,2023/06/06,HUB-98732,2736,Shea.Sullivan,0,0,0,0,1,0,0,0,0,0,0,0,Subratkumar.Sahoo,,
Q2 23' S5,2023/05/23,2023/06/06,HUB-98732,3480,Shea.Sullivan,130,44,0,0,0,0,0,0,0,0,0,0,Shea.Sullivan,,
Q2 23' S5,2023/05/23,2023/06/06,HUB-99887,3572,Shea.Sullivan,0,0,0,0,1,0,0,0,0,0,0,0,Prashant.Bansal,,
Q2 23' S5,2023/05/23,2023/06/06,HUB-99887,3574,Shea.Sullivan,0,0,0,0,0,0,0,0,0,0,0,0,D.Collette,,
Q2 23' S5,2023/05/23,2023/06/06,HUB-100250,374,Shea.Sullivan,0,0,0,0,1,0,0,0,0,0,0,0,Subratkumar.Sahoo,,
Q2 23' S5,2023/05/23,2023/06/06,PROD-168222,3593,Shea.Sullivan,0,0,0,0,0,0,0,0,0,0,0,0,SMartin,,
Q2 23' S5,2023/05/23,2023/06/06,CMOBL-153087,165,Shea.Sullivan,0,0,0,0,0,0,0,0,0,0,0,0,KMahajan,,
Q2 23' S5,2023/05/23,2023/06/06,CMOBL-153493,4,Shea.Sullivan,0,0,0,0,0,0,0,0,0,0,0,0,KMahajan,,
Q2 23' S5,2023/05/23,2023/06/06,CMOBL-153493,165,Shea.Sullivan,0,0,0,0,0,0,0,0,0,0,0,0,KMahajan,,
Q2 23' S5,2023/05/23,2023/06/06,HUB-92746,3576,Shea.Sullivan,0,0,0,0,1,0,0,0,0,0,0,0,MMenpadi,,
Q2 23' S5,2023/05/23,2023/06/06,HUB-92746,3584,Shea.Sullivan,0,0,0,0,1,0,0,0,0,0,0,0,MMenpadi,,
Q2 23' S5,2023/05/23,2023/06/06,HUB-92746,3593,Shea.Sullivan,0,0,0,0,0,0,0,0,0,0,0,0,SMartin,,
Q2 23' S5,2023/05/23,2023/06/06,HUB-100293,387,Shea.Sullivan,0,0,0,0,0,0,0,0,0,0,0,0,VSingla,,
Sprint Totals,,,,,,PR_ADDED: 130,PR_REMOVED: 44,COMMIT_ADDED: 0,COMMIT_REMOVED: 0,APPROVED: 9,COMMENTED: 0,DECLINED: 0,MERGED: 0,OPENED: 0,RESCOPED: 0,UNAPPROVED: 0,UPDATED: 0,,,

Q2 23'S6-Y to sch h k bhagwn h,2023/06/06,2023/06/20,CMOBL-153242,173,Shea.Sullivan,0,0,0,0,1,0,0,0,0,0,1,0,KMahajan,,
Q2 23'S6-Y to sch h k bhagwn h,2023/06/06,2023/06/20,CMOBL-153487,175,Shea.Sullivan,0,0,0,0,1,0,0,0,0,0,1,0,KMahajan,,
Q2 23'S6-Y to sch h k bhagwn h,2023/06/06,2023/06/20,CMOBL-153493,4,Shea.Sullivan,0,0,0,0,1,0,0,0,0,0,0,0,KMahajan,,
Q2 23'S6-Y to sch h k bhagwn h,2023/06/06,2023/06/20,CMOBL-153493,165,Shea.Sullivan,0,0,0,0,0,0,0,0,0,0,0,0,KMahajan,,
Q2 23'S6-Y to sch h k bhagwn h,2023/06/06,2023/06/20,CMOBL-153524,394,Shea.Sullivan,0,0,0,0,1,0,0,0,0,0,0,0,Subratkumar.Sahoo,,
Q2 23'S6-Y to sch h k bhagwn h,2023/06/06,2023/06/20,CMOBL-155062,3593,Shea.Sullivan,0,0,10,5,1,0,0,0,0,0,0,0,SMartin,,"1. CMOBL-146084: Upgrade pt-ticket-client
2. Pull request #3588: CMOBL-146084: Upgrade pt-ticket-client  Merge in PT/event-api from CMOBL-146084 to develop  * commit 'c99cb35a64e92475333bd35787944de47608e002':    CMOBL-146084: Upgrade pt-ticket-client"
Q2 23'S6-Y to sch h k bhagwn h,2023/06/06,2023/06/20,HUB-92746,3576,Shea.Sullivan,0,0,0,0,0,0,0,0,0,0,0,0,MMenpadi,,
Q2 23'S6-Y to sch h k bhagwn h,2023/06/06,2023/06/20,HUB-92746,3584,Shea.Sullivan,0,0,0,0,0,0,0,0,0,0,0,0,MMenpadi,,
Q2 23'S6-Y to sch h k bhagwn h,2023/06/06,2023/06/20,HUB-92746,3593,Shea.Sullivan,0,0,0,0,0,0,0,0,0,0,0,0,SMartin,,
Q2 23'S6-Y to sch h k bhagwn h,2023/06/06,2023/06/20,HUB-98619,3611,Shea.Sullivan,0,0,0,0,0,0,0,0,0,0,0,0,Subratkumar.Sahoo,,
Q2 23'S6-Y to sch h k bhagwn h,2023/06/06,2023/06/20,HUB-100293,387,Shea.Sullivan,0,0,0,0,1,0,0,0,0,0,0,0,VSingla,,
Q2 23'S6-Y to sch h k bhagwn h,2023/06/06,2023/06/20,HUB-101684,398,Shea.Sullivan,0,0,0,0,2,1,0,0,0,0,1,0,VSingla,1. [nit] Is there a reason why the file and video upload button is grey when disabled but the links button is still blue when disabled?,
Q2 23'S6-Y to sch h k bhagwn h,2023/06/06,2023/06/20,HUB-101685,2738,Shea.Sullivan,0,0,0,0,1,0,0,0,0,0,0,0,VSingla,,
Q2 23'S6-Y to sch h k bhagwn h,2023/06/06,2023/06/20,HUB-101685,2741,Shea.Sullivan,0,0,0,0,0,0,0,0,0,0,0,0,SDowney,,
Q2 23'S6-Y to sch h k bhagwn h,2023/06/06,2023/06/20,HUB-101686,395,Shea.Sullivan,0,0,0,0,1,2,0,0,0,0,0,0,VSingla,"1. Can we use `within(linkContentCards[0])` rather than the innerHTML https://testing-library.com/docs/dom-testing-library/api-within/
2. Do we care if the form is valid when determining whether or not to show the modal? I think my expectation would be to show the modal if the form is dirty regardless of if it's valid. Might want to check with UX here if you haven't already.",
Q2 23'S6-Y to sch h k bhagwn h,2023/06/06,2023/06/20,HUB-101760,3611,Shea.Sullivan,0,0,0,0,0,0,0,0,0,0,0,0,Subratkumar.Sahoo,,
Q2 23'S6-Y to sch h k bhagwn h,2023/06/06,2023/06/20,HUB-101792,401,Shea.Sullivan,0,0,0,0,1,0,0,0,0,0,0,0,Subratkumar.Sahoo,,
Q2 23'S6-Y to sch h k bhagwn h,2023/06/06,2023/06/20,HUB-102912,397,Shea.Sullivan,0,0,0,0,1,0,0,0,0,0,0,0,Subratkumar.Sahoo,,
Q2 23'S6-Y to sch h k bhagwn h,2023/06/06,2023/06/20,HUB-103567,2740,Shea.Sullivan,0,0,0,0,1,0,0,0,0,0,0,0,Subratkumar.Sahoo,,
Q2 23'S6-Y to sch h k bhagwn h,2023/06/06,2023/06/20,HUB-103567,2741,Shea.Sullivan,0,0,0,0,0,0,0,0,0,0,0,0,SDowney,,
Q2 23'S6-Y to sch h k bhagwn h,2023/06/06,2023/06/20,HUB-103567,3482,Shea.Sullivan,0,0,0,0,1,0,0,0,0,0,0,0,Subratkumar.Sahoo,,
Q2 23'S6-Y to sch h k bhagwn h,2023/06/06,2023/06/20,PROD-168302,1684,Shea.Sullivan,0,0,0,0,0,0,0,0,0,0,0,0,SDowney,,
Q2 23'S6-Y to sch h k bhagwn h,2023/06/06,2023/06/20,HUB-101407,3611,Shea.Sullivan,0,0,0,0,0,0,0,0,0,0,0,0,Subratkumar.Sahoo,,
Sprint Totals,,,,,,PR_ADDED: 0,PR_REMOVED: 0,COMMIT_ADDED: 10,COMMIT_REMOVED: 5,APPROVED: 14,COMMENTED: 3,DECLINED: 0,MERGED: 0,OPENED: 0,RESCOPED: 0,UNAPPROVED: 3,UPDATED: 0,,,

Q2 23' S7-Bhagwan kaha h re tu,2023/06/20,2023/07/04,CMOBL-152343,3484,Shea.Sullivan,0,0,0,0,1,0,0,0,0,0,0,0,Subratkumar.Sahoo,,
Q2 23' S7-Bhagwan kaha h re tu,2023/06/20,2023/07/04,CMOBL-152343,3489,Shea.Sullivan,0,0,0,0,1,0,0,0,0,0,0,0,Subratkumar.Sahoo,,
Q2 23' S7-Bhagwan kaha h re tu,2023/06/20,2023/07/04,CMOBL-154428,3611,Shea.Sullivan,0,0,0,0,1,0,0,0,0,0,0,0,Subratkumar.Sahoo,,
Q2 23' S7-Bhagwan kaha h re tu,2023/06/20,2023/07/04,HUB-76689,2746,Shea.Sullivan,0,0,0,0,1,0,0,0,0,0,0,0,Subratkumar.Sahoo,,
Q2 23' S7-Bhagwan kaha h re tu,2023/06/20,2023/07/04,HUB-76689,2747,Shea.Sullivan,0,0,0,0,1,1,0,0,0,0,0,0,MMenpadi,"1. Where these changes were made in a release branch, do the updates here mean what is in production/master is not going to match develop?",
Q2 23' S7-Bhagwan kaha h re tu,2023/06/20,2023/07/04,HUB-76689,3489,Shea.Sullivan,0,0,0,0,0,0,0,0,0,0,0,0,Subratkumar.Sahoo,,
Q2 23' S7-Bhagwan kaha h re tu,2023/06/20,2023/07/04,HUB-76689,3490,Shea.Sullivan,0,0,0,0,1,0,0,0,0,0,0,0,MMenpadi,,
Q2 23' S7-Bhagwan kaha h re tu,2023/06/20,2023/07/04,HUB-76689,3611,Shea.Sullivan,0,0,0,0,0,0,0,0,0,0,0,0,Subratkumar.Sahoo,,
Q2 23' S7-Bhagwan kaha h re tu,2023/06/20,2023/07/04,HUB-76689,3613,Shea.Sullivan,0,0,0,0,1,0,0,0,0,0,0,0,MMenpadi,,
Q2 23' S7-Bhagwan kaha h re tu,2023/06/20,2023/07/04,HUB-101407,3611,Shea.Sullivan,0,0,0,0,0,0,0,0,0,0,0,0,Subratkumar.Sahoo,,
Q2 23' S7-Bhagwan kaha h re tu,2023/06/20,2023/07/04,HUB-104556,3492,Shea.Sullivan,3036,80,22,15,0,0,0,0,0,0,0,0,Shea.Sullivan,,"1. PROD-169572: Update exhibitor logo export to use s3 public url
2. Merge branch 'develop' into PROD-169572
3. Pull request #3486: PROD-169572: Update exhibitor logo export to use s3 public url  Merge in PT/onsite-planner-portal from PROD-169572 to develop  * commit '788bcf9eb21bd434e1f49ec1bd646a400b8e733b':    PROD-169572: Update exhibitor logo export to use s3 public url"
Q2 23' S7-Bhagwan kaha h re tu,2023/06/20,2023/07/04,HUB-104556,2746,Shea.Sullivan,0,0,0,0,0,0,0,0,0,0,0,0,Subratkumar.Sahoo,,
Q2 23' S7-Bhagwan kaha h re tu,2023/06/20,2023/07/04,HUB-104556,2747,Shea.Sullivan,0,0,0,0,0,0,0,0,0,0,0,0,MMenpadi,,
Q2 23' S7-Bhagwan kaha h re tu,2023/06/20,2023/07/04,HUB-104580,406,Shea.Sullivan,0,0,0,0,1,0,0,0,0,0,0,0,Subratkumar.Sahoo,,
Q2 23' S7-Bhagwan kaha h re tu,2023/06/20,2023/07/04,PROD-170304,725,Shea.Sullivan,0,0,0,0,1,0,0,0,0,0,0,0,Prashant.Bansal,,
Sprint Totals,,,,,,PR_ADDED: 3036,PR_REMOVED: 80,COMMIT_ADDED: 22,COMMIT_REMOVED: 15,APPROVED: 9,COMMENTED: 1,DECLINED: 0,MERGED: 0,OPENED: 0,RESCOPED: 0,UNAPPROVED: 0,UPDATED: 0,,,

Overall Totals,,,,,,PR_ADDED: 23318,PR_REMOVED: 6687,COMMIT_ADDED: 1738,COMMIT_REMOVED: 701,APPROVED: 59,COMMENTED: 5,DECLINED: 0,MERGED: 1,OPENED: 2,RESCOPED: 1,UNAPPROVED: 3,UPDATED: 0,,,
