SPRINT,START_DATE,END_DATE,TICKET,PR_ID,USER,PR_ADDED,PR_REMOVED,COMMIT_ADDED,COMMIT_REMOVED,APPROVED,COMMENTED,DECLINED,MERGED,OPENED,RESCOPED,UNAPPROVED,UPDATED,AUTHOR,COMMENTS,COMMIT_MESSAGES
PP-Gummy Bears,2023/04/04,2023/04/18,HUB-88741,16399,MKanis,0,0,0,0,0,0,0,0,0,0,0,0,ashish.a,,
PP-Gummy Bears,2023/04/04,2023/04/18,HUB-88741,16414,MKanis,0,0,0,0,0,0,0,0,0,0,0,0,"Jaiswal, Nikita",,
PP-Gummy Bears,2023/04/04,2023/04/18,HUB-88741,22019,MKanis,0,0,0,0,0,0,0,0,0,0,0,0,JKaur,,1. Pull request #22003: CTEQ-50994-rhflextravel  Merge in QE/automation-starter from CTEQ-50994-rhflextravel to region/t2  * commit 'ff18f1ac627e9e5b8669bc1b36083cf4b4c8a5b9':    CTEQ-50994-rhflextravel
PP-Gummy Bears,2023/04/04,2023/04/18,HUB-88741,22052,MKanis,5775,2748,0,0,0,0,0,0,0,0,0,0,MKanis,,
Sprint Totals,,,,,,PR_ADDED: 5775,PR_REMOVED: 2748,COMMIT_ADDED: 0,COMMIT_REMOVED: 0,APPROVED: 0,COMMENTED: 0,DECLINED: 0,MERGED: 0,OPENED: 0,RESCOPED: 0,UNAPPROVED: 0,UPDATED: 0,,,

PP-Ho Hos,2023/04/18,2023/05/02,HUB-95560,16399,MKanis,0,0,0,0,0,0,0,0,0,0,0,0,ashish.a,,
PP-Ho Hos,2023/04/18,2023/05/02,HUB-95560,16414,MKanis,0,0,0,0,0,0,0,0,0,0,0,0,"Jaiswal, Nikita",,
PP-Ho Hos,2023/04/18,2023/05/02,HUB-94623,16399,MKanis,0,0,0,0,0,0,0,0,0,0,0,0,ashish.a,,
PP-Ho Hos,2023/04/18,2023/05/02,HUB-94623,16414,MKanis,0,0,0,0,0,0,0,0,0,0,0,0,"Jaiswal, Nikita",,
Sprint Totals,,,,,,PR_ADDED: 0,PR_REMOVED: 0,COMMIT_ADDED: 0,COMMIT_REMOVED: 0,APPROVED: 0,COMMENTED: 0,DECLINED: 0,MERGED: 0,OPENED: 0,RESCOPED: 0,UNAPPROVED: 0,UPDATED: 0,,,

PP-Idli,2023/05/02,2023/05/16,HUB-94623,16399,MKanis,0,0,0,0,0,0,0,0,0,0,0,0,ashish.a,,
PP-Idli,2023/05/02,2023/05/16,HUB-94623,16414,MKanis,0,0,0,0,0,0,0,0,0,0,0,0,"Jaiswal, Nikita",,
Sprint Totals,,,,,,PR_ADDED: 0,PR_REMOVED: 0,COMMIT_ADDED: 0,COMMIT_REMOVED: 0,APPROVED: 0,COMMENTED: 0,DECLINED: 0,MERGED: 0,OPENED: 0,RESCOPED: 0,UNAPPROVED: 0,UPDATED: 0,,,

PP-Jalapeno Poppers,2023/05/16,2023/05/30,HUB-94186,16399,MKanis,0,0,0,0,0,0,0,0,0,0,0,0,ashish.a,,
PP-Jalapeno Poppers,2023/05/16,2023/05/30,HUB-94186,16414,MKanis,0,0,0,0,0,0,0,0,0,0,0,0,"Jaiswal, Nikita",,
PP-Jalapeno Poppers,2023/05/16,2023/05/30,HUB-94186,22471,MKanis,0,0,0,0,0,0,0,0,0,0,0,0,PSuresh,,1. Pull request #22459: FLEX-88771 : Updated script to use xpath from Object repo that has modified xpath change due to email refresh epic  Merge in QE/automation-starter from flex-88771-emailrefresh-scriptfix to region/t2  * commit '6adaf48af703c63524830e1c8be45481495d6e60':    FLEX-88771 : Updated script to use object    FLEX-88771 : Updated script to use xpath from Object repo that has modified xpath change due to email refresh epic
PP-Jalapeno Poppers,2023/05/16,2023/05/30,HUB-94186,22483,MKanis,0,0,0,0,0,0,0,0,0,0,0,0,MDesai,,
PP-Jalapeno Poppers,2023/05/16,2023/05/30,HUB-94623,16399,MKanis,0,0,0,0,0,0,0,0,0,0,0,0,ashish.a,,
PP-Jalapeno Poppers,2023/05/16,2023/05/30,HUB-94623,16414,MKanis,0,0,0,0,0,0,0,0,0,0,0,0,"Jaiswal, Nikita",,
PP-Jalapeno Poppers,2023/05/16,2023/05/30,HUB-94623,22454,MKanis,0,0,0,0,0,0,0,0,0,0,0,0,MDesai,,"1. Pull request #22417: added ot  Merge in QE/automation-starter from CTEQ-52912-merge to region/t2  * commit '49d54a4a9f0a5a710c0bcdca9451d91de2336f15':    added ot
2. Pull request #22431: fix save issue  Merge in QE/automation-starter from CTEQ-59747 to region/t2  * commit '484a3c56bcb36b9274a6f95d2ff056faf403fe46':    fix save issue"
Sprint Totals,,,,,,PR_ADDED: 0,PR_REMOVED: 0,COMMIT_ADDED: 0,COMMIT_REMOVED: 0,APPROVED: 0,COMMENTED: 0,DECLINED: 0,MERGED: 0,OPENED: 0,RESCOPED: 0,UNAPPROVED: 0,UPDATED: 0,,,

PP-Kit Kat(05/30-06/13),2023/05/30,2023/06/13,HUB-100957,16399,MKanis,0,0,0,0,0,0,0,0,0,0,0,0,ashish.a,,
PP-Kit Kat(05/30-06/13),2023/05/30,2023/06/13,HUB-100957,16414,MKanis,0,0,0,0,0,0,0,0,0,0,0,0,"Jaiswal, Nikita",,
Sprint Totals,,,,,,PR_ADDED: 0,PR_REMOVED: 0,COMMIT_ADDED: 0,COMMIT_REMOVED: 0,APPROVED: 0,COMMENTED: 0,DECLINED: 0,MERGED: 0,OPENED: 0,RESCOPED: 0,UNAPPROVED: 0,UPDATED: 0,,,

Overall Totals,,,,,,PR_ADDED: 5775,PR_REMOVED: 2748,COMMIT_ADDED: 0,COMMIT_REMOVED: 0,APPROVED: 0,COMMENTED: 0,DECLINED: 0,MERGED: 0,OPENED: 0,RESCOPED: 0,UNAPPROVED: 0,UPDATED: 0,,,
