SPRINT,START_DATE,END_DATE,TICKET,PR_ID,USER,PR_ADDED,PR_REMOVED,COMMIT_ADDED,COMMIT_REMOVED,APPROVED,COMMENTED,DECLINED,MERGED,OPENED,RESCOPED,UNAPPROVED,UPDATED,AUTHOR,COMMENTS,COMMIT_MESSAGES
Krypto Q2 23' S1 (8w 3d),2023/04/05,2023/04/19,PROD-161672,9026,SCahail,0,0,0,0,0,0,0,0,0,0,0,0,MGangani,,
Sprint Totals,,,,,,PR_ADDED: 0,PR_REMOVED: 0,COMMIT_ADDED: 0,COMMIT_REMOVED: 0,APPROVED: 0,COMMENTED: 0,DECLINED: 0,MERGED: 0,OPENED: 0,RESCOPED: 0,UNAPPROVED: 0,UPDATED: 0,,,

Krypto Q2 23' S2 (10w 1d),2023/04/19,2023/05/03,PROD-161672,9026,SCahail,0,0,0,0,1,0,0,0,0,0,0,0,MGangani,,
Sprint Totals,,,,,,PR_ADDED: 0,PR_REMOVED: 0,COMMIT_ADDED: 0,COMMIT_REMOVED: 0,APPROVED: 1,COMMENTED: 0,DECLINED: 0,MERGED: 0,OPENED: 0,RESCOPED: 0,UNAPPROVED: 0,UPDATED: 0,,,

Krypto Q2 23' S4 (10w 1d),2023/05/18,2023/06/01,PROD-168163,9344,SCahail,0,0,0,0,1,0,0,0,0,0,0,0,Harshita.Sharma,,
Krypto Q2 23' S4 (10w 1d),2023/05/18,2023/06/01,PROD-168163,9409,SCahail,0,0,6,1,0,0,0,0,0,0,0,0,TCox,,"1. HUB-100792: Remove box shadow on hover for single internal link custom cards
2. Pull request #9383: HUB-100792: Remove box shadow on hover for single internal link custom cards  Merge in AX/attendee-experience-web from hub-99172 to develop  * commit '9c8bfd406e3a5c052584c71be12a51b01f178ae6':    HUB-100792: Remove box shadow on hover for single internal link custom cards"
Sprint Totals,,,,,,PR_ADDED: 0,PR_REMOVED: 0,COMMIT_ADDED: 6,COMMIT_REMOVED: 1,APPROVED: 1,COMMENTED: 0,DECLINED: 0,MERGED: 0,OPENED: 0,RESCOPED: 0,UNAPPROVED: 0,UPDATED: 0,,,

Krypto Q2 23' S5(9w 2d),2023/06/01,2023/06/14,PROD-168163,9344,SCahail,0,0,0,0,0,0,0,0,0,0,0,0,Harshita.Sharma,,
Krypto Q2 23' S5(9w 2d),2023/06/01,2023/06/14,PROD-169112,9443,SCahail,0,0,0,0,1,0,0,0,0,0,0,0,ShubhamR,,
Sprint Totals,,,,,,PR_ADDED: 0,PR_REMOVED: 0,COMMIT_ADDED: 0,COMMIT_REMOVED: 0,APPROVED: 1,COMMENTED: 0,DECLINED: 0,MERGED: 0,OPENED: 0,RESCOPED: 0,UNAPPROVED: 0,UPDATED: 0,,,

Krypto Q2 23' S6 (8w 4d),2023/06/16,2023/06/29,PROD-166554,11286,SCahail,0,0,0,0,1,0,0,0,0,0,0,0,Harshita.Sharma,,
Krypto Q2 23' S6 (8w 4d),2023/06/16,2023/06/29,PROD-166554,11273,SCahail,0,0,0,0,1,0,0,0,0,0,0,0,Harshita.Sharma,,
Krypto Q2 23' S6 (8w 4d),2023/06/16,2023/06/29,PROD-169654,9579,SCahail,0,0,0,0,1,0,0,0,0,0,0,0,Harshita.Sharma,,
Krypto Q2 23' S6 (8w 4d),2023/06/16,2023/06/29,PROD-169654,9618,SCahail,0,0,18,7,0,0,0,0,0,0,0,0,SSimpson,,"1. PROD-170669: Fix misaligned accept button
2. Pull request #9585: PROD-170669: Fix misaligned accept button  Merge in AX/attendee-experience-web from prod-170669 to develop  * commit '5f22613b860a2e225932cc01686de8861dae3352':    PROD-170669: Fix misaligned accept button
3. PROD-170679: Align schedule appointment title with Create header on webview
4. Pull request #9600: PROD-170679: Align schedule appointment title with Create header on webview  Merge in AX/attendee-experience-web from prod-170679 to develop  * commit 'a0b26e108ac2b72b8dc481d2e93371918e6dcf63':    PROD-170679: Align schedule appointment title with Create header on webview"
Krypto Q2 23' S6 (8w 4d),2023/06/16,2023/06/29,PROD-169654,9611,SCahail,0,0,0,0,0,0,0,0,0,0,0,0,MQian,,1. Merge remote-tracking branch 'origin/master' into downmerge/2.21.0
Krypto Q2 23' S6 (8w 4d),2023/06/16,2023/06/29,PROD-170676,9618,SCahail,0,0,0,0,0,0,0,0,0,0,0,0,SSimpson,,
Krypto Q2 23' S6 (8w 4d),2023/06/16,2023/06/29,PROD-171600,1560,SCahail,0,0,191,77,0,0,0,0,0,0,0,0,MGangani,,"1. HUB-103591: Disable update button when appt card name or staff name fields are empty
2. HUB-103600: Do not show staff card fields if staff card data is null when appt card is created
3. HUB-103600: Add unit test
4. Pull request #1547: HUB-103591: Disable update button when appt card name or staff name fields are empty  Merge in AX/attendee-experience-builder from hub-99176 to develop  * commit 'a858ffca5a7e0140d0f8ca319d6abfa2b5414311':    HUB-103600: Add unit test    HUB-103600: Do not show staff card fields if staff card data is null when appt card is created    HUB-103591: Disable update button when appt card name or staff name fields are empty"
Krypto Q2 23' S6 (8w 4d),2023/06/16,2023/06/29,PROD-171600,1579,SCahail,140,336,0,0,0,0,0,0,1,0,0,0,SCahail,,1. Merge remote-tracking branch 'origin/master' into downmerge/1.107.0
Sprint Totals,,,,,,PR_ADDED: 140,PR_REMOVED: 336,COMMIT_ADDED: 209,COMMIT_REMOVED: 84,APPROVED: 3,COMMENTED: 0,DECLINED: 0,MERGED: 0,OPENED: 1,RESCOPED: 0,UNAPPROVED: 0,UPDATED: 0,,,

Overall Totals,,,,,,PR_ADDED: 140,PR_REMOVED: 336,COMMIT_ADDED: 215,COMMIT_REMOVED: 85,APPROVED: 6,COMMENTED: 0,DECLINED: 0,MERGED: 0,OPENED: 1,RESCOPED: 0,UNAPPROVED: 0,UPDATED: 0,,,
