SPRINT,START_DATE,END_DATE,TICKET,PR_ID,USER,PR_ADDED,PR_REMOVED,COMMIT_ADDED,COMMIT_REMOVED,APPROVED,COMMENTED,DECLINED,MERGED,OPENED,RESCOPED,UNAPPROVED,UPDATED,AUTHOR,COMMENTS,COMMIT_MESSAGES
Snx-Haaldersbroekerdwarsstraat,2023/04/13,2023/04/26,HUB-27680,9177,MQian,0,0,0,0,0,0,0,0,0,0,0,0,BRehman,,
Snx-Haaldersbroekerdwarsstraat,2023/04/13,2023/04/26,HUB-80483,9177,MQian,0,0,0,0,0,0,0,0,0,0,0,0,BRehman,,
Snx-Haaldersbroekerdwarsstraat,2023/04/13,2023/04/26,HUB-87823,9177,MQian,0,0,0,0,0,0,0,0,0,0,0,0,BRehman,,
Snx-Haaldersbroekerdwarsstraat,2023/04/13,2023/04/26,HUB-89725,9177,MQian,0,0,0,0,0,0,0,0,0,0,0,0,BRehman,,
Snx-Haaldersbroekerdwarsstraat,2023/04/13,2023/04/26,HUB-92413,9072,MQian,0,0,0,0,1,0,0,0,0,0,0,0,RLiwag,,
Snx-Haaldersbroekerdwarsstraat,2023/04/13,2023/04/26,HUB-94420,9044,MQian,0,0,0,0,0,0,0,0,0,0,0,0,CLeech,,
Snx-Haaldersbroekerdwarsstraat,2023/04/13,2023/04/26,HUB-94831,9080,MQian,0,0,0,0,1,0,0,0,0,0,0,1,JMcGough,,
Snx-Haaldersbroekerdwarsstraat,2023/04/13,2023/04/26,HUB-95234,9177,MQian,0,0,0,0,0,0,0,0,0,0,0,0,BRehman,,
Snx-Haaldersbroekerdwarsstraat,2023/04/13,2023/04/26,HUB-96985,3506,MQian,0,0,0,0,0,0,0,0,0,0,0,0,CEkrut,,
Sprint Totals,,,,,,PR_ADDED: 0,PR_REMOVED: 0,COMMIT_ADDED: 0,COMMIT_REMOVED: 0,APPROVED: 2,COMMENTED: 0,DECLINED: 0,MERGED: 0,OPENED: 0,RESCOPED: 0,UNAPPROVED: 0,UPDATED: 1,,,

Snax - Idiotville (4/27-5/10),2023/04/27,2023/05/10,HUB-90986,9293,MQian,0,0,0,0,0,0,0,0,0,0,0,0,Shea.Sullivan,,
Snax - Idiotville (4/27-5/10),2023/04/27,2023/05/10,HUB-97171,9145,MQian,0,0,0,0,1,0,0,0,0,0,0,0,MPruit,,
Snax - Idiotville (4/27-5/10),2023/04/27,2023/05/10,HUB-97171,9200,MQian,0,0,0,0,1,0,0,0,0,0,0,0,MPruit,,
Snax - Idiotville (4/27-5/10),2023/04/27,2023/05/10,HUB-97195,9177,MQian,0,0,0,0,1,0,0,0,0,0,0,0,BRehman,,
Snax - Idiotville (4/27-5/10),2023/04/27,2023/05/10,HUB-97554,9177,MQian,0,0,0,0,0,0,0,0,0,0,0,0,BRehman,,
Snax - Idiotville (4/27-5/10),2023/04/27,2023/05/10,HUB-50072,9293,MQian,0,0,0,0,0,0,0,0,0,0,0,0,Shea.Sullivan,,
Snax - Idiotville (4/27-5/10),2023/04/27,2023/05/10,HUB-81950,9293,MQian,0,0,0,0,0,0,0,0,0,0,0,0,Shea.Sullivan,,
Snax - Idiotville (4/27-5/10),2023/04/27,2023/05/10,HUB-88110,9293,MQian,0,0,0,0,0,0,0,0,0,0,0,0,Shea.Sullivan,,
Snax - Idiotville (4/27-5/10),2023/04/27,2023/05/10,HUB-95470,9293,MQian,0,0,0,0,0,0,0,0,0,0,0,0,Shea.Sullivan,,
Sprint Totals,,,,,,PR_ADDED: 0,PR_REMOVED: 0,COMMIT_ADDED: 0,COMMIT_REMOVED: 0,APPROVED: 3,COMMENTED: 0,DECLINED: 0,MERGED: 0,OPENED: 0,RESCOPED: 0,UNAPPROVED: 0,UPDATED: 0,,,

Snax - Jerrys Nose (5/11-5/24),2023/05/11,2023/05/25,HUB-45176,1508,MQian,0,0,0,0,0,0,0,0,0,0,0,0,TCox,,
Snax - Jerrys Nose (5/11-5/24),2023/05/11,2023/05/25,HUB-50072,9293,MQian,0,0,0,0,1,0,0,0,0,0,0,0,Shea.Sullivan,,
Snax - Jerrys Nose (5/11-5/24),2023/05/11,2023/05/25,HUB-81950,9293,MQian,0,0,0,0,0,0,0,0,0,0,0,0,Shea.Sullivan,,
Snax - Jerrys Nose (5/11-5/24),2023/05/11,2023/05/25,HUB-88110,9293,MQian,0,0,0,0,0,0,0,0,0,0,0,0,Shea.Sullivan,,
Snax - Jerrys Nose (5/11-5/24),2023/05/11,2023/05/25,HUB-95470,9293,MQian,0,0,0,0,0,0,0,0,0,0,0,0,Shea.Sullivan,,
Snax - Jerrys Nose (5/11-5/24),2023/05/11,2023/05/25,HUB-98245,9409,MQian,0,0,0,0,0,0,0,0,0,0,0,0,TCox,,
Snax - Jerrys Nose (5/11-5/24),2023/05/11,2023/05/25,HUB-99457,9293,MQian,0,0,0,0,0,0,0,0,0,0,0,0,Shea.Sullivan,,
Snax - Jerrys Nose (5/11-5/24),2023/05/11,2023/05/25,HUB-99466,9293,MQian,0,0,0,0,0,0,0,0,0,0,0,0,Shea.Sullivan,,
Snax - Jerrys Nose (5/11-5/24),2023/05/11,2023/05/25,HUB-99657,9409,MQian,0,0,0,0,0,0,0,0,0,0,0,0,TCox,,
Snax - Jerrys Nose (5/11-5/24),2023/05/11,2023/05/25,HUB-99671,9409,MQian,0,0,0,0,0,0,0,0,0,0,0,0,TCox,,
Snax - Jerrys Nose (5/11-5/24),2023/05/11,2023/05/25,PROD-166714,9293,MQian,0,0,0,0,0,0,0,0,0,0,0,0,Shea.Sullivan,,
Snax - Jerrys Nose (5/11-5/24),2023/05/11,2023/05/25,PROD-166841,9293,MQian,0,0,0,0,0,0,0,0,0,0,0,0,Shea.Sullivan,,
Snax - Jerrys Nose (5/11-5/24),2023/05/11,2023/05/25,PROD-168267,9409,MQian,0,0,0,0,0,0,0,0,0,0,0,0,TCox,,
Snax - Jerrys Nose (5/11-5/24),2023/05/11,2023/05/25,HUB-72801,9409,MQian,0,0,0,0,0,0,0,0,0,0,0,0,TCox,,
Snax - Jerrys Nose (5/11-5/24),2023/05/11,2023/05/25,HUB-97219,1508,MQian,0,0,0,0,0,0,0,0,0,0,0,0,TCox,,
Snax - Jerrys Nose (5/11-5/24),2023/05/11,2023/05/25,HUB-97882,3557,MQian,0,0,0,0,0,0,0,0,0,0,0,0,A.Li,,
Sprint Totals,,,,,,PR_ADDED: 0,PR_REMOVED: 0,COMMIT_ADDED: 0,COMMIT_REMOVED: 0,APPROVED: 1,COMMENTED: 0,DECLINED: 0,MERGED: 0,OPENED: 0,RESCOPED: 0,UNAPPROVED: 0,UPDATED: 0,,,

Snax - Sprint Kickapoo,2023/05/25,2023/06/07,HUB-72801,9409,MQian,0,0,0,0,1,0,0,0,0,0,0,0,TCox,,
Snax - Sprint Kickapoo,2023/05/25,2023/06/07,HUB-73304,1512,MQian,0,0,0,0,1,0,0,0,0,0,0,0,M.Garcia,,
Snax - Sprint Kickapoo,2023/05/25,2023/06/07,HUB-90849,3567,MQian,0,0,0,0,1,0,0,0,0,0,0,0,IArgyle,,
Snax - Sprint Kickapoo,2023/05/25,2023/06/07,HUB-97219,1508,MQian,0,0,0,0,1,0,0,0,0,0,0,0,TCox,,
Snax - Sprint Kickapoo,2023/05/25,2023/06/07,HUB-97220,1511,MQian,0,0,0,0,1,0,0,0,0,0,0,0,RLiwag,,
Snax - Sprint Kickapoo,2023/05/25,2023/06/07,HUB-97882,3557,MQian,0,0,0,0,1,0,0,0,0,0,0,0,A.Li,,
Snax - Sprint Kickapoo,2023/05/25,2023/06/07,HUB-99661,3570,MQian,0,0,0,0,1,0,0,0,0,0,0,0,A.Li,,
Snax - Sprint Kickapoo,2023/05/25,2023/06/07,PROD-166565,9409,MQian,0,0,0,0,0,0,0,0,0,0,0,0,TCox,,
Snax - Sprint Kickapoo,2023/05/25,2023/06/07,HUB-101238,9551,MQian,0,0,0,0,0,0,0,0,0,0,0,0,MGangani,,
Snax - Sprint Kickapoo,2023/05/25,2023/06/07,PROD-166496,9411,MQian,0,0,0,0,1,0,0,0,0,0,0,0,RLiwag,,
Sprint Totals,,,,,,PR_ADDED: 0,PR_REMOVED: 0,COMMIT_ADDED: 0,COMMIT_REMOVED: 0,APPROVED: 8,COMMENTED: 0,DECLINED: 0,MERGED: 0,OPENED: 0,RESCOPED: 0,UNAPPROVED: 0,UPDATED: 0,,,

Snax - Las Vegas,2023/06/08,2023/06/22,HUB-97243,1540,MQian,0,0,0,0,1,0,0,0,0,0,0,0,RLiwag,,
Snax - Las Vegas,2023/06/08,2023/06/22,HUB-97970,1583,MQian,0,0,0,0,0,0,0,0,0,0,0,0,SSimpson,,
Snax - Las Vegas,2023/06/08,2023/06/22,HUB-97970,1581,MQian,5466,2390,0,0,0,0,0,0,0,0,0,0,MQian,,
Snax - Las Vegas,2023/06/08,2023/06/22,HUB-101238,9551,MQian,0,0,0,0,1,0,0,0,0,0,0,0,MGangani,,
Snax - Las Vegas,2023/06/08,2023/06/22,HUB-101440,9618,MQian,0,0,0,0,0,0,0,0,0,0,0,0,SSimpson,,
Snax - Las Vegas,2023/06/08,2023/06/22,HUB-101440,9611,MQian,5594,4406,0,0,0,0,0,0,0,0,0,0,MQian,,
Snax - Las Vegas,2023/06/08,2023/06/22,HUB-101440,9617,MQian,0,0,0,0,0,0,0,0,0,0,0,0,SSimpson,,
Snax - Las Vegas,2023/06/08,2023/06/22,HUB-102403,9618,MQian,0,0,0,0,0,0,0,0,0,0,0,0,SSimpson,,
Snax - Las Vegas,2023/06/08,2023/06/22,HUB-102403,9611,MQian,5594,4406,0,0,0,0,0,0,0,0,0,0,MQian,,
Snax - Las Vegas,2023/06/08,2023/06/22,HUB-102403,9617,MQian,0,0,0,0,0,0,0,0,0,0,0,0,SSimpson,,
Snax - Las Vegas,2023/06/08,2023/06/22,HUB-103041,3635,MQian,0,0,0,0,0,0,0,0,0,0,0,0,SSimpson,,
Snax - Las Vegas,2023/06/08,2023/06/22,HUB-103041,3633,MQian,2030,892,0,0,0,0,0,0,0,0,0,0,MQian,,
Snax - Las Vegas,2023/06/08,2023/06/22,HUB-103566,3635,MQian,0,0,0,0,0,0,0,0,0,0,0,0,SSimpson,,
Snax - Las Vegas,2023/06/08,2023/06/22,HUB-103566,3633,MQian,2030,892,0,0,0,0,0,0,0,0,0,0,MQian,,
Snax - Las Vegas,2023/06/08,2023/06/22,PROD-166496,9411,MQian,0,0,0,0,0,0,0,0,0,0,0,0,RLiwag,,
Snax - Las Vegas,2023/06/08,2023/06/22,PROD-168946,1583,MQian,0,0,0,0,0,0,0,0,0,0,0,0,SSimpson,,
Snax - Las Vegas,2023/06/08,2023/06/22,PROD-168946,1581,MQian,5466,2390,0,0,0,0,0,0,0,0,0,0,MQian,,
Snax - Las Vegas,2023/06/08,2023/06/22,HUB-101099,9551,MQian,0,0,0,0,0,0,0,0,0,0,0,0,MGangani,,
Snax - Las Vegas,2023/06/08,2023/06/22,HUB-101099,9618,MQian,0,0,0,0,0,0,0,0,0,0,0,0,SSimpson,,
Snax - Las Vegas,2023/06/08,2023/06/22,HUB-101099,9611,MQian,5594,4406,0,0,0,0,0,0,0,0,0,0,MQian,,
Snax - Las Vegas,2023/06/08,2023/06/22,HUB-101099,9617,MQian,0,0,0,0,0,0,0,0,0,0,0,0,SSimpson,,
Snax - Las Vegas,2023/06/08,2023/06/22,HUB-103907,9618,MQian,0,0,0,0,0,0,0,0,0,0,0,0,SSimpson,,
Snax - Las Vegas,2023/06/08,2023/06/22,HUB-103907,9611,MQian,5594,4406,0,0,0,0,0,0,0,0,0,0,MQian,,
Snax - Las Vegas,2023/06/08,2023/06/22,HUB-103907,9617,MQian,0,0,0,0,0,0,0,0,0,0,0,0,SSimpson,,
Sprint Totals,,,,,,PR_ADDED: 37368,PR_REMOVED: 24188,COMMIT_ADDED: 0,COMMIT_REMOVED: 0,APPROVED: 2,COMMENTED: 0,DECLINED: 0,MERGED: 0,OPENED: 0,RESCOPED: 0,UNAPPROVED: 0,UPDATED: 0,,,

Overall Totals,,,,,,PR_ADDED: 37368,PR_REMOVED: 24188,COMMIT_ADDED: 0,COMMIT_REMOVED: 0,APPROVED: 16,COMMENTED: 0,DECLINED: 0,MERGED: 0,OPENED: 0,RESCOPED: 0,UNAPPROVED: 0,UPDATED: 1,,,
