SPRINT,START_DATE,END_DATE,TICKET,PR_ID,USER,PR_ADDED,PR_REMOVED,COMMIT_ADDED,COMMIT_REMOVED,APPROVED,COMMENTED,DECLINED,MERGED,OPENED,RESCOPED,UNAPPROVED,UPDATED,AUTHOR,COMMENTS,COMMIT_MESSAGES
Krypto Q2 23' S2 (10w 1d),2023/04/19,2023/05/03,PROD-165626,148504,Sagar.Patel,0,0,0,0,1,0,0,0,0,0,0,1,AJagtap,,
Krypto Q2 23' S2 (10w 1d),2023/04/19,2023/05/03,PROD-165626,148699,Sagar.Patel,8443,1557,0,0,0,0,0,1,1,0,0,0,Sagar.Patel,,
Krypto Q2 23' S2 (10w 1d),2023/04/19,2023/05/03,PROD-165626,148796,Sagar.Patel,0,0,0,0,1,0,0,0,0,0,0,1,AJagtap,,
Sprint Totals,,,,,,PR_ADDED: 8443,PR_REMOVED: 1557,COMMIT_ADDED: 0,COMMIT_REMOVED: 0,APPROVED: 2,COMMENTED: 0,DECLINED: 0,MERGED: 1,OPENED: 1,RESCOPED: 0,UNAPPROVED: 0,UPDATED: 2,,,

Overall Totals,,,,,,PR_ADDED: 8443,PR_REMOVED: 1557,COMMIT_ADDED: 0,COMMIT_REMOVED: 0,APPROVED: 2,COMMENTED: 0,DECLINED: 0,MERGED: 1,OPENED: 1,RESCOPED: 0,UNAPPROVED: 0,UPDATED: 2,,,
