SPRINT,START_DATE,END_DATE,TICKET,PR_ID,USER,PR_ADDED,PR_REMOVED,COMMIT_ADDED,COMMIT_REMOVED,APPROVED,COMMENTED,DECLINED,MERGED,OPENED,RESCOPED,UNAPPROVED,UPDATED,AUTHOR,COMMENTS,COMMIT_MESSAGES
Q2 2023 - Sprint 2,2023/04/20,2023/05/03,PROD-165670,142461,"Verma, Tushar",1127,8873,0,0,0,0,0,0,0,0,0,0,"Verma, Tushar",,
Q2 2023 - Sprint 2,2023/04/20,2023/05/03,HUB-97991,142461,"Verma, Tushar",1127,8873,0,0,0,0,0,0,0,0,0,0,"Verma, Tushar",,
Sprint Totals,,,,,,PR_ADDED: 2254,PR_REMOVED: 17746,COMMIT_ADDED: 0,COMMIT_REMOVED: 0,APPROVED: 0,COMMENTED: 0,DECLINED: 0,MERGED: 0,OPENED: 0,RESCOPED: 0,UNAPPROVED: 0,UPDATED: 0,,,

Q2 2023 - Sprint 3,2023/05/04,2023/05/17,HUB-97991,142461,"Verma, Tushar",1127,8873,0,0,0,0,0,0,0,0,0,0,"Verma, Tushar",,
Sprint Totals,,,,,,PR_ADDED: 1127,PR_REMOVED: 8873,COMMIT_ADDED: 0,COMMIT_REMOVED: 0,APPROVED: 0,COMMENTED: 0,DECLINED: 0,MERGED: 0,OPENED: 0,RESCOPED: 0,UNAPPROVED: 0,UPDATED: 0,,,

Q2 2023 - Sprint 5,2023/06/01,2023/06/14,PROD-168082,142461,"Verma, Tushar",1127,8873,0,0,0,0,0,0,0,0,0,0,"Verma, Tushar",,
Sprint Totals,,,,,,PR_ADDED: 1127,PR_REMOVED: 8873,COMMIT_ADDED: 0,COMMIT_REMOVED: 0,APPROVED: 0,COMMENTED: 0,DECLINED: 0,MERGED: 0,OPENED: 0,RESCOPED: 0,UNAPPROVED: 0,UPDATED: 0,,,

Overall Totals,,,,,,PR_ADDED: 4508,PR_REMOVED: 35492,COMMIT_ADDED: 0,COMMIT_REMOVED: 0,APPROVED: 0,COMMENTED: 0,DECLINED: 0,MERGED: 0,OPENED: 0,RESCOPED: 0,UNAPPROVED: 0,UPDATED: 0,,,
