SPRINT,START_DATE,END_DATE,TICKET,PR_ID,USER,PR_ADDED,PR_REMOVED,COMMIT_ADDED,COMMIT_REMOVED,APPROVED,COMMENTED,DECLINED,MERGED,OPENED,RESCOPED,UNAPPROVED,UPDATED,AUTHOR,COMMENTS,COMMIT_MESSAGES
Q2 2023 - Sprint 2,2023/04/20,2023/05/03,HUB-81337,9177,JMcGough,0,0,56,14,0,0,0,0,0,0,0,0,BRehman,,"1. HUB-97554: Hide replay/session ended behind feature flag
2. HUB-97554: changeset
3. HUB-97554: Correct logic for hiding session ended
4. HUB-97554: Fix tests
5. Pull request #9163: HUB-97554: Hide replay/session ended behind feature flag  Merge in AX/attendee-experience-web from HUB-97554 to develop  * commit 'b85893303fcc01f20065276dbaa44544133f9554':    HUB-97554: Fix tests    HUB-97554: Correct logic for hiding session ended    HUB-97554: changeset    HUB-97554: Hide replay/session ended behind feature flag"
Q2 2023 - Sprint 2,2023/04/20,2023/05/03,HUB-97991,1495,JMcGough,2547,731,0,0,0,0,0,0,0,0,0,0,JMcGough,,
Sprint Totals,,,,,,PR_ADDED: 2547,PR_REMOVED: 731,COMMIT_ADDED: 56,COMMIT_REMOVED: 14,APPROVED: 0,COMMENTED: 0,DECLINED: 0,MERGED: 0,OPENED: 0,RESCOPED: 0,UNAPPROVED: 0,UPDATED: 0,,,

Q2 2023 - Sprint 3,2023/05/04,2023/05/17,HUB-85259,9293,JMcGough,0,0,36,38,0,0,0,0,0,1,0,0,Shea.Sullivan,,"1. HUB-81950: update ticket comment
2. Merge branch 'develop' of ssh://stash.cvent.net:7999/ax/attendee-experience-web into HUB-81950
3. Pull request #9237: HUB-81950: Clean up Snax tests  Merge in AX/attendee-experience-web from HUB-81950 to develop  * commit '270edabc96fc240a40fe82f2ab85310025da8503':    HUB-81950: update ticket comment    HUB-81950: changeset    HUB-81950: Clean up Snax tests
4. PROD-166714: Event card sizing and spacing fixes
5. PROD-166714: changeset
6. PROD-166714: Fix system cards
7. Pull request #9298: PROD-166714: Event card sizing and spacing fixes  Merge in AX/attendee-experience-web from PROD-166714 to release/2.16.0  * commit '9dfcde8539e2b220b6997417816f9ff541fc57f4':    PROD-166714: Fix system cards    PROD-166714: changeset    PROD-166714: Event card sizing and spacing fixes"
Q2 2023 - Sprint 3,2023/05/04,2023/05/17,HUB-87585,9293,JMcGough,0,0,0,0,0,0,0,0,0,0,0,0,Shea.Sullivan,,
Q2 2023 - Sprint 3,2023/05/04,2023/05/17,HUB-91763,9354,JMcGough,9640,360,0,0,0,0,0,0,0,0,0,0,JMcGough,,
Q2 2023 - Sprint 3,2023/05/04,2023/05/17,HUB-94106,9293,JMcGough,0,0,0,0,0,0,0,0,0,0,0,0,Shea.Sullivan,,
Q2 2023 - Sprint 3,2023/05/04,2023/05/17,HUB-97991,1495,JMcGough,2547,731,0,0,0,0,0,0,0,0,0,0,JMcGough,,
Q2 2023 - Sprint 3,2023/05/04,2023/05/17,HUB-98053,9293,JMcGough,0,0,0,0,0,0,0,0,0,0,0,0,Shea.Sullivan,,
Q2 2023 - Sprint 3,2023/05/04,2023/05/17,HUB-98258,9354,JMcGough,9640,360,0,0,0,0,0,0,0,0,0,0,JMcGough,,
Q2 2023 - Sprint 3,2023/05/04,2023/05/17,PROD-164120,1495,JMcGough,2547,731,0,0,0,0,0,0,0,0,0,0,JMcGough,,
Sprint Totals,,,,,,PR_ADDED: 24374,PR_REMOVED: 2182,COMMIT_ADDED: 36,COMMIT_REMOVED: 38,APPROVED: 0,COMMENTED: 0,DECLINED: 0,MERGED: 0,OPENED: 0,RESCOPED: 1,UNAPPROVED: 0,UPDATED: 0,,,

Q2 2023 - Sprint 4,2023/05/18,2023/05/31,HUB-39923,9409,JMcGough,0,0,0,0,0,0,0,0,0,0,0,0,TCox,,"1. Merge remote-tracking branch 'origin/master' into downmerge/2.17.0
2. Pull request #9388: Downmerge/2.17.0  Merge in AX/attendee-experience-web from downmerge/2.17.0 to develop  * commit '527afdf4bb8c192931e1550ae19c0d2af7a9db17':    RELEASING: Releasing 3 package(s)    PROD-165206 Remove commented code    PROD-165206 Control flyout visibility with prop    changeset    Bump packages for build"
Q2 2023 - Sprint 4,2023/05/18,2023/05/31,HUB-93102,1518,JMcGough,0,0,52,61,0,0,0,0,0,0,0,0,ATawfik,,"1. PROD-166506: ts conversion
2. PROD-166506: Scrollable card modals
3. Pull request #1510: PROD-166506: Scrollable card modals  Merge in AX/attendee-experience-builder from PROD-166506 to develop  * commit '77a05e5adaa7c99666966dcb59619c64b2f10130':    PROD-166506: Scrollable card modals    PROD-166506: ts conversion"
Q2 2023 - Sprint 4,2023/05/18,2023/05/31,HUB-94412,1508,JMcGough,0,0,25,17,0,0,0,0,0,0,0,0,TCox,,"1. NA-0: Skip flaky video card tests
2. NA-0: changeset
3. NA-0: Use xdescribe + update codeowners
4. NA-0: fix prettier issue
5. Pull request #1490: NA-0: Skip flaky video card tests  Merge in AX/attendee-experience-builder from editSingleVideoCard to develop  * commit 'b53799a04f6530c666744bd379adb09437f899fc':    NA-0: fix prettier issue    NA-0: Use xdescribe + update codeowners    NA-0: changeset    NA-0: Skip flaky video card tests
6. Merge remote-tracking branch 'origin/master' into downmerge/1.103.0
7. Pull request #1503: Downmerge/1.103.0  Merge in AX/attendee-experience-builder from downmerge/1.103.0 to develop  * commit '1851f22a22e0576c6bbe093b8f6bf265c5d1478b':    RELEASING: Releasing 3 package(s)    Move retired app features    changeset    Bump packages for build"
Q2 2023 - Sprint 4,2023/05/18,2023/05/31,HUB-97864,1495,JMcGough,2547,731,15,8,0,0,0,1,1,1,0,0,JMcGough,,"1. Bump packages for build
2. changeset
3. Move retired app features"
Q2 2023 - Sprint 4,2023/05/18,2023/05/31,HUB-98327,1495,JMcGough,2547,731,0,0,0,0,0,0,0,0,0,0,JMcGough,,
Q2 2023 - Sprint 4,2023/05/18,2023/05/31,PROD-164120,1495,JMcGough,2547,731,0,0,0,0,0,0,0,0,0,0,JMcGough,,
Sprint Totals,,,,,,PR_ADDED: 7641,PR_REMOVED: 2193,COMMIT_ADDED: 92,COMMIT_REMOVED: 86,APPROVED: 0,COMMENTED: 0,DECLINED: 0,MERGED: 1,OPENED: 1,RESCOPED: 1,UNAPPROVED: 0,UPDATED: 0,,,

Q2 2023 - Sprint 5,2023/06/01,2023/06/14,HUB-97982,9507,JMcGough,0,0,50,31,0,0,0,0,0,0,0,0,GStarr,,"1. HUB-90176: Move icon button for v2 mobile session card
2. Merge branch 'develop' of ssh://stash.cvent.net:7999/ax/attendee-experience-web into HUB-90176
3. Pull request #9479: HUB-90176: Move icon button for v2 mobile session card  Merge in AX/attendee-experience-web from HUB-90176 to develop  * commit 'b83d020871c58f5b7678cdf7c31754b9c27a31ba':    HUB-90176: Move icon button for v2 mobile session card"
Sprint Totals,,,,,,PR_ADDED: 0,PR_REMOVED: 0,COMMIT_ADDED: 50,COMMIT_REMOVED: 31,APPROVED: 0,COMMENTED: 0,DECLINED: 0,MERGED: 0,OPENED: 0,RESCOPED: 0,UNAPPROVED: 0,UPDATED: 0,,,

Overall Totals,,,,,,PR_ADDED: 34562,PR_REMOVED: 5106,COMMIT_ADDED: 234,COMMIT_REMOVED: 169,APPROVED: 0,COMMENTED: 0,DECLINED: 0,MERGED: 1,OPENED: 1,RESCOPED: 2,UNAPPROVED: 0,UPDATED: 0,,,
