SPRINT,START_DATE,END_DATE,TICKET,PR_ID,USER,PR_ADDED,PR_REMOVED,COMMIT_ADDED,COMMIT_REMOVED,APPROVED,COMMENTED,DECLINED,MERGED,OPENED,RESCOPED,UNAPPROVED,UPDATED,AUTHOR,COMMENTS,COMMIT_MESSAGES
Sprint Hagen Daz,2023/04/11,2023/04/25,HUB-87209,9087,Shea.Sullivan,0,0,0,0,1,0,0,0,0,0,0,0,ACheng,,
Sprint Hagen Daz,2023/04/11,2023/04/25,HUB-94736,3450,Shea.Sullivan,0,0,0,0,1,0,0,0,0,0,0,0,ACheng,,
Sprint Hagen Daz,2023/04/11,2023/04/25,HUB-84998,9177,Shea.Sullivan,0,0,51,56,0,0,0,0,0,0,0,0,BRehman,,"1. HUB-84718: Pull in new page banners with bug fix
2. HUB-84718: Update unit tests to use getByRole"
Sprint Hagen Daz,2023/04/11,2023/04/25,PROD-165535,9097,Shea.Sullivan,0,0,0,0,1,0,0,0,0,0,0,0,TCox,,
Sprint Totals,,,,,,PR_ADDED: 0,PR_REMOVED: 0,COMMIT_ADDED: 51,COMMIT_REMOVED: 56,APPROVED: 3,COMMENTED: 0,DECLINED: 0,MERGED: 0,OPENED: 0,RESCOPED: 0,UNAPPROVED: 0,UPDATED: 0,,,

Sprint Ice Cream,2023/04/25,2023/05/09,HUB-47777,9177,Shea.Sullivan,0,0,0,0,0,0,0,0,0,0,0,0,BRehman,,1. Pull request #9013: CMOBL-150566: Bring in reworked page banners  Merge in AX/attendee-experience-web from HUB-84718 to develop  * commit 'b0003a2c90ab71bac53553b1b241b51ab0ed1dbd':    HUB-84718: Update unit tests to use getByRole    HUB-84718: Pull in new page banners with bug fix    HUB-84718: Fix unit tests since hideDots removes tabpanel    HUB-84718: Bring in reworked page banners
Sprint Ice Cream,2023/04/25,2023/05/09,HUB-97118,9296,Shea.Sullivan,0,0,0,0,0,0,0,0,0,0,0,0,GDionne,,
Sprint Ice Cream,2023/04/25,2023/05/09,HUB-98223,9293,Shea.Sullivan,8573,1427,0,0,0,0,0,0,0,0,0,0,Shea.Sullivan,,
Sprint Ice Cream,2023/04/25,2023/05/09,HUB-98838,1481,Shea.Sullivan,1250,396,0,0,0,0,0,0,0,0,0,0,Shea.Sullivan,,
Sprint Ice Cream,2023/04/25,2023/05/09,PROD-164880,9087,Shea.Sullivan,0,0,0,0,0,0,0,0,0,0,0,0,ACheng,,
Sprint Ice Cream,2023/04/25,2023/05/09,PROD-165535,9097,Shea.Sullivan,0,0,0,0,0,0,0,0,0,0,0,0,TCox,,
Sprint Totals,,,,,,PR_ADDED: 9823,PR_REMOVED: 1823,COMMIT_ADDED: 0,COMMIT_REMOVED: 0,APPROVED: 0,COMMENTED: 0,DECLINED: 0,MERGED: 0,OPENED: 0,RESCOPED: 0,UNAPPROVED: 0,UPDATED: 0,,,

Wizards - Sprint Jalebi,2023/05/09,2023/05/23,HUB-93092,1481,Shea.Sullivan,1250,396,0,0,0,0,0,1,1,0,0,0,Shea.Sullivan,,
Wizards - Sprint Jalebi,2023/05/09,2023/05/23,HUB-97118,9296,Shea.Sullivan,0,0,0,0,1,0,0,0,0,0,0,0,GDionne,,
Wizards - Sprint Jalebi,2023/05/09,2023/05/23,HUB-98056,9296,Shea.Sullivan,0,0,0,0,0,0,0,0,0,0,0,0,GDionne,,
Wizards - Sprint Jalebi,2023/05/09,2023/05/23,HUB-98223,9293,Shea.Sullivan,8573,1427,7,0,0,0,0,0,1,1,0,0,Shea.Sullivan,,1. Bump packages for build
Wizards - Sprint Jalebi,2023/05/09,2023/05/23,HUB-98838,1481,Shea.Sullivan,1250,396,0,0,0,0,0,0,0,0,0,0,Shea.Sullivan,,
Wizards - Sprint Jalebi,2023/05/09,2023/05/23,PROD-165535,9097,Shea.Sullivan,0,0,0,0,0,0,0,0,0,0,0,0,TCox,,
Wizards - Sprint Jalebi,2023/05/09,2023/05/23,HUB-93091,240,Shea.Sullivan,0,0,5,0,0,0,0,0,0,0,0,0,SBundale,,"1. HUB-94114: Add changeset
2. Pull request #221: HUB-94114 phraseapp release  Merge in AX/language-management from hub-94114-phraseapp to master  * commit '4d5dbf2be1ef3da7307cbd0af7bd8f5c159a24af':    HUB-94114: Add changeset    HUB-94114: phraseapp changes"
Wizards - Sprint Jalebi,2023/05/09,2023/05/23,PROD-164880,9087,Shea.Sullivan,0,0,0,0,0,0,0,0,0,0,0,0,ACheng,,
Sprint Totals,,,,,,PR_ADDED: 11073,PR_REMOVED: 2219,COMMIT_ADDED: 12,COMMIT_REMOVED: 0,APPROVED: 1,COMMENTED: 0,DECLINED: 0,MERGED: 1,OPENED: 2,RESCOPED: 1,UNAPPROVED: 0,UPDATED: 0,,,

Wizards - Sprint Kinder Joy,2023/05/23,2023/06/06,HUB-97245,9507,Shea.Sullivan,0,0,0,0,0,0,0,0,0,0,0,0,GStarr,,
Wizards - Sprint Kinder Joy,2023/05/23,2023/06/06,PROD-164880,9087,Shea.Sullivan,0,0,0,0,0,0,0,0,0,0,0,0,ACheng,,
Wizards - Sprint Kinder Joy,2023/05/23,2023/06/06,HUB-98062,9507,Shea.Sullivan,0,0,0,0,0,0,0,0,0,0,0,0,GStarr,,
Wizards - Sprint Kinder Joy,2023/05/23,2023/06/06,PROD-165503,9477,Shea.Sullivan,0,0,0,0,0,0,0,0,0,0,0,0,DScott,,
Wizards - Sprint Kinder Joy,2023/05/23,2023/06/06,PROD-167754,9507,Shea.Sullivan,0,0,0,0,0,0,0,0,0,0,0,0,GStarr,,
Sprint Totals,,,,,,PR_ADDED: 0,PR_REMOVED: 0,COMMIT_ADDED: 0,COMMIT_REMOVED: 0,APPROVED: 0,COMMENTED: 0,DECLINED: 0,MERGED: 0,OPENED: 0,RESCOPED: 0,UNAPPROVED: 0,UPDATED: 0,,,

Wizards - Sprint Leche Flan,2023/06/06,2023/06/20,HUB-98062,9507,Shea.Sullivan,0,0,0,0,1,0,0,0,0,0,0,0,GStarr,,
Wizards - Sprint Leche Flan,2023/06/06,2023/06/20,HUB-99805,9507,Shea.Sullivan,0,0,0,0,0,0,0,0,0,0,0,0,GStarr,,
Wizards - Sprint Leche Flan,2023/06/06,2023/06/20,HUB-99976,9507,Shea.Sullivan,0,0,0,0,0,0,0,0,0,0,0,0,GStarr,,
Wizards - Sprint Leche Flan,2023/06/06,2023/06/20,PROD-165503,9477,Shea.Sullivan,0,0,0,0,1,0,0,0,0,0,0,0,DScott,,
Wizards - Sprint Leche Flan,2023/06/06,2023/06/20,PROD-167754,9507,Shea.Sullivan,0,0,0,0,0,0,0,0,0,0,0,0,GStarr,,
Sprint Totals,,,,,,PR_ADDED: 0,PR_REMOVED: 0,COMMIT_ADDED: 0,COMMIT_REMOVED: 0,APPROVED: 2,COMMENTED: 0,DECLINED: 0,MERGED: 0,OPENED: 0,RESCOPED: 0,UNAPPROVED: 0,UPDATED: 0,,,

Wizards - Sprint Muffin,2023/06/20,2023/07/05,HUB-104506,9593,Shea.Sullivan,0,0,0,0,1,0,0,0,0,0,0,0,PGartner,,
Wizards - Sprint Muffin,2023/06/20,2023/07/05,PROD-165503,9477,Shea.Sullivan,0,0,0,0,0,0,0,0,0,0,0,0,DScott,,
Wizards - Sprint Muffin,2023/06/20,2023/07/05,PROD-167754,9507,Shea.Sullivan,0,0,0,0,0,0,0,0,0,0,0,0,GStarr,,
Sprint Totals,,,,,,PR_ADDED: 0,PR_REMOVED: 0,COMMIT_ADDED: 0,COMMIT_REMOVED: 0,APPROVED: 1,COMMENTED: 0,DECLINED: 0,MERGED: 0,OPENED: 0,RESCOPED: 0,UNAPPROVED: 0,UPDATED: 0,,,

Overall Totals,,,,,,PR_ADDED: 20896,PR_REMOVED: 4042,COMMIT_ADDED: 63,COMMIT_REMOVED: 56,APPROVED: 7,COMMENTED: 0,DECLINED: 0,MERGED: 1,OPENED: 2,RESCOPED: 1,UNAPPROVED: 0,UPDATED: 0,,,
