SPRINT,START_DATE,END_DATE,TICKET,PR_ID,USER,PR_ADDED,PR_REMOVED,COMMIT_ADDED,COMMIT_REMOVED,APPROVED,COMMENTED,DECLINED,MERGED,OPENED,RESCOPED,UNAPPROVED,UPDATED,AUTHOR,COMMENTS,COMMIT_MESSAGES
WOW - S7 (30 Mar - 12Apr) 33,2023/03/30,2023/04/12,WEBINAR-849,1167,Geetinder.Kaur,0,0,0,0,0,0,0,0,0,1,0,0,RupaliS,,1. Pull request #1227: Content removed from pull_request.md  Merge in CVT/soap-api from removing_change to master  * commit '4ab0f0da2b50347e9aea3fe33fcab32faab97702':    Content removed from pull_request.md
WOW - S7 (30 Mar - 12Apr) 33,2023/03/30,2023/04/12,WEBINAR-853,1167,Geetinder.Kaur,0,0,0,0,0,0,0,0,0,0,0,0,RupaliS,,
WOW - S7 (30 Mar - 12Apr) 33,2023/03/30,2023/04/12,WEBINAR-853,1214,Geetinder.Kaur,0,0,0,0,0,0,1,0,0,0,0,0,Akashdeep.Gupta,,
WOW - S7 (30 Mar - 12Apr) 33,2023/03/30,2023/04/12,WEBINAR-3695,1167,Geetinder.Kaur,0,0,0,0,0,0,0,0,0,0,0,0,RupaliS,,
WOW - S7 (30 Mar - 12Apr) 33,2023/03/30,2023/04/12,WEBINAR-3695,1230,Geetinder.Kaur,0,0,0,0,0,0,0,0,0,0,0,0,JKaur,,
WOW - S7 (30 Mar - 12Apr) 33,2023/03/30,2023/04/12,WEBINAR-4958,5506,Geetinder.Kaur,0,0,0,0,0,0,0,0,0,0,0,0,QTP Man,,
WOW - S7 (30 Mar - 12Apr) 33,2023/03/30,2023/04/12,WEBINAR-4958,6064,Geetinder.Kaur,0,0,0,0,0,0,0,0,0,0,0,0,qtpman,,
WOW - S7 (30 Mar - 12Apr) 33,2023/03/30,2023/04/12,WEBINAR-4958,6065,Geetinder.Kaur,0,0,0,0,0,0,0,0,0,0,0,0,qtpman,,
WOW - S7 (30 Mar - 12Apr) 33,2023/03/30,2023/04/12,WEBINAR-4958,142461,Geetinder.Kaur,0,0,0,0,0,0,0,0,0,0,0,0,"Verma, Tushar",,
WOW - S7 (30 Mar - 12Apr) 33,2023/03/30,2023/04/12,WEBINAR-4958,143061,Geetinder.Kaur,0,0,0,0,0,0,0,0,0,0,0,0,Ayesha.Khan,,
WOW - S7 (30 Mar - 12Apr) 33,2023/03/30,2023/04/12,WEBINAR-4958,144525,Geetinder.Kaur,0,0,0,0,0,0,0,0,0,0,0,0,spujara,,
WOW - S7 (30 Mar - 12Apr) 33,2023/03/30,2023/04/12,WEBINAR-4958,147979,Geetinder.Kaur,0,0,0,0,0,0,0,0,0,0,0,0,AJagtap,,1. Pull request #147894: Reverted release PR of PROD-164558 from ccid-2527 and resolving merge conflicts  Merge in CVT/c4 from conflictfix to ccid-2527  * commit 'b92f77233f8e537e29ecb4dde942fa62bc8309f8':    Adding back changes for PROD-164705 that got reverted for conflicted file ExperimentExtensions.cs for while reverting changes for PROD-164558    Reverted release PR of PROD-164558 from ccid-2527 and resolving merge conflicts
WOW - S7 (30 Mar - 12Apr) 33,2023/03/30,2023/04/12,WEBINAR-5422,142461,Geetinder.Kaur,0,0,0,0,0,0,0,0,0,0,0,0,"Verma, Tushar",,
WOW - S7 (30 Mar - 12Apr) 33,2023/03/30,2023/04/12,WEBINAR-5422,143061,Geetinder.Kaur,0,0,0,0,0,0,0,0,0,0,0,0,Ayesha.Khan,,
WOW - S7 (30 Mar - 12Apr) 33,2023/03/30,2023/04/12,WEBINAR-5422,144525,Geetinder.Kaur,0,0,0,0,0,0,0,0,0,0,0,0,spujara,,
WOW - S7 (30 Mar - 12Apr) 33,2023/03/30,2023/04/12,WEBINAR-5422,147726,Geetinder.Kaur,1387,591,0,0,0,0,0,0,1,0,0,0,Geetinder.Kaur,,
WOW - S7 (30 Mar - 12Apr) 33,2023/03/30,2023/04/12,WEBINAR-5607,142461,Geetinder.Kaur,0,0,0,0,0,0,0,0,0,0,0,0,"Verma, Tushar",,
WOW - S7 (30 Mar - 12Apr) 33,2023/03/30,2023/04/12,WEBINAR-5607,143061,Geetinder.Kaur,0,0,0,0,0,0,0,0,0,0,0,0,Ayesha.Khan,,
WOW - S7 (30 Mar - 12Apr) 33,2023/03/30,2023/04/12,WEBINAR-5607,144525,Geetinder.Kaur,0,0,0,0,0,0,0,0,0,0,0,0,spujara,,
Sprint Totals,,,,,,PR_ADDED: 1387,PR_REMOVED: 591,COMMIT_ADDED: 0,COMMIT_REMOVED: 0,APPROVED: 0,COMMENTED: 0,DECLINED: 1,MERGED: 0,OPENED: 1,RESCOPED: 1,UNAPPROVED: 0,UPDATED: 0,,,

WOW - S8 (13 - 26 Apr),2023/04/13,2023/04/26,PROD-164110,1764,Geetinder.Kaur,0,0,0,0,0,0,0,0,0,0,0,0,RupaliS,,
WOW - S8 (13 - 26 Apr),2023/04/13,2023/04/26,PROD-164110,142461,Geetinder.Kaur,0,0,0,0,0,0,0,0,0,0,0,0,"Verma, Tushar",,
WOW - S8 (13 - 26 Apr),2023/04/13,2023/04/26,PROD-164110,143061,Geetinder.Kaur,0,0,0,0,0,0,0,0,0,0,0,0,Ayesha.Khan,,
WOW - S8 (13 - 26 Apr),2023/04/13,2023/04/26,PROD-164110,144525,Geetinder.Kaur,0,0,0,0,0,0,0,0,0,0,0,0,spujara,,
WOW - S8 (13 - 26 Apr),2023/04/13,2023/04/26,WEBINAR-843,1167,Geetinder.Kaur,0,0,0,0,0,0,0,0,0,0,0,0,RupaliS,,
WOW - S8 (13 - 26 Apr),2023/04/13,2023/04/26,WEBINAR-843,1228,Geetinder.Kaur,19,0,0,0,0,0,0,0,0,0,0,0,Geetinder.Kaur,,
WOW - S8 (13 - 26 Apr),2023/04/13,2023/04/26,WEBINAR-843,1229,Geetinder.Kaur,0,0,0,0,0,0,0,0,0,0,0,0,H.Narang,,
WOW - S8 (13 - 26 Apr),2023/04/13,2023/04/26,WEBINAR-7051,142461,Geetinder.Kaur,0,0,0,0,0,0,0,0,0,0,0,0,"Verma, Tushar",,
WOW - S8 (13 - 26 Apr),2023/04/13,2023/04/26,WEBINAR-7051,143061,Geetinder.Kaur,0,0,0,0,0,0,0,0,0,0,0,0,Ayesha.Khan,,
WOW - S8 (13 - 26 Apr),2023/04/13,2023/04/26,WEBINAR-7051,144525,Geetinder.Kaur,0,0,0,0,0,0,0,0,0,0,0,0,spujara,,
Sprint Totals,,,,,,PR_ADDED: 19,PR_REMOVED: 0,COMMIT_ADDED: 0,COMMIT_REMOVED: 0,APPROVED: 0,COMMENTED: 0,DECLINED: 0,MERGED: 0,OPENED: 0,RESCOPED: 0,UNAPPROVED: 0,UPDATED: 0,,,

Q2 -WOW - S9 (27 - 10 May) -33,2023/04/27,2023/05/10,PROD-166432,142461,Geetinder.Kaur,0,0,0,0,0,0,0,0,0,0,0,0,"Verma, Tushar",,
Q2 -WOW - S9 (27 - 10 May) -33,2023/04/27,2023/05/10,PROD-166432,143061,Geetinder.Kaur,0,0,0,0,0,0,0,0,0,0,0,0,Ayesha.Khan,,
Q2 -WOW - S9 (27 - 10 May) -33,2023/04/27,2023/05/10,PROD-166432,144525,Geetinder.Kaur,0,0,0,0,0,0,0,0,0,0,0,0,spujara,,
Q2 -WOW - S9 (27 - 10 May) -33,2023/04/27,2023/05/10,WEBINAR-3714,1167,Geetinder.Kaur,0,0,0,0,0,0,0,0,0,0,0,0,RupaliS,,
Q2 -WOW - S9 (27 - 10 May) -33,2023/04/27,2023/05/10,WEBINAR-7906,142461,Geetinder.Kaur,0,0,0,0,0,0,0,0,0,0,0,0,"Verma, Tushar",,
Q2 -WOW - S9 (27 - 10 May) -33,2023/04/27,2023/05/10,WEBINAR-7906,143061,Geetinder.Kaur,0,0,0,0,0,0,0,0,0,0,0,0,Ayesha.Khan,,
Q2 -WOW - S9 (27 - 10 May) -33,2023/04/27,2023/05/10,WEBINAR-7906,144525,Geetinder.Kaur,0,0,0,0,0,0,0,0,0,0,0,0,spujara,,
Q2 -WOW - S9 (27 - 10 May) -33,2023/04/27,2023/05/10,WEBINAR-7910,1978,Geetinder.Kaur,0,0,0,0,0,0,0,0,0,0,0,0,MMittal,,
Q2 -WOW - S9 (27 - 10 May) -33,2023/04/27,2023/05/10,WEBINAR-7982,142461,Geetinder.Kaur,0,0,0,0,0,0,0,0,0,0,0,0,"Verma, Tushar",,
Q2 -WOW - S9 (27 - 10 May) -33,2023/04/27,2023/05/10,WEBINAR-7982,143061,Geetinder.Kaur,0,0,0,0,0,0,0,0,0,0,0,0,Ayesha.Khan,,
Q2 -WOW - S9 (27 - 10 May) -33,2023/04/27,2023/05/10,WEBINAR-7982,144525,Geetinder.Kaur,0,0,0,0,0,0,0,0,0,0,0,0,spujara,,
Q2 -WOW - S9 (27 - 10 May) -33,2023/04/27,2023/05/10,WEBINAR-8478,142461,Geetinder.Kaur,0,0,0,0,0,0,0,0,0,0,0,0,"Verma, Tushar",,
Q2 -WOW - S9 (27 - 10 May) -33,2023/04/27,2023/05/10,WEBINAR-8478,143061,Geetinder.Kaur,0,0,0,0,0,0,0,0,0,0,0,0,Ayesha.Khan,,
Q2 -WOW - S9 (27 - 10 May) -33,2023/04/27,2023/05/10,WEBINAR-8478,144525,Geetinder.Kaur,0,0,0,0,0,0,0,0,0,0,0,0,spujara,,
Sprint Totals,,,,,,PR_ADDED: 0,PR_REMOVED: 0,COMMIT_ADDED: 0,COMMIT_REMOVED: 0,APPROVED: 0,COMMENTED: 0,DECLINED: 0,MERGED: 0,OPENED: 0,RESCOPED: 0,UNAPPROVED: 0,UPDATED: 0,,,

Q2 - WOW - S10(11 - 24 May) 30,2023/05/11,2023/05/24,PROD-166742,142461,Geetinder.Kaur,0,0,0,0,0,0,0,0,0,0,0,0,"Verma, Tushar",,
Q2 - WOW - S10(11 - 24 May) 30,2023/05/11,2023/05/24,PROD-166742,143061,Geetinder.Kaur,0,0,0,0,0,0,0,0,0,0,0,0,Ayesha.Khan,,
Q2 - WOW - S10(11 - 24 May) 30,2023/05/11,2023/05/24,PROD-166742,144525,Geetinder.Kaur,0,0,0,0,0,0,0,0,0,0,0,0,spujara,,
Q2 - WOW - S10(11 - 24 May) 30,2023/05/11,2023/05/24,WEBINAR-3697,1167,Geetinder.Kaur,0,0,0,0,0,0,0,0,0,0,0,0,RupaliS,,
Q2 - WOW - S10(11 - 24 May) 30,2023/05/11,2023/05/24,WEBINAR-7045,142461,Geetinder.Kaur,0,0,0,0,0,0,0,0,0,0,0,0,"Verma, Tushar",,
Q2 - WOW - S10(11 - 24 May) 30,2023/05/11,2023/05/24,WEBINAR-7045,143061,Geetinder.Kaur,0,0,0,0,0,0,0,0,0,0,0,0,Ayesha.Khan,,
Q2 - WOW - S10(11 - 24 May) 30,2023/05/11,2023/05/24,WEBINAR-7045,144525,Geetinder.Kaur,0,0,0,0,0,0,0,0,0,0,0,0,spujara,,
Sprint Totals,,,,,,PR_ADDED: 0,PR_REMOVED: 0,COMMIT_ADDED: 0,COMMIT_REMOVED: 0,APPROVED: 0,COMMENTED: 0,DECLINED: 0,MERGED: 0,OPENED: 0,RESCOPED: 0,UNAPPROVED: 0,UPDATED: 0,,,

Q2 - WOW S11 (25 May-7 Jun),2023/05/25,2023/06/07,PROD-157033,1764,Geetinder.Kaur,0,0,0,0,0,0,0,0,0,0,0,0,RupaliS,,
Q2 - WOW S11 (25 May-7 Jun),2023/05/25,2023/06/07,PROD-157033,142461,Geetinder.Kaur,0,0,0,0,0,0,0,0,0,0,0,0,"Verma, Tushar",,
Q2 - WOW S11 (25 May-7 Jun),2023/05/25,2023/06/07,PROD-157033,143061,Geetinder.Kaur,0,0,0,0,0,0,0,0,0,0,0,0,Ayesha.Khan,,
Q2 - WOW S11 (25 May-7 Jun),2023/05/25,2023/06/07,PROD-157033,144525,Geetinder.Kaur,0,0,0,0,0,0,0,0,0,0,0,0,spujara,,
Q2 - WOW S11 (25 May-7 Jun),2023/05/25,2023/06/07,WEBINAR-3715,1167,Geetinder.Kaur,0,0,0,0,0,0,0,0,0,0,0,0,RupaliS,,
Q2 - WOW S11 (25 May-7 Jun),2023/05/25,2023/06/07,WEBINAR-8615,1167,Geetinder.Kaur,0,0,0,0,0,0,0,0,0,0,0,0,RupaliS,,
Sprint Totals,,,,,,PR_ADDED: 0,PR_REMOVED: 0,COMMIT_ADDED: 0,COMMIT_REMOVED: 0,APPROVED: 0,COMMENTED: 0,DECLINED: 0,MERGED: 0,OPENED: 0,RESCOPED: 0,UNAPPROVED: 0,UPDATED: 0,,,

Q2 - WOW S12 (8 - 21 Jun),2023/06/08,2023/06/21,PROD-167534,142461,Geetinder.Kaur,0,0,0,0,0,0,0,0,0,0,0,0,"Verma, Tushar",,
Q2 - WOW S12 (8 - 21 Jun),2023/06/08,2023/06/21,PROD-167534,143061,Geetinder.Kaur,0,0,0,0,0,0,0,0,0,0,0,0,Ayesha.Khan,,
Q2 - WOW S12 (8 - 21 Jun),2023/06/08,2023/06/21,PROD-167534,144525,Geetinder.Kaur,0,0,0,0,0,0,0,0,0,0,0,0,spujara,,
Sprint Totals,,,,,,PR_ADDED: 0,PR_REMOVED: 0,COMMIT_ADDED: 0,COMMIT_REMOVED: 0,APPROVED: 0,COMMENTED: 0,DECLINED: 0,MERGED: 0,OPENED: 0,RESCOPED: 0,UNAPPROVED: 0,UPDATED: 0,,,

Overall Totals,,,,,,PR_ADDED: 1406,PR_REMOVED: 591,COMMIT_ADDED: 0,COMMIT_REMOVED: 0,APPROVED: 0,COMMENTED: 0,DECLINED: 1,MERGED: 0,OPENED: 1,RESCOPED: 1,UNAPPROVED: 0,UPDATED: 0,,,
