SPRINT,START_DATE,END_DATE,TICKET,PR_ID,USER,PR_ADDED,PR_REMOVED,COMMIT_ADDED,COMMIT_REMOVED,APPROVED,COMMENTED,DECLINED,MERGED,OPENED,RESCOPED,UNAPPROVED,UPDATED,AUTHOR,COMMENTS,COMMIT_MESSAGES
WOW - S8 (13 - 26 Apr),2023/04/13,2023/04/26,PROD-164110,148332,Arvind.Negi,0,0,0,0,1,0,0,0,0,0,0,1,DeeptiS,,
Sprint Totals,,,,,,PR_ADDED: 0,PR_REMOVED: 0,COMMIT_ADDED: 0,COMMIT_REMOVED: 0,APPROVED: 1,COMMENTED: 0,DECLINED: 0,MERGED: 0,OPENED: 0,RESCOPED: 0,UNAPPROVED: 0,UPDATED: 1,,,

Q2 -WOW - S9 (27 - 10 May) -33,2023/04/27,2023/05/10,PROD-166432,149087,Arvind.Negi,6459,3541,0,0,0,0,0,0,0,0,0,0,Arvind.Negi,,
Q2 -WOW - S9 (27 - 10 May) -33,2023/04/27,2023/05/10,WEBINAR-7906,149087,Arvind.Negi,6459,3541,0,0,0,0,0,0,0,0,0,0,Arvind.Negi,,
Q2 -WOW - S9 (27 - 10 May) -33,2023/04/27,2023/05/10,WEBINAR-7982,149087,Arvind.Negi,6459,3541,0,0,0,0,0,0,0,0,0,0,Arvind.Negi,,
Q2 -WOW - S9 (27 - 10 May) -33,2023/04/27,2023/05/10,WEBINAR-8478,149087,Arvind.Negi,6459,3541,0,0,0,0,0,0,0,0,0,0,Arvind.Negi,,
Sprint Totals,,,,,,PR_ADDED: 25836,PR_REMOVED: 14164,COMMIT_ADDED: 0,COMMIT_REMOVED: 0,APPROVED: 0,COMMENTED: 0,DECLINED: 0,MERGED: 0,OPENED: 0,RESCOPED: 0,UNAPPROVED: 0,UPDATED: 0,,,

Q2 - WOW - S10(11 - 24 May) 30,2023/05/11,2023/05/24,WEBINAR-7045,149087,Arvind.Negi,6459,3541,0,0,0,0,0,0,0,0,0,0,Arvind.Negi,,
Sprint Totals,,,,,,PR_ADDED: 6459,PR_REMOVED: 3541,COMMIT_ADDED: 0,COMMIT_REMOVED: 0,APPROVED: 0,COMMENTED: 0,DECLINED: 0,MERGED: 0,OPENED: 0,RESCOPED: 0,UNAPPROVED: 0,UPDATED: 0,,,

Q2 - WOW S12 (8 - 21 Jun),2023/06/08,2023/06/21,PROD-167534,150933,Arvind.Negi,0,0,0,1,0,0,0,0,0,0,0,0,Kamaldeep.Kaur,,1. Applied suggestion
Sprint Totals,,,,,,PR_ADDED: 0,PR_REMOVED: 0,COMMIT_ADDED: 0,COMMIT_REMOVED: 1,APPROVED: 0,COMMENTED: 0,DECLINED: 0,MERGED: 0,OPENED: 0,RESCOPED: 0,UNAPPROVED: 0,UPDATED: 0,,,

Overall Totals,,,,,,PR_ADDED: 32295,PR_REMOVED: 17705,COMMIT_ADDED: 0,COMMIT_REMOVED: 1,APPROVED: 1,COMMENTED: 0,DECLINED: 0,MERGED: 0,OPENED: 0,RESCOPED: 0,UNAPPROVED: 0,UPDATED: 1,,,
