SPRINT,START_DATE,END_DATE,TICKET,PR_ID,USER,PR_ADDED,PR_REMOVED,COMMIT_ADDED,COMMIT_REMOVED,APPROVED,COMMENTED,DECLINED,MERGED,OPENED,RESCOPED,UNAPPROVED,UPDATED,AUTHOR,COMMENTS,COMMIT_MESSAGES
PP-Gummy Bears,2023/04/04,2023/04/18,HUB-24122,9087,GStarr,0,0,0,0,0,0,0,0,0,0,0,0,ACheng,,1. Pull request #9048: HUB-91194: Migrate Session Engagement toast icons  Merge in AX/attendee-experience-web from HUB-91194 to develop  * commit '524259f0646269691320b7c426a062bfaed088ec':    HUB-91194: Migrate Session Engagement toast icons
PP-Gummy Bears,2023/04/04,2023/04/18,HUB-89600,9044,GStarr,0,0,128,60,0,0,0,0,0,1,0,0,CLeech,,"1. update with feedback
2. update session chat EmptyStateIndicator
3. update EmptyStateIndicator
4. fix ut
5. add e2e back in changeset
6. Pull request #8996: WEBINAR-5798: update session chat UI when chat is empty  Merge in AX/attendee-experience-web from WEBINAR-5798 to develop  * commit '303e6baaee19493a1e96df11dcffe5adeb44911a':    add e2e back in changeset    fix ut    update EmptyStateIndicator    update session chat EmptyStateIndicator    update with feedback    WEBINAR-5798: update session chat UI when chat is empty
7. HUB-95801: fix Live Polling panel UI switched to attendee view after refreshing session details page
8. Pull request #9050: HUB-95801: fix Live Polling panel UI switched to attendee view after refreshing session details page  Merge in AX/attendee-experience-web from HUB-95801 to release/2.11.0  * commit '740549e7667fe333a505d83d4d1ebce8576edeca':    HUB-95801: fix Live Polling panel UI switched to attendee view after refreshing session details page"
PP-Gummy Bears,2023/04/04,2023/04/18,HUB-91398,9044,GStarr,0,0,0,0,0,0,0,0,0,0,0,0,CLeech,,
Sprint Totals,,,,,,PR_ADDED: 0,PR_REMOVED: 0,COMMIT_ADDED: 128,COMMIT_REMOVED: 60,APPROVED: 0,COMMENTED: 0,DECLINED: 0,MERGED: 0,OPENED: 0,RESCOPED: 1,UNAPPROVED: 0,UPDATED: 0,,,

PP-Jalapeno Poppers,2023/05/16,2023/05/30,HUB-81331,9354,GStarr,0,0,0,0,0,0,0,0,0,0,0,0,JMcGough,,"1. Merge remote-tracking branch 'origin/master' into downmerge/2.16.1
2. Pull request #9348: Downmerge/2.16.1  Merge in AX/attendee-experience-web from downmerge/2.16.1 to develop  * commit 'b5acd0455ab4267421dffad610378368a3904d2f':    RELEASING: Releasing 3 package(s)    Applied suggestion    PROD-162248 Fix issue: Unresponsive UI For Session Moderators"
PP-Jalapeno Poppers,2023/05/16,2023/05/30,HUB-97425,9507,GStarr,7586,2414,0,0,0,0,0,0,0,0,0,0,GStarr,,
Sprint Totals,,,,,,PR_ADDED: 7586,PR_REMOVED: 2414,COMMIT_ADDED: 0,COMMIT_REMOVED: 0,APPROVED: 0,COMMENTED: 0,DECLINED: 0,MERGED: 0,OPENED: 0,RESCOPED: 0,UNAPPROVED: 0,UPDATED: 0,,,

PP-Kit Kat(05/30-06/13),2023/05/30,2023/06/13,HUB-97425,9507,GStarr,7586,2414,0,0,0,0,0,0,0,0,0,0,GStarr,,
PP-Kit Kat(05/30-06/13),2023/05/30,2023/06/13,HUB-98048,9448,GStarr,0,0,424,29,0,0,0,0,0,0,0,0,ATawfik,,"1. HUB-93213: improve test automation code coverage
2. Pull request #9427: HUB-93213: improve test automation code coverage  Merge in AX/attendee-experience-web from HUB-93213 to develop  * commit 'edcd6bd8477ff099b51467a731f8b9c18cf9c100':    HUB-93213: improve test automation code coverage
3. PROD-169264: fix popup modal not reappear after dismissing it from screen
4. downmerge origin/develop
5. Pull request #9428: PROD-169264: fix popup modal not reappear after dismissing it from screen  Merge in AX/attendee-experience-web from PROD-169264 to develop  * commit '9b5c76f403fbf3f8d5e8d6b57cd3b311081a2089':    PROD-169264: fix popup modal not reappear after dismissing it from screen
6. HUB-100428: auto-join session chat when chat status changes from future to current
7. Pull request #9440: HUB-100428: auto-join session chat when chat status changes from future to current  Merge in AX/attendee-experience-web from HUB-100428 to develop  * commit '6582556535a2093c833e952b5dc9eb60cd2fd7c3':    HUB-100428: auto-join session chat when chat status changes from future to current
8. HUB-100428: skip joining future session chat when clicking from panel
9. Pull request #9446: HUB-100428: skip joining future session chat when clicking from panel  Merge in AX/attendee-experience-web from HUB-100428.1 to develop  * commit '4c854cde12c21227da41b6b72013b573dbce4d38':    HUB-100428: skip joining future session chat when clicking from panel"
PP-Kit Kat(05/30-06/13),2023/05/30,2023/06/13,HUB-100392,9507,GStarr,7586,2414,0,0,0,0,0,0,0,0,0,0,GStarr,,
PP-Kit Kat(05/30-06/13),2023/05/30,2023/06/13,HUB-100398,9551,GStarr,0,0,73,33,0,0,0,0,0,0,0,0,MGangani,,1. HUB-96410: migrate Live QA date picker to DatePicker_NEXT
Sprint Totals,,,,,,PR_ADDED: 15172,PR_REMOVED: 4828,COMMIT_ADDED: 497,COMMIT_REMOVED: 62,APPROVED: 0,COMMENTED: 0,DECLINED: 0,MERGED: 0,OPENED: 0,RESCOPED: 0,UNAPPROVED: 0,UPDATED: 0,,,

PP-Lollipop (06/13-06/27),2023/06/13,2023/06/27,HUB-82893,3614,GStarr,0,0,63,69,0,0,0,0,0,0,0,0,MGangani,,"1. RELEASING: Releasing 3 package(s)  Releases:    @cvent/attendee-hub-graph@2.16.0    @cvent/attendee-hub-graph-cdk@2.16.0    @cvent/attendee-hub-graph-it@2.16.0  [skip ci]
2. Pull request #3602: Downmerge/2.16.0  Merge in AX/attendee-experience-data from downmerge/2.16.0 to develop  * commit '6c7b59c79fffa9ab7d09a77a1d7ad91cef348755':    RELEASING: Releasing 3 package(s)    release 2.16.0 changeset"
PP-Lollipop (06/13-06/27),2023/06/13,2023/06/27,HUB-99176,1560,GStarr,0,0,51,48,0,0,0,0,0,0,0,0,MGangani,,"1. RELEASING: Releasing 3 package(s)  Releases:    @cvent/automation-mobile-app-builder@0.51.0    @cvent/attendee-experience-builder-cdk@1.106.0    @cvent/mobile-app-builder@1.106.0  [skip ci]
2. Pull request #1539: Downmerge/1.106.0  Merge in AX/attendee-experience-builder from downmerge/1.106.0 to develop  * commit '4a1a9bf63bac206889a45b8874aae4f794c42083':    RELEASING: Releasing 3 package(s)    HUB-94000: release 1.106.0"
PP-Lollipop (06/13-06/27),2023/06/13,2023/06/27,HUB-99177,9551,GStarr,0,0,371,169,0,0,0,0,0,0,0,0,MGangani,,"1. add locale to date picker
2. fix lint
3. update dates locale
4. move date-fns locales to hook
5. update date-fns locale import + update valid time range
6. fix outside range + conversion
7. Pull request #9497: HUB-96410: migrate Live QA date picker to DatePicker_NEXT  Merge in AX/attendee-experience-web from HUB-96410 to develop  * commit 'eb695d189befc1c6fbf3fa4c5e466a6466d1206f':    fix outside range + conversion    update date-fns locale import + update valid time range    move date-fns locales to hook    update dates locale    fix lint    add locale to date picker    HUB-96410: migrate Live QA date picker to DatePicker_NEXT
8. PROD-167768: fix virtual room landscape view
9. Pull request #9530: PROD-167768: fix virtual room landscape view  Merge in AX/attendee-experience-web from PROD-167768 to develop  * commit 'c2140271f89da0bebdff68c40803d118d210371a':    PROD-167768: fix virtual room landscape view"
PP-Lollipop (06/13-06/27),2023/06/13,2023/06/27,HUB-100392,9507,GStarr,7586,2414,7,0,0,0,0,1,1,2,0,0,GStarr,,"1. downmerge hotfix/2.19.2 from master
2. HUB-94000: release 2.20.0"
Sprint Totals,,,,,,PR_ADDED: 7586,PR_REMOVED: 2414,COMMIT_ADDED: 492,COMMIT_REMOVED: 286,APPROVED: 0,COMMENTED: 0,DECLINED: 0,MERGED: 1,OPENED: 1,RESCOPED: 2,UNAPPROVED: 0,UPDATED: 0,,,

Overall Totals,,,,,,PR_ADDED: 30344,PR_REMOVED: 9656,COMMIT_ADDED: 1117,COMMIT_REMOVED: 408,APPROVED: 0,COMMENTED: 0,DECLINED: 0,MERGED: 1,OPENED: 1,RESCOPED: 3,UNAPPROVED: 0,UPDATED: 0,,,
