SPRINT,START_DATE,END_DATE,TICKET,PR_ID,USER,PR_ADDED,PR_REMOVED,COMMIT_ADDED,COMMIT_REMOVED,APPROVED,COMMENTED,DECLINED,MERGED,OPENED,RESCOPED,UNAPPROVED,UPDATED,AUTHOR,COMMENTS,COMMIT_MESSAGES
Q2 2023 - Sprint 4,2023/05/18,2023/05/31,HUB-84318,10210,QTP Man,6641,3359,0,0,0,0,0,0,0,0,0,0,QTP Man,,
Q2 2023 - Sprint 4,2023/05/18,2023/05/31,HUB-84318,10458,QTP Man,6490,3510,0,0,0,0,0,0,0,0,0,0,QTP Man,,
Q2 2023 - Sprint 4,2023/05/18,2023/05/31,HUB-84318,10567,QTP Man,6623,3377,0,0,0,0,0,0,0,0,0,0,QTP Man,,
Q2 2023 - Sprint 4,2023/05/18,2023/05/31,HUB-84318,10568,QTP Man,6623,3377,0,0,0,0,0,0,0,0,0,0,QTP Man,,
Q2 2023 - Sprint 4,2023/05/18,2023/05/31,HUB-84318,10614,QTP Man,6623,3377,0,0,0,0,0,0,0,0,0,0,QTP Man,,
Q2 2023 - Sprint 4,2023/05/18,2023/05/31,PROD-166215,10210,QTP Man,6641,3359,0,0,0,0,0,0,0,0,0,0,QTP Man,,
Q2 2023 - Sprint 4,2023/05/18,2023/05/31,PROD-166215,10458,QTP Man,6490,3510,0,0,0,0,0,0,0,0,0,0,QTP Man,,
Q2 2023 - Sprint 4,2023/05/18,2023/05/31,PROD-166215,10567,QTP Man,6623,3377,0,0,0,0,0,0,0,0,0,0,QTP Man,,
Q2 2023 - Sprint 4,2023/05/18,2023/05/31,PROD-166215,10568,QTP Man,6623,3377,0,0,0,0,0,0,0,0,0,0,QTP Man,,
Q2 2023 - Sprint 4,2023/05/18,2023/05/31,PROD-166215,10614,QTP Man,6623,3377,0,0,0,0,0,0,0,0,0,0,QTP Man,,
Sprint Totals,,,,,,PR_ADDED: 66000,PR_REMOVED: 34000,COMMIT_ADDED: 0,COMMIT_REMOVED: 0,APPROVED: 0,COMMENTED: 0,DECLINED: 0,MERGED: 0,OPENED: 0,RESCOPED: 0,UNAPPROVED: 0,UPDATED: 0,,,

Q2 2023 - Sprint 5,2023/06/01,2023/06/14,HUB-84318,10210,QTP Man,6641,3359,0,0,0,0,0,0,0,0,0,0,QTP Man,,
Q2 2023 - Sprint 5,2023/06/01,2023/06/14,HUB-84318,10458,QTP Man,6490,3510,0,0,0,0,0,0,0,0,0,0,QTP Man,,
Q2 2023 - Sprint 5,2023/06/01,2023/06/14,HUB-84318,10567,QTP Man,6623,3377,0,0,0,0,0,0,0,0,0,0,QTP Man,,
Q2 2023 - Sprint 5,2023/06/01,2023/06/14,HUB-84318,10568,QTP Man,6623,3377,0,0,0,0,0,0,0,0,0,0,QTP Man,,
Q2 2023 - Sprint 5,2023/06/01,2023/06/14,HUB-84318,10614,QTP Man,6623,3377,0,0,0,0,0,0,0,0,0,0,QTP Man,,
Q2 2023 - Sprint 5,2023/06/01,2023/06/14,PROD-166215,10210,QTP Man,6641,3359,0,0,0,0,0,0,0,0,0,0,QTP Man,,
Q2 2023 - Sprint 5,2023/06/01,2023/06/14,PROD-166215,10458,QTP Man,6490,3510,0,0,0,0,0,0,0,0,0,0,QTP Man,,
Q2 2023 - Sprint 5,2023/06/01,2023/06/14,PROD-166215,10567,QTP Man,6623,3377,0,0,0,0,0,0,0,0,0,0,QTP Man,,
Q2 2023 - Sprint 5,2023/06/01,2023/06/14,PROD-166215,10568,QTP Man,6623,3377,0,0,0,0,0,0,0,0,0,0,QTP Man,,
Q2 2023 - Sprint 5,2023/06/01,2023/06/14,PROD-166215,10614,QTP Man,6623,3377,0,0,0,0,0,0,0,0,0,0,QTP Man,,
Sprint Totals,,,,,,PR_ADDED: 66000,PR_REMOVED: 34000,COMMIT_ADDED: 0,COMMIT_REMOVED: 0,APPROVED: 0,COMMENTED: 0,DECLINED: 0,MERGED: 0,OPENED: 0,RESCOPED: 0,UNAPPROVED: 0,UPDATED: 0,,,

Overall Totals,,,,,,PR_ADDED: 132000,PR_REMOVED: 68000,COMMIT_ADDED: 0,COMMIT_REMOVED: 0,APPROVED: 0,COMMENTED: 0,DECLINED: 0,MERGED: 0,OPENED: 0,RESCOPED: 0,UNAPPROVED: 0,UPDATED: 0,,,
