SPRINT,START_DATE,END_DATE,TICKET,PR_ID,USER,PR_ADDED,PR_REMOVED,COMMIT_ADDED,COMMIT_REMOVED,APPROVED,COMMENTED,DECLINED,MERGED,OPENED,RESCOPED,UNAPPROVED,UPDATED,AUTHOR,COMMENTS,COMMIT_MESSAGES
Krypto Q2 23' S2 (10w 1d),2023/04/19,2023/05/03,PROD-165626,142461,Ayesha.Khan,0,0,0,0,0,0,0,0,0,2,0,0,"Verma, Tushar",,
Krypto Q2 23' S2 (10w 1d),2023/04/19,2023/05/03,PROD-165626,143061,Ayesha.Khan,9990,10,0,0,0,0,0,0,0,2,0,0,Ayesha.Khan,,
Krypto Q2 23' S2 (10w 1d),2023/04/19,2023/05/03,PROD-165626,144525,Ayesha.Khan,0,0,0,0,0,0,0,0,0,2,0,0,spujara,,
Krypto Q2 23' S2 (10w 1d),2023/04/19,2023/05/03,PROD-165626,148894,Ayesha.Khan,0,0,0,0,0,0,0,0,0,0,0,0,SNitin,,
Krypto Q2 23' S2 (10w 1d),2023/04/19,2023/05/03,PROD-165626,148210,Ayesha.Khan,0,0,0,0,0,0,0,0,0,2,0,0,Vinodkumar.Yadav,,"1. Pull request #148544: Prod  Merge in CVT/c4 from prod to ccid-2546  * commit '853924cf4a1f71f337d8c2b38c938485eb51e2f6':    PROD-157009: Correcting incorrect password    PROD-157009: Correcting replacement value    PROD-157009: Adding redis cach dev password
2. Pull request #148664: Ccid 2547  Merge in CVT/c4 from ccid-2547 to prod  * commit 'd764bb506f30ce8200208a2f74f1993bb8e4153c': (94 commits)    Web.Base.config edited online with Bitbucket    Remove binding redirect that might be the reason user editing in cvii is failing.    [prod-163585] : Logic changed to show proper message for MRF created and MRF updated.    Revert ""Revert ""[prod-163585] : Logic changed to show proper message for MRF created and MRF updated.""""    Revert ""[prod-163585] : Logic changed to show proper message for MRF created and MRF updated.""    WEBINAR-7051: add new property named client in bearer token metadata which will hold map for clientName and username    PROD-165373: Resolve conflicts    PROD-165373: Version update    Fix for questions not showing up    WEBINAR-7314: Update resx keys    CSNALL-61056: Updated LU Scripts    PROD-166055:ADR and FnB updates for Q2 2023    HUB-96782: add assistant:write permission to bearer token in c4    WEBINAR-7314: Incorporate review comment    WEBINAR-871:Fix test cases    NA-0: Fix downmerge    HUB-88826: set Guest's Planner Alerts character limit to 100 like it is for Attendees    WEBINAR-871:PR comments    HUB-80285: re-added page title for Badges and Certificates    WEBINAR-871:allow user on paid license to upgrade to resolve conflict    ..."
Krypto Q2 23' S2 (10w 1d),2023/04/19,2023/05/03,PROD-165626,148502,Ayesha.Khan,0,0,0,0,0,0,0,0,0,0,0,0,SMahale,,"1. Pull request #148474: Ccid 2544  Merge in CVT/c4 from ccid-2544 to prod  * commit '89c3aea0cec637e087b8c0b15c8f098b8384c4d6': (60 commits)    planner phrase updates    PROD-165671: Reverting bad commit    PROD-165671: Resolving conflicts    added DELETED_FILE_AUDIT to LU_DATA_ARCHIVE_EXEMPTED_TABLE_LIST    PROD-165821: Update brand name and add a new brand    PROD-165696: Consolidate Cvent.Extensions on 4.0.3-PROD    CINT-24410: Phrase pull    Fix from Suyash related to duplicate questions in cvent standard questions folder    update to fix a issue    fix capitalization issue    update to fix contact search advanced search issue    Fix for edge browser alignment on zooming out the screen    Alignment fix    By default the mulselect will not be visible    remove unnecessary logging    logging fixes    phrase updates    Moved common css code to new css file, made changes to code asper comments    csnall-64050 Adding question category filter to preferred and rfp edit question wizard    PROD-63127:Fix rollback script    ..."
Krypto Q2 23' S2 (10w 1d),2023/04/19,2023/05/03,PROD-165626,148570,Ayesha.Khan,0,0,0,0,0,0,0,0,0,0,0,0,UBansal,,1. Pull request #148497: Prod  Merge in CVT/c4 from prod to ccid-2545  * commit '44eca31b0e76d1a77024b68bbba5c3ee1859f62d':
Krypto Q2 23' S2 (10w 1d),2023/04/19,2023/05/03,PROD-165626,148822,Ayesha.Khan,0,0,27,179,0,0,0,0,0,0,0,0,APrajapati,,"1. Pull request #148667: Prod  Merge in CVT/c4 from prod to ccid-2548  * commit '049222bf2e85e113bdcc42aea744984a1348099e':
2. commit for PROD-166579 reverting commit of PROD-166070"
Krypto Q2 23' S2 (10w 1d),2023/04/19,2023/05/03,PROD-165626,149030,Ayesha.Khan,0,0,0,0,0,0,0,0,0,0,0,0,ALakshkar,,
Krypto Q2 23' S2 (10w 1d),2023/04/19,2023/05/03,PROD-165626,149559,Ayesha.Khan,0,0,0,0,0,0,0,0,0,0,0,0,P.Ahuja,,
Krypto Q2 23' S2 (10w 1d),2023/04/19,2023/05/03,HUB-97358,16399,Ayesha.Khan,0,0,0,0,0,0,0,0,0,0,0,0,ashish.a,,
Krypto Q2 23' S2 (10w 1d),2023/04/19,2023/05/03,HUB-97358,16414,Ayesha.Khan,0,0,0,0,0,0,0,0,0,0,0,0,"Jaiswal, Nikita",,
Krypto Q2 23' S2 (10w 1d),2023/04/19,2023/05/03,PROD-164537,16399,Ayesha.Khan,0,0,0,0,0,0,0,0,0,0,0,0,ashish.a,,
Krypto Q2 23' S2 (10w 1d),2023/04/19,2023/05/03,PROD-164537,16414,Ayesha.Khan,0,0,0,0,0,0,0,0,0,0,0,0,"Jaiswal, Nikita",,
Krypto Q2 23' S2 (10w 1d),2023/04/19,2023/05/03,PROD-164537,22204,Ayesha.Khan,0,0,0,0,0,0,0,0,0,0,0,0,PrabhjotS,,
Sprint Totals,,,,,,PR_ADDED: 9990,PR_REMOVED: 10,COMMIT_ADDED: 27,COMMIT_REMOVED: 179,APPROVED: 0,COMMENTED: 0,DECLINED: 0,MERGED: 0,OPENED: 0,RESCOPED: 8,UNAPPROVED: 0,UPDATED: 0,,,

Krypto Q2 23' S3 (10w 2d),2023/05/03,2023/05/18,HUB-97358,16399,Ayesha.Khan,0,0,0,0,0,0,0,0,0,0,0,0,ashish.a,,
Krypto Q2 23' S3 (10w 2d),2023/05/03,2023/05/18,HUB-97358,16414,Ayesha.Khan,0,0,0,0,0,0,0,0,0,0,0,0,"Jaiswal, Nikita",,
Krypto Q2 23' S3 (10w 2d),2023/05/03,2023/05/18,PROD-164537,16399,Ayesha.Khan,0,0,0,0,0,0,0,0,0,0,0,0,ashish.a,,
Krypto Q2 23' S3 (10w 2d),2023/05/03,2023/05/18,PROD-164537,16414,Ayesha.Khan,0,0,0,0,0,0,0,0,0,0,0,0,"Jaiswal, Nikita",,
Krypto Q2 23' S3 (10w 2d),2023/05/03,2023/05/18,PROD-164537,22204,Ayesha.Khan,0,0,0,0,1,0,0,1,0,0,0,1,PrabhjotS,,
Sprint Totals,,,,,,PR_ADDED: 0,PR_REMOVED: 0,COMMIT_ADDED: 0,COMMIT_REMOVED: 0,APPROVED: 1,COMMENTED: 0,DECLINED: 0,MERGED: 1,OPENED: 0,RESCOPED: 0,UNAPPROVED: 0,UPDATED: 1,,,

Krypto Q2 23' S5(9w 2d),2023/06/01,2023/06/14,HUB-101134,142461,Ayesha.Khan,0,0,0,0,0,0,0,0,0,2,0,0,"Verma, Tushar",,
Krypto Q2 23' S5(9w 2d),2023/06/01,2023/06/14,HUB-101134,143061,Ayesha.Khan,9990,10,0,0,0,0,0,0,0,2,0,0,Ayesha.Khan,,
Krypto Q2 23' S5(9w 2d),2023/06/01,2023/06/14,HUB-101134,144525,Ayesha.Khan,0,0,0,0,0,0,0,0,0,2,0,0,spujara,,
Krypto Q2 23' S5(9w 2d),2023/06/01,2023/06/14,HUB-101134,148894,Ayesha.Khan,0,0,0,0,0,0,0,0,0,2,0,0,SNitin,,
Krypto Q2 23' S5(9w 2d),2023/06/01,2023/06/14,HUB-101134,149732,Ayesha.Khan,0,0,0,0,0,0,0,0,0,2,0,0,SSao,,
Krypto Q2 23' S5(9w 2d),2023/06/01,2023/06/14,HUB-101134,150327,Ayesha.Khan,0,0,0,0,0,0,0,0,0,0,0,0,Vivek.Kumar,,"1. Pull request #150267: Prod 169590 ccid 2592  Merge in CVT/c4 from prod-169590_ccid-2592 to ccid-2592  * commit 'c12c4c9b775aac5085f65d2aae91923480a1f442':    PROD-169590: Fixed the PlannerEvents.Client import in CVII.    Revert ""PROD-169590: removed from ccid-2589 Revert ""Pull request #150185: Webinar 8506 ccid""""
2. Pull request #150262: Prod 169097  Merge in CVT/c4 from prod-169097 to ccid-2592  * commit '90c27c5c3254f1c395dbddab4ca4e69a877d040e':    PROD-169097 (Addressing comments)    prod-169097 (Changes for skipping the redirection flow to phoenix when we are on promotion hub)
3. Pull request #150265: Drop SOAP API stored procedures  Merge in CVT/c4 from prod-167703 to ccid-2592  * commit '5939545eeb4f227530ce33974eb8be726c7e9762':    Drop SOAP API stored procedures
4. Pull request #150246: Prod 169099  Merge in CVT/c4 from prod-169099 to ccid-2594  * commit 'a50d88f6ba7a69e1348dd0e041c23abd12ea9b76':    PROD-169099: switch Redis to DB 1    package update by jenkins for Cvent.Controls 3.230607.115006    package update by jenkins for Cvent.Controls 3.230602.123444-dev606    PROD-169099: Fixes after updating packages.    package update by jenkins for Cvent.Framework.Navigation 1.230602.115912    package update by jenkins for Cvent.BackendAuth 2.230601.145532    package update by jenkins for Cvent.Auth.Client 2.230601.133837
5. Pull request #150288: Ccid 2594  Merge in CVT/c4 from ccid-2594 to prod  * commit 'a3772a8819b0aac80b053fc1c919d335e1f6cb80':    PROD-169099: downgraded Cvent.Antivirus due to issues with contact import.    PROD-169099: switch Redis to DB 1    package update by jenkins for Cvent.Controls 3.230607.115006    Tide:8034 Lu Script    Tide:8035 Lu Script    package update by jenkins for Cvent.Controls 3.230602.123444-dev606    PROD-169099: Fixes after updating packages.    package update by jenkins for Cvent.Framework.Navigation 1.230602.115912    package update by jenkins for Cvent.BackendAuth 2.230601.145532    package update by jenkins for Cvent.Auth.Client 2.230601.133837"
Krypto Q2 23' S5(9w 2d),2023/06/01,2023/06/14,HUB-101134,150354,Ayesha.Khan,0,0,0,0,0,0,0,0,0,0,0,0,Geetinder.Kaur,,
Krypto Q2 23' S5(9w 2d),2023/06/01,2023/06/14,HUB-101134,150073,Ayesha.Khan,0,0,0,0,0,0,0,0,0,1,0,0,AJagtap,,
Sprint Totals,,,,,,PR_ADDED: 9990,PR_REMOVED: 10,COMMIT_ADDED: 0,COMMIT_REMOVED: 0,APPROVED: 0,COMMENTED: 0,DECLINED: 0,MERGED: 0,OPENED: 0,RESCOPED: 11,UNAPPROVED: 0,UPDATED: 0,,,

Overall Totals,,,,,,PR_ADDED: 19980,PR_REMOVED: 20,COMMIT_ADDED: 27,COMMIT_REMOVED: 179,APPROVED: 1,COMMENTED: 0,DECLINED: 0,MERGED: 1,OPENED: 0,RESCOPED: 19,UNAPPROVED: 0,UPDATED: 1,,,
