SPRINT,START_DATE,END_DATE,TICKET,PR_ID,USER,PR_ADDED,PR_REMOVED,COMMIT_ADDED,COMMIT_REMOVED,APPROVED,COMMENTED,DECLINED,MERGED,OPENED,RESCOPED,UNAPPROVED,UPDATED,AUTHOR,COMMENTS,COMMIT_MESSAGES
Krypto Q2 23' S1 (8w 3d),2023/04/05,2023/04/19,HUB-77903,9038,MQian,0,0,0,0,1,0,0,0,0,0,0,0,MGangani,,
Krypto Q2 23' S1 (8w 3d),2023/04/05,2023/04/19,HUB-80706,9177,MQian,0,0,0,0,0,0,0,0,0,0,0,0,BRehman,,
Krypto Q2 23' S1 (8w 3d),2023/04/05,2023/04/19,HUB-89095,3506,MQian,0,0,0,0,0,0,0,0,0,0,0,0,CEkrut,,
Krypto Q2 23' S1 (8w 3d),2023/04/05,2023/04/19,PROD-161672,9177,MQian,0,0,0,0,0,0,0,0,0,0,0,0,BRehman,,
Sprint Totals,,,,,,PR_ADDED: 0,PR_REMOVED: 0,COMMIT_ADDED: 0,COMMIT_REMOVED: 0,APPROVED: 1,COMMENTED: 0,DECLINED: 0,MERGED: 0,OPENED: 0,RESCOPED: 0,UNAPPROVED: 0,UPDATED: 0,,,

Krypto Q2 23' S2 (10w 1d),2023/04/19,2023/05/03,HUB-80706,9177,MQian,0,0,0,0,1,0,0,0,0,0,0,0,BRehman,,
Krypto Q2 23' S2 (10w 1d),2023/04/19,2023/05/03,HUB-81427,9177,MQian,0,0,0,0,0,0,0,0,0,0,0,0,BRehman,,
Krypto Q2 23' S2 (10w 1d),2023/04/19,2023/05/03,HUB-89095,3506,MQian,0,0,0,0,1,0,0,0,0,0,0,0,CEkrut,,
Krypto Q2 23' S2 (10w 1d),2023/04/19,2023/05/03,HUB-97399,9177,MQian,0,0,0,0,0,0,0,0,0,0,0,0,BRehman,,
Krypto Q2 23' S2 (10w 1d),2023/04/19,2023/05/03,PROD-161672,9177,MQian,0,0,0,0,0,0,0,0,0,0,0,0,BRehman,,
Krypto Q2 23' S2 (10w 1d),2023/04/19,2023/05/03,HUB-89097,9293,MQian,0,0,0,0,0,0,0,0,0,0,0,0,Shea.Sullivan,,
Sprint Totals,,,,,,PR_ADDED: 0,PR_REMOVED: 0,COMMIT_ADDED: 0,COMMIT_REMOVED: 0,APPROVED: 2,COMMENTED: 0,DECLINED: 0,MERGED: 0,OPENED: 0,RESCOPED: 0,UNAPPROVED: 0,UPDATED: 0,,,

Krypto Q2 23' S3 (10w 2d),2023/05/03,2023/05/18,HUB-89097,9293,MQian,0,0,0,0,1,0,0,0,0,0,0,0,Shea.Sullivan,,
Sprint Totals,,,,,,PR_ADDED: 0,PR_REMOVED: 0,COMMIT_ADDED: 0,COMMIT_REMOVED: 0,APPROVED: 1,COMMENTED: 0,DECLINED: 0,MERGED: 0,OPENED: 0,RESCOPED: 0,UNAPPROVED: 0,UPDATED: 0,,,

Krypto Q2 23' S4 (10w 1d),2023/05/18,2023/06/01,HUB-91101,8851,MQian,0,0,0,0,0,0,0,0,0,0,0,0,JCurtis,,
Krypto Q2 23' S4 (10w 1d),2023/05/18,2023/06/01,PROD-168163,9409,MQian,0,0,0,0,1,0,0,0,0,0,0,0,TCox,,
Sprint Totals,,,,,,PR_ADDED: 0,PR_REMOVED: 0,COMMIT_ADDED: 0,COMMIT_REMOVED: 0,APPROVED: 1,COMMENTED: 0,DECLINED: 0,MERGED: 0,OPENED: 0,RESCOPED: 0,UNAPPROVED: 0,UPDATED: 0,,,

Krypto Q2 23' S5(9w 2d),2023/06/01,2023/06/14,PROD-168163,9409,MQian,0,0,0,0,0,0,0,0,0,0,0,0,TCox,,
Krypto Q2 23' S5(9w 2d),2023/06/01,2023/06/14,HUB-78303,9618,MQian,0,0,0,0,0,0,0,0,0,0,0,0,SSimpson,,
Krypto Q2 23' S5(9w 2d),2023/06/01,2023/06/14,HUB-78303,9611,MQian,5594,4406,0,0,0,0,0,0,0,0,0,0,MQian,,
Krypto Q2 23' S5(9w 2d),2023/06/01,2023/06/14,HUB-78303,9617,MQian,0,0,0,0,0,0,0,0,0,0,0,0,SSimpson,,
Sprint Totals,,,,,,PR_ADDED: 5594,PR_REMOVED: 4406,COMMIT_ADDED: 0,COMMIT_REMOVED: 0,APPROVED: 0,COMMENTED: 0,DECLINED: 0,MERGED: 0,OPENED: 0,RESCOPED: 0,UNAPPROVED: 0,UPDATED: 0,,,

Krypto Q2 23' S6 (8w 4d),2023/06/16,2023/06/29,HUB-78303,9618,MQian,0,0,321,321,1,1,0,0,0,2,0,0,SSimpson,1. Oops lets me remove this,"1. NA-0: update feature flag with value less than min to true
2. remove file"
Krypto Q2 23' S6 (8w 4d),2023/06/16,2023/06/29,HUB-78303,9611,MQian,5594,4406,0,0,0,2,0,0,1,2,0,0,MQian,"1. I checked out from the downmerge branch. What is the issue here?
2. I pulled from master and pushed 795e6d8bf70. Let me know if you see anymore issues.","1. Merge branch 'develop' of ssh://stash.cvent.net:7999/ax/attendee-experience-web into release/2.22.0
2. Merge branch 'master' of ssh://stash.cvent.net:7999/ax/attendee-experience-web into release/2.22.0"
Krypto Q2 23' S6 (8w 4d),2023/06/16,2023/06/29,HUB-78303,9617,MQian,0,0,0,0,1,0,0,0,0,0,0,0,SSimpson,,
Krypto Q2 23' S6 (8w 4d),2023/06/16,2023/06/29,HUB-92820,9618,MQian,0,0,0,0,0,0,0,0,0,0,0,0,SSimpson,,
Krypto Q2 23' S6 (8w 4d),2023/06/16,2023/06/29,HUB-92820,9611,MQian,5594,4406,0,0,0,0,0,0,0,0,0,0,MQian,,
Krypto Q2 23' S6 (8w 4d),2023/06/16,2023/06/29,HUB-92820,9617,MQian,0,0,0,0,0,0,0,0,0,0,0,0,SSimpson,,
Krypto Q2 23' S6 (8w 4d),2023/06/16,2023/06/29,PROD-169654,9618,MQian,0,0,0,0,0,0,0,0,0,0,0,0,SSimpson,,
Krypto Q2 23' S6 (8w 4d),2023/06/16,2023/06/29,PROD-169654,9611,MQian,5594,4406,0,0,0,0,0,0,0,0,0,0,MQian,,
Krypto Q2 23' S6 (8w 4d),2023/06/16,2023/06/29,PROD-169654,9617,MQian,0,0,0,0,0,0,0,0,0,0,0,0,SSimpson,,
Krypto Q2 23' S6 (8w 4d),2023/06/16,2023/06/29,PROD-170676,9618,MQian,0,0,0,0,0,0,0,0,0,0,0,0,SSimpson,,
Krypto Q2 23' S6 (8w 4d),2023/06/16,2023/06/29,PROD-170676,9611,MQian,5594,4406,0,0,0,0,0,0,0,0,0,0,MQian,,
Krypto Q2 23' S6 (8w 4d),2023/06/16,2023/06/29,PROD-170676,9617,MQian,0,0,0,0,0,0,0,0,0,0,0,0,SSimpson,,
Sprint Totals,,,,,,PR_ADDED: 22376,PR_REMOVED: 17624,COMMIT_ADDED: 321,COMMIT_REMOVED: 321,APPROVED: 2,COMMENTED: 3,DECLINED: 0,MERGED: 0,OPENED: 1,RESCOPED: 4,UNAPPROVED: 0,UPDATED: 0,,,

Overall Totals,,,,,,PR_ADDED: 27970,PR_REMOVED: 22030,COMMIT_ADDED: 321,COMMIT_REMOVED: 321,APPROVED: 7,COMMENTED: 3,DECLINED: 0,MERGED: 0,OPENED: 1,RESCOPED: 4,UNAPPROVED: 0,UPDATED: 0,,,
