SPRINT,START_DATE,END_DATE,TICKET,PR_ID,USER,PR_ADDED,PR_REMOVED,COMMIT_ADDED,COMMIT_REMOVED,APPROVED,COMMENTED,DECLINED,MERGED,OPENED,RESCOPED,UNAPPROVED,UPDATED,AUTHOR,COMMENTS,COMMIT_MESSAGES
Q2 2023 - Sprint 2,2023/04/20,2023/05/03,PROD-165670,149030,ALakshkar,8441,1559,0,0,0,0,0,0,0,0,0,0,ALakshkar,,
Q2 2023 - Sprint 2,2023/04/20,2023/05/03,HUB-97991,149030,ALakshkar,8441,1559,0,0,0,0,0,0,0,0,0,0,ALakshkar,,
Sprint Totals,,,,,,PR_ADDED: 16882,PR_REMOVED: 3118,COMMIT_ADDED: 0,COMMIT_REMOVED: 0,APPROVED: 0,COMMENTED: 0,DECLINED: 0,MERGED: 0,OPENED: 0,RESCOPED: 0,UNAPPROVED: 0,UPDATED: 0,,,

Q2 2023 - Sprint 3,2023/05/04,2023/05/17,HUB-97991,149030,ALakshkar,8441,1559,0,0,0,0,0,0,1,0,0,0,ALakshkar,,
Sprint Totals,,,,,,PR_ADDED: 8441,PR_REMOVED: 1559,COMMIT_ADDED: 0,COMMIT_REMOVED: 0,APPROVED: 0,COMMENTED: 0,DECLINED: 0,MERGED: 0,OPENED: 1,RESCOPED: 0,UNAPPROVED: 0,UPDATED: 0,,,

Q2 2023 - Sprint 4,2023/05/18,2023/05/31,HUB-84318,12077,ALakshkar,6625,3375,0,0,0,0,0,0,0,0,0,0,ALakshkar,,
Q2 2023 - Sprint 4,2023/05/18,2023/05/31,PROD-166215,12077,ALakshkar,6625,3375,0,0,0,0,0,0,0,0,0,0,ALakshkar,,
Sprint Totals,,,,,,PR_ADDED: 13250,PR_REMOVED: 6750,COMMIT_ADDED: 0,COMMIT_REMOVED: 0,APPROVED: 0,COMMENTED: 0,DECLINED: 0,MERGED: 0,OPENED: 0,RESCOPED: 0,UNAPPROVED: 0,UPDATED: 0,,,

Q2 2023 - Sprint 5,2023/06/01,2023/06/14,HUB-84318,12077,ALakshkar,6625,3375,0,0,0,0,0,0,0,0,0,0,ALakshkar,,
Q2 2023 - Sprint 5,2023/06/01,2023/06/14,PROD-166215,12077,ALakshkar,6625,3375,0,0,0,0,0,0,0,0,0,0,ALakshkar,,
Sprint Totals,,,,,,PR_ADDED: 13250,PR_REMOVED: 6750,COMMIT_ADDED: 0,COMMIT_REMOVED: 0,APPROVED: 0,COMMENTED: 0,DECLINED: 0,MERGED: 0,OPENED: 0,RESCOPED: 0,UNAPPROVED: 0,UPDATED: 0,,,

Overall Totals,,,,,,PR_ADDED: 51823,PR_REMOVED: 18177,COMMIT_ADDED: 0,COMMIT_REMOVED: 0,APPROVED: 0,COMMENTED: 0,DECLINED: 0,MERGED: 0,OPENED: 1,RESCOPED: 0,UNAPPROVED: 0,UPDATED: 0,,,
