SPRINT,START_DATE,END_DATE,TICKET,PR_ID,USER,PR_ADDED,PR_REMOVED,COMMIT_ADDED,COMMIT_REMOVED,APPROVED,COMMENTED,DECLINED,MERGED,OPENED,RESCOPED,UNAPPROVED,UPDATED,AUTHOR,COMMENTS,COMMIT_MESSAGES
Sprint Hagen Daz,2023/04/11,2023/04/25,HUB-93087,240,SBundale,7067,667,0,0,0,0,0,0,0,0,0,0,SBundale,,
Sprint Hagen Daz,2023/04/11,2023/04/25,HUB-89950,240,SBundale,7067,667,0,0,0,0,0,0,0,0,0,0,SBundale,,
Sprint Totals,,,,,,PR_ADDED: 14134,PR_REMOVED: 1334,COMMIT_ADDED: 0,COMMIT_REMOVED: 0,APPROVED: 0,COMMENTED: 0,DECLINED: 0,MERGED: 0,OPENED: 0,RESCOPED: 0,UNAPPROVED: 0,UPDATED: 0,,,

Sprint Ice Cream,2023/04/25,2023/05/09,HUB-89950,240,SBundale,7067,667,0,0,0,0,0,0,0,0,0,0,SBundale,,
Sprint Ice Cream,2023/04/25,2023/05/09,HUB-95985,240,SBundale,7067,667,0,0,0,0,0,0,0,0,0,0,SBundale,,
Sprint Totals,,,,,,PR_ADDED: 14134,PR_REMOVED: 1334,COMMIT_ADDED: 0,COMMIT_REMOVED: 0,APPROVED: 0,COMMENTED: 0,DECLINED: 0,MERGED: 0,OPENED: 0,RESCOPED: 0,UNAPPROVED: 0,UPDATED: 0,,,

Wizards - Sprint Jalebi,2023/05/09,2023/05/23,HUB-93091,240,SBundale,7067,667,0,0,0,0,0,0,0,0,0,0,SBundale,,
Sprint Totals,,,,,,PR_ADDED: 7067,PR_REMOVED: 667,COMMIT_ADDED: 0,COMMIT_REMOVED: 0,APPROVED: 0,COMMENTED: 0,DECLINED: 0,MERGED: 0,OPENED: 0,RESCOPED: 0,UNAPPROVED: 0,UPDATED: 0,,,

Wizards - Sprint Kinder Joy,2023/05/23,2023/06/06,HUB-93091,240,SBundale,7067,667,0,0,0,0,0,0,0,0,0,0,SBundale,,
Wizards - Sprint Kinder Joy,2023/05/23,2023/06/06,HUB-101092,240,SBundale,7067,667,0,0,0,0,0,0,0,0,0,0,SBundale,,
Sprint Totals,,,,,,PR_ADDED: 14134,PR_REMOVED: 1334,COMMIT_ADDED: 0,COMMIT_REMOVED: 0,APPROVED: 0,COMMENTED: 0,DECLINED: 0,MERGED: 0,OPENED: 0,RESCOPED: 0,UNAPPROVED: 0,UPDATED: 0,,,

Overall Totals,,,,,,PR_ADDED: 49469,PR_REMOVED: 4669,COMMIT_ADDED: 0,COMMIT_REMOVED: 0,APPROVED: 0,COMMENTED: 0,DECLINED: 0,MERGED: 0,OPENED: 0,RESCOPED: 0,UNAPPROVED: 0,UPDATED: 0,,,
