SPRINT,START_DATE,END_DATE,TICKET,PR_ID,USER,PR_ADDED,PR_REMOVED,COMMIT_ADDED,COMMIT_REMOVED,APPROVED,COMMENTED,DECLINED,MERGED,OPENED,RESCOPED,UNAPPROVED,UPDATED,AUTHOR,COMMENTS,COMMIT_MESSAGES
WOW - S7 (30 Mar - 12Apr) 33,2023/03/30,2023/04/12,WEBINAR-5422,147813,Kritika.Gupta,0,0,0,0,0,0,0,0,0,0,0,0,Sagar.Patel,,"1. Pull request #147529: Smm 45613  Merge in CVT/c4 from smm-45613 to prod-164125  * commit 'fe0102d7df9af2b74e8580dd5c44a25c6b710d16':    SMM-45613: syntax fix for sp    SMM-45613: syntax fix for sp    SMM-45613: changes in sp to handle allocation copy in case of RFP budget item copy on event side    SMM-45613: Old tvp used. On behalf of dinkar    SMM-45613: New sp for budget item duplicate. On behalf of dinkar
2. Pull request #147528: Required option to be removed for tax and gratuity settings  Merge in CVT/c4 from epic/smm-49982-iframe to prod-164125  * commit 'b78f6d4bceed939f64c7f05cd4335b3d08f9aa5f':    Required option to be removed for tax and gratuity settings
3. Pull request #147530: Smm 49960  Merge in CVT/c4 from smm-49960 to prod-164125  * commit 'b4b17a6ea7b07db81bdfd234f1eaac044b019b50':    SMM-49960:report changes    SMM-49960:report changes
4. Pull request #147566: Prod  Merge in CVT/c4 from prod to prod-164125  * commit '7b164ed038ef43b85ba2edbb00b621755c60c82d':    ""Reverting PROD-162127 from ccid-2514"" Revert ""Pull request #147450: Adding sql script.""    reverting PROD-163373 from ccid-2514 163373: removed from ccid-2512 Revert ""Pull request #147371: Prod 163373""""""    Revert ""PROD-163775: Removed from ccid-2512 4c4efbfe4af Revert ""Pull request #147406: PROD-163775: Adding adobe url to application settings""""    Revert ""PROD-163373: removed from ccid-2512 Revert ""Pull request #147371: Prod 163373""""    PROD-163942:add more files    PROD-163942:add files    PROD-163937: increase gender_type to 24 char    WEBINAR-3972: Update Cvent.controls version    WEBINAR-3972: Update Cvent.controls version    WEBINAR-3972: Update Cvent.controls version    PROD-162876: Prevent email content analysis for flex events    Adding sql script.    [ENT-27908] : Added safety check before add push integration    ENT-27908: initial commit to add safety to retrieval of push integration configs during form copy"
WOW - S7 (30 Mar - 12Apr) 33,2023/03/30,2023/04/12,WEBINAR-5607,150542,Kritika.Gupta,5024,2919,0,0,0,0,0,0,0,0,0,0,Kritika.Gupta,,
WOW - S7 (30 Mar - 12Apr) 33,2023/03/30,2023/04/12,WEBINAR-5607,150770,Kritika.Gupta,6111,3019,0,0,0,0,0,0,0,0,0,0,Kritika.Gupta,,
Sprint Totals,,,,,,PR_ADDED: 11135,PR_REMOVED: 5938,COMMIT_ADDED: 0,COMMIT_REMOVED: 0,APPROVED: 0,COMMENTED: 0,DECLINED: 0,MERGED: 0,OPENED: 0,RESCOPED: 0,UNAPPROVED: 0,UPDATED: 0,,,

Q2 - WOW - S10(11 - 24 May) 30,2023/05/11,2023/05/24,PROD-166742,149559,Kritika.Gupta,0,0,98,86,0,0,0,0,0,0,0,0,P.Ahuja,,"1. PROD-167653:SP tuned
2. PROD-167653:SP tuned
3. PROD-167653:SP tuned"
Sprint Totals,,,,,,PR_ADDED: 0,PR_REMOVED: 0,COMMIT_ADDED: 98,COMMIT_REMOVED: 86,APPROVED: 0,COMMENTED: 0,DECLINED: 0,MERGED: 0,OPENED: 0,RESCOPED: 0,UNAPPROVED: 0,UPDATED: 0,,,

Q2 - WOW S12 (8 - 21 Jun),2023/06/08,2023/06/21,PROD-167534,150770,Kritika.Gupta,6111,3019,0,0,0,0,0,0,0,0,0,0,Kritika.Gupta,,
Q2 - WOW S12 (8 - 21 Jun),2023/06/08,2023/06/21,PROD-167534,150073,Kritika.Gupta,0,0,365,248,0,0,0,0,0,0,0,0,AJagtap,,"1. PROD-164414:Associated reg in reports fixed
2. PROD-164414:Associated reg in reports fixed
3. PROD-164414:review comments
4. PROD-164414:review comments
5. PROD-164414:review comments
6. PROD-164414:review comments
7. PROD-164414:perf improved
8. PROD-164414:perf improved
9. PROD-164414:perf improved"
Sprint Totals,,,,,,PR_ADDED: 6111,PR_REMOVED: 3019,COMMIT_ADDED: 365,COMMIT_REMOVED: 248,APPROVED: 0,COMMENTED: 0,DECLINED: 0,MERGED: 0,OPENED: 0,RESCOPED: 0,UNAPPROVED: 0,UPDATED: 0,,,

Overall Totals,,,,,,PR_ADDED: 17246,PR_REMOVED: 8957,COMMIT_ADDED: 463,COMMIT_REMOVED: 334,APPROVED: 0,COMMENTED: 0,DECLINED: 0,MERGED: 0,OPENED: 0,RESCOPED: 0,UNAPPROVED: 0,UPDATED: 0,,,
