SPRINT,START_DATE,END_DATE,TICKET,PR_ID,USER,PR_ADDED,PR_REMOVED,COMMIT_ADDED,COMMIT_REMOVED,APPROVED,COMMENTED,DECLINED,MERGED,OPENED,RESCOPED,UNAPPROVED,UPDATED,AUTHOR,COMMENTS,COMMIT_MESSAGES
Q2 23' S2-Fatela jeb sil jayga,2023/04/11,2023/04/25,CMOBL-149375,655,MMenpadi,0,0,0,0,0,0,0,0,0,0,0,0,KMahajan,,
Q2 23' S2-Fatela jeb sil jayga,2023/04/11,2023/04/25,CMOBL-150107,805,MMenpadi,0,0,0,0,1,0,0,0,0,0,0,0,Prashant.Bansal,,
Q2 23' S2-Fatela jeb sil jayga,2023/04/11,2023/04/25,CMOBL-150108,805,MMenpadi,0,0,0,0,0,0,0,0,0,0,0,0,Prashant.Bansal,,
Q2 23' S2-Fatela jeb sil jayga,2023/04/11,2023/04/25,CMOBL-151832,139,MMenpadi,653,0,238,828,0,9,0,1,0,5,0,0,MMenpadi,"1. Added description after discussing with product.
2. As mentioned in the PR description, this is an exisitng endpoint so we can't update the field names.
3. Extracted all of them to their own seperate json files
4. Yes, we save only the ID custom field,which is a UUID, I've added `""format"": uuid` now.
5. Added model description ✅
6. Updated the description
7. Updated the description, this is the ttl associated with the delta doc created for an os event used to sync core-oss event data
8. Unfortunately nope ew don't, We don't allow creating standalone events in OSS anymore. This type property comes from other sources of event like core, conference etc. where events are actually being created. OSS event gets created by enabling a feature in the source event. We don't have a defined list of values for this right now and it's very difficult to consolidate the list from all sources.
9. yep, updated the description ✅","1. CMOBL-151832: added and updated description for GET Event models
2. CMOBL-151832: extracted nested objects to their own seperate json files
3. CMOBL-151382: added examples in printer.json
4. CMOL-151832: updated GET event models
5. CMOBL-151382: updated existing-event model"
Q2 23' S2-Fatela jeb sil jayga,2023/04/11,2023/04/25,CMOBL-152748,3549,MMenpadi,0,0,434,187,0,0,0,0,0,0,0,0,SDowney,,"1. CMOBL-153664: fixed exhibtors postman tests for leads
2. CMOBL-153664: moved PATCH leads postman test in exhibitor collection
3. CMOBL-153664: randomised emails in leads postman test in exhibitor collection"
Q2 23' S2-Fatela jeb sil jayga,2023/04/11,2023/04/25,CMOBL-153109,1108,MMenpadi,0,0,0,0,1,0,0,0,0,0,0,0,J.Kumar,,
Q2 23' S2-Fatela jeb sil jayga,2023/04/11,2023/04/25,CMOBL-153244,2,MMenpadi,0,0,0,0,1,0,0,0,0,0,0,0,J.Kumar,,
Q2 23' S2-Fatela jeb sil jayga,2023/04/11,2023/04/25,HUB-73504,364,MMenpadi,0,0,0,0,0,4,0,0,0,0,0,0,Subratkumar.Sahoo,"1. create a constant specifying the exact time that `1200000` is.
2. [nit] `createdAt` is a required field in `PurchaseVarData` so you can use `orderVarData.createdAt`  instead.
3. Could you please move this method to `licenseUtils`, I think that would be a more appropriate place keep this method.
4. Remind me why we used to mock `l` breakpoint, but anyways I don't think mockBreakpointsSize should be needed here.",
Q2 23' S2-Fatela jeb sil jayga,2023/04/11,2023/04/25,HUB-74287,362,MMenpadi,0,0,0,0,1,0,0,0,0,0,0,0,Subratkumar.Sahoo,,
Q2 23' S2-Fatela jeb sil jayga,2023/04/11,2023/04/25,HUB-90000,361,MMenpadi,2192,1411,900,982,0,14,0,0,0,5,0,0,MMenpadi,"1. It can't be removed `Draggable` component needs DraggableContext to render, I have created a test component and have used that in UTs
2. Added a comment with explaination.
3. I have mentioned in the PR description why writing tests for drag-n-drop isn't possible here, we'll however cover those scenarios in our E2E test
4. Yeah..right, don't recall how it remained like this, I might have missed this while refactoring `DraggableCards`
5. Renamed to ` DraggableCards.tsx `
6. Added UTs for drag icon in smaller screens and delete modal
7. Yep you're right, this PR only makes them draggable, saving their order isn't a part of HUB-90000
8. Added an assertion to check for button disabled
9. Updated the condition
10. Added a comment, and for ref this was the PR https://stash.cvent.net/projects/PT/repos/onsite-exhibitor-portal-nx/pull-requests/186/overview?commentId=2898586
11. Moved to testUtils
12. Nope, it does not.
13. yep, lets see wat they say https://cvent.slack.com/archives/CHHQ47G84/p1681830077658269
14. Looks like in other drag-n-drop implementations they don't render them as lists. So I think that this is good as is.","1. HUB-90000: moved common code from file/link/video content item to ContentListItem
2. HUB-90000: refactored content card list UTs
3. HUB-90000: downmerge master and phrasepull
4. HUB-90000: fixed linting issue
5. HUB-90000: refactored draggable cards and test components
6. HUB-90000: refactored draggableCards component
7. HUB-90000: phrase pull"
Q2 23' S2-Fatela jeb sil jayga,2023/04/11,2023/04/25,HUB-90748,74,MMenpadi,0,0,0,0,1,0,0,0,0,0,0,0,VShyoran,,
Q2 23' S2-Fatela jeb sil jayga,2023/04/11,2023/04/25,HUB-90748,76,MMenpadi,0,0,0,0,0,0,0,0,0,0,0,0,VShyoran,,
Q2 23' S2-Fatela jeb sil jayga,2023/04/11,2023/04/25,HUB-92862,357,MMenpadi,0,0,0,0,1,0,0,0,0,0,0,1,VShyoran,,
Q2 23' S2-Fatela jeb sil jayga,2023/04/11,2023/04/25,HUB-95488,143,MMenpadi,0,0,0,0,1,0,0,0,0,0,1,0,Prashant.Bansal,,
Q2 23' S2-Fatela jeb sil jayga,2023/04/11,2023/04/25,HUB-95491,2714,MMenpadi,0,0,0,0,1,0,0,0,0,0,0,0,Subratkumar.Sahoo,,
Q2 23' S2-Fatela jeb sil jayga,2023/04/11,2023/04/25,HUB-95491,3455,MMenpadi,0,0,0,0,1,0,0,0,0,0,0,0,Subratkumar.Sahoo,,
Q2 23' S2-Fatela jeb sil jayga,2023/04/11,2023/04/25,CMOBL-146549,3436,MMenpadi,0,0,0,0,0,0,0,0,0,0,0,0,VKanaujia,,
Q2 23' S2-Fatela jeb sil jayga,2023/04/11,2023/04/25,CMOBL-150760,2716,MMenpadi,0,0,0,0,1,0,0,0,0,0,0,0,VKanaujia,,
Q2 23' S2-Fatela jeb sil jayga,2023/04/11,2023/04/25,CMOBL-150760,3453,MMenpadi,0,0,0,0,0,0,0,0,0,0,0,0,VKanaujia,,
Q2 23' S2-Fatela jeb sil jayga,2023/04/11,2023/04/25,HUB-76662,365,MMenpadi,0,0,0,0,1,1,0,0,0,0,0,0,VKanaujia,1. [nit] Instead you can do the same in 1 line : `orderFiles(draggableCardsData.map(cardData => cardData.id)`,
Q2 23' S2-Fatela jeb sil jayga,2023/04/11,2023/04/25,HUB-76665,369,MMenpadi,1864,11,0,0,0,0,0,0,0,0,0,0,MMenpadi,,
Q2 23' S2-Fatela jeb sil jayga,2023/04/11,2023/04/25,HUB-76665,375,MMenpadi,2333,849,1186,476,0,0,0,0,0,0,0,0,MMenpadi,,"1. HUB-89439: auth token changes for exhibitor video upload
2. HUB-89439: downmerge origin/HUB-90000
3. HUB-76665: Initial setup and changes for video upload
4. HUB-76665: fixed linting issues
5. HUB-89439: downmerge master"
Q2 23' S2-Fatela jeb sil jayga,2023/04/11,2023/04/25,HUB-76665,382,MMenpadi,2333,849,0,0,0,0,0,0,0,0,0,0,MMenpadi,,
Q2 23' S2-Fatela jeb sil jayga,2023/04/11,2023/04/25,HUB-76667,365,MMenpadi,0,0,0,0,0,0,0,0,0,0,0,0,VKanaujia,,
Q2 23' S2-Fatela jeb sil jayga,2023/04/11,2023/04/25,HUB-76668,365,MMenpadi,0,0,0,0,0,0,0,0,0,0,0,0,VKanaujia,,
Q2 23' S2-Fatela jeb sil jayga,2023/04/11,2023/04/25,HUB-89439,375,MMenpadi,2333,849,0,0,0,0,0,0,0,0,0,0,MMenpadi,,
Q2 23' S2-Fatela jeb sil jayga,2023/04/11,2023/04/25,HUB-89439,1442,MMenpadi,28,0,73,45,0,1,0,1,1,1,0,0,MMenpadi,1. Done ✅,"1. HUB-89439: added schema for GET video upload bearer endpoint in event-api
2. HUB-89439: updated schema for GET video_upload_bearer"
Q2 23' S2-Fatela jeb sil jayga,2023/04/11,2023/04/25,HUB-89439,3541,MMenpadi,251,4,292,32,0,4,0,0,1,6,0,0,MMenpadi,"1. oops....how did I miss that 😅
2. Added accountId and eventId in log statement
3. Since these remain same for all environments I moved them to the code instead as suggested.
4. Makes sense, I've updated the permission check.","1. HUB-89439: added new endpoint to create auth token for exhibitor video upload
2. HUB-89439: downmerge develop
3. HUB-89439: updated template file and error log
4. HUB-89439: updated jest env setup
5. HUB-89439: downmerge develop
6. HUB-89439: removed redundant token from template file
7. Merge branch 'develop' of ssh://stash.cvent.net:7999/pt/event-api into HUB-89439
8. HUB-89439: removed redundant auth roles from S606-dev.yaml"
Q2 23' S2-Fatela jeb sil jayga,2023/04/11,2023/04/25,HUB-89439,382,MMenpadi,2333,849,0,0,0,0,0,0,0,0,0,0,MMenpadi,,
Q2 23' S2-Fatela jeb sil jayga,2023/04/11,2023/04/25,HUB-92743,61,MMenpadi,0,0,0,0,0,0,0,0,0,0,0,0,VKanaujia,,
Q2 23' S2-Fatela jeb sil jayga,2023/04/11,2023/04/25,HUB-92743,1448,MMenpadi,0,0,0,0,0,0,0,0,0,0,0,0,VKanaujia,,
Q2 23' S2-Fatela jeb sil jayga,2023/04/11,2023/04/25,HUB-92743,3567,MMenpadi,0,0,0,0,0,0,0,0,0,0,0,0,VKanaujia,,
Q2 23' S2-Fatela jeb sil jayga,2023/04/11,2023/04/25,HUB-96535,1444,MMenpadi,0,0,0,0,1,0,0,0,0,0,0,0,VKanaujia,,
Q2 23' S2-Fatela jeb sil jayga,2023/04/11,2023/04/25,PROD-164667,808,MMenpadi,0,0,0,0,0,0,0,0,0,0,0,0,Prashant.Bansal,,
Sprint Totals,,,,,,PR_ADDED: 14320,PR_REMOVED: 4822,COMMIT_ADDED: 3123,COMMIT_REMOVED: 2550,APPROVED: 12,COMMENTED: 33,DECLINED: 0,MERGED: 2,OPENED: 2,RESCOPED: 17,UNAPPROVED: 1,UPDATED: 1,,,

Q2 23' S3,2023/04/25,2023/05/09,CMOBL-146549,3436,MMenpadi,0,0,0,0,0,0,0,0,0,0,0,0,VKanaujia,,
Q2 23' S3,2023/04/25,2023/05/09,CMOBL-150760,2716,MMenpadi,0,0,0,0,0,0,0,0,0,0,0,0,VKanaujia,,
Q2 23' S3,2023/04/25,2023/05/09,CMOBL-150760,3453,MMenpadi,0,0,0,0,0,0,0,1,0,0,0,0,VKanaujia,,
Q2 23' S3,2023/04/25,2023/05/09,CMOBL-150760,3461,MMenpadi,0,0,0,0,0,0,0,0,0,0,0,0,SMartin,,"1. Pull request #3453: CMOBL-150760: Comments and File upload support has been added to ULC Support Request.  Merge in PT/onsite-planner-portal from CMOBL-150760 to develop  * commit '43fb78b95e3295353ac6fe5bf11e9b0b7d1c125a':    CMOBL-150760: Refactored for more clarity    CMOBL-150760: Added alert for invalid file type    CMOBL-150760: yarn upgrade cvent-web-components    CMOBL-150760: Added UTs for file upload scenarios    CMOBL-150760: Phrase pull, removed config env usage and updated imports    CMOBL-150760: Used upload button and upload list component    CMOBL-150760: updated snapshot    CMOBL-150760: removed redundant usage of get method, added unique id to new file and made use of file upload form component    CMOBL-150760: calling resetError after alert is displayed for ulc support request    CMOBL-150760: Added remove link modal and phrase pull    CMOBL-150760: Updated config    CMOBL-150760: Added changeset    CMOBL-150760: Comments and File upload support has been added to ULC Support Request."
Q2 23' S3,2023/04/25,2023/05/09,CMOBL-153664,3552,MMenpadi,428,181,0,0,0,0,0,0,0,0,0,0,MMenpadi,,
Q2 23' S3,2023/04/25,2023/05/09,HUB-76662,365,MMenpadi,0,0,0,0,0,0,0,0,0,0,0,0,VKanaujia,,
Q2 23' S3,2023/04/25,2023/05/09,HUB-76667,365,MMenpadi,0,0,0,0,0,0,0,0,0,0,0,0,VKanaujia,,
Q2 23' S3,2023/04/25,2023/05/09,HUB-76668,365,MMenpadi,0,0,0,0,0,0,0,0,0,0,0,0,VKanaujia,,
Q2 23' S3,2023/04/25,2023/05/09,HUB-96532,503,MMenpadi,0,0,0,0,1,0,0,0,0,0,0,0,Prashant.Bansal,,
Q2 23' S3,2023/04/25,2023/05/09,HUB-96535,1444,MMenpadi,0,0,0,0,0,0,0,0,0,0,0,0,VKanaujia,,
Q2 23' S3,2023/04/25,2023/05/09,PROD-164667,808,MMenpadi,0,0,0,0,1,0,0,0,0,0,0,0,Prashant.Bansal,,
Q2 23' S3,2023/04/25,2023/05/09,PROD-165690,387,MMenpadi,0,0,0,0,0,0,0,0,0,0,0,0,RaviM,,
Q2 23' S3,2023/04/25,2023/05/09,PROD-165690,385,MMenpadi,0,0,0,0,1,2,0,0,0,0,0,0,RaviM,"1. ```suggestion          // Get contract details only for planner license assign flow  ```
2. ```suggestion          // Get term details only for planner license assign flow  ```",
Q2 23' S3,2023/04/25,2023/05/09,PROD-166009,9132,MMenpadi,7,1,7,1,0,0,0,0,1,0,0,0,MMenpadi,,1. PROD-166009: updated attendee profile route for internal link custom cards
Q2 23' S3,2023/04/25,2023/05/09,PROD-166009,9131,MMenpadi,480,140,9,2,0,1,1,0,1,0,0,0,MMenpadi,1. Declining this PR as some changes from develop is also pulled :robot:,1. PROD-166009: updated attendee profile route for internal link custom cards
Q2 23' S3,2023/04/25,2023/05/09,CMOBL-153113,3558,MMenpadi,0,0,0,0,1,0,0,0,0,0,0,0,J.Kumar,,
Q2 23' S3,2023/04/25,2023/05/09,HUB-76665,369,MMenpadi,1864,11,0,0,0,0,0,0,0,0,0,0,MMenpadi,,
Q2 23' S3,2023/04/25,2023/05/09,HUB-76665,375,MMenpadi,2333,849,2386,1320,0,0,0,0,0,0,0,0,MMenpadi,,"1. HUB-76665: refactored content UTs and added video upload UTs
2. HUB-76665: updated codegen config to exclude test queries
3. HUB-76665: changes to mock PVS queries for VideoUpload
4. HUB-76665: fixed shared-upload-library dependency issue
5. HUB-76665: phrase pull and refactored video upload flow
6. HUB-76665: downmerge develop
7. HUB-76665: run pnpm generate
8. HUB-76665: updated pnpm lock file"
Q2 23' S3,2023/04/25,2023/05/09,HUB-76665,382,MMenpadi,2333,849,0,0,0,0,0,0,0,0,0,0,MMenpadi,,
Q2 23' S3,2023/04/25,2023/05/09,HUB-89439,375,MMenpadi,2333,849,0,0,0,0,0,0,0,0,0,0,MMenpadi,,
Q2 23' S3,2023/04/25,2023/05/09,HUB-89439,1442,MMenpadi,28,0,0,0,0,0,0,0,0,0,0,0,MMenpadi,,
Q2 23' S3,2023/04/25,2023/05/09,HUB-89439,3541,MMenpadi,251,4,0,0,0,0,0,0,0,0,0,0,MMenpadi,,
Q2 23' S3,2023/04/25,2023/05/09,HUB-89439,382,MMenpadi,2333,849,0,0,0,0,0,0,0,0,0,0,MMenpadi,,
Q2 23' S3,2023/04/25,2023/05/09,HUB-89999,374,MMenpadi,0,0,0,0,1,2,0,0,0,0,0,0,Subratkumar.Sahoo,"1. This mutation is used only for marking a video featured, so a better name could be `setFeaturedVideo` or something similar.
2. Assertions here are not testing `should make provided video as featured`.",
Q2 23' S3,2023/04/25,2023/05/09,HUB-90750,76,MMenpadi,0,0,0,0,0,0,0,0,0,0,0,0,VShyoran,,
Q2 23' S3,2023/04/25,2023/05/09,HUB-90750,17691,MMenpadi,0,0,0,0,0,0,0,0,0,0,0,0,VShyoran,,
Q2 23' S3,2023/04/25,2023/05/09,HUB-92743,61,MMenpadi,0,0,0,0,0,0,0,0,0,0,0,0,VKanaujia,,
Q2 23' S3,2023/04/25,2023/05/09,HUB-92743,1448,MMenpadi,0,0,0,0,0,0,0,0,0,0,0,0,VKanaujia,,
Q2 23' S3,2023/04/25,2023/05/09,HUB-92743,3567,MMenpadi,0,0,0,0,0,0,0,0,0,0,0,0,VKanaujia,,
Sprint Totals,,,,,,PR_ADDED: 12390,PR_REMOVED: 3733,COMMIT_ADDED: 2402,COMMIT_REMOVED: 1323,APPROVED: 5,COMMENTED: 5,DECLINED: 1,MERGED: 1,OPENED: 2,RESCOPED: 0,UNAPPROVED: 0,UPDATED: 0,,,

Q2 23' S4,2023/05/09,2023/05/23,CMOBL-153086,60,MMenpadi,0,0,0,0,1,0,0,0,0,0,0,0,J.Kumar,,
Q2 23' S4,2023/05/09,2023/05/23,CMOBL-153113,3558,MMenpadi,0,0,0,0,0,0,0,0,0,0,0,0,J.Kumar,,
Q2 23' S4,2023/05/09,2023/05/23,CMOBL-153740,294,MMenpadi,0,0,0,0,1,0,0,0,0,0,0,0,Prashant.Bansal,,
Q2 23' S4,2023/05/09,2023/05/23,CMOBL-153748,378,MMenpadi,111,31,111,31,0,0,0,1,1,1,0,0,MMenpadi,,"1. CMOBL-153748: updated app and device rental license stat visibility
2. CMOBL-153748: fixed css styles for license stats"
Q2 23' S4,2023/05/09,2023/05/23,HUB-76665,369,MMenpadi,1864,11,2291,72,0,0,0,0,1,7,0,0,MMenpadi,,"1. HUB-89435: created a component for exhibitor video edit
2. HUB-89435: added changeset
3. HUB-89435: downmerge master
4. HUB-89435: phrase pull
5. HUB-76665: updated exhibitor video edit UT and added timezone to UT run script
6. HUB-76665: updated exhibitor edit video exit confirmation modal
7. HUB-76665: fixed linting issue
8. HUB-76665: fixed linting issue
9. HUB-89435: updated exhibitor edit video panel onDismiss method
10. HUB-89435: updated exhibitor edit video panel"
Q2 23' S4,2023/05/09,2023/05/23,HUB-76665,375,MMenpadi,2333,849,714,979,0,20,0,1,1,15,0,0,MMenpadi,"1. yeah...I've updated the comment
2. updated the comment to be something more meaningful
3. Yeah..wasn't aware about this, make much more sense to use `rejectedFiles`, I have updated the `if-else` to use that instead.
4. This was giving me an error about missing dep in local development, but you are right this is not needed anymore.
5. Yeah...makes sense I have also added an expiration for that cookie in it.
6. I have added an error log here
7. If the query fails, the generalError page is shown.
8. Yeah...I have refactored it a bit do this should be clear now.
9. Yeah...I saw that I have used test-id in one other place, so I've updated it everywhere else to use the testId
10. The nucleus-file-ipload button issue that I have explained at other places.
11. Refactored `ContentEmptyState`  so this is fixed.
12. I had to rename this while troubleshooting for an issue while troubleshooting the _pseudo mocked provider_  was going on, this is not needed, I have refactored it back to `deleteVideo`
13. hmm....don't know how it got there. It's cleared now.
14. We don't show any icon for Video upload button, so I have provided a default value instead of sending `undefined` from VideoContentList
15. Removed it, wrong import was causing an issue with request type.
16. Having different IDs like how it is right now, also replaces the previous alert.
17. The other error could be multiple file selected (we only support 1) but that is already disabled by nucleus file upload, so more than 1 file can't be selected for upload.  So these two cases are enough.
18. nope, the test id is not actually set in the button by nucleus file upload, so `toBeDisabled` fails when we get it by testID
19. Added a request id to error log.
20. About that, I'm not able to figure out the issue here, the UTs are passing locally just fine without any timeouts but fails in jenkins.","1. HUB-76665: fixed linting issue
2. HUB-76665: updated pnpm lock file and fixed UTs
3. HUB-76665: updated lock file
4. HUB-76665: refactored video upload flow
5. HUB-76665: refactored video upload flow
6. HUB-76665: updated plannerVideoSolutionGraph proxy
7. HUB-76665: removed duplicate plannerVideoSolutionGraph proxy
8. HUB-76665: added request id to PVS graph calls and removed duplicate query
9. HUB-76665: refactored exhibitor content tests.
10. HUB-76665: removed redundant mock query
11. HUB-76665: updated jest config timeout and maxWorkers
12. HUB-76665: removed redundant jest timeouts
13. HUB-76665: updated maxWorkers in jest config
14. HUB-76665: updated context headers toh get around ssl error
15. HUB-76665: updated authenticatedPage ctx headers
16. HUB-76665: updated comment in authenticatedPage
17. HUB-76665: added SUL peer dependency
18. HUB-76665: removed domain from video upload auth cookie
19. HUB-76665: downmerge master"
Q2 23' S4,2023/05/09,2023/05/23,HUB-76665,382,MMenpadi,2333,849,5,5,0,0,1,0,1,1,0,1,MMenpadi,,"1. NA-0: added log statements
2. NA-0: removed domain from video auth cookie"
Q2 23' S4,2023/05/09,2023/05/23,HUB-89439,375,MMenpadi,2333,849,0,0,0,0,0,0,0,0,0,0,MMenpadi,,
Q2 23' S4,2023/05/09,2023/05/23,HUB-89439,1442,MMenpadi,28,0,0,0,0,0,0,0,0,0,0,0,MMenpadi,,
Q2 23' S4,2023/05/09,2023/05/23,HUB-89439,3541,MMenpadi,251,4,9,11,0,0,0,1,0,2,0,0,MMenpadi,,"1. HUB-89439: downmerge develop
2. HUB-89439: updated config key"
Q2 23' S4,2023/05/09,2023/05/23,HUB-89439,3574,MMenpadi,0,0,0,0,0,0,0,0,0,0,0,0,D.Collette,,1. Pull request #3541: HUB-89439: Created new endpoint to GET auth token for exhibitor video upload  Merge in PT/event-api from HUB-89439 to develop  * commit '5846bfcb25be77258e9b655d57b516275efcdf45':    HUB-89439: updated config key    HUB-89439: removed redundant auth roles from S606-dev.yaml    HUB-89439: removed redundant token from template file    HUB-89439: updated jest env setup    HUB-89439: updated template file and error log    HUB-89439: added new endpoint to create auth token for exhibitor video upload
Q2 23' S4,2023/05/09,2023/05/23,HUB-89439,382,MMenpadi,2333,849,0,0,0,0,0,0,0,0,0,0,MMenpadi,,
Q2 23' S4,2023/05/09,2023/05/23,HUB-89999,374,MMenpadi,0,0,0,0,0,0,0,0,0,0,0,0,Subratkumar.Sahoo,,
Q2 23' S4,2023/05/09,2023/05/23,HUB-90744,12674,MMenpadi,0,0,0,0,1,0,0,0,0,0,0,0,VShyoran,,
Q2 23' S4,2023/05/09,2023/05/23,HUB-97154,505,MMenpadi,0,0,0,0,1,0,0,0,0,0,0,1,Prashant.Bansal,,
Q2 23' S4,2023/05/09,2023/05/23,HUB-97154,1414,MMenpadi,0,0,0,0,1,0,0,0,0,0,0,0,Prashant.Bansal,,
Q2 23' S4,2023/05/09,2023/05/23,HUB-98731,3473,MMenpadi,0,0,0,0,1,0,0,0,0,0,0,0,Subratkumar.Sahoo,,
Q2 23' S4,2023/05/09,2023/05/23,HUB-99967,707,MMenpadi,0,0,0,0,1,0,0,0,0,0,0,0,Subratkumar.Sahoo,,
Q2 23' S4,2023/05/09,2023/05/23,HUB-99967,709,MMenpadi,0,0,0,0,1,0,0,0,0,0,0,0,Subratkumar.Sahoo,,
Q2 23' S4,2023/05/09,2023/05/23,PROD-166333,380,MMenpadi,29,1,30,2,0,0,0,1,1,1,0,0,MMenpadi,,"1. PROD-166333: updated getLeadsCount method in event datasource to send includeDeleted as false
2. PROD-166333: added UTs for getLeadsCount in event datasource"
Q2 23' S4,2023/05/09,2023/05/23,PROD-167178,1109,MMenpadi,0,0,0,0,1,0,0,0,0,0,0,0,J.Kumar,,
Q2 23' S4,2023/05/09,2023/05/23,PROD-168013,296,MMenpadi,0,0,0,0,1,0,0,0,0,0,0,0,Prashant.Bansal,,
Q2 23' S4,2023/05/09,2023/05/23,PROD-168013,298,MMenpadi,0,0,0,0,0,0,0,0,0,0,0,0,VShyoran,,
Q2 23' S4,2023/05/09,2023/05/23,HUB-89435,369,MMenpadi,1864,11,0,0,0,0,0,0,0,0,0,0,MMenpadi,,
Q2 23' S4,2023/05/09,2023/05/23,HUB-90750,76,MMenpadi,0,0,0,0,1,3,0,0,0,0,0,0,VShyoran,"1. [nit]   ```suggestion      private final CouchbaseDAO<BannerEngagementKey, EntityEngagement> bannerCouchbaseDao;  ```
2. [nit]  ```suggestion      private final CouchbaseDAO<CustomCardEngagementKey, EntityEngagement> customCardCouchbaseDao;  ```
3. Is this a breaking change? If not then it should be a minor change.",
Q2 23' S4,2023/05/09,2023/05/23,HUB-90750,17691,MMenpadi,0,0,0,0,0,0,0,0,0,0,0,0,VShyoran,,
Q2 23' S4,2023/05/09,2023/05/23,HUB-92743,61,MMenpadi,0,0,0,0,1,1,0,0,0,0,0,0,VKanaujia,1. why do we have the `entity`  twice in the path param?,
Q2 23' S4,2023/05/09,2023/05/23,HUB-92743,1448,MMenpadi,0,0,0,0,0,0,0,0,0,0,0,0,VKanaujia,,
Q2 23' S4,2023/05/09,2023/05/23,HUB-92743,3567,MMenpadi,0,0,0,0,0,2,0,0,0,0,0,0,VKanaujia,"1. If `file.id` is not present as per the check at line 453, this will add `undefined` to our content order list. This shouldn't happen.
2. Following this same scenario, we are updating the s3callback status to _COMPLETED_ at line 479 which was earlier _FAILED_. Is this behaviour exepcted?",
Sprint Totals,,,,,,PR_ADDED: 13479,PR_REMOVED: 3454,COMMIT_ADDED: 3160,COMMIT_REMOVED: 1100,APPROVED: 12,COMMENTED: 26,DECLINED: 1,MERGED: 4,OPENED: 5,RESCOPED: 27,UNAPPROVED: 0,UPDATED: 2,,,

Q2 23' S5,2023/05/23,2023/06/06,HUB-87696,385,MMenpadi,0,0,0,0,1,1,0,0,0,0,0,0,Subratkumar.Sahoo,"1. [nit]  ```suggestion      onCompleted: (data: filesPublicUrl) => {  ```  `onCompleted` is called with the query data, so you don't actually need to destructure it from `useLazyQuery` hook unless that variable is used somewhere down below.",
Q2 23' S5,2023/05/23,2023/06/06,HUB-89435,369,MMenpadi,1864,11,215,107,0,4,0,1,0,11,0,0,MMenpadi,"1. Nope video download is not provided within the video delete modal, I'll bring this up to our product if that's needed.
2. Updated to use rem instead.
3. `NavigationConfirmationModal` would need some refactoring to make it generic and also the TWs are completely different. I would like to have these seperate as this is for exhibitor video only
4. Updated styles to use rem.","1. Merge remote-tracking branch 'origin/master' into HUB-89435  # Conflicts:  #	packages/shared-upload-library/locales/en-US.json  #	packages/shared-upload-library/locales/es-ES.json  #	packages/shared-upload-library/locales/fi-FI.json  #	packages/shared-upload-library/locales/fr-FR.json  #	packages/shared-upload-library/locales/it-IT.json  #	packages/shared-upload-library/locales/ja-JP.json  #	packages/shared-upload-library/locales/nl-NL.json  #	packages/shared-upload-library/locales/ru-RU.json
2. HUB-89435: phrase pull
3. HUB-89435: refactored edit exhibitor video
4. Merge branch 'master' into HUB-89435  # Conflicts:  #	packages/shared-upload-library/src/index.ts
5. HUB-89435: added check to disable hide video switch for featured video
6. HUB-89435: changes to reset form on dismiss and thumbnail sucess alert
7. HUB-89435: converted px to rem in exhibitor video edit flow
8. Merge branch 'master' into HUB-89435  # Conflicts:  #	packages/shared-upload-library/locales/en-US.json
9. HUB-89435: converted px to rem in exhibitor video edit flow and phrase pull
10. HUB-89435: updated exhibitor video edit UTs
11. HUB-89435: updated styles and changes to retain exhibitor edit panel values"
Q2 23' S5,2023/05/23,2023/06/06,HUB-90750,76,MMenpadi,0,0,0,0,0,0,0,0,0,0,0,0,VShyoran,,
Q2 23' S5,2023/05/23,2023/06/06,HUB-90750,17691,MMenpadi,0,0,0,0,1,0,0,0,0,0,0,0,VShyoran,,
Q2 23' S5,2023/05/23,2023/06/06,HUB-92743,61,MMenpadi,0,0,0,0,0,0,0,0,0,0,0,0,VKanaujia,,
Q2 23' S5,2023/05/23,2023/06/06,HUB-92743,1448,MMenpadi,0,0,0,0,1,0,0,0,0,0,0,0,VKanaujia,,
Q2 23' S5,2023/05/23,2023/06/06,HUB-92743,3567,MMenpadi,0,0,0,0,0,0,0,0,0,0,0,0,VKanaujia,,
Q2 23' S5,2023/05/23,2023/06/06,HUB-92743,3574,MMenpadi,0,0,121,116,0,0,0,0,0,0,0,0,D.Collette,,"1. NA-0: refactored video auth test
2. Pull request #3570: NA-0: refactored video auth test  Merge in PT/event-api from postman-fix to develop  * commit '32fa5118f08476f2c951028afdc767c9e00367a3':    NA-0: refactored video auth test"
Q2 23' S5,2023/05/23,2023/06/06,HUB-99887,1450,MMenpadi,0,0,0,0,1,0,0,0,0,0,0,0,Prashant.Bansal,,
Q2 23' S5,2023/05/23,2023/06/06,HUB-99887,3577,MMenpadi,0,0,0,0,1,0,0,0,0,0,0,0,Prashant.Bansal,,
Q2 23' S5,2023/05/23,2023/06/06,HUB-100250,374,MMenpadi,0,0,0,0,0,0,0,0,0,0,0,0,Subratkumar.Sahoo,,
Q2 23' S5,2023/05/23,2023/06/06,PROD-166323,384,MMenpadi,0,0,0,0,1,0,0,0,0,0,0,0,Subratkumar.Sahoo,,
Q2 23' S5,2023/05/23,2023/06/06,PROD-168222,3593,MMenpadi,0,0,174,77,0,0,0,0,0,0,0,0,SMartin,,"1. HUB-92746: changes to update s3 path for lower environments
2. HUB-92746: updated the template file
3. Merge branch 'HUB-92746' of ssh://stash.cvent.net:7999/pt/event-api into HUB-92746
4. Pull request #3576: HUB-92746: changes to update s3 path for lower environments  Merge in PT/event-api from HUB-92746 to develop  * commit 'eee4344ec4bffc40004c43dda16ef138523f2fd8':    HUB-92746: updated the template file    HUB-92746: Changeset updated    HUB-92746: Changes for UT fixes    HUB-92746: changes to update s3 path for lower environments
5. NA-0: updated eventapi.fileServiceClient.postAsync in file upload to accept eventID
6. NA-0: updated S606-dev.yaml
7. Merge branch 'NA-0' of ssh://stash.cvent.net:7999/pt/event-api into NA-0
8. NA-0: updated exhibitorContentS3Callback UTs
9. HUB-92746: changes to save filename in s3 callback enpoint
10. HUB-92746: updated UTs
11. Merge branch 'HUB-92746' of ssh://stash.cvent.net:7999/pt/event-api into HUB-92746"
Q2 23' S5,2023/05/23,2023/06/06,PROD-168226,303,MMenpadi,0,0,0,0,1,0,0,0,0,0,0,0,VShyoran,,
Q2 23' S5,2023/05/23,2023/06/06,CMOBL-153110,115,MMenpadi,0,0,0,0,0,0,0,0,0,0,0,0,renovatebotman,,
Q2 23' S5,2023/05/23,2023/06/06,CMOBL-153110,271,MMenpadi,0,0,0,0,0,0,0,0,0,0,0,0,renovatebotman,,
Q2 23' S5,2023/05/23,2023/06/06,HUB-76672,391,MMenpadi,0,0,0,0,1,1,0,0,0,0,0,0,Subratkumar.Sahoo,"1. Why are we using two very similar state variables, looking at the changes they both have same functionality. Cna't we just call `getVideoAuthToken` in our menuOptionHandler and the `onCompleted` in `getVideoAuthToken` do the open panel job?",
Q2 23' S5,2023/05/23,2023/06/06,HUB-76672,400,MMenpadi,7,0,7,0,0,0,0,1,1,0,0,0,MMenpadi,,1. HUB-76672: added testIDs for exhibitor edit and add video save button
Q2 23' S5,2023/05/23,2023/06/06,HUB-92746,390,MMenpadi,2111,80,2393,323,0,19,0,0,1,12,0,0,MMenpadi,"1. I don't think so, however this was discussed with the UX team, and since this is modal and a modal for confirmation on unsaved changes within a modal didn't make sense so we settled down on using a browser confirmation.
2. moved them to useStyles
3. updated it to `expectedToolTipText` and `fileRequirementsText`
4. I used that because the violation id is same and is known as the nucleus upload button is kept inside the drop-to-upload zone div which also has a role button.   But you're right with not using it from an unrelated component, I have created a seperate `knownViolations` for this.
5. Nope, that's because we the nucleus drop zone also has a role `button`  with the same name
6. Updated these to use aria-label too.
7. worked fine when I did `await screen.findByRole('progressbar')`
8. Refactored it a bit more than suggested here, hope it's more readable now.
9. This is intentional, for consistency purposes, nucleus-file-upload doesn;t support button icon so we removed it from add link button too after discussion with UX
10. For FILE_CREATED yes it is, I have added one for that.
11. moved it out of the upload hook
12. when any of them is missing, updated the condition. thanks for pointing it out :+1:
13. This was picked from the figma designs https://www.figma.com/file/gxokcFLORZBclOw16mR88A/Content-Management?type=design&node-id=518-392791&t=gWB6EXokrIOhsbho-0  This will be updated if the TW team feels ow, once the keys are verified.
14. Discussed with product, so will not be using the term `virtual` here and `webpage` will be removed.
15. this is supposed to exhibitor booth & not exhibit booth, I'll update the phrase key values
16. good catch, this was not supposed to be here.
17. Hi Riley, I got it reviewed from my team members, could you pls approve/review this PR?
18. No worries :sweat_smile:
19. `arrayBuffer` comes from Blob and that method is available only on browsers and not on jest environment","1. Merge branch 'HUB-92905' into HUB-92746
2. Merge branch 'master' of ssh://stash.cvent.net:7999/pt/onsite-exhibitor-portal-nx into HUB-92746
3. HUB-92746: Changes to upload file for exhibitor content
4. HUB-92746: updated css style for file upload status
5. HUB-92746: updated fileApi UTs
6. HUB-92746: updated UTs and used constants in file upload flow
7. HUB-92746: downmerge master
8. HUB-92746: moved FileUpload styles to useStyles
9. HUB-92746: updated File content UTs
10. UHB-92746: updated add file modal footer styles
11. HUB-92746: added e2e tests for file content
12. HUB-92746: updated file upload flow
13. HUB-92746: refactored file upload UTs and changes
14. HUB-92746: fixed lint error
15. HUB-92746: updated skip getFileUploadStatus query check in useFileUpload hook
16. HUB-92746: phrase pull
17. HUB-92746: updated file api datasource tests"
Q2 23' S5,2023/05/23,2023/06/06,HUB-92746,3576,MMenpadi,169,69,0,0,0,0,0,1,1,1,0,0,MMenpadi,,
Q2 23' S5,2023/05/23,2023/06/06,HUB-92746,3584,MMenpadi,8,0,0,0,0,1,0,0,1,1,0,0,MMenpadi,"1. `fullFilePath` is something that we send from EPv2, you can see that in the file upload PR. Th epolicy issue was seen in videos and this is for file content",
Q2 23' S5,2023/05/23,2023/06/06,HUB-92746,17741,MMenpadi,42,6,104,68,0,0,0,1,1,2,0,0,MMenpadi,,"1. HUB-92746: added s3 custom url and s3 public url
2. HUB-92746: fixed linting issue
3. HUB-92746: removed changes from universal-exhibitor hogan keys"
Q2 23' S5,2023/05/23,2023/06/06,HUB-99888,256,MMenpadi,0,0,0,0,1,0,0,0,0,0,0,0,Prashant.Bansal,,
Q2 23' S5,2023/05/23,2023/06/06,HUB-99888,1431,MMenpadi,0,0,0,0,0,0,0,0,0,0,0,0,Prashant.Bansal,,
Q2 23' S5,2023/05/23,2023/06/06,HUB-99888,1435,MMenpadi,0,0,0,0,0,0,0,0,0,0,0,0,Prashant.Bansal,,
Q2 23' S5,2023/05/23,2023/06/06,HUB-100293,387,MMenpadi,0,0,0,0,0,8,0,0,0,0,0,0,VSingla,"1. [nit]  ```suggestion      it('Shows content nav when flex event and experiment is enabled and exhibitorContentManagement is enabled', async () => {  ```
2. [nit]  ```suggestion    it('Renders Download all button only, and not Add button & requirement tooltip when contentmangementenabled is false', async () => {  ```
3. Can we have test where `exhibitorContentManagement.enabled` is true but the exhibitor doesn't exist in `exhibitorContentManagement.assignedExhibitors` array?
4. [nit] We can add one more assertion here that the video content list item is rendered but the options menu in it is not, I think that way this test would be more robust.
5. I can see that's added in `VideoContentItem.spec.ts`, but still good to have it here also
6. This same type is used everywhere, might export it from one place and use everywhere else?
7. I think having a seperate describe block for `isContentManagementEnabled={false}` and having it's tests in it makes the complete tests suite more readable as that way we wouldn't need to have `when contentmangementenabled is false` mentioned explicitly in every test.
8. The same suggestion holds true for Link/VideoContentList.spec.tsx",
Q2 23' S5,2023/05/23,2023/06/06,HUB-100293,1680,MMenpadi,0,0,0,0,1,0,0,0,0,0,0,0,VSingla,,
Sprint Totals,,,,,,PR_ADDED: 4201,PR_REMOVED: 166,COMMIT_ADDED: 3014,COMMIT_REMOVED: 691,APPROVED: 10,COMMENTED: 34,DECLINED: 0,MERGED: 4,OPENED: 5,RESCOPED: 27,UNAPPROVED: 0,UPDATED: 0,,,

Q2 23'S6-Y to sch h k bhagwn h,2023/06/06,2023/06/20,CMOBL-153486,179,MMenpadi,0,0,0,0,1,1,0,0,0,0,0,0,J.Kumar,1. Shouldn't this be in camel casing too?,
Q2 23'S6-Y to sch h k bhagwn h,2023/06/06,2023/06/20,CMOBL-155061,4,MMenpadi,0,0,0,0,1,0,0,0,0,0,0,1,VShyoran,,
Q2 23'S6-Y to sch h k bhagwn h,2023/06/06,2023/06/20,CMOBL-155062,3587,MMenpadi,0,0,0,0,1,0,0,0,0,0,0,0,VShyoran,,
Q2 23'S6-Y to sch h k bhagwn h,2023/06/06,2023/06/20,CMOBL-155062,3593,MMenpadi,0,0,0,0,0,0,0,0,0,0,0,0,SMartin,,1. Pull request #3584: HUB-92746: changes to save filename in s3 callback enpoint  Merge in PT/event-api from HUB-92746 to develop  * commit 'c1383ef7aa884521bd450cbcf1f1efb855010d6f':    HUB-92746: updated UTs    HUB-92746: added changeset    HUB-92746: changes to save filename in s3 callback enpoint
Q2 23'S6-Y to sch h k bhagwn h,2023/06/06,2023/06/20,CMOBL-155106,17868,MMenpadi,0,0,0,0,1,0,0,0,0,0,0,0,VShyoran,,
Q2 23'S6-Y to sch h k bhagwn h,2023/06/06,2023/06/20,HUB-76672,391,MMenpadi,0,0,0,0,0,0,0,0,0,0,0,0,Subratkumar.Sahoo,,
Q2 23'S6-Y to sch h k bhagwn h,2023/06/06,2023/06/20,HUB-76672,400,MMenpadi,7,0,0,0,0,0,0,0,0,0,0,0,MMenpadi,,
Q2 23'S6-Y to sch h k bhagwn h,2023/06/06,2023/06/20,HUB-92746,390,MMenpadi,2111,80,166,131,0,9,0,1,0,13,0,0,MMenpadi,"1. Yes it does, but when I used it, it didn't pass that attribute to its child div with `button` role
2. The carina file upload provides a drop zone instead of just a upload button  https://carina.docs.cvent.org/storybook/index.html?path=/story/components-fileupload--file-upload-example&args=disabled:false;dropAreaHeaderLabel:asd;filesUploadedLabel:;hideDropZoneOnMaxFileLimit:false;isRtl:true;maxFiles:1;multiple:false;removeAllLabel:;uploadButtonLabel:Upload+file
3. It's already added  https://stash.cvent.net/projects/PT/repos/onsite-exhibitor-portal-nx/browse/packages/onsite-exhibitor-portal-nx-e2e/configs/wdio.conf.ts#98
4. Looks fine on my system :thinking_face:   ![image.png](attachment:24882/22995)
5. That is true, firefox doesn't recognize `webkit` prefixed css properties.  https://stackoverflow.com/questions/26275982/putting-moz-available-and-webkit-fill-available-in-one-width-property
6. Works fine for me  [Screen Recording 2023-06-12 at 5.00.35 PM.mov](attachment:24882/23000)
7. Yep, my bad, I've updated it
8. Hmmm...I can see the checkbox label repeating thrice in safari and firefox for voice-over, removing the aria-label fixed it.   And with this I conclude that chrome is maybe better for users but not very much for developers testing their features :joy:
9. I have updated it as you suggested.","1. HUB-92746: refactored exhibitor file content upload flow
2. HUB-92746: downmerge develop
3. HUB-92746: downmerge develop
4. HUB-92746: updated FileUpload, useFileUpload and fileAPI UTs
5. HUB-92746: updated file upload modal to autoFocus on file name input
6. HUB-92746: updated fileUpload button styles to work properly in firefox
7. HUB-92746: updated aria-label in file upload modal hidden checkbox
8. HUB-92746: downmerge develop
9. HUB-92746: added file upload success alert
10. HUB-92746: added file upload error alert
11. HUB-92746: downmerge master
12. HUB-92746: downmerge master
13. HUB-92746: updated UTs post downmerge master
14. HUB-92746: updated file content e2e"
Q2 23'S6-Y to sch h k bhagwn h,2023/06/06,2023/06/20,HUB-92746,3576,MMenpadi,169,69,0,0,0,0,0,0,0,0,0,0,MMenpadi,,
Q2 23'S6-Y to sch h k bhagwn h,2023/06/06,2023/06/20,HUB-92746,3584,MMenpadi,8,0,0,0,0,0,0,1,0,0,0,0,MMenpadi,,
Q2 23'S6-Y to sch h k bhagwn h,2023/06/06,2023/06/20,HUB-92746,17741,MMenpadi,42,6,0,0,0,0,0,0,0,0,0,0,MMenpadi,,
Q2 23'S6-Y to sch h k bhagwn h,2023/06/06,2023/06/20,HUB-98619,3590,MMenpadi,1002,472,1507,1011,0,21,0,0,0,4,0,0,MMenpadi,"1. Wrapped it in try catch :+1:
2. I have added the ADR document explaining the use cases, and added it in all the code places, please review and add it to the PR if you feel any changes are required.
3. As discussed, the changes are implemented, I hope that now its much less complex and is a bit easy to understand.
4. Updated 2.2
5. this comment is not needed :sweat_smile:
6. moved it to uvs util
7. videos are limited to max 25, so I don't think this would cause any issue.
8. moved it to a seperate try/catch, we don't want the request to fail if this throws an error.
9. I was getting an eslint error `ESLint: Assignment to property of function parameter 'video'.(no-param-reassign)`, but seems like that was coming from the IDE :sweat_smile:
10. We'll throw 400 in that case too
11. marking that video as `featured:false` will be disabled from EM, EPv2 already handles this case
12. Updated it to throw 400 while un-featuring the only available video
13. If by any chance the top most video is hidden and there exists an available video somewhere down in the content order this is will still handle that case.
14. You're right, the second part is not needed, it's just adding more confusion it seems, I'll remove it.
15. For EPv2 & EM use cases, nope we don't.
16. we don't need any special handling for POST video with hidden true/false, it will save it in video doc as is. The only use case that I could think of is an API call when featured and hidden both are true and this case won't come from our FE portals.
17. yep, you're right
18. We can throw a 400 in case featured and hidden both are true in POST video though.
19. this is also added.
20. I understand your concern, we are calling this function here so that the content order gets created, but having `getFilteredVideosInOrder` called eveytime doesn't make sense so I have added a check here that if content order doesn't exist only then it will call `getFilteredVideosInOrder`
21. yes as more and more old videos get through this flow, eventually this will not be needed and at that point we will need a data migration removing the featured flag from Video doc.","1. HUB-98619, HUB-101407, HUB-101760: featured/hidden video handling for EPv2 and EM use cases
2. HUB-101407: added UTs for featured/hidden handlign in add video
3. HUB-98619, HUB-101407, HUB-101760: added UTs for featured/hidden video handling for EPv2 and EM use cases and refactored video.test.js
4. HUB-98619: updated postman and added try/catch in video api's
5. HUB-103571 : simplified featured video functionalityand added adr doc
6. HUB-103571 : added try catch in getFilteredVideosInOrder
7. NA-0: downmerge develop
8. HUB-101407: updated exhibitor postman tests
9. HUB-101407: updated updated video and adr doc"
Q2 23'S6-Y to sch h k bhagwn h,2023/06/06,2023/06/20,HUB-98619,3611,MMenpadi,0,0,0,0,0,0,0,0,0,0,0,0,Subratkumar.Sahoo,,
Q2 23'S6-Y to sch h k bhagwn h,2023/06/06,2023/06/20,HUB-99888,256,MMenpadi,0,0,0,0,0,0,0,0,0,0,0,0,Prashant.Bansal,,
Q2 23'S6-Y to sch h k bhagwn h,2023/06/06,2023/06/20,HUB-99888,1431,MMenpadi,0,0,0,0,1,0,0,0,0,0,0,0,Prashant.Bansal,,
Q2 23'S6-Y to sch h k bhagwn h,2023/06/06,2023/06/20,HUB-99888,1435,MMenpadi,0,0,0,0,0,0,0,0,0,0,0,0,Prashant.Bansal,,
Q2 23'S6-Y to sch h k bhagwn h,2023/06/06,2023/06/20,HUB-100293,387,MMenpadi,0,0,0,0,0,0,0,0,0,0,0,0,VSingla,,
Q2 23'S6-Y to sch h k bhagwn h,2023/06/06,2023/06/20,HUB-100293,1680,MMenpadi,0,0,0,0,0,0,0,0,0,0,0,0,VSingla,,
Q2 23'S6-Y to sch h k bhagwn h,2023/06/06,2023/06/20,HUB-101684,398,MMenpadi,0,0,0,0,1,1,0,0,0,0,0,0,VSingla,1. [nit] move `uploadLimitReached` to `disableUploadButton` at line 123,
Q2 23'S6-Y to sch h k bhagwn h,2023/06/06,2023/06/20,HUB-101685,2738,MMenpadi,0,0,0,0,0,0,0,1,0,0,0,0,VSingla,,
Q2 23'S6-Y to sch h k bhagwn h,2023/06/06,2023/06/20,HUB-101685,2741,MMenpadi,0,0,0,0,0,0,0,0,0,0,0,0,SDowney,,"1. Pull request #2738: HUB-101685:Changes for hidden, featured toggle handling and video file name handling  Merge in PT/onsite-shared-components from HUB-101685 to develop  * commit '09794e438444ac377a45ca91d9132eea06cfa874':    HUB-101685: Added null check on added change for filename    HUB-101685: Added .toHaveAttribute for checked as toBechecked not working    HUB-101685: Added more assertions    HUB-101685: Removed unnecessary MockedProvider wrappers    HUB-101685:Changes for hidden, featured toggle handling and video file name handling"
Q2 23'S6-Y to sch h k bhagwn h,2023/06/06,2023/06/20,HUB-101686,395,MMenpadi,0,0,0,0,1,0,0,1,0,0,0,0,VSingla,,
Q2 23'S6-Y to sch h k bhagwn h,2023/06/06,2023/06/20,HUB-101760,3590,MMenpadi,1002,472,0,0,0,0,0,0,0,0,0,0,MMenpadi,,
Q2 23'S6-Y to sch h k bhagwn h,2023/06/06,2023/06/20,HUB-101760,3611,MMenpadi,0,0,0,0,0,0,0,0,0,0,0,0,Subratkumar.Sahoo,,
Q2 23'S6-Y to sch h k bhagwn h,2023/06/06,2023/06/20,HUB-102906,411,MMenpadi,40,26,42,28,0,0,0,0,1,1,0,0,MMenpadi,,"1. HUB-102906: changes to trim empty spaces for exhibitor video display name
2. HUB-102906: removed await from userEvent functions"
Q2 23'S6-Y to sch h k bhagwn h,2023/06/06,2023/06/20,HUB-102906,414,MMenpadi,103,80,105,82,0,1,0,1,1,2,0,0,MMenpadi,"1. yep, missed to remove it.","1. HUB-102906: updated displayName textbox in exhibitor videos
2. HUB-102906: updated edit and add exhibitor video component
3. HUB-102906: updated initial state value in exhibitor video modal"
Q2 23'S6-Y to sch h k bhagwn h,2023/06/06,2023/06/20,HUB-102912,397,MMenpadi,0,0,0,0,1,0,0,0,0,0,0,0,Subratkumar.Sahoo,,
Q2 23'S6-Y to sch h k bhagwn h,2023/06/06,2023/06/20,HUB-90743,82,MMenpadi,0,0,0,0,0,0,0,0,0,0,0,0,VShyoran,,
Q2 23'S6-Y to sch h k bhagwn h,2023/06/06,2023/06/20,HUB-90743,80,MMenpadi,0,0,0,0,1,0,0,0,0,0,0,0,VShyoran,,
Q2 23'S6-Y to sch h k bhagwn h,2023/06/06,2023/06/20,HUB-101407,405,MMenpadi,0,0,0,0,0,0,0,0,0,0,0,0,VSingla,,
Q2 23'S6-Y to sch h k bhagwn h,2023/06/06,2023/06/20,HUB-101407,3590,MMenpadi,1002,472,0,0,0,0,0,0,0,0,0,0,MMenpadi,,
Q2 23'S6-Y to sch h k bhagwn h,2023/06/06,2023/06/20,HUB-101407,3611,MMenpadi,0,0,0,0,0,0,0,0,0,0,0,0,Subratkumar.Sahoo,,
Sprint Totals,,,,,,PR_ADDED: 5486,PR_REMOVED: 1677,COMMIT_ADDED: 1820,COMMIT_REMOVED: 1252,APPROVED: 9,COMMENTED: 33,DECLINED: 0,MERGED: 5,OPENED: 2,RESCOPED: 20,UNAPPROVED: 0,UPDATED: 1,,,

Q2 23' S7-Bhagwan kaha h re tu,2023/06/20,2023/07/04,CMOBL-152238,71,MMenpadi,0,0,364,335,1,3,0,0,0,3,0,2,renovatebotman,"1. `com.cvent.extensions:extensions-api` - DataRequisitionRequest from `datasource-framework` creates criteria and extensions version `4.3.6` is not compatible with `datasource-framework` version 12.0.0 - 4 vs 3 args in criteria constructor  `datasource-framework` is not yet upgraded to mono-java 36 so reverting mono-java version of this repo.
2. updated guice version as guice v6 & v7 mostly only support jakarta and not javax, and only mono-java 36 supports jakarta
3. PR build is failing due to known test failures due to data issue, which should be fixed in PR#82","1. CMOBL-152238: updated dependency versions
2. CMOBL-152238: updated lock-file with pnpm install
3. CMOBL-152238: updated guice version"
Q2 23' S7-Bhagwan kaha h re tu,2023/06/20,2023/07/04,CMOBL-152238,72,MMenpadi,6,1,6,1,0,0,0,0,1,0,0,0,MMenpadi,,1. CMOBL-152238: updated renovate.json
Q2 23' S7-Bhagwan kaha h re tu,2023/06/20,2023/07/04,CMOBL-152238,113,MMenpadi,6,1,6,1,0,0,0,0,1,0,0,0,MMenpadi,,1. CMOBL-152238: updated renovate.json
Q2 23' S7-Bhagwan kaha h re tu,2023/06/20,2023/07/04,CMOBL-152238,115,MMenpadi,0,0,377,354,0,3,0,1,0,4,0,0,renovatebotman,"1. Downgraded mono-java back to 35 as datasource-framework doesn't support mono-java 36 yet  Datasource-frame still uses extensions version 4.3.3, so downgraded that also
2. updated guice version as guice v6 & v7 mostly only support jakarta and not javax, and only mono-java 36 supports jakarta
3. reverted it back","1. CMOBL-152238: updated dependency version
2. CMOBL-152238: updated pnpm-lock file with pnpm install
3. CMOBL-152238: updated guice version
4. CMOBL-153110: updated dependency version and js function"
Q2 23' S7-Bhagwan kaha h re tu,2023/06/20,2023/07/04,CMOBL-152238,141,MMenpadi,0,0,553,480,0,1,0,1,0,6,0,2,renovatebotman,"1. oss-common-libs is used as a dependency here which is not yet upgraded to mono-java 36, so had to downgrade mono-java to 35.","1. CMOBL-152238: updated dependencies, updated mono java to 35
2. CMOBL-152238: updated lockfile with pnpm install
3. CMOBL-152238: updated to mono java 36 and auth service to 14.0.0 and resolved dependency issue
4. CMOBL-152238: downmerge develop
5. CMOBL-152238: upgraded UTs to junit5 using openWrite
6. Merge branch 'develop' of ssh://stash.cvent.net:7999/pt/oss-third-party-normalization into renovate/all"
Q2 23' S7-Bhagwan kaha h re tu,2023/06/20,2023/07/04,CMOBL-152238,271,MMenpadi,0,0,403,379,0,2,0,1,0,7,0,1,renovatebotman,"1. reverted mono-java version as `com.cvent.api-platform-tracing:api-platform-tracing` is not updated to mono-java 36 yet.
2. Following this [slack thread](https://cvent.slack.com/archives/CMLH4CQ9Y/p1669920828170949) for antlr error `tlr runtime version 4.9.3 used for parser compilation does not match the current runtime version 4.13.0`. We should be using antlr 4.9.3 for karate 1.3.*","1. CMOBL-152238: updated dependencies and pnpm install
2. CMOBL-152238: updated guice version
3. CMOBL-152238: updated antlr version for karate 1.3.1 upgrade
4. CMOBL-153110: updated dependency version and js function
5. CMOBL-153110: updated karate feature files
6. CMOBL-153110: updated add-day-to-today
7. CMOBL-153110: updated add-day-to-today usage"
Q2 23' S7-Bhagwan kaha h re tu,2023/06/20,2023/07/04,CMOBL-152238,319,MMenpadi,0,0,5,0,1,1,0,1,0,1,0,0,renovatebotman,1. Postman test run on S606 locally  ![Screenshot 2023-06-27 at 5.18.39 PM.png](attachment:3445/23918),"1. CMOBL-152238: updated renovate.json
2. CMOBL-152238: added changeset and resolved merge conflict"
Q2 23' S7-Bhagwan kaha h re tu,2023/06/20,2023/07/04,CMOBL-152322,309,MMenpadi,0,0,0,0,1,0,0,0,0,0,0,0,Prashant.Bansal,,
Q2 23' S7-Bhagwan kaha h re tu,2023/06/20,2023/07/04,CMOBL-152322,311,MMenpadi,0,0,0,0,0,0,1,0,0,0,0,0,Prashant.Bansal,,
Q2 23' S7-Bhagwan kaha h re tu,2023/06/20,2023/07/04,CMOBL-152343,3489,MMenpadi,0,0,12,3,1,0,0,1,0,2,0,0,Subratkumar.Sahoo,,"1. HUB-76689: updated dispatchExperimentHelper usage in view content
2. hub-76689: updated cvent-web-components version"
Q2 23' S7-Bhagwan kaha h re tu,2023/06/20,2023/07/04,CMOBL-153110,115,MMenpadi,0,0,0,0,0,0,0,0,0,0,0,0,renovatebotman,,
Q2 23' S7-Bhagwan kaha h re tu,2023/06/20,2023/07/04,CMOBL-153110,271,MMenpadi,0,0,0,0,0,0,0,0,0,0,0,0,renovatebotman,,
Q2 23' S7-Bhagwan kaha h re tu,2023/06/20,2023/07/04,CMOBL-153839,122,MMenpadi,0,0,0,0,1,0,0,0,0,0,0,0,Prashant.Bansal,,
Q2 23' S7-Bhagwan kaha h re tu,2023/06/20,2023/07/04,CMOBL-154428,3609,MMenpadi,0,0,0,0,1,0,0,0,0,0,0,0,Prashant.Bansal,,
Q2 23' S7-Bhagwan kaha h re tu,2023/06/20,2023/07/04,CMOBL-154428,3611,MMenpadi,0,0,476,454,1,0,0,1,0,1,0,0,Subratkumar.Sahoo,,"1. HUB-101407: refactored video content flow and updated adr-13
2. HUB-101407: moved uvs axios get and filter by uvs source to uvs util
3. HUB-101407: updated log statement to log error object too
4. NA-0: downmerge develop
5. HUB-101407: updated updateVideo to throw 400 on featured & hidden true
6. HUB-101407: refactored code & renamed variables in exhibitor videos
7. HUB-101407: updated update video to throw 400 when marking the only available video as featured
8. HUB-101407: updated adr 13
9. HUB-101407: updated exhibitor video content flow
10. HUB-101407: updated video content UT and un feature video condition
11. HUB-101407: removed console logs
12. HUB-101407: updated video mocks
13. HUB-101407: updated video content UT mocks
14. Merge branch 'develop' of ssh://stash.cvent.net:7999/pt/event-api into HUB-98619
15. HUB-101407: updated the video content UTs and updateVideo
16. HUB-101407: updated the video content UT test name
17. HUB-104410: refactored video.test.js
18. HUB-101407: changes to also save non playable video to content order
19. HUB-101407: updated updateVideo and adr13 doc
20. HUB-101407: updated addVideo UT assertions
21. HUB-101407: removed console log statements from UTs
22. HUB-101407: updated updateVideo bad request conditions
23. HUB-101407: updated updateVideo 400 condition, getVideo and added includeDeleted flag in getFilteredVideosInOrder
24. HUB-101407: updated updateVideo explicitly hidden false condition
25. Pull request #3590: featured/hidden video handling for EPv2 and EM use cases  Merge in PT/event-api from HUB-98619 to develop  * commit 'df9ce5cab5e0f9e07cdf0f8a60c05ab5fc160e53': (30 commits)    HUB-101407: updated updateVideo explicitly hidden false condition    HUB-101407: updated updateVideo 400 condition, getVideo and added includeDeleted flag in getFilteredVideosInOrder    HUB-101407: updated updateVideo bad request conditions    HUB-101407: removed console log statements from UTs    HUB-101407: updated addVideo UT assertions    HUB-101407: updated updateVideo and adr13 doc    HUB-101407: changes to also save non playable video to content order    HUB-104410: refactored video.test.js    HUB-101407: updated the video content UT test name    HUB-101407: updated the video content UTs and updateVideo    HUB-101407: updated video content UT mocks    HUB-101407: updated video mocks    HUB-101407: removed console logs    HUB-101407: updated video content UT and un feature video condition    HUB-101407: updated exhibitor video content flow    HUB-101407: updated adr 13    HUB-101407: updated update video to throw 400 when marking the only available video as featured    HUB-101407: refactored code & renamed variables in exhibitor videos    HUB-101407: updated updateVideo to throw 400 on featured & hidden true    HUB-101407: updated log statement to log error object too    ...
26. HUB-76689: yarn prerelease
27. HUB-76689: updated exhibitor collections postman
28. HUB-76689: yarn prerelease
29. Merge branch 'release/9.3.3' of ssh://stash.cvent.net:7999/pt/event-api into release/9.3.3"
Q2 23' S7-Bhagwan kaha h re tu,2023/06/20,2023/07/04,CMOBL-155740,144,MMenpadi,0,0,0,0,1,0,0,0,0,0,0,0,J.Kumar,,
Q2 23' S7-Bhagwan kaha h re tu,2023/06/20,2023/07/04,CMOBL-155740,145,MMenpadi,0,0,0,0,1,0,0,0,0,0,0,0,J.Kumar,,
Q2 23' S7-Bhagwan kaha h re tu,2023/06/20,2023/07/04,CMOBL-156493,114,MMenpadi,0,0,0,0,1,0,0,0,0,0,0,0,J.Kumar,,
Q2 23' S7-Bhagwan kaha h re tu,2023/06/20,2023/07/04,CMOBL-156519,1115,MMenpadi,0,0,0,0,1,0,0,0,0,0,1,0,Prashant.Bansal,,
Q2 23' S7-Bhagwan kaha h re tu,2023/06/20,2023/07/04,HUB-76689,97,MMenpadi,0,0,0,0,1,0,0,0,0,0,0,0,Subratkumar.Sahoo,,
Q2 23' S7-Bhagwan kaha h re tu,2023/06/20,2023/07/04,HUB-76689,2746,MMenpadi,0,0,57,26,1,0,0,1,0,4,0,0,Subratkumar.Sahoo,,"1. HUB-104556: changes to return featuerd flag value from searchContent reducer
2. HUB-104556: added changeset
3. Pull request #2743: HUB-104556: changes to return featuerd flag value from searchContent reducer  Merge in PT/onsite-shared-components from HUB-104556 to develop  * commit '2c1e91701a49232c6a2bf50f74f0c01c61f39878':    HUB-104556: added changeset    HUB-104556: changes to return featuerd flag value from searchContent reducer
4. HUB-104556: updated searchContent reducer
5. HUB-76689: yarn preprelease
6. HUB-76689: updated dispatchExperimentHelper to dispatch searchContent
7. Merge branch 'release/11.0.0' of ssh://stash.cvent.net:7999/pt/onsite-shared-components into release/11.0.0
8. HUB-76689: updated experiemnts UTs and fetchExperiment
9. HUB-76689: yarn prerelease
10. HUB-76689: downmerge
11. HUB-76689: Ran yarn prerelease"
Q2 23' S7-Bhagwan kaha h re tu,2023/06/20,2023/07/04,HUB-76689,2747,MMenpadi,37,17,8,3,0,2,0,0,1,2,0,0,MMenpadi,"1. Yeah. We can though prioritize a release, with just these changes if that's what should be done.
2. done","1. Pull request #2746: Release/11.0.0  Merge in PT/onsite-shared-components from release/11.0.0 to master  * commit 'aa17f055f75bd88758d28e6338c44d7477688e3f':    HUB-76689: Ran yarn prerelease    HUB-76689: yarn prerelease    HUB-76689: updated experiemnts UTs and fetchExperiment    HUB-76689: Ran yarn prerelease    HUB-76689: updated dispatchExperimentHelper to dispatch searchContent    HUB-76689: Ran yarn prerelease    HUB-76689: yarn preprelease    HUB-104556: updated searchContent reducer    HUB-76689: Ran yarn prerelease    HUB-102659: update phrase keys for booth staff search page    HUB-104556: added changeset    HUB-104556: changes to return featuerd flag value from searchContent reducer    running changeset    removing unncessary files
2. NA-0: prepare for next relase
3. NA-0: removed eventId & exhibitorId from dispatchExperimentHelper"
Q2 23' S7-Bhagwan kaha h re tu,2023/06/20,2023/07/04,HUB-76689,3489,MMenpadi,0,0,0,0,0,0,0,0,0,0,0,0,Subratkumar.Sahoo,,
Q2 23' S7-Bhagwan kaha h re tu,2023/06/20,2023/07/04,HUB-76689,3490,MMenpadi,1644,156,25,8,0,1,0,0,1,3,0,0,MMenpadi,"1. We want to call this after the experiment value is updated in the redux state, I've updated it to follow what you have suggested.","1. Pull request #3489: Release/3.3.3  Merge in PT/onsite-planner-portal from release/3.3.3 to master  * commit '84b790b2ae1c2c75e5f8e6fb42bdb6d1de37a346':    HUB-76689: updated cvent-web-components version    hub-76689: updated cvent-web-components version    HUB-76689: updated dispatchExperimentHelper usage in view content    HUB-76689: updated cvent-web-components version    HUB-76689: Prepping release    NA-0: add config_template to prettierignore    reset for develop    CMOBL-152343 : Removed `exhibitor_portal_branding` experiment    upgrading components    adding some files that should not have been deleted    running changeset    removing standalone stuff from exhibitor management
2. NA-0: prepare for next release cycle
3. NA-0: added changeset
4. NA-0: updated viewContent route to wait for fetch experiment before dispatching searchContent
5. NA-0: downmerge develop
6. NA-0: removed redundant changeset file"
Q2 23' S7-Bhagwan kaha h re tu,2023/06/20,2023/07/04,HUB-76689,3611,MMenpadi,0,0,0,0,0,0,0,0,0,0,0,0,Subratkumar.Sahoo,,
Q2 23' S7-Bhagwan kaha h re tu,2023/06/20,2023/07/04,HUB-76689,3613,MMenpadi,12,26,0,0,0,0,0,0,1,0,0,1,MMenpadi,,
Q2 23' S7-Bhagwan kaha h re tu,2023/06/20,2023/07/04,HUB-90741,82,MMenpadi,0,0,0,0,1,0,0,0,0,0,0,0,VShyoran,,
Q2 23' S7-Bhagwan kaha h re tu,2023/06/20,2023/07/04,HUB-90746,82,MMenpadi,0,0,0,0,0,0,0,0,0,0,0,0,VShyoran,,
Q2 23' S7-Bhagwan kaha h re tu,2023/06/20,2023/07/04,HUB-101407,405,MMenpadi,0,0,0,0,1,0,0,0,0,0,0,0,VSingla,,
Q2 23' S7-Bhagwan kaha h re tu,2023/06/20,2023/07/04,HUB-101407,3590,MMenpadi,1002,472,0,0,0,30,0,1,0,24,0,0,MMenpadi,"1. moved to else block :+1:
2. renamed to `videosWithUvsData` & `ossLinkedVideos`
3. moved those required config changes to the util method
4. Done ✅
5. What should we do in this case than? because if `getFilteredVideosInOrder` throws an error that would mean that none of the featured video logic get executed.  I think moving the try-catch above where linkedVideo.save() is being done after this try catch should fix the issue.
6. Yes, I noticed it already, updating it now
7. nope we don't need that, if `nonHiddenVideoExists`  is true it would mean that in videos list there exists a video where `hidden === false`.
8. you're right `exhibitorContentOrder.videos` will never be equal to 0, It's supposed to be `exhibitorContentOrder.videos.length === 0` :robot:
9. yes, this is kept for backward compatibility.
10. yep
11. Nope, this would mean that we are marking an already un-featured video as featured false, I don't see a use case where we do that, and even then with the current implementation if such a request is made it would just replace the top video and place it back at the top. I think adding 1 more condition for such a case would just make this more complex and hard to understand.
12. that'll be super clean, I'll update it :+1:
13. Done ✅
14. I don't completely understand the indexing part of search-serivce and how it works while adding/updating videos, I added the featured flag in the payload so that when re-indexing happens the featured flag's value gets reflected properly, if thats not the case then we can remove this.
15. In EM content page we are calling /contents from search-service and in the list content and edit content pages I think we are using the data returned from search-service
16. On a side note why do we use search-service endpoints instead of event-api's in EM to get content? I couldn't find that endpoints usecase in /wax either.
17. will remove it from the code
18. we will feature it (move to top) and un-hide it, I'll update this condition to be  `const videoIsHidden = video.hidden;    const videoToBeMarkedHidden = req.body.hidden;    const videoToBeMarkedFeatured = req.body.featured;`  ` if (      (videoToBeMarkedFeatured && videoToBeMarkedHidden) ||      (videoToBeMarkedFeatured && videoIsHidden && !videoToBeMarkedHidden)    `
19. yep you are right but in our tests, we are not setting authMethod in our req and without it the code fallsback to the bearer auth in else block. This is how it is :  `    let user;      if (req.authMethod === 'API') {        user = uuid.NIL;      } else {        user = req.authInfo.profileId || req.authInfo.personId;      }`
20. ohh...this is not relevant, this slipped right between the changes happening between PR reviews and discussions :sweat_smile:
21. updated the test name. 3, 2, 1 is the right sequence
22. yep, that's correct
23. Refactored the tests. It should be fine now, let's hope it builds successfully now :crossed_fingers:
24. it would still sort `videosWithUVSData` in the order present in the the exhibitor content order.  order : [v1, v2, v3] and v2 is not playable, the sorted order for `videosWithUVSData` would be [v1, v3].
25. hmm...fair point, we should create our content order using `ossLinkedVideos` instead, no harm in having addition videoIds in the order list, but there shouldn't be any video missing in it. I'll update it accordingly
26. Updated to use `ossLinkedVideos` to create order
27. I don't think it will, if its the only available video than it will be our hero video, and that video can't be marked featured=false.  and if we send featured:false & hidden:true in the same req, that is still a 400, as we are still trying to un-feature our only available video.
28. yes and that can still be done using the PATCH call  It's a weird scenario, we don't want our only featured video to be not-featured but at the same time we also want them to be able to mark it as hidden.
29. So the expectation is:  you can't un-feature a featured video which is also the only available video  you can hide a featured video even if its the the only available video.  Based on this the updated if condition would be   ` (videoToBeMarkedFeatured && videoToBeMarkedHidden) ||      (!videoToBeMarkedFeatured && !videoToBeMarkedHidden && !nextAvailableVideo) ||      (videoIsHidden && !videoToBeMarkedHidden && !nextAvailableVideo)`  This condition should cover all possible scenarios  And here is the good old truth table that helped  0 - continue with code  1 - bad request  ![Screenshot 2023-06-23 at 6.44.34 PM.png](attachment:2861/23772)   ![Screenshot 2023-06-23 at 6.46.11 PM.png](attachment:2861/23773)
30. Yep, this scenario will come up when a video is being marked `hidden: false` during a PATCH call when all video are hidden.",
Q2 23' S7-Bhagwan kaha h re tu,2023/06/20,2023/07/04,HUB-101407,3611,MMenpadi,0,0,0,0,0,0,0,0,0,0,0,0,Subratkumar.Sahoo,,
Q2 23' S7-Bhagwan kaha h re tu,2023/06/20,2023/07/04,HUB-104556,3492,MMenpadi,0,0,19,14,0,0,0,0,0,0,0,0,Shea.Sullivan,,"1. HUB-104556: yarn upgrade cvent-web-components
2. HUB-104556: added changset
3. Pull request #3488: HUB-104556: yarn upgrade cvent-web-components  Merge in PT/onsite-planner-portal from HUB-104556 to develop  * commit 'df72da42f1d3908dee8e91fed11e799902c67049':    HUB-104556: added changset    HUB-104556: yarn upgrade cvent-web-components"
Q2 23' S7-Bhagwan kaha h re tu,2023/06/20,2023/07/04,HUB-104556,408,MMenpadi,2146,171,2176,201,0,3,0,0,1,2,0,0,MMenpadi,"1. It was UX's decision to remove the alt text, as the user doesn't react with the thumbnail also it would be repetitive for screen readers. More on this is discussed here : https://cvent.slack.com/archives/CH0A0G9SN/p1687535005841889?thread_ts=1687365101.727079&cid=CH0A0G9SN
2. I didn't, not sure where this came from, let me try manually updating it to the correct version
3. Yep, this is discussed and we have created a ticket to fix this https://jira.cvent.com/browse/HUB-104712","1. HUB-104556: phrase pull and UTs fix
2. HUB-104556: phrase pull and UT fix
3. HUB-104556: phrase pull and UT fix
4. HUB-104556: updated package version"
Q2 23' S7-Bhagwan kaha h re tu,2023/06/20,2023/07/04,HUB-104556,2743,MMenpadi,13,0,0,0,0,0,0,1,1,1,0,0,MMenpadi,,
Q2 23' S7-Bhagwan kaha h re tu,2023/06/20,2023/07/04,HUB-104556,2746,MMenpadi,0,0,0,0,0,0,0,0,0,0,0,0,Subratkumar.Sahoo,,
Q2 23' S7-Bhagwan kaha h re tu,2023/06/20,2023/07/04,HUB-104556,2747,MMenpadi,37,17,0,0,0,0,0,0,0,0,0,0,MMenpadi,,
Q2 23' S7-Bhagwan kaha h re tu,2023/06/20,2023/07/04,HUB-104556,3488,MMenpadi,19,14,0,0,0,0,0,1,1,1,0,0,MMenpadi,,
Q2 23' S7-Bhagwan kaha h re tu,2023/06/20,2023/07/04,HUB-104580,406,MMenpadi,0,0,0,0,1,0,0,0,0,0,0,0,Subratkumar.Sahoo,,
Q2 23' S7-Bhagwan kaha h re tu,2023/06/20,2023/07/04,HUB-105155,82,MMenpadi,0,0,0,0,0,0,0,0,0,0,0,0,VShyoran,,
Q2 23' S7-Bhagwan kaha h re tu,2023/06/20,2023/07/04,PROD-170304,387,MMenpadi,0,0,0,0,0,0,0,0,0,0,0,0,RaviM,,
Q2 23' S7-Bhagwan kaha h re tu,2023/06/20,2023/07/04,HUB-90743,82,MMenpadi,0,0,0,0,0,0,0,0,0,0,0,0,VShyoran,,
Q2 23' S7-Bhagwan kaha h re tu,2023/06/20,2023/07/04,HUB-90743,80,MMenpadi,0,0,0,0,0,0,0,0,0,0,0,0,VShyoran,,
Q2 23' S7-Bhagwan kaha h re tu,2023/06/20,2023/07/04,HUB-105022,82,MMenpadi,0,0,0,0,0,0,0,0,0,0,0,0,VShyoran,,
Sprint Totals,,,,,,PR_ADDED: 4922,PR_REMOVED: 875,COMMIT_ADDED: 4487,COMMIT_REMOVED: 2259,APPROVED: 16,COMMENTED: 46,DECLINED: 1,MERGED: 10,OPENED: 8,RESCOPED: 61,UNAPPROVED: 1,UPDATED: 6,,,

Overall Totals,,,,,,PR_ADDED: 54798,PR_REMOVED: 14727,COMMIT_ADDED: 18006,COMMIT_REMOVED: 9175,APPROVED: 64,COMMENTED: 177,DECLINED: 3,MERGED: 26,OPENED: 24,RESCOPED: 152,UNAPPROVED: 2,UPDATED: 10,,,
