SPRINT,START_DATE,END_DATE,TICKET,PR_ID,USER,PR_ADDED,PR_REMOVED,COMMIT_ADDED,COMMIT_REMOVED,APPROVED,COMMENTED,DECLINED,MERGED,OPENED,RESCOPED,UNAPPROVED,UPDATED,AUTHOR,COMMENTS,COMMIT_MESSAGES
Pink-Gumbo(03/30-04/13)(9.6w),2023/03/30,2023/04/13,HUB-94277,148165,SDongol,6509,3491,0,0,0,0,0,0,0,0,0,0,SDongol,,
Sprint Totals,,,,,,PR_ADDED: 6509,PR_REMOVED: 3491,COMMIT_ADDED: 0,COMMIT_REMOVED: 0,APPROVED: 0,COMMENTED: 0,DECLINED: 0,MERGED: 0,OPENED: 0,RESCOPED: 0,UNAPPROVED: 0,UPDATED: 0,,,

Pink-Hamburger,2023/04/13,2023/04/27,HUB-94277,148210,SDongol,0,0,495,554,0,0,0,0,0,0,0,0,Vinodkumar.Yadav,,"1. RND-10648: Update Cvent.Event.DomainEntityt
2. RND-10628: update Cvent.Event.client
3. END-10648: remove NestedEntity from Subscribers.Admin
4. RND-10648: Update Packages
5. Merge branch 'prod' into rnd-10648-clean
6. RND-10648: fixes
7. RND-10648: Update packages to ccid version"
Pink-Hamburger,2023/04/13,2023/04/27,HUB-94277,148165,SDongol,6509,3491,0,0,0,0,0,0,1,1,0,0,SDongol,,1. Merge branch 'prod' into rnd-10699
Sprint Totals,,,,,,PR_ADDED: 6509,PR_REMOVED: 3491,COMMIT_ADDED: 495,COMMIT_REMOVED: 554,APPROVED: 0,COMMENTED: 0,DECLINED: 0,MERGED: 0,OPENED: 1,RESCOPED: 1,UNAPPROVED: 0,UPDATED: 0,,,

Overall Totals,,,,,,PR_ADDED: 13018,PR_REMOVED: 6982,COMMIT_ADDED: 495,COMMIT_REMOVED: 554,APPROVED: 0,COMMENTED: 0,DECLINED: 0,MERGED: 0,OPENED: 1,RESCOPED: 1,UNAPPROVED: 0,UPDATED: 0,,,
