SPRINT,START_DATE,END_DATE,TICKET,PR_ID,USER,PR_ADDED,PR_REMOVED,COMMIT_ADDED,COMMIT_REMOVED,APPROVED,COMMENTED,DECLINED,MERGED,OPENED,RESCOPED,UNAPPROVED,UPDATED,AUTHOR,COMMENTS,COMMIT_MESSAGES
Q2 23' S2-Fatela jeb sil jayga,2023/04/11,2023/04/25,CMOBL-149375,74,Prashant.Bansal,0,0,0,0,0,0,0,0,0,0,0,0,KMahajan,,
Q2 23' S2-Fatela jeb sil jayga,2023/04/11,2023/04/25,CMOBL-150107,805,Prashant.Bansal,121,5,242,9,0,1,0,1,1,3,0,0,Prashant.Bansal,1. Updated in PR:-  https://stash.cvent.net/projects/PT/repos/onsite-admin-portal/pull-requests/806/overview,"1. CMOBL-150108: Changes to update revenue share default options behaviour
2. CMOBL-150107: Changes to UTs for changes on rev share tab
3. CMOBL-150108: Updated Changeset
4. Merge branch 'develop' of https://stash.cvent.net/scm/pt/onsite-admin-portal into bugfix/CMOBL-150108
5. CMOBL-150108: Backmerge from develop test fixes"
Q2 23' S2-Fatela jeb sil jayga,2023/04/11,2023/04/25,CMOBL-150107,811,Prashant.Bansal,570,135,10,5,0,0,0,0,0,0,0,0,Prashant.Bansal,,1. CMOBL-150108:Renamed UT for rev share
Q2 23' S2-Fatela jeb sil jayga,2023/04/11,2023/04/25,CMOBL-150108,805,Prashant.Bansal,121,5,0,0,0,0,0,0,0,0,0,0,Prashant.Bansal,,
Q2 23' S2-Fatela jeb sil jayga,2023/04/11,2023/04/25,CMOBL-150108,806,Prashant.Bansal,10,5,0,0,0,0,0,1,1,0,0,0,Prashant.Bansal,,
Q2 23' S2-Fatela jeb sil jayga,2023/04/11,2023/04/25,CMOBL-150108,811,Prashant.Bansal,570,135,0,0,0,0,0,0,0,0,0,0,Prashant.Bansal,,
Q2 23' S2-Fatela jeb sil jayga,2023/04/11,2023/04/25,CMOBL-150109,803,Prashant.Bansal,0,0,0,0,1,0,0,0,0,0,0,0,Subratkumar.Sahoo,,
Q2 23' S2-Fatela jeb sil jayga,2023/04/11,2023/04/25,CMOBL-150109,811,Prashant.Bansal,570,135,0,0,0,0,0,0,0,0,0,0,Prashant.Bansal,,
Q2 23' S2-Fatela jeb sil jayga,2023/04/11,2023/04/25,CMOBL-150713,9,Prashant.Bansal,0,0,0,0,1,0,0,0,0,0,0,0,J.Kumar,,
Q2 23' S2-Fatela jeb sil jayga,2023/04/11,2023/04/25,CMOBL-150713,292,Prashant.Bansal,0,0,0,0,1,0,0,0,0,0,0,0,RaviM,,
Q2 23' S2-Fatela jeb sil jayga,2023/04/11,2023/04/25,CMOBL-150914,137,Prashant.Bansal,0,0,0,0,1,0,0,0,0,0,1,0,KMahajan,,
Q2 23' S2-Fatela jeb sil jayga,2023/04/11,2023/04/25,CMOBL-151832,139,Prashant.Bansal,0,0,0,0,1,0,0,0,0,0,1,1,MMenpadi,,
Q2 23' S2-Fatela jeb sil jayga,2023/04/11,2023/04/25,CMOBL-151961,1104,Prashant.Bansal,9,0,0,0,0,0,0,0,0,0,0,0,Prashant.Bansal,,
Q2 23' S2-Fatela jeb sil jayga,2023/04/11,2023/04/25,CMOBL-151962,1106,Prashant.Bansal,0,0,0,0,1,0,0,0,0,0,0,0,J.Kumar,,
Q2 23' S2-Fatela jeb sil jayga,2023/04/11,2023/04/25,CMOBL-152619,289,Prashant.Bansal,0,0,0,0,1,0,0,0,0,0,0,0,RaviM,,
Q2 23' S2-Fatela jeb sil jayga,2023/04/11,2023/04/25,CMOBL-152619,292,Prashant.Bansal,0,0,0,0,0,0,0,0,0,0,0,0,RaviM,,
Q2 23' S2-Fatela jeb sil jayga,2023/04/11,2023/04/25,CMOBL-152619,17423,Prashant.Bansal,0,0,0,0,1,0,0,0,0,0,0,0,RaviM,,
Q2 23' S2-Fatela jeb sil jayga,2023/04/11,2023/04/25,CMOBL-152748,3537,Prashant.Bansal,78,4,116,42,0,1,0,1,1,2,0,0,Prashant.Bansal,"1. UT for matchULCLead flow was not present, so added a new UT for it which includes fetching registrant data from third party attendee.","1. CMOBL-152748: Changes to pick third party attendee data from registrant list instead of registrant
2. CMOBL-152748: Changes to pick third party attendee data from registrant list instead of registrant
3. Merge branch 'develop' of ssh://stash.cvent.net:7999/pt/event-api into CMOBL-152748
4. CMOBL-152748: Added unit test for match ULC flow in case of third party attendee data population
5. CMOBL-152748: Removed commented statement from test"
Q2 23' S2-Fatela jeb sil jayga,2023/04/11,2023/04/25,CMOBL-152748,3549,Prashant.Bansal,0,0,0,0,0,0,0,0,0,0,0,0,SDowney,,1. Pull request #3537: CMOBL-152748: Changes to pick third party attendee data from registrant list instead of registrant  Merge in PT/event-api from CMOBL-152748 to develop  * commit '0dbd144d4d8c93b290747cce22fd7aa218753f9f':    CMOBL-152748: Removed commented statement from test    CMOBL-152748: Added unit test for match ULC flow in case of third party attendee data population    CMOBL-152748: Changes to pick third party attendee data from registrant list instead of registrant    CMOBL-152748: Changes to pick third party attendee data from registrant list instead of registrant
Q2 23' S2-Fatela jeb sil jayga,2023/04/11,2023/04/25,CMOBL-152956,141,Prashant.Bansal,0,0,0,0,0,0,0,0,0,0,0,0,J.Kumar,,
Q2 23' S2-Fatela jeb sil jayga,2023/04/11,2023/04/25,CMOBL-152956,288,Prashant.Bansal,0,0,0,0,1,0,0,0,0,0,0,0,J.Kumar,,
Q2 23' S2-Fatela jeb sil jayga,2023/04/11,2023/04/25,CMOBL-152956,292,Prashant.Bansal,0,0,0,0,0,0,0,0,0,0,0,0,RaviM,,
Q2 23' S2-Fatela jeb sil jayga,2023/04/11,2023/04/25,CMOBL-153084,146,Prashant.Bansal,0,0,0,0,2,0,0,0,0,0,1,0,RaviM,,
Q2 23' S2-Fatela jeb sil jayga,2023/04/11,2023/04/25,CMOBL-153103,292,Prashant.Bansal,0,0,0,0,0,0,0,0,0,0,0,0,RaviM,,
Q2 23' S2-Fatela jeb sil jayga,2023/04/11,2023/04/25,CMOBL-153109,1107,Prashant.Bansal,0,0,0,0,1,0,0,0,0,0,0,0,RaviM,,
Q2 23' S2-Fatela jeb sil jayga,2023/04/11,2023/04/25,CMOBL-153109,1108,Prashant.Bansal,0,0,0,0,1,0,0,0,0,0,0,0,J.Kumar,,
Q2 23' S2-Fatela jeb sil jayga,2023/04/11,2023/04/25,CMOBL-153244,2,Prashant.Bansal,0,0,0,0,1,0,0,0,0,0,0,0,J.Kumar,,
Q2 23' S2-Fatela jeb sil jayga,2023/04/11,2023/04/25,HUB-73504,364,Prashant.Bansal,0,0,0,0,1,0,0,0,0,0,0,0,Subratkumar.Sahoo,,
Q2 23' S2-Fatela jeb sil jayga,2023/04/11,2023/04/25,HUB-74287,362,Prashant.Bansal,0,0,0,0,1,0,0,0,0,0,0,0,Subratkumar.Sahoo,,
Q2 23' S2-Fatela jeb sil jayga,2023/04/11,2023/04/25,HUB-90000,361,Prashant.Bansal,0,0,0,0,0,0,0,0,0,0,0,0,MMenpadi,,
Q2 23' S2-Fatela jeb sil jayga,2023/04/11,2023/04/25,HUB-90748,74,Prashant.Bansal,0,0,0,0,1,0,0,0,0,0,0,0,VShyoran,,
Q2 23' S2-Fatela jeb sil jayga,2023/04/11,2023/04/25,HUB-90748,76,Prashant.Bansal,0,0,0,0,0,0,0,0,0,0,0,0,VShyoran,,
Q2 23' S2-Fatela jeb sil jayga,2023/04/11,2023/04/25,HUB-92744,33,Prashant.Bansal,0,0,0,0,0,0,0,0,0,0,0,0,VShyoran,,
Q2 23' S2-Fatela jeb sil jayga,2023/04/11,2023/04/25,HUB-92744,1440,Prashant.Bansal,0,0,0,0,0,0,0,0,0,0,0,0,VShyoran,,
Q2 23' S2-Fatela jeb sil jayga,2023/04/11,2023/04/25,HUB-92862,37,Prashant.Bansal,0,0,0,0,1,0,0,0,0,0,0,0,VShyoran,,
Q2 23' S2-Fatela jeb sil jayga,2023/04/11,2023/04/25,HUB-92862,357,Prashant.Bansal,0,0,0,0,1,0,0,0,0,0,0,1,VShyoran,,
Q2 23' S2-Fatela jeb sil jayga,2023/04/11,2023/04/25,HUB-92862,1440,Prashant.Bansal,0,0,0,0,0,0,0,0,0,0,0,0,VShyoran,,
Q2 23' S2-Fatela jeb sil jayga,2023/04/11,2023/04/25,HUB-92862,1443,Prashant.Bansal,0,0,0,0,1,0,0,0,0,0,0,0,VShyoran,,
Q2 23' S2-Fatela jeb sil jayga,2023/04/11,2023/04/25,HUB-92862,356,Prashant.Bansal,0,0,0,0,1,0,0,0,0,0,0,0,VShyoran,,
Q2 23' S2-Fatela jeb sil jayga,2023/04/11,2023/04/25,HUB-95488,143,Prashant.Bansal,18,3,19,4,0,2,0,0,1,1,0,0,Prashant.Bansal,"1. This is in line with the product requirements and the same is also being mentioned on the UI for uploading of exhibitor banner.  ![image (1).png](attachment:21567/19741)
2. Its just that the user can upload file with both extensions","1. HUB-95488:Changes to update note for upload banner logo for exhibitor/exhibitor category
2. HUB-95488:Changes to update size field for upload banner for exhibitor category"
Q2 23' S2-Fatela jeb sil jayga,2023/04/11,2023/04/25,HUB-95488,613,Prashant.Bansal,8,0,8,0,0,0,0,1,1,0,0,0,Prashant.Bansal,,1. HUB-95488:Changes to update reference for exhibitor banner & logo upload
Q2 23' S2-Fatela jeb sil jayga,2023/04/11,2023/04/25,HUB-95491,3455,Prashant.Bansal,0,0,0,0,1,0,0,0,0,0,0,0,Subratkumar.Sahoo,,
Q2 23' S2-Fatela jeb sil jayga,2023/04/11,2023/04/25,CMOBL-146549,2707,Prashant.Bansal,0,0,0,0,0,0,0,0,0,0,0,0,VKanaujia,,
Q2 23' S2-Fatela jeb sil jayga,2023/04/11,2023/04/25,CMOBL-150760,1099,Prashant.Bansal,0,0,0,0,0,0,0,0,0,0,0,0,VKanaujia,,
Q2 23' S2-Fatela jeb sil jayga,2023/04/11,2023/04/25,CMOBL-150760,2716,Prashant.Bansal,0,0,0,0,1,0,0,0,0,0,0,0,VKanaujia,,
Q2 23' S2-Fatela jeb sil jayga,2023/04/11,2023/04/25,CMOBL-150760,3453,Prashant.Bansal,0,0,0,0,0,0,0,0,0,0,0,0,VKanaujia,,
Q2 23' S2-Fatela jeb sil jayga,2023/04/11,2023/04/25,CMOBL-152165,384,Prashant.Bansal,0,0,0,0,0,0,0,0,0,0,0,0,KMahajan,,
Q2 23' S2-Fatela jeb sil jayga,2023/04/11,2023/04/25,CMOBL-152685,6,Prashant.Bansal,0,0,0,0,0,0,0,0,0,0,0,0,KMahajan,,
Q2 23' S2-Fatela jeb sil jayga,2023/04/11,2023/04/25,CMOBL-152685,8,Prashant.Bansal,0,0,0,0,0,0,0,0,0,0,0,0,J.Kumar,,
Q2 23' S2-Fatela jeb sil jayga,2023/04/11,2023/04/25,CMOBL-152685,1105,Prashant.Bansal,0,0,0,0,0,0,0,0,0,0,0,0,KMahajan,,
Q2 23' S2-Fatela jeb sil jayga,2023/04/11,2023/04/25,CMOBL-152752,3549,Prashant.Bansal,0,0,0,0,0,0,0,0,0,0,0,0,SDowney,,
Q2 23' S2-Fatela jeb sil jayga,2023/04/11,2023/04/25,HUB-76665,369,Prashant.Bansal,0,0,0,0,0,0,0,0,0,0,0,0,MMenpadi,,
Q2 23' S2-Fatela jeb sil jayga,2023/04/11,2023/04/25,HUB-89439,1442,Prashant.Bansal,0,0,0,0,1,0,0,0,0,0,0,0,MMenpadi,,
Q2 23' S2-Fatela jeb sil jayga,2023/04/11,2023/04/25,HUB-89439,3541,Prashant.Bansal,0,0,0,0,1,0,0,0,0,0,0,0,MMenpadi,,
Q2 23' S2-Fatela jeb sil jayga,2023/04/11,2023/04/25,HUB-92743,3567,Prashant.Bansal,0,0,0,0,0,0,0,0,0,0,0,0,VKanaujia,,
Q2 23' S2-Fatela jeb sil jayga,2023/04/11,2023/04/25,HUB-96535,1445,Prashant.Bansal,0,0,0,0,0,0,0,0,0,0,0,0,VKanaujia,,
Q2 23' S2-Fatela jeb sil jayga,2023/04/11,2023/04/25,HUB-96535,3551,Prashant.Bansal,0,0,0,0,0,0,0,0,0,0,0,0,VKanaujia,,
Q2 23' S2-Fatela jeb sil jayga,2023/04/11,2023/04/25,PROD-164667,656,Prashant.Bansal,370,337,367,336,0,0,0,0,1,2,0,0,Prashant.Bansal,,"1. PROD-164667: Changes to update getAttendeeByReferenceId call for testMode
2. PROD-164667: Changes for null check handling for testMode param
3. Merge branch 'bugfix/PROD-164667' of https://stash.cvent.net/scm/pt/single-fetch into bugfix/PROD-164667
4. PROD-164667: Changeset added for new version"
Q2 23' S2-Fatela jeb sil jayga,2023/04/11,2023/04/25,PROD-164667,658,Prashant.Bansal,370,337,0,0,0,0,0,0,0,0,0,0,Prashant.Bansal,,
Q2 23' S2-Fatela jeb sil jayga,2023/04/11,2023/04/25,PROD-164667,808,Prashant.Bansal,15,9,0,0,0,0,0,0,0,0,0,0,Prashant.Bansal,,
Q2 23' S2-Fatela jeb sil jayga,2023/04/11,2023/04/25,PROD-164667,809,Prashant.Bansal,10,4,0,0,0,0,0,0,0,0,0,0,Prashant.Bansal,,
Q2 23' S2-Fatela jeb sil jayga,2023/04/11,2023/04/25,PROD-164667,811,Prashant.Bansal,570,135,0,0,0,0,0,0,0,0,0,0,Prashant.Bansal,,
Q2 23' S2-Fatela jeb sil jayga,2023/04/11,2023/04/25,PROD-164667,821,Prashant.Bansal,261,8,294,41,0,1,0,0,1,3,0,0,Prashant.Bansal,"1. @FYuan As discussed we can merge this PR.And I will create a release PR after it.  CC: @""J.Kumar""","1. PROD-164667: Changes to fix test ulc lead creation issue by adding query param
2. PROD-164667: Changes to fix test ulc lead creation issue by adding query param
3. PROD-164667: Postman tests added for checking that lead is not created for test attendee
4. PROD-164667: Updated BadgekitAttendeeClientResponse to BadgekitAttendeeResponse to keep consistent.
5. PROD-164667: Updates to postman tests and param name as per comments
6. PROD-164667: Updates to postman tests for extra checks"
Q2 23' S2-Fatela jeb sil jayga,2023/04/11,2023/04/25,PROD-164667,822,Prashant.Bansal,276,15,2,0,0,1,0,0,1,1,0,0,Prashant.Bansal,1. PR branch Destination got updated.  This is for releasing the changes of public api for Lead creation being skipped in case of test attendee to fix one of the prod issues.,"1. PROD-164667: Release 1.20.20 changeset added
2. Merge branch 'release/1.20.20' of https://stash.cvent.net/scm/pt/public-api into release/1.20.20"
Q2 23' S2-Fatela jeb sil jayga,2023/04/11,2023/04/25,PROD-164667,2719,Prashant.Bansal,27,16,0,0,0,0,0,0,0,0,0,0,Prashant.Bansal,,
Q2 23' S2-Fatela jeb sil jayga,2023/04/11,2023/04/25,PROD-164667,3549,Prashant.Bansal,0,0,0,0,0,0,0,0,0,0,0,0,SDowney,,
Q2 23' S2-Fatela jeb sil jayga,2023/04/11,2023/04/25,PROD-164667,3553,Prashant.Bansal,251,6,0,0,0,0,0,0,0,0,0,0,Prashant.Bansal,,
Q2 23' S2-Fatela jeb sil jayga,2023/04/11,2023/04/25,PROD-164667,657,Prashant.Bansal,370,337,0,0,0,0,0,0,0,0,0,0,Prashant.Bansal,,
Sprint Totals,,,,,,PR_ADDED: 4595,PR_REMOVED: 1631,COMMIT_ADDED: 1058,COMMIT_REMOVED: 437,APPROVED: 25,COMMENTED: 6,DECLINED: 0,MERGED: 4,OPENED: 8,RESCOPED: 12,UNAPPROVED: 3,UPDATED: 2,,,

Q2 23' S3,2023/04/25,2023/05/09,CMOBL-112323,3463,Prashant.Bansal,0,0,0,0,1,0,0,0,0,0,0,0,Subratkumar.Sahoo,,
Q2 23' S3,2023/04/25,2023/05/09,CMOBL-146549,2707,Prashant.Bansal,0,0,0,0,0,0,0,0,0,0,0,0,VKanaujia,,
Q2 23' S3,2023/04/25,2023/05/09,CMOBL-150760,1099,Prashant.Bansal,0,0,0,0,0,0,0,0,0,0,0,0,VKanaujia,,
Q2 23' S3,2023/04/25,2023/05/09,CMOBL-150760,2716,Prashant.Bansal,0,0,0,0,0,0,0,0,0,0,0,0,VKanaujia,,
Q2 23' S3,2023/04/25,2023/05/09,CMOBL-150760,3453,Prashant.Bansal,0,0,0,0,0,0,0,0,0,0,0,0,VKanaujia,,
Q2 23' S3,2023/04/25,2023/05/09,CMOBL-152752,3549,Prashant.Bansal,0,0,251,6,0,0,0,0,0,1,0,0,SDowney,,"1. PROD-164667:Changes to skip lead creation in case of testMode parm for OSS fetch attendee
2. PROD-164667:Updated additional usage of testMode in lead util and its tests
3. PROD-164667:Updated additional usage of testMode in lead util and its tests"
Q2 23' S3,2023/04/25,2023/05/09,CMOBL-153664,3549,Prashant.Bansal,0,0,0,0,0,0,0,0,0,0,0,0,SDowney,,
Q2 23' S3,2023/04/25,2023/05/09,HUB-73499,367,Prashant.Bansal,0,0,0,0,1,0,0,0,0,0,0,0,Subratkumar.Sahoo,,
Q2 23' S3,2023/04/25,2023/05/09,HUB-90747,75,Prashant.Bansal,94,12,99,17,0,0,0,1,1,1,0,0,Prashant.Bansal,,"1. HUB-90747: Changes to update consumer & repository to save banner & custom card activity without exhibitor association
2. HUB-90747: Changes to update consumer & repository to save banner & custom card activity without exhibitor association
3. HUB-90747: Added an additional check on query for activity type"
Q2 23' S3,2023/04/25,2023/05/09,HUB-96532,503,Prashant.Bansal,117,2,125,10,0,1,0,0,1,0,0,0,Prashant.Bansal,1. Automation Run   https://ci-jenkins.core.cvent.org/job/Planner_Tools/job/oss-event-reporting-datasource/job/feature%252FHUB-96532/3/cucumber-html-reports_9dfe8438-3c0e-363e-932d-0a1f78dddbb4/overview-features.html,"1. HUB-96532: Addition of displayOrder property in exhibitor weblink and exhibitor file
2. HUB-96532: Addition of displayOrder property in exhibitor weblink and exhibitor file"
Q2 23' S3,2023/04/25,2023/05/09,HUB-96532,504,Prashant.Bansal,508,394,0,0,0,0,0,0,0,0,0,0,Prashant.Bansal,,
Q2 23' S3,2023/04/25,2023/05/09,HUB-96535,1445,Prashant.Bansal,0,0,0,0,1,0,0,0,0,0,0,0,VKanaujia,,
Q2 23' S3,2023/04/25,2023/05/09,HUB-96535,3551,Prashant.Bansal,0,0,0,0,0,0,0,0,0,1,0,0,VKanaujia,,
Q2 23' S3,2023/04/25,2023/05/09,PROD-164667,656,Prashant.Bansal,370,337,0,0,0,0,0,1,0,0,0,0,Prashant.Bansal,,
Q2 23' S3,2023/04/25,2023/05/09,PROD-164667,658,Prashant.Bansal,370,337,0,0,0,0,0,1,1,1,0,0,Prashant.Bansal,,1. Merge branch 'develop' of https://stash.cvent.net/scm/pt/single-fetch into downmergeToDevelop
Q2 23' S3,2023/04/25,2023/05/09,PROD-164667,808,Prashant.Bansal,15,9,20,14,0,0,0,1,1,1,0,0,Prashant.Bansal,,"1. PROD-164667: Changes to update single fetch ulc test integration to include testMode true as param
2. PROD-164667: yarn prerelease"
Q2 23' S3,2023/04/25,2023/05/09,PROD-164667,809,Prashant.Bansal,10,4,5,6,0,0,0,1,1,1,0,0,Prashant.Bansal,,"1. PROD-164667: downmerge from master after release
2. Merge branch 'develop' of https://stash.cvent.net/scm/pt/onsite-admin-portal into bugfix/PROD-164667"
Q2 23' S3,2023/04/25,2023/05/09,PROD-164667,811,Prashant.Bansal,570,135,0,0,0,0,0,0,0,0,0,0,Prashant.Bansal,,
Q2 23' S3,2023/04/25,2023/05/09,PROD-164667,821,Prashant.Bansal,261,8,0,0,0,0,0,0,0,0,0,0,Prashant.Bansal,,
Q2 23' S3,2023/04/25,2023/05/09,PROD-164667,822,Prashant.Bansal,276,15,0,0,0,0,0,0,0,0,0,0,Prashant.Bansal,,
Q2 23' S3,2023/04/25,2023/05/09,PROD-164667,2719,Prashant.Bansal,27,16,32,21,0,1,0,1,1,0,0,0,Prashant.Bansal,1. This PR will be merged when changes in event api are released through this upcoming release.  https://stash.cvent.net/projects/PT/repos/event-api/pull-requests/3553/overview,"1. PROD-164667: Changes to update query param test mode for test OSS ULC integration
2. PROD-164667: Yarn prerelease"
Q2 23' S3,2023/04/25,2023/05/09,PROD-164667,3549,Prashant.Bansal,0,0,0,0,0,0,0,0,0,0,0,0,SDowney,,
Q2 23' S3,2023/04/25,2023/05/09,PROD-164667,3553,Prashant.Bansal,251,6,0,0,0,1,0,1,1,2,0,0,Prashant.Bansal,1. It was used in single fetch and lead util for normal ULC attendee fetch so that is also updated with value false for test mode.,
Q2 23' S3,2023/04/25,2023/05/09,PROD-164667,657,Prashant.Bansal,370,337,0,0,0,0,1,0,1,0,0,0,Prashant.Bansal,,
Q2 23' S3,2023/04/25,2023/05/09,PROD-165690,387,Prashant.Bansal,0,0,0,0,0,0,0,0,0,0,0,0,RaviM,,
Q2 23' S3,2023/04/25,2023/05/09,PROD-165690,385,Prashant.Bansal,0,0,0,0,1,0,0,0,0,0,0,0,RaviM,,
Q2 23' S3,2023/04/25,2023/05/09,PROD-166009,9132,Prashant.Bansal,0,0,0,0,1,0,0,0,0,0,0,0,MMenpadi,,
Q2 23' S3,2023/04/25,2023/05/09,CMOBL-152165,384,Prashant.Bansal,0,0,0,0,0,0,0,0,0,0,0,0,KMahajan,,
Q2 23' S3,2023/04/25,2023/05/09,CMOBL-152685,6,Prashant.Bansal,0,0,0,0,1,0,0,0,0,0,0,0,KMahajan,,
Q2 23' S3,2023/04/25,2023/05/09,CMOBL-152685,8,Prashant.Bansal,0,0,0,0,0,0,0,0,0,0,0,0,J.Kumar,,
Q2 23' S3,2023/04/25,2023/05/09,CMOBL-152685,1105,Prashant.Bansal,0,0,0,0,1,0,0,0,0,0,0,0,KMahajan,,
Q2 23' S3,2023/04/25,2023/05/09,CMOBL-153113,1,Prashant.Bansal,0,0,0,0,0,0,0,0,0,0,0,0,J.Kumar,,
Q2 23' S3,2023/04/25,2023/05/09,CMOBL-153113,4,Prashant.Bansal,0,0,0,0,0,0,0,0,0,0,0,0,J.Kumar,,
Q2 23' S3,2023/04/25,2023/05/09,CMOBL-153113,7,Prashant.Bansal,0,0,0,0,0,0,0,0,0,0,0,0,J.Kumar,,
Q2 23' S3,2023/04/25,2023/05/09,CMOBL-153113,153,Prashant.Bansal,0,0,0,0,0,0,0,0,0,0,0,0,J.Kumar,,
Q2 23' S3,2023/04/25,2023/05/09,CMOBL-153113,317,Prashant.Bansal,0,0,0,0,0,0,0,0,0,0,0,0,J.Kumar,,
Q2 23' S3,2023/04/25,2023/05/09,CMOBL-153113,361,Prashant.Bansal,0,0,0,0,0,0,0,0,0,0,0,0,J.Kumar,,
Q2 23' S3,2023/04/25,2023/05/09,CMOBL-153113,706,Prashant.Bansal,0,0,0,0,0,0,0,0,0,0,0,0,J.Kumar,,
Q2 23' S3,2023/04/25,2023/05/09,CMOBL-153113,804,Prashant.Bansal,0,0,0,0,0,0,0,0,0,0,0,0,J.Kumar,,
Q2 23' S3,2023/04/25,2023/05/09,CMOBL-153113,1264,Prashant.Bansal,0,0,0,0,0,0,0,0,0,0,0,0,J.Kumar,,
Q2 23' S3,2023/04/25,2023/05/09,CMOBL-153113,3558,Prashant.Bansal,0,0,0,0,1,0,0,0,0,0,0,0,J.Kumar,,
Q2 23' S3,2023/04/25,2023/05/09,HUB-76665,369,Prashant.Bansal,0,0,0,0,0,0,0,0,0,0,0,0,MMenpadi,,
Q2 23' S3,2023/04/25,2023/05/09,HUB-89439,1442,Prashant.Bansal,0,0,0,0,0,0,0,0,0,0,0,0,MMenpadi,,
Q2 23' S3,2023/04/25,2023/05/09,HUB-89439,3541,Prashant.Bansal,0,0,0,0,0,0,0,0,0,0,0,0,MMenpadi,,
Q2 23' S3,2023/04/25,2023/05/09,HUB-89999,374,Prashant.Bansal,0,0,0,0,0,0,0,0,0,0,0,0,Subratkumar.Sahoo,,
Q2 23' S3,2023/04/25,2023/05/09,HUB-90750,76,Prashant.Bansal,0,0,0,0,0,0,0,0,0,0,0,0,VShyoran,,
Q2 23' S3,2023/04/25,2023/05/09,HUB-90750,17691,Prashant.Bansal,0,0,0,0,0,0,0,0,0,0,0,0,VShyoran,,
Q2 23' S3,2023/04/25,2023/05/09,HUB-92743,3567,Prashant.Bansal,0,0,0,0,0,0,0,0,0,0,0,0,VKanaujia,,
Q2 23' S3,2023/04/25,2023/05/09,HUB-96428,811,Prashant.Bansal,570,135,0,0,0,0,0,0,0,0,0,0,Prashant.Bansal,,
Sprint Totals,,,,,,PR_ADDED: 3809,PR_REMOVED: 1747,COMMIT_ADDED: 532,COMMIT_REMOVED: 74,APPROVED: 8,COMMENTED: 3,DECLINED: 1,MERGED: 7,OPENED: 8,RESCOPED: 8,UNAPPROVED: 0,UPDATED: 0,,,

Q2 23' S4,2023/05/09,2023/05/23,CMOBL-152165,384,Prashant.Bansal,0,0,0,0,1,0,0,0,0,0,0,0,KMahajan,,
Q2 23' S4,2023/05/09,2023/05/23,CMOBL-152685,6,Prashant.Bansal,0,0,0,0,0,0,0,0,0,0,0,0,KMahajan,,
Q2 23' S4,2023/05/09,2023/05/23,CMOBL-152685,8,Prashant.Bansal,0,0,0,0,1,0,0,0,0,0,0,0,J.Kumar,,
Q2 23' S4,2023/05/09,2023/05/23,CMOBL-152685,1105,Prashant.Bansal,0,0,0,0,0,0,0,0,0,0,1,0,KMahajan,,
Q2 23' S4,2023/05/09,2023/05/23,CMOBL-153086,60,Prashant.Bansal,0,0,0,0,1,0,0,0,0,0,0,0,J.Kumar,,
Q2 23' S4,2023/05/09,2023/05/23,CMOBL-153086,156,Prashant.Bansal,0,0,0,0,1,0,0,0,0,0,0,0,J.Kumar,,
Q2 23' S4,2023/05/09,2023/05/23,CMOBL-153113,1,Prashant.Bansal,0,0,0,0,1,0,0,0,0,0,0,0,J.Kumar,,
Q2 23' S4,2023/05/09,2023/05/23,CMOBL-153113,4,Prashant.Bansal,0,0,0,0,1,0,0,0,0,0,0,1,J.Kumar,,
Q2 23' S4,2023/05/09,2023/05/23,CMOBL-153113,7,Prashant.Bansal,0,0,0,0,2,0,0,0,0,0,0,1,J.Kumar,,
Q2 23' S4,2023/05/09,2023/05/23,CMOBL-153113,153,Prashant.Bansal,0,0,0,0,1,0,0,0,0,0,0,0,J.Kumar,,
Q2 23' S4,2023/05/09,2023/05/23,CMOBL-153113,317,Prashant.Bansal,0,0,0,0,1,0,0,0,0,0,0,0,J.Kumar,,
Q2 23' S4,2023/05/09,2023/05/23,CMOBL-153113,361,Prashant.Bansal,0,0,0,0,1,0,0,0,0,0,0,0,J.Kumar,,
Q2 23' S4,2023/05/09,2023/05/23,CMOBL-153113,706,Prashant.Bansal,0,0,0,0,1,0,0,0,0,0,0,0,J.Kumar,,
Q2 23' S4,2023/05/09,2023/05/23,CMOBL-153113,804,Prashant.Bansal,0,0,0,0,1,0,0,0,0,0,0,0,J.Kumar,,
Q2 23' S4,2023/05/09,2023/05/23,CMOBL-153113,1264,Prashant.Bansal,0,0,0,0,1,0,0,0,0,0,0,0,J.Kumar,,
Q2 23' S4,2023/05/09,2023/05/23,CMOBL-153113,3558,Prashant.Bansal,0,0,0,0,0,0,0,0,0,0,0,0,J.Kumar,,
Q2 23' S4,2023/05/09,2023/05/23,CMOBL-153490,155,Prashant.Bansal,0,0,0,0,1,0,0,0,0,0,1,0,J.Kumar,,
Q2 23' S4,2023/05/09,2023/05/23,CMOBL-153740,294,Prashant.Bansal,219,18,260,59,0,1,0,1,1,2,0,0,Prashant.Bansal,1. Added UT for validations for file size for logo and banner.So it was decided to not update ITs for it.,"1. CMOBL-153740: Updates to exhibitor & exhibitor category banner/logo file size & type validations
2. CMOBL-153740: Changes to update UTs for flow
3. CMOBL-153740: Changes to update method call"
Q2 23' S4,2023/05/09,2023/05/23,CMOBL-153835,120,Prashant.Bansal,0,0,0,0,1,0,0,0,0,0,0,0,RaviM,,
Q2 23' S4,2023/05/09,2023/05/23,CMOBL-153835,17606,Prashant.Bansal,0,0,0,0,1,0,0,0,0,0,0,0,RaviM,,
Q2 23' S4,2023/05/09,2023/05/23,CMOBL-154095,1682,Prashant.Bansal,0,0,0,0,0,0,0,0,0,0,0,0,Subratkumar.Sahoo,,
Q2 23' S4,2023/05/09,2023/05/23,CMOBL-154095,2735,Prashant.Bansal,0,0,0,0,0,0,0,0,0,0,0,0,Subratkumar.Sahoo,,
Q2 23' S4,2023/05/09,2023/05/23,CMOBL-154095,3477,Prashant.Bansal,0,0,0,0,0,0,0,0,0,0,0,0,Subratkumar.Sahoo,,
Q2 23' S4,2023/05/09,2023/05/23,CMOBL-154193,37,Prashant.Bansal,0,0,0,0,1,0,0,0,0,0,0,0,J.Kumar,,
Q2 23' S4,2023/05/09,2023/05/23,HUB-76665,369,Prashant.Bansal,0,0,0,0,0,0,0,0,0,0,0,0,MMenpadi,,
Q2 23' S4,2023/05/09,2023/05/23,HUB-89439,1442,Prashant.Bansal,0,0,0,0,0,0,0,0,0,0,0,0,MMenpadi,,
Q2 23' S4,2023/05/09,2023/05/23,HUB-89439,3541,Prashant.Bansal,0,0,0,0,0,0,0,0,0,0,0,0,MMenpadi,,
Q2 23' S4,2023/05/09,2023/05/23,HUB-89999,374,Prashant.Bansal,0,0,0,0,0,0,0,0,0,0,0,0,Subratkumar.Sahoo,,
Q2 23' S4,2023/05/09,2023/05/23,HUB-90744,12674,Prashant.Bansal,0,0,0,0,1,0,0,0,0,0,0,0,VShyoran,,
Q2 23' S4,2023/05/09,2023/05/23,HUB-90745,12638,Prashant.Bansal,0,0,0,0,1,0,0,0,0,0,0,0,RaviM,,
Q2 23' S4,2023/05/09,2023/05/23,HUB-96428,811,Prashant.Bansal,570,135,72,100,0,0,0,1,1,0,0,0,Prashant.Bansal,,1. Release from develop to master
Q2 23' S4,2023/05/09,2023/05/23,HUB-97154,504,Prashant.Bansal,508,394,1,1,0,1,0,1,1,0,0,0,Prashant.Bansal,1. Staging run green  https://jenkins.core.cvent.org/view/Dropwizard/job/it-dropwizard-service-docker-2.0/302631/cucumber-html-reports/overview-features.html,"1. HUB-97154: Changelog updated
2. Merge branch 'release/1.8.49' of https://stash.cvent.net/scm/pt/oss-event-reporting-datasource into release/1.8.49"
Q2 23' S4,2023/05/09,2023/05/23,HUB-97154,505,Prashant.Bansal,8,8,0,0,0,1,0,0,1,0,0,0,Prashant.Bansal,1. That is due to the release build gets triggered twice for the changes once when the branch is cut and once when the changesets are added.  So for one time release it gets bumped up for 2 versions.,
Q2 23' S4,2023/05/09,2023/05/23,HUB-97154,1414,Prashant.Bansal,22,5,22,5,0,0,0,1,1,0,0,0,Prashant.Bansal,,"1. HUB-97154:Changes to add field displayOrder in exhibitor weblink & exhibitor attachment doc
2. HUB-97154:Changelog update for exhibitor weblink & exhibitor attachment doc"
Q2 23' S4,2023/05/09,2023/05/23,HUB-97154,1429,Prashant.Bansal,0,0,0,0,0,0,0,0,0,0,0,0,TBehunin,,1. Pull request #1414: Feature/HUB-97154  Merge in FAL/falcon-data from feature/HUB-97154 to develop  * commit 'dfdcd59831a94f2f31b2fc436a2f0a1cac54c8dc':    HUB-97154:Changelog update for exhibitor weblink & exhibitor attachment doc    HUB-97154:Changes to add field displayOrder in exhibitor weblink & exhibitor attachment doc
Q2 23' S4,2023/05/09,2023/05/23,HUB-98731,2735,Prashant.Bansal,0,0,0,0,0,0,0,0,0,0,0,0,Subratkumar.Sahoo,,
Q2 23' S4,2023/05/09,2023/05/23,HUB-98731,3477,Prashant.Bansal,0,0,0,0,0,0,0,0,0,0,0,0,Subratkumar.Sahoo,,
Q2 23' S4,2023/05/09,2023/05/23,HUB-99967,707,Prashant.Bansal,0,0,0,0,1,0,0,0,0,0,0,0,Subratkumar.Sahoo,,
Q2 23' S4,2023/05/09,2023/05/23,HUB-99967,709,Prashant.Bansal,0,0,0,0,1,0,0,0,0,0,0,0,Subratkumar.Sahoo,,
Q2 23' S4,2023/05/09,2023/05/23,PROD-166101,530,Prashant.Bansal,7,2,7,2,0,2,0,1,1,0,0,1,Prashant.Bansal,"1. User(s) Gaur, Pankaj, Verma, Tushar and Kubba, Varun have been added automatically as predefined branch reviewers.
2. Tested data in lower env.  Activities have data populated now for lead and exhibitor.  ![image.png](attachment:14245/21656)",1. PROD-166101: Changes to update search api & event api client endpoint from external to internal
Q2 23' S4,2023/05/09,2023/05/23,PROD-166101,535,Prashant.Bansal,0,0,0,0,0,0,0,0,0,0,0,0,L.Bhardwaj,,1. Pull request #530: PROD-166101: Changes to update search api & event api client endpoint from external to internal  Merge in AA/attendee-activities-data from hotfix/PROD-166101 to master  * commit '6d07c024fbe61e38831f05a7b3acc81e5a93187c':    PROD-166101: Changes to update search api & event api client endpoint from external to internal
Q2 23' S4,2023/05/09,2023/05/23,PROD-167178,1109,Prashant.Bansal,0,0,0,0,1,0,0,0,0,0,1,0,J.Kumar,,
Q2 23' S4,2023/05/09,2023/05/23,PROD-167178,1111,Prashant.Bansal,0,0,0,0,1,0,0,0,0,0,0,0,J.Kumar,,
Q2 23' S4,2023/05/09,2023/05/23,PROD-168013,296,Prashant.Bansal,17,14,18,16,0,1,0,1,1,2,0,0,Prashant.Bansal,1. We have verified only for selected endpoints and not all endpoints for auth code flow.,"1. PROD-168013: Changes to update account id retrival from core rather than accountId field in metadata
2. PROD-168013: Updates to status code and message
3. PROD-168013: Updates to status code and message"
Q2 23' S4,2023/05/09,2023/05/23,PROD-168013,298,Prashant.Bansal,0,0,0,0,0,0,0,0,0,0,0,0,VShyoran,,1. Pull request #296: PROD-168013: Changes to update account id retrival from core rather than accountId field in metadata  Merge in API/universal-exhibitor from hotfix/PROD-168013 to master  * commit '0ff6d23dec428a1a755e9f19a815dcf9c50d0360':    RELEASE: universal-exhibitor@1.3.2    PROD-168013: Updates to status code and message    PROD-168013: Updates to status code and message    PROD-168013: Changes to update account id retrival from core rather than accountId field in metadata
Q2 23' S4,2023/05/09,2023/05/23,PROD-168013,297,Prashant.Bansal,17,14,0,0,0,0,0,0,1,0,0,0,Prashant.Bansal,,
Q2 23' S4,2023/05/09,2023/05/23,CMOBL-153241,173,Prashant.Bansal,0,0,0,0,0,0,0,0,0,0,0,0,KMahajan,,
Q2 23' S4,2023/05/09,2023/05/23,CMOBL-153241,295,Prashant.Bansal,0,0,0,0,1,0,0,0,0,0,0,0,KMahajan,,
Q2 23' S4,2023/05/09,2023/05/23,HUB-89435,369,Prashant.Bansal,0,0,0,0,0,0,0,0,0,0,0,0,MMenpadi,,
Q2 23' S4,2023/05/09,2023/05/23,HUB-90750,76,Prashant.Bansal,0,0,0,0,1,5,0,0,0,0,0,0,VShyoran,"1. Will these be used for future refernces ?  I don't see being used at present.
2. This class contains unused imports causing checkstyle errors in build. Please check
3. [nit] return Objects.equals(activityType, ActivityType.EVENT_CUSTOM_CARD_OPENED.value) ||                  Objects.equals(activityType, ActivityType.CLICKED_BANNER_LINK.value);
4. ```suggestion   * This enum describes valid engagement activity types to be supported  ```
5. Unused Import",
Q2 23' S4,2023/05/09,2023/05/23,HUB-90750,17691,Prashant.Bansal,0,0,0,0,0,0,0,0,0,0,0,0,VShyoran,,
Q2 23' S4,2023/05/09,2023/05/23,HUB-92743,3567,Prashant.Bansal,0,0,0,0,0,0,0,0,0,0,0,0,VKanaujia,,
Q2 23' S4,2023/05/09,2023/05/23,HUB-92905,381,Prashant.Bansal,0,0,0,0,0,0,0,0,0,0,0,0,VKanaujia,,
Sprint Totals,,,,,,PR_ADDED: 1368,PR_REMOVED: 590,COMMIT_ADDED: 380,COMMIT_REMOVED: 183,APPROVED: 26,COMMENTED: 11,DECLINED: 0,MERGED: 6,OPENED: 8,RESCOPED: 4,UNAPPROVED: 3,UPDATED: 3,,,

Q2 23' S5,2023/05/23,2023/06/06,CMOBL-150913,2,Prashant.Bansal,0,0,0,0,0,0,0,0,0,0,0,0,J.Kumar,,
Q2 23' S5,2023/05/23,2023/06/06,CMOBL-150913,1112,Prashant.Bansal,0,0,0,0,2,0,0,0,0,0,1,0,J.Kumar,,
Q2 23' S5,2023/05/23,2023/06/06,CMOBL-153241,173,Prashant.Bansal,0,0,0,0,0,0,0,0,0,0,0,0,KMahajan,,
Q2 23' S5,2023/05/23,2023/06/06,CMOBL-153241,295,Prashant.Bansal,0,0,0,0,0,0,0,0,0,0,0,0,KMahajan,,
Q2 23' S5,2023/05/23,2023/06/06,CMOBL-153494,299,Prashant.Bansal,0,0,0,0,1,0,0,0,0,0,0,0,J.Kumar,,
Q2 23' S5,2023/05/23,2023/06/06,CMOBL-153920,165,Prashant.Bansal,0,0,0,0,2,0,0,0,0,0,1,1,KMahajan,,
Q2 23' S5,2023/05/23,2023/06/06,CMOBL-154514,79,Prashant.Bansal,0,0,0,0,1,3,0,0,0,0,0,0,KMahajan,"1. Update Javadoc
2. Update Javadoc
3. Can we add a Unit Test to check the updated scenario",
Q2 23' S5,2023/05/23,2023/06/06,CMOBL-154514,12730,Prashant.Bansal,0,0,10,0,1,0,0,0,0,0,0,1,KMahajan,,1. CMOBL-154514: Changes to update empty exhibitor id param
Q2 23' S5,2023/05/23,2023/06/06,HUB-87696,385,Prashant.Bansal,0,0,0,0,1,0,0,0,0,0,0,0,Subratkumar.Sahoo,,
Q2 23' S5,2023/05/23,2023/06/06,HUB-89435,369,Prashant.Bansal,0,0,0,0,1,0,0,0,0,0,0,0,MMenpadi,,
Q2 23' S5,2023/05/23,2023/06/06,HUB-90750,76,Prashant.Bansal,0,0,0,0,0,0,0,0,0,0,0,0,VShyoran,,
Q2 23' S5,2023/05/23,2023/06/06,HUB-90750,17691,Prashant.Bansal,0,0,0,0,1,0,0,0,0,0,0,0,VShyoran,,
Q2 23' S5,2023/05/23,2023/06/06,HUB-92743,3567,Prashant.Bansal,0,0,0,0,1,0,0,0,0,0,0,0,VKanaujia,,
Q2 23' S5,2023/05/23,2023/06/06,HUB-92743,3574,Prashant.Bansal,0,0,197,136,0,0,0,0,0,0,0,0,D.Collette,,"1. HUB-99887 : Changes to add updatedAtWaterMark field in list weblinks and list files endpoints
2. HUB-99887 : Minor Updates to UTs
3. HUB-99887 : Refactored code and UT updates
4. HUB-99887 : Backmerge from develop"
Q2 23' S5,2023/05/23,2023/06/06,HUB-92905,381,Prashant.Bansal,0,0,0,0,1,0,0,0,0,0,0,0,VKanaujia,,
Q2 23' S5,2023/05/23,2023/06/06,HUB-95079,78,Prashant.Bansal,0,0,0,0,1,0,0,0,0,0,0,0,VShyoran,,
Q2 23' S5,2023/05/23,2023/06/06,HUB-98732,2735,Prashant.Bansal,0,0,0,0,1,0,0,0,0,0,0,0,Subratkumar.Sahoo,,
Q2 23' S5,2023/05/23,2023/06/06,HUB-98732,2736,Prashant.Bansal,0,0,0,0,1,0,0,0,0,0,0,0,Subratkumar.Sahoo,,
Q2 23' S5,2023/05/23,2023/06/06,HUB-98732,3477,Prashant.Bansal,0,0,0,0,1,0,0,0,0,0,0,0,Subratkumar.Sahoo,,
Q2 23' S5,2023/05/23,2023/06/06,HUB-99887,1450,Prashant.Bansal,30,0,38,8,0,1,0,1,1,3,0,0,Prashant.Bansal,1. @SDowney updatedAtWaterMark is not the name of opt in param.This is the name of response field to be used as watermark  We have opt-in query param named as `includeUpdatedAtWaterMark`,"1. HUB-99887: Added query param to include updatedAt watermark field in list exhibitor files and weblinks endpoint
2. HUB-99887: Updated description
3. HUB-99887: Updated description for fields
4. HUB-99887: Updated watermark field as readOnly"
Q2 23' S5,2023/05/23,2023/06/06,HUB-99887,3572,Prashant.Bansal,229,121,0,0,0,4,0,1,1,2,0,0,Prashant.Bansal,"1. Json Schemas version for the changes are already in [PR](https://stash.cvent.net/projects/PT/repos/json-schemas/pull-requests/1450/overview) and it will be updated here once the PR is merged.
2. Added UT for that case in newly created util function for `putUpdatedAtWaterMark`
3. Hey @SDowney We have implemented this flow majorly to address the problem that the data needs to be synced to event app through oss & falcon data db. We don't show exhibitor video content in event app. So not required anything similar for videos for now.
4. There may be plan for videos in Q3.We don't support any datasource for it as well at present. So we would eventually be requiring the changes in DS and falcon DB doc at that time accordingly.  CC: @MBanerjee",
Q2 23' S5,2023/05/23,2023/06/06,HUB-99887,3577,Prashant.Bansal,229,121,0,0,0,0,0,0,1,0,0,0,Prashant.Bansal,,
Q2 23' S5,2023/05/23,2023/06/06,HUB-100250,374,Prashant.Bansal,0,0,0,0,1,0,0,0,0,0,0,0,Subratkumar.Sahoo,,
Q2 23' S5,2023/05/23,2023/06/06,PROD-166323,384,Prashant.Bansal,0,0,0,0,1,0,0,0,0,0,0,0,Subratkumar.Sahoo,,
Q2 23' S5,2023/05/23,2023/06/06,PROD-168222,73,Prashant.Bansal,0,0,0,0,1,0,0,0,0,0,0,0,VShyoran,,
Q2 23' S5,2023/05/23,2023/06/06,PROD-168222,3580,Prashant.Bansal,0,0,0,0,1,0,0,0,0,0,0,0,VShyoran,,
Q2 23' S5,2023/05/23,2023/06/06,PROD-168222,3593,Prashant.Bansal,0,0,17,6,0,0,0,0,0,0,0,0,SMartin,,"1. HUB-92746: Changes for UT fixes
2. HUB-92746: Changeset updated
3. NA-0: Added changeset"
Q2 23' S5,2023/05/23,2023/06/06,PROD-168226,301,Prashant.Bansal,0,0,0,0,1,0,0,0,0,0,0,0,VShyoran,,
Q2 23' S5,2023/05/23,2023/06/06,PROD-168226,303,Prashant.Bansal,0,0,0,0,1,0,0,0,0,0,0,0,VShyoran,,
Q2 23' S5,2023/05/23,2023/06/06,CMOBL-153087,165,Prashant.Bansal,0,0,0,0,0,0,0,0,0,0,0,0,KMahajan,,
Q2 23' S5,2023/05/23,2023/06/06,CMOBL-153087,384,Prashant.Bansal,0,0,0,0,1,0,0,0,0,0,0,0,KMahajan,,
Q2 23' S5,2023/05/23,2023/06/06,CMOBL-153110,115,Prashant.Bansal,0,0,0,0,0,0,0,0,0,0,0,0,renovatebotman,,
Q2 23' S5,2023/05/23,2023/06/06,CMOBL-153110,271,Prashant.Bansal,0,0,0,0,0,0,0,0,0,0,0,0,renovatebotman,,
Q2 23' S5,2023/05/23,2023/06/06,CMOBL-153493,3,Prashant.Bansal,0,0,0,0,1,0,0,0,0,0,0,0,KMahajan,,
Q2 23' S5,2023/05/23,2023/06/06,CMOBL-153493,165,Prashant.Bansal,0,0,0,0,0,0,0,0,0,0,0,0,KMahajan,,
Q2 23' S5,2023/05/23,2023/06/06,CMOBL-153493,172,Prashant.Bansal,0,0,0,0,1,0,0,0,0,0,0,1,KMahajan,,
Q2 23' S5,2023/05/23,2023/06/06,HUB-76672,391,Prashant.Bansal,0,0,0,0,0,0,0,0,0,0,0,0,Subratkumar.Sahoo,,
Q2 23' S5,2023/05/23,2023/06/06,HUB-92746,390,Prashant.Bansal,0,0,0,0,0,0,0,0,0,0,0,0,MMenpadi,,
Q2 23' S5,2023/05/23,2023/06/06,HUB-92746,3576,Prashant.Bansal,0,0,0,0,1,0,0,0,0,0,0,0,MMenpadi,,
Q2 23' S5,2023/05/23,2023/06/06,HUB-92746,17741,Prashant.Bansal,0,0,0,0,1,0,0,0,0,0,0,0,MMenpadi,,
Q2 23' S5,2023/05/23,2023/06/06,HUB-99888,256,Prashant.Bansal,1,1,1,1,0,0,0,0,1,0,0,0,Prashant.Bansal,,1. HUB-99888: Updated json schemas version to 10.0.31
Q2 23' S5,2023/05/23,2023/06/06,HUB-99888,508,Prashant.Bansal,368,33,370,35,0,0,0,0,1,1,0,0,Prashant.Bansal,,"1. HUB-99888: Changes to update updatedAtWaterMark field in exhibitor file and exhibitor weblink datasources
2. HUB-99888: Changes to update updatedAtWaterMark field in exhibitor file and exhibitor weblink datasources
3. HUB-99888: Changes to update last modified field check in exhibitor file and exhibitor weblink datasources
4. HUB-99888: Comments Updates"
Q2 23' S5,2023/05/23,2023/06/06,HUB-99888,509,Prashant.Bansal,357,35,350,28,0,1,0,0,1,0,0,0,Prashant.Bansal,1. Datadog And Splunk Logs Monitoring After Release,"1. HUB-99888: Changes to update updatedAtWaterMark field in exhibitor file and exhibitor weblink datasources
2. HUB-99888: Changes to update updatedAtWaterMark field in exhibitor file and exhibitor weblink datasources"
Q2 23' S5,2023/05/23,2023/06/06,HUB-99888,513,Prashant.Bansal,4,1,0,0,0,0,0,0,0,0,0,0,Prashant.Bansal,,
Q2 23' S5,2023/05/23,2023/06/06,HUB-99888,1419,Prashant.Bansal,24,12,31,19,0,3,0,0,1,2,0,0,Prashant.Bansal,"1. Releasing DS changes in prod shortly.  So would ensure that I merge this PR only after those changes are certified.
2. Datasource Changes for updatedAtWaterMark field are certified in PROD env.
3. https://cvent.slack.com/archives/CGZ69SUCB/p1686032418677089","1. HUB-99888: Changes to add updatedAtWaterMark field in exhibitor weblink and exhibitor attachment doc
2. HUB-99888: Changes to add updatedAtWaterMark field in exhibitor weblink and exhibitor attachment doc
3. HUB-99888: Removed Unused Imports
4. HUB-99888: Updated Type of updatedAt field to timestamp"
Q2 23' S5,2023/05/23,2023/06/06,HUB-99888,1429,Prashant.Bansal,0,0,0,0,0,0,0,0,0,0,0,0,TBehunin,,
Q2 23' S5,2023/05/23,2023/06/06,HUB-99888,1431,Prashant.Bansal,28,6,0,0,0,0,0,0,0,0,0,0,Prashant.Bansal,,
Q2 23' S5,2023/05/23,2023/06/06,HUB-99888,1435,Prashant.Bansal,98,8,0,0,0,0,0,0,0,0,0,0,Prashant.Bansal,,
Q2 23' S5,2023/05/23,2023/06/06,HUB-99888,510,Prashant.Bansal,357,35,0,0,0,0,0,0,0,0,0,0,Prashant.Bansal,,
Q2 23' S5,2023/05/23,2023/06/06,HUB-99888,512,Prashant.Bansal,5,2,0,0,0,0,0,0,0,0,0,0,Prashant.Bansal,,
Q2 23' S5,2023/05/23,2023/06/06,HUB-100293,387,Prashant.Bansal,0,0,0,0,0,0,0,0,0,0,0,0,VSingla,,
Sprint Totals,,,,,,PR_ADDED: 1730,PR_REMOVED: 375,COMMIT_ADDED: 1014,COMMIT_REMOVED: 233,APPROVED: 27,COMMENTED: 12,DECLINED: 0,MERGED: 2,OPENED: 7,RESCOPED: 8,UNAPPROVED: 2,UPDATED: 3,,,

Q2 23'S6-Y to sch h k bhagwn h,2023/06/06,2023/06/20,CMOBL-152280,81,Prashant.Bansal,0,0,0,0,1,0,0,0,0,0,0,0,KMahajan,,
Q2 23'S6-Y to sch h k bhagwn h,2023/06/06,2023/06/20,CMOBL-153242,173,Prashant.Bansal,0,0,0,0,1,0,0,0,0,0,1,0,KMahajan,,
Q2 23'S6-Y to sch h k bhagwn h,2023/06/06,2023/06/20,CMOBL-153486,179,Prashant.Bansal,0,0,0,0,1,0,0,0,0,0,0,0,J.Kumar,,
Q2 23'S6-Y to sch h k bhagwn h,2023/06/06,2023/06/20,CMOBL-153487,175,Prashant.Bansal,0,0,0,0,2,0,0,0,0,0,1,0,KMahajan,,
Q2 23'S6-Y to sch h k bhagwn h,2023/06/06,2023/06/20,CMOBL-153493,3,Prashant.Bansal,0,0,0,0,0,0,0,0,0,0,0,0,KMahajan,,
Q2 23'S6-Y to sch h k bhagwn h,2023/06/06,2023/06/20,CMOBL-153493,165,Prashant.Bansal,0,0,0,0,0,0,0,0,0,0,0,0,KMahajan,,
Q2 23'S6-Y to sch h k bhagwn h,2023/06/06,2023/06/20,CMOBL-153493,172,Prashant.Bansal,0,0,0,0,0,0,0,0,0,0,0,0,KMahajan,,
Q2 23'S6-Y to sch h k bhagwn h,2023/06/06,2023/06/20,CMOBL-153524,394,Prashant.Bansal,0,0,0,0,1,0,0,0,0,0,0,0,Subratkumar.Sahoo,,
Q2 23'S6-Y to sch h k bhagwn h,2023/06/06,2023/06/20,CMOBL-155061,4,Prashant.Bansal,0,0,0,0,1,0,0,0,0,0,0,1,VShyoran,,
Q2 23'S6-Y to sch h k bhagwn h,2023/06/06,2023/06/20,CMOBL-155062,305,Prashant.Bansal,28,12,28,12,0,0,0,1,1,0,0,0,Prashant.Bansal,,"1. CMOBL-155062: Changes to update headers for karate for better tracing
2. CMOBL-155062: Changeset added"
Q2 23'S6-Y to sch h k bhagwn h,2023/06/06,2023/06/20,CMOBL-155062,3587,Prashant.Bansal,0,0,0,0,1,0,0,0,0,0,0,0,VShyoran,,
Q2 23'S6-Y to sch h k bhagwn h,2023/06/06,2023/06/20,CMOBL-155062,304,Prashant.Bansal,26,7,26,7,0,1,1,0,1,0,0,0,Prashant.Bansal,1. Declining this PR as we have raised against master.,1. CMOBL-155062:Changes to update logging for karate for better tracing
Q2 23'S6-Y to sch h k bhagwn h,2023/06/06,2023/06/20,CMOBL-155106,17868,Prashant.Bansal,0,0,0,0,1,0,0,0,0,0,0,0,VShyoran,,
Q2 23'S6-Y to sch h k bhagwn h,2023/06/06,2023/06/20,HUB-76672,391,Prashant.Bansal,0,0,0,0,1,0,0,0,0,0,0,0,Subratkumar.Sahoo,,
Q2 23'S6-Y to sch h k bhagwn h,2023/06/06,2023/06/20,HUB-92746,390,Prashant.Bansal,0,0,0,0,1,0,0,0,0,0,0,0,MMenpadi,,
Q2 23'S6-Y to sch h k bhagwn h,2023/06/06,2023/06/20,HUB-92746,3576,Prashant.Bansal,0,0,0,0,0,0,0,0,0,0,0,0,MMenpadi,,
Q2 23'S6-Y to sch h k bhagwn h,2023/06/06,2023/06/20,HUB-92746,17741,Prashant.Bansal,0,0,0,0,0,0,0,0,0,0,0,0,MMenpadi,,
Q2 23'S6-Y to sch h k bhagwn h,2023/06/06,2023/06/20,HUB-98619,3590,Prashant.Bansal,0,0,0,0,1,0,0,0,0,0,0,0,MMenpadi,,
Q2 23'S6-Y to sch h k bhagwn h,2023/06/06,2023/06/20,HUB-99888,256,Prashant.Bansal,1,1,0,0,0,0,0,0,0,0,0,0,Prashant.Bansal,,
Q2 23'S6-Y to sch h k bhagwn h,2023/06/06,2023/06/20,HUB-99888,508,Prashant.Bansal,368,33,0,0,0,0,0,0,0,0,0,0,Prashant.Bansal,,
Q2 23'S6-Y to sch h k bhagwn h,2023/06/06,2023/06/20,HUB-99888,509,Prashant.Bansal,357,35,0,0,0,0,0,1,0,0,0,0,Prashant.Bansal,,
Q2 23'S6-Y to sch h k bhagwn h,2023/06/06,2023/06/20,HUB-99888,513,Prashant.Bansal,4,1,0,0,0,0,0,0,0,0,0,0,Prashant.Bansal,,
Q2 23'S6-Y to sch h k bhagwn h,2023/06/06,2023/06/20,HUB-99888,1419,Prashant.Bansal,24,12,0,0,0,0,0,1,0,0,0,0,Prashant.Bansal,,
Q2 23'S6-Y to sch h k bhagwn h,2023/06/06,2023/06/20,HUB-99888,1429,Prashant.Bansal,0,0,0,0,1,0,0,0,0,0,0,1,TBehunin,,1. Pull request #1419: Feature/HUB-99888  Merge in FAL/falcon-data from feature/HUB-99888 to develop  * commit 'bd33538e76c645037fea1cec6b9c62478cec4374':    HUB-99888: Updated Type of updatedAt field to timestamp    HUB-99888: Removed Unused Imports    HUB-99888: Changes to add updatedAtWaterMark field in exhibitor weblink and exhibitor attachment doc    HUB-99888: Changes to add updatedAtWaterMark field in exhibitor weblink and exhibitor attachment doc
Q2 23'S6-Y to sch h k bhagwn h,2023/06/06,2023/06/20,HUB-99888,1431,Prashant.Bansal,28,6,42,20,0,0,0,1,1,1,0,0,Prashant.Bansal,,"1. HUB-99888: Hotfix NPE for displayOrder property in exhibitor weblink & attachment doc.
2. HUB-99888: Refactored code fixes"
Q2 23'S6-Y to sch h k bhagwn h,2023/06/06,2023/06/20,HUB-99888,1435,Prashant.Bansal,98,8,0,0,0,0,0,0,0,0,0,0,Prashant.Bansal,,
Q2 23'S6-Y to sch h k bhagwn h,2023/06/06,2023/06/20,HUB-99888,1436,Prashant.Bansal,0,0,0,0,0,0,0,0,0,0,0,0,TBehunin,,1. Pull request #1431: Hotfix NPE for displayOrder property in exhibitor weblink & attachment doc.  Merge in FAL/falcon-data from hotfix/1.4.95 to master  * commit '965b0582aad30512661c37892bc02f7f6cafaeeb':    HUB-99888: Refactored code fixes    HUB-99888: Hotfix NPE for displayOrder property in exhibitor weblink & attachment doc.
Q2 23'S6-Y to sch h k bhagwn h,2023/06/06,2023/06/20,HUB-99888,510,Prashant.Bansal,357,35,0,0,0,0,0,0,1,0,0,0,Prashant.Bansal,,
Q2 23'S6-Y to sch h k bhagwn h,2023/06/06,2023/06/20,HUB-99888,512,Prashant.Bansal,5,2,0,0,0,0,0,0,0,0,0,0,Prashant.Bansal,,
Q2 23'S6-Y to sch h k bhagwn h,2023/06/06,2023/06/20,HUB-100293,387,Prashant.Bansal,0,0,0,0,1,0,0,0,0,0,0,0,VSingla,,
Q2 23'S6-Y to sch h k bhagwn h,2023/06/06,2023/06/20,HUB-101684,398,Prashant.Bansal,0,0,0,0,1,0,0,0,0,0,0,0,VSingla,,
Q2 23'S6-Y to sch h k bhagwn h,2023/06/06,2023/06/20,HUB-101685,2738,Prashant.Bansal,0,0,0,0,1,0,0,0,0,0,0,0,VSingla,,
Q2 23'S6-Y to sch h k bhagwn h,2023/06/06,2023/06/20,HUB-101760,3590,Prashant.Bansal,0,0,0,0,0,0,0,0,0,0,0,0,MMenpadi,,
Q2 23'S6-Y to sch h k bhagwn h,2023/06/06,2023/06/20,HUB-101792,401,Prashant.Bansal,0,0,0,0,1,0,0,0,0,0,0,0,Subratkumar.Sahoo,,
Q2 23'S6-Y to sch h k bhagwn h,2023/06/06,2023/06/20,HUB-102906,411,Prashant.Bansal,0,0,0,0,1,0,0,1,0,0,0,0,MMenpadi,,
Q2 23'S6-Y to sch h k bhagwn h,2023/06/06,2023/06/20,HUB-102906,414,Prashant.Bansal,0,0,0,0,1,0,0,0,0,0,0,0,MMenpadi,,
Q2 23'S6-Y to sch h k bhagwn h,2023/06/06,2023/06/20,HUB-102912,397,Prashant.Bansal,0,0,0,0,1,0,0,0,0,0,0,0,Subratkumar.Sahoo,,
Q2 23'S6-Y to sch h k bhagwn h,2023/06/06,2023/06/20,HUB-103567,2740,Prashant.Bansal,0,0,0,0,1,0,0,0,0,0,0,0,Subratkumar.Sahoo,,
Q2 23'S6-Y to sch h k bhagwn h,2023/06/06,2023/06/20,PROD-168302,1681,Prashant.Bansal,0,0,0,0,1,0,0,0,0,0,0,0,Subratkumar.Sahoo,,
Q2 23'S6-Y to sch h k bhagwn h,2023/06/06,2023/06/20,PROD-168302,1682,Prashant.Bansal,0,0,0,0,1,0,0,0,0,0,0,0,Subratkumar.Sahoo,,
Q2 23'S6-Y to sch h k bhagwn h,2023/06/06,2023/06/20,HUB-90743,82,Prashant.Bansal,0,0,0,0,0,0,0,0,0,0,0,0,VShyoran,,
Q2 23'S6-Y to sch h k bhagwn h,2023/06/06,2023/06/20,HUB-90743,80,Prashant.Bansal,0,0,0,0,1,0,0,0,0,0,0,0,VShyoran,,
Q2 23'S6-Y to sch h k bhagwn h,2023/06/06,2023/06/20,HUB-101407,3590,Prashant.Bansal,0,0,0,0,0,0,0,0,0,0,0,0,MMenpadi,,
Sprint Totals,,,,,,PR_ADDED: 1296,PR_REMOVED: 152,COMMIT_ADDED: 96,COMMIT_REMOVED: 39,APPROVED: 24,COMMENTED: 1,DECLINED: 1,MERGED: 5,OPENED: 4,RESCOPED: 1,UNAPPROVED: 2,UPDATED: 2,,,

Q2 23' S7-Bhagwan kaha h re tu,2023/06/20,2023/07/04,CMOBL-152238,71,Prashant.Bansal,0,0,0,0,1,0,0,0,0,0,0,0,renovatebotman,,
Q2 23' S7-Bhagwan kaha h re tu,2023/06/20,2023/07/04,CMOBL-152238,115,Prashant.Bansal,0,0,0,0,1,0,0,0,0,0,0,1,renovatebotman,,
Q2 23' S7-Bhagwan kaha h re tu,2023/06/20,2023/07/04,CMOBL-152238,141,Prashant.Bansal,0,0,0,0,1,0,0,0,0,0,0,0,renovatebotman,,
Q2 23' S7-Bhagwan kaha h re tu,2023/06/20,2023/07/04,CMOBL-152238,271,Prashant.Bansal,0,0,0,0,1,0,0,0,0,0,0,1,renovatebotman,,
Q2 23' S7-Bhagwan kaha h re tu,2023/06/20,2023/07/04,CMOBL-152238,319,Prashant.Bansal,0,0,0,0,1,0,0,0,0,0,0,0,renovatebotman,,
Q2 23' S7-Bhagwan kaha h re tu,2023/06/20,2023/07/04,CMOBL-152322,75,Prashant.Bansal,58,4,61,7,0,0,0,1,1,1,0,0,Prashant.Bansal,,"1. CMOBL-152322 : Service Documentation & Backstage migration
2. CMOBL-152322 : Service Documentation & Backstage migration
3. CMOBL-152322 : Service Documentation & Backstage migration"
Q2 23' S7-Bhagwan kaha h re tu,2023/06/20,2023/07/04,CMOBL-152322,76,Prashant.Bansal,58,4,58,4,0,0,0,1,1,0,0,0,Prashant.Bansal,,1. CMOBL-152322 : Service Documentation & Backstage migration
Q2 23' S7-Bhagwan kaha h re tu,2023/06/20,2023/07/04,CMOBL-152322,84,Prashant.Bansal,59,2,60,3,0,1,1,1,1,1,0,0,Prashant.Bansal,1. Declining this as will raise the PR against master for backstage to pick.,"1. CMOBL-152322 : Service Documentation & Backstage migration
2. CMOBL-152322 : Service Documentation & Backstage migration"
Q2 23' S7-Bhagwan kaha h re tu,2023/06/20,2023/07/04,CMOBL-152322,115,Prashant.Bansal,47,3,47,3,0,0,0,1,1,1,0,0,Prashant.Bansal,,"1. CMOBL-152322 : Service Documentation & Backstage migration
2. CMOBL-152322 : Updates to codeowners"
Q2 23' S7-Bhagwan kaha h re tu,2023/06/20,2023/07/04,CMOBL-152322,124,Prashant.Bansal,57,4,57,4,0,0,0,1,1,1,0,0,Prashant.Bansal,,"1. CMOBL-152322 : Service Documentation & Backstage migration
2. CMOBL-152322: Updates to code owners"
Q2 23' S7-Bhagwan kaha h re tu,2023/06/20,2023/07/04,CMOBL-152322,147,Prashant.Bansal,50,3,50,3,0,0,0,1,1,1,0,0,Prashant.Bansal,,"1. CMOBL-152322 : Service Documentation & Backstage migration
2. CMOBL-152322 : Service Documentation & Backstage migration
3. CMOBL-152322 : Service Documentation & Backstage migration"
Q2 23' S7-Bhagwan kaha h re tu,2023/06/20,2023/07/04,CMOBL-152322,309,Prashant.Bansal,62,2,62,2,0,0,0,1,1,0,0,0,Prashant.Bansal,,1. CMOBL-152322 : Service Documentation & Backstage migration
Q2 23' S7-Bhagwan kaha h re tu,2023/06/20,2023/07/04,CMOBL-152322,330,Prashant.Bansal,62,4,62,4,0,0,0,1,1,1,0,0,Prashant.Bansal,,"1. CMOBL-152322 : Service Documentation & Backstage migration
2. CMOBL-152322 : Service Documentation & Backstage migration"
Q2 23' S7-Bhagwan kaha h re tu,2023/06/20,2023/07/04,CMOBL-152322,391,Prashant.Bansal,67,2,68,3,0,0,0,1,1,1,0,0,Prashant.Bansal,,"1. CMOBL-152322 : Service Documentation & Backstage migration
2. CMOBL-152322 : Updates to codeowners"
Q2 23' S7-Bhagwan kaha h re tu,2023/06/20,2023/07/04,CMOBL-152322,661,Prashant.Bansal,54,4,54,4,0,0,0,1,1,1,0,0,Prashant.Bansal,,"1. CMOBL-152322 : Service Documentation & Backstage migration
2. CMOBL-152322 : Updates to codeowners"
Q2 23' S7-Bhagwan kaha h re tu,2023/06/20,2023/07/04,CMOBL-152322,1117,Prashant.Bansal,70,4,71,5,0,0,0,1,1,2,0,0,Prashant.Bansal,,"1. CMOBL-152322 : Service Documentation & Backstage migration
2. CMOBL-152322 : Updates to dependent components
3. CMOBL-152322 : Updates to codeowners"
Q2 23' S7-Bhagwan kaha h re tu,2023/06/20,2023/07/04,CMOBL-152322,310,Prashant.Bansal,64,4,64,4,0,1,1,0,1,0,0,0,Prashant.Bansal,1. Changes are not required to be in master as base branch is develop.  So declining this PR as develop PR already merged.,1. CMOBL-152322 : Service Documentation & Backstage migration
Q2 23' S7-Bhagwan kaha h re tu,2023/06/20,2023/07/04,CMOBL-152322,311,Prashant.Bansal,5,2,5,2,0,0,0,0,1,0,0,0,Prashant.Bansal,,"1. CMOBL-152322 : Updates to catalog info yaml for backstage
2. CMOBL-152322 : Updates to catalog info yaml for backstage"
Q2 23' S7-Bhagwan kaha h re tu,2023/06/20,2023/07/04,CMOBL-152343,1564,Prashant.Bansal,0,0,0,0,1,0,0,0,0,0,0,0,Subratkumar.Sahoo,,
Q2 23' S7-Bhagwan kaha h re tu,2023/06/20,2023/07/04,CMOBL-152343,3484,Prashant.Bansal,0,0,0,0,1,0,0,0,0,0,0,0,Subratkumar.Sahoo,,
Q2 23' S7-Bhagwan kaha h re tu,2023/06/20,2023/07/04,CMOBL-152343,17919,Prashant.Bansal,0,0,0,0,1,0,0,0,0,0,0,0,Subratkumar.Sahoo,,
Q2 23' S7-Bhagwan kaha h re tu,2023/06/20,2023/07/04,CMOBL-153110,115,Prashant.Bansal,0,0,0,0,0,0,0,0,0,0,0,0,renovatebotman,,
Q2 23' S7-Bhagwan kaha h re tu,2023/06/20,2023/07/04,CMOBL-153110,271,Prashant.Bansal,0,0,0,0,0,0,0,0,0,0,0,0,renovatebotman,,
Q2 23' S7-Bhagwan kaha h re tu,2023/06/20,2023/07/04,CMOBL-153491,17,Prashant.Bansal,0,0,0,0,1,0,0,0,0,0,0,0,KMahajan,,
Q2 23' S7-Bhagwan kaha h re tu,2023/06/20,2023/07/04,CMOBL-153491,312,Prashant.Bansal,0,0,0,0,1,0,0,0,0,0,0,0,KMahajan,,
Q2 23' S7-Bhagwan kaha h re tu,2023/06/20,2023/07/04,CMOBL-153839,122,Prashant.Bansal,58,26,62,30,0,0,0,1,1,4,0,0,Prashant.Bansal,,"1. CMOBL-153839: Updates to logging for exception cases
2. CMOBL-153839: Test Fixes for message update
3. CMOBL-153839: Test Fixes for message update
4. CMOBL-153839: Test Fixes for message update
5. feature/CMOBL-153839:Updates to log level"
Q2 23' S7-Bhagwan kaha h re tu,2023/06/20,2023/07/04,CMOBL-154428,3609,Prashant.Bansal,41,3,41,3,0,1,0,1,1,0,0,0,Prashant.Bansal,1. Yes,1. CMOBL-154428:Changes for results status code check in case of lookup leads
Q2 23' S7-Bhagwan kaha h re tu,2023/06/20,2023/07/04,CMOBL-154428,3611,Prashant.Bansal,0,0,6,1,0,0,0,0,0,0,0,0,Subratkumar.Sahoo,,"1. NA-0: updated postman for rev share value to be 10% instead of 5%
2. Pull request #3608: NA-0: updated postman for rev share value to be 10% instead of 5%  Merge in PT/event-api from postmanFixRevShare to develop  * commit 'd8db945ce68a19ba226f1e0cd018ad7851a0d382':    NA-0: updated postman for rev share value to be 10% instead of 5%"
Q2 23' S7-Bhagwan kaha h re tu,2023/06/20,2023/07/04,CMOBL-155740,144,Prashant.Bansal,0,0,0,0,1,0,0,0,0,0,0,0,J.Kumar,,
Q2 23' S7-Bhagwan kaha h re tu,2023/06/20,2023/07/04,CMOBL-155740,145,Prashant.Bansal,0,0,0,0,1,0,0,0,0,0,0,0,J.Kumar,,
Q2 23' S7-Bhagwan kaha h re tu,2023/06/20,2023/07/04,CMOBL-156493,114,Prashant.Bansal,0,0,0,0,1,0,0,0,0,0,0,0,J.Kumar,,
Q2 23' S7-Bhagwan kaha h re tu,2023/06/20,2023/07/04,CMOBL-156519,1115,Prashant.Bansal,16,13,8,5,0,0,0,1,1,2,0,0,Prashant.Bansal,,"1. CMOBL-156519: Updates to leads query to get lead by local id.
2. CMOBL-156519: Updates to karate config ci salesforce account number
3. CMOBL-156519: Updates to karate config ci salesforce account number"
Q2 23' S7-Bhagwan kaha h re tu,2023/06/20,2023/07/04,HUB-76689,97,Prashant.Bansal,0,0,0,0,1,0,0,0,0,0,0,0,Subratkumar.Sahoo,,
Q2 23' S7-Bhagwan kaha h re tu,2023/06/20,2023/07/04,HUB-76689,2746,Prashant.Bansal,0,0,0,0,1,0,0,0,0,0,0,0,Subratkumar.Sahoo,,
Q2 23' S7-Bhagwan kaha h re tu,2023/06/20,2023/07/04,HUB-76689,2747,Prashant.Bansal,0,0,0,0,1,0,0,0,0,0,0,0,MMenpadi,,
Q2 23' S7-Bhagwan kaha h re tu,2023/06/20,2023/07/04,HUB-76689,3490,Prashant.Bansal,0,0,0,0,1,0,0,0,0,0,0,0,MMenpadi,,
Q2 23' S7-Bhagwan kaha h re tu,2023/06/20,2023/07/04,HUB-76689,3613,Prashant.Bansal,0,0,0,0,1,0,0,0,0,0,0,0,MMenpadi,,
Q2 23' S7-Bhagwan kaha h re tu,2023/06/20,2023/07/04,HUB-90740,540,Prashant.Bansal,0,0,0,0,1,0,0,0,0,0,0,0,VShyoran,,
Q2 23' S7-Bhagwan kaha h re tu,2023/06/20,2023/07/04,HUB-90741,82,Prashant.Bansal,0,0,0,0,1,1,0,0,0,0,0,0,VShyoran,1. Update javadoc,
Q2 23' S7-Bhagwan kaha h re tu,2023/06/20,2023/07/04,HUB-90746,82,Prashant.Bansal,0,0,0,0,0,0,0,0,0,0,0,0,VShyoran,,
Q2 23' S7-Bhagwan kaha h re tu,2023/06/20,2023/07/04,HUB-101407,3590,Prashant.Bansal,0,0,0,0,0,0,0,0,0,0,0,0,MMenpadi,,
Q2 23' S7-Bhagwan kaha h re tu,2023/06/20,2023/07/04,HUB-104556,408,Prashant.Bansal,0,0,0,0,1,0,0,0,0,0,0,0,MMenpadi,,
Q2 23' S7-Bhagwan kaha h re tu,2023/06/20,2023/07/04,HUB-104556,2743,Prashant.Bansal,0,0,0,0,1,0,0,0,0,0,0,0,MMenpadi,,
Q2 23' S7-Bhagwan kaha h re tu,2023/06/20,2023/07/04,HUB-104556,2746,Prashant.Bansal,0,0,0,0,0,0,0,0,0,0,0,0,Subratkumar.Sahoo,,
Q2 23' S7-Bhagwan kaha h re tu,2023/06/20,2023/07/04,HUB-104556,2747,Prashant.Bansal,0,0,0,0,0,0,0,0,0,0,0,0,MMenpadi,,
Q2 23' S7-Bhagwan kaha h re tu,2023/06/20,2023/07/04,HUB-104556,3488,Prashant.Bansal,0,0,0,0,1,0,0,0,0,0,0,0,MMenpadi,,
Q2 23' S7-Bhagwan kaha h re tu,2023/06/20,2023/07/04,HUB-104580,406,Prashant.Bansal,0,0,0,0,1,0,0,0,0,0,0,0,Subratkumar.Sahoo,,
Q2 23' S7-Bhagwan kaha h re tu,2023/06/20,2023/07/04,HUB-105155,82,Prashant.Bansal,0,0,0,0,0,0,0,0,0,0,0,0,VShyoran,,
Q2 23' S7-Bhagwan kaha h re tu,2023/06/20,2023/07/04,PROD-170304,387,Prashant.Bansal,0,0,11,10,0,0,0,0,0,1,0,0,RaviM,,"1. PROD-170304: Changes to update apiKey for payment api in lower env
2. PROD-170304: Changes to update apiKey for payment api in lower env
3. PROD-170304: Changes to update apiKey for payment api in lower env
4. PROD-170304: Changes to update sales force updated account name in lower env to fix failing postman test
5. PROD-170304: Changes to update api key with aws secret store token"
Q2 23' S7-Bhagwan kaha h re tu,2023/06/20,2023/07/04,PROD-170304,389,Prashant.Bansal,6,5,0,0,0,0,0,1,1,3,0,0,Prashant.Bansal,,
Q2 23' S7-Bhagwan kaha h re tu,2023/06/20,2023/07/04,PROD-170304,725,Prashant.Bansal,6,1,6,1,0,0,0,1,1,0,0,0,Prashant.Bansal,,1. PROD-170304: Changes to rotate payment api staging api key
Q2 23' S7-Bhagwan kaha h re tu,2023/06/20,2023/07/04,PROD-170304,17895,Prashant.Bansal,7,7,7,7,0,1,0,1,1,0,0,0,Prashant.Bansal,1. Yes after testing these in lower env we will update it to aws secret store and for production will generate production keys after getting the secret generated for it.,1. PROD-170304: Changes for new api key in payment service
Q2 23' S7-Bhagwan kaha h re tu,2023/06/20,2023/07/04,PROD-170304,17925,Prashant.Bansal,13,13,13,13,0,0,0,1,1,0,0,0,Prashant.Bansal,,1. PROD-170304: Changes for new api key in payment service
Q2 23' S7-Bhagwan kaha h re tu,2023/06/20,2023/07/04,CMOBL-153243,14,Prashant.Bansal,0,0,0,0,1,0,0,0,0,0,0,0,KMahajan,,
Q2 23' S7-Bhagwan kaha h re tu,2023/06/20,2023/07/04,HUB-90743,82,Prashant.Bansal,0,0,0,0,0,0,0,0,0,0,0,0,VShyoran,,
Q2 23' S7-Bhagwan kaha h re tu,2023/06/20,2023/07/04,HUB-90743,80,Prashant.Bansal,0,0,0,0,0,0,0,0,0,0,0,0,VShyoran,,
Q2 23' S7-Bhagwan kaha h re tu,2023/06/20,2023/07/04,HUB-105022,82,Prashant.Bansal,0,0,0,0,0,0,0,0,0,0,0,0,VShyoran,,
Sprint Totals,,,,,,PR_ADDED: 860,PR_REMOVED: 110,COMMIT_ADDED: 873,COMMIT_REMOVED: 118,APPROVED: 25,COMMENTED: 5,DECLINED: 2,MERGED: 18,OPENED: 20,RESCOPED: 20,UNAPPROVED: 0,UPDATED: 2,,,

Overall Totals,,,,,,PR_ADDED: 13658,PR_REMOVED: 4605,COMMIT_ADDED: 3953,COMMIT_REMOVED: 1084,APPROVED: 135,COMMENTED: 38,DECLINED: 4,MERGED: 42,OPENED: 55,RESCOPED: 53,UNAPPROVED: 10,UPDATED: 12,,,
