SPRINT,START_DATE,END_DATE,TICKET,PR_ID,USER,PR_ADDED,PR_REMOVED,COMMIT_ADDED,COMMIT_REMOVED,APPROVED,COMMENTED,DECLINED,MERGED,OPENED,RESCOPED,UNAPPROVED,UPDATED,AUTHOR,COMMENTS,COMMIT_MESSAGES
Snx-Haaldersbroekerdwarsstraat,2023/04/13,2023/04/26,HUB-27680,9177,CEkrut,0,0,0,0,0,0,0,0,0,0,0,0,BRehman,,
Snx-Haaldersbroekerdwarsstraat,2023/04/13,2023/04/26,HUB-80483,9177,CEkrut,0,0,0,0,0,0,0,0,0,0,0,0,BRehman,,
Snx-Haaldersbroekerdwarsstraat,2023/04/13,2023/04/26,HUB-87823,9177,CEkrut,0,0,0,0,0,0,0,0,0,0,0,0,BRehman,,
Snx-Haaldersbroekerdwarsstraat,2023/04/13,2023/04/26,HUB-89725,9177,CEkrut,0,0,0,0,0,0,0,0,0,0,0,0,BRehman,,
Snx-Haaldersbroekerdwarsstraat,2023/04/13,2023/04/26,HUB-95234,9177,CEkrut,0,0,0,0,0,0,0,0,0,0,0,0,BRehman,,
Snx-Haaldersbroekerdwarsstraat,2023/04/13,2023/04/26,HUB-96985,3506,CEkrut,2494,1505,0,0,0,0,0,0,0,0,0,0,CEkrut,,
Sprint Totals,,,,,,PR_ADDED: 2494,PR_REMOVED: 1505,COMMIT_ADDED: 0,COMMIT_REMOVED: 0,APPROVED: 0,COMMENTED: 0,DECLINED: 0,MERGED: 0,OPENED: 0,RESCOPED: 0,UNAPPROVED: 0,UPDATED: 0,,,

Snax - Idiotville (4/27-5/10),2023/04/27,2023/05/10,HUB-80480,9219,CEkrut,0,0,7,0,0,0,0,0,0,0,0,0,Subratkumar.Sahoo,,"1. Merge branch 'master' into downmerge/2.14.0
2. HUB-98019: downmerge release 2.14.0
3. Pull request #9197: Downmerge/2.14.0  Merge in AX/attendee-experience-web from downmerge/2.14.0 to develop  * commit '615468ba46dcb6362344615159544d2334033a97':    HUB-98019: downmerge release 2.14.0    RELEASING: Releasing 3 package(s)    HUB-98019: release/2.10.0    HUB-97061: Add changeset    HUB-97061: Fixed bug with formatting of the data sent to rudderstack when tracking Attendee Logged-in fact"
Snax - Idiotville (4/27-5/10),2023/04/27,2023/05/10,HUB-95469,3529,CEkrut,0,0,7,0,0,0,0,0,0,0,0,0,Subratkumar.Sahoo,,"1. Merge branch 'master' into downmerge/2.10.0
2. HUB-98019:  downmerge release 2.10.0
3. Pull request #3517: Downmerge/2.10.0  Merge in AX/attendee-experience-data from downmerge/2.10.0 to develop  * commit '3d9688c7e41b345d688ce82520eddaa65b92ebde':    HUB-98019:  downmerge release 2.10.0    RELEASING: Releasing 3 package(s)    HUB-98019: release/2.10.0"
Snax - Idiotville (4/27-5/10),2023/04/27,2023/05/10,HUB-97195,9177,CEkrut,0,0,6,0,0,0,0,1,0,0,0,0,BRehman,,1. HUB-98019: release/2.10.0
Snax - Idiotville (4/27-5/10),2023/04/27,2023/05/10,HUB-97554,9177,CEkrut,0,0,0,0,0,0,0,0,0,0,0,0,BRehman,,
Sprint Totals,,,,,,PR_ADDED: 0,PR_REMOVED: 0,COMMIT_ADDED: 20,COMMIT_REMOVED: 0,APPROVED: 0,COMMENTED: 0,DECLINED: 0,MERGED: 1,OPENED: 0,RESCOPED: 0,UNAPPROVED: 0,UPDATED: 0,,,

Snax - Sprint Kickapoo,2023/05/25,2023/06/07,HUB-101227,9448,CEkrut,0,0,65,61,0,0,0,0,0,0,0,0,ATawfik,,"1. Merge remote-tracking branch 'origin/develop' into HUB-98048-pre-merge
2. HUB-98048: removing parts of test that are covered in ViewersForm.spec
3. HUB-98048: fixed lint errors
4. Pull request #9419: HUB-98048: Fix skipped unit tests, added missing data  Merge in AX/attendee-experience-web from HUB-98048-pre-merge to develop  * commit 'af26389514ae347653a7b4f18684b41c76d40b0d':    HUB-98048: fixed lint errors    HUB-98048: removing parts of test that are covered in ViewersForm.spec    HUB-98048: Fix skipped unit tests, added missing data"
Sprint Totals,,,,,,PR_ADDED: 0,PR_REMOVED: 0,COMMIT_ADDED: 65,COMMIT_REMOVED: 61,APPROVED: 0,COMMENTED: 0,DECLINED: 0,MERGED: 0,OPENED: 0,RESCOPED: 0,UNAPPROVED: 0,UPDATED: 0,,,

Overall Totals,,,,,,PR_ADDED: 2494,PR_REMOVED: 1505,COMMIT_ADDED: 85,COMMIT_REMOVED: 61,APPROVED: 0,COMMENTED: 0,DECLINED: 0,MERGED: 1,OPENED: 0,RESCOPED: 0,UNAPPROVED: 0,UPDATED: 0,,,
