SPRINT,START_DATE,END_DATE,TICKET,PR_ID,USER,PR_ADDED,PR_REMOVED,COMMIT_ADDED,COMMIT_REMOVED,APPROVED,COMMENTED,DECLINED,MERGED,OPENED,RESCOPED,UNAPPROVED,UPDATED,AUTHOR,COMMENTS,COMMIT_MESSAGES
PP-Gummy Bears,2023/04/04,2023/04/18,HUB-88741,22019,JKaur,936,614,0,0,0,0,0,0,0,0,0,0,JKaur,,
PP-Gummy Bears,2023/04/04,2023/04/18,HUB-88741,22018,JKaur,915,592,0,0,0,0,0,0,0,0,0,0,JKaur,,
Sprint Totals,,,,,,PR_ADDED: 1851,PR_REMOVED: 1206,COMMIT_ADDED: 0,COMMIT_REMOVED: 0,APPROVED: 0,COMMENTED: 0,DECLINED: 0,MERGED: 0,OPENED: 0,RESCOPED: 0,UNAPPROVED: 0,UPDATED: 0,,,

Overall Totals,,,,,,PR_ADDED: 1851,PR_REMOVED: 1206,COMMIT_ADDED: 0,COMMIT_REMOVED: 0,APPROVED: 0,COMMENTED: 0,DECLINED: 0,MERGED: 0,OPENED: 0,RESCOPED: 0,UNAPPROVED: 0,UPDATED: 0,,,
