SPRINT,START_DATE,END_DATE,TICKET,PR_ID,USER,PR_ADDED,PR_REMOVED,COMMIT_ADDED,COMMIT_REMOVED,APPROVED,COMMENTED,DECLINED,MERGED,OPENED,RESCOPED,UNAPPROVED,UPDATED,AUTHOR,COMMENTS,COMMIT_MESSAGES
Q2 2023 - Sprint 2,2023/04/20,2023/05/03,HUB-96531,800,SBundale,4234,523,0,0,0,0,0,0,0,0,0,0,SBundale,,
Q2 2023 - Sprint 2,2023/04/20,2023/05/03,PROD-161513,800,SBundale,4234,523,0,0,0,0,0,0,0,0,0,0,SBundale,,
Sprint Totals,,,,,,PR_ADDED: 8468,PR_REMOVED: 1046,COMMIT_ADDED: 0,COMMIT_REMOVED: 0,APPROVED: 0,COMMENTED: 0,DECLINED: 0,MERGED: 0,OPENED: 0,RESCOPED: 0,UNAPPROVED: 0,UPDATED: 0,,,

Q2 2023 - Sprint 4,2023/05/18,2023/05/31,HUB-81906,800,SBundale,4234,523,0,0,0,0,0,0,0,0,0,0,SBundale,,
Q2 2023 - Sprint 4,2023/05/18,2023/05/31,HUB-97179,800,SBundale,4234,523,0,0,0,0,0,0,0,0,0,0,SBundale,,
Q2 2023 - Sprint 4,2023/05/18,2023/05/31,PROD-167423,800,SBundale,4234,523,0,0,0,0,0,0,0,0,0,0,SBundale,,
Q2 2023 - Sprint 4,2023/05/18,2023/05/31,HUB-84318,12059,SBundale,1104,240,0,0,0,0,0,0,0,0,0,0,SBundale,,
Q2 2023 - Sprint 4,2023/05/18,2023/05/31,HUB-99072,240,SBundale,7067,667,0,0,0,0,0,0,0,0,0,0,SBundale,,
Q2 2023 - Sprint 4,2023/05/18,2023/05/31,PROD-166215,11997,SBundale,23,7,0,0,0,0,0,0,0,0,0,0,SBundale,,
Sprint Totals,,,,,,PR_ADDED: 20896,PR_REMOVED: 2483,COMMIT_ADDED: 0,COMMIT_REMOVED: 0,APPROVED: 0,COMMENTED: 0,DECLINED: 0,MERGED: 0,OPENED: 0,RESCOPED: 0,UNAPPROVED: 0,UPDATED: 0,,,

Q2 2023 - Sprint 5,2023/06/01,2023/06/14,HUB-84318,12059,SBundale,1104,240,0,0,0,0,0,0,0,0,0,0,SBundale,,
Q2 2023 - Sprint 5,2023/06/01,2023/06/14,HUB-93099,800,SBundale,4234,523,0,0,0,0,0,0,0,0,0,0,SBundale,,
Q2 2023 - Sprint 5,2023/06/01,2023/06/14,HUB-97181,800,SBundale,4234,523,0,0,0,0,0,0,0,0,0,0,SBundale,,
Q2 2023 - Sprint 5,2023/06/01,2023/06/14,HUB-99072,240,SBundale,7067,667,0,0,0,0,0,0,0,0,0,0,SBundale,,
Q2 2023 - Sprint 5,2023/06/01,2023/06/14,HUB-101321,800,SBundale,4234,523,0,0,0,0,0,0,0,0,0,0,SBundale,,
Q2 2023 - Sprint 5,2023/06/01,2023/06/14,PROD-166215,11997,SBundale,23,7,0,0,0,0,0,0,0,0,0,0,SBundale,,
Q2 2023 - Sprint 5,2023/06/01,2023/06/14,HUB-93473,800,SBundale,4234,523,0,0,0,0,0,0,0,0,0,0,SBundale,,
Sprint Totals,,,,,,PR_ADDED: 25130,PR_REMOVED: 3006,COMMIT_ADDED: 0,COMMIT_REMOVED: 0,APPROVED: 0,COMMENTED: 0,DECLINED: 0,MERGED: 0,OPENED: 0,RESCOPED: 0,UNAPPROVED: 0,UPDATED: 0,,,

Q2 2023 - Sprint 6,2023/06/15,2023/06/28,HUB-93473,800,SBundale,4234,523,0,0,0,0,0,0,0,0,0,0,SBundale,,
Q2 2023 - Sprint 6,2023/06/15,2023/06/28,HUB-101419,800,SBundale,4234,523,0,0,0,0,0,0,0,0,0,0,SBundale,,
Q2 2023 - Sprint 6,2023/06/15,2023/06/28,HUB-104409,800,SBundale,4234,523,0,0,0,0,0,0,0,0,0,0,SBundale,,
Q2 2023 - Sprint 6,2023/06/15,2023/06/28,HUB-104518,800,SBundale,4234,523,0,0,0,0,0,0,0,0,0,0,SBundale,,
Sprint Totals,,,,,,PR_ADDED: 16936,PR_REMOVED: 2092,COMMIT_ADDED: 0,COMMIT_REMOVED: 0,APPROVED: 0,COMMENTED: 0,DECLINED: 0,MERGED: 0,OPENED: 0,RESCOPED: 0,UNAPPROVED: 0,UPDATED: 0,,,

Overall Totals,,,,,,PR_ADDED: 71430,PR_REMOVED: 8627,COMMIT_ADDED: 0,COMMIT_REMOVED: 0,APPROVED: 0,COMMENTED: 0,DECLINED: 0,MERGED: 0,OPENED: 0,RESCOPED: 0,UNAPPROVED: 0,UPDATED: 0,,,
