SPRINT,START_DATE,END_DATE,TICKET,PR_ID,USER,PR_ADDED,PR_REMOVED,COMMIT_ADDED,COMMIT_REMOVED,APPROVED,COMMENTED,DECLINED,MERGED,OPENED,RESCOPED,UNAPPROVED,UPDATED,AUTHOR,COMMENTS,COMMIT_MESSAGES
Q2 2023 - Sprint 2,2023/04/20,2023/05/03,HUB-91486,229,ARohilla,14,0,0,0,0,0,0,0,0,0,0,0,ARohilla,,
Q2 2023 - Sprint 2,2023/04/20,2023/05/03,HUB-94986,3502,ARohilla,0,0,0,0,1,0,0,0,0,0,0,1,Kailash.Goswami,,
Q2 2023 - Sprint 2,2023/04/20,2023/05/03,PROD-161513,17357,ARohilla,0,0,0,0,0,0,0,0,0,0,0,0,Vidul.Kumar,,
Q2 2023 - Sprint 2,2023/04/20,2023/05/03,HUB-84671,240,ARohilla,0,0,0,0,1,0,0,0,0,0,0,1,Navin.Sharma,,
Q2 2023 - Sprint 2,2023/04/20,2023/05/03,HUB-84671,1447,ARohilla,0,0,0,0,1,0,0,0,0,0,0,1,Navin.Sharma,,
Q2 2023 - Sprint 2,2023/04/20,2023/05/03,HUB-84671,1452,ARohilla,0,0,0,0,0,0,0,0,0,0,0,0,Navin.Sharma,,
Q2 2023 - Sprint 2,2023/04/20,2023/05/03,HUB-84671,1457,ARohilla,0,0,0,0,0,0,0,0,0,0,0,0,Navin.Sharma,,
Q2 2023 - Sprint 2,2023/04/20,2023/05/03,HUB-97991,1451,ARohilla,6,0,0,0,0,0,0,0,0,0,0,0,ARohilla,,
Q2 2023 - Sprint 2,2023/04/20,2023/05/03,HUB-97991,1463,ARohilla,0,0,0,0,0,0,0,0,0,0,0,0,Bhupendra.Kumar,,
Q2 2023 - Sprint 2,2023/04/20,2023/05/03,HUB-97991,1483,ARohilla,19,14,0,0,0,0,0,0,0,0,0,0,ARohilla,,
Sprint Totals,,,,,,PR_ADDED: 39,PR_REMOVED: 14,COMMIT_ADDED: 0,COMMIT_REMOVED: 0,APPROVED: 3,COMMENTED: 0,DECLINED: 0,MERGED: 0,OPENED: 0,RESCOPED: 0,UNAPPROVED: 0,UPDATED: 3,,,

Q2 2023 - Sprint 3,2023/05/04,2023/05/17,HUB-84671,240,ARohilla,0,0,0,0,0,0,0,0,0,0,0,0,Navin.Sharma,,
Q2 2023 - Sprint 3,2023/05/04,2023/05/17,HUB-84671,1447,ARohilla,0,0,0,0,0,0,0,0,0,0,0,0,Navin.Sharma,,
Q2 2023 - Sprint 3,2023/05/04,2023/05/17,HUB-84671,1452,ARohilla,0,0,0,0,1,0,0,0,0,0,0,1,Navin.Sharma,,
Q2 2023 - Sprint 3,2023/05/04,2023/05/17,HUB-84671,1457,ARohilla,0,0,0,0,1,1,0,0,0,0,0,1,Navin.Sharma,1. add links of jenkins job,
Q2 2023 - Sprint 3,2023/05/04,2023/05/17,HUB-85259,9293,ARohilla,0,0,0,0,0,0,0,0,0,0,0,0,Shea.Sullivan,,1. Pull request #9241: HUB-87585 : fixed notification-settings.spec.js  Merge in AX/attendee-experience-web from hub-87585 to develop  * commit 'd639bab8e10f5a783e8a5732ac422f06fb6e4731':    HUB-87585 : fixed notification-settings.spec.js    HUB-87585 : fixed notification-settings.spec.js
Q2 2023 - Sprint 3,2023/05/04,2023/05/17,HUB-87585,9241,ARohilla,7,0,0,0,0,3,0,1,1,1,0,0,ARohilla,"1. moving cursor so that NotificationFlyout get closed.
2. removed this part as this is not required.
3. Jenkins Run https://jenkins.core.cvent.org/job/run-nx-e2e/31433/testReport/",
Q2 2023 - Sprint 3,2023/05/04,2023/05/17,HUB-93098,36,ARohilla,9,14,0,0,0,2,0,1,1,4,0,0,ARohilla,"1. WIKI : https://wiki.cvent.com/pages/viewpage.action?spaceKey=RD&title=JDK+17+Deployment
2. reason for this chng :  ![Screenshot 2023-05-12 at 12.26.41 AM.png](attachment:26055/21331)",
Q2 2023 - Sprint 3,2023/05/04,2023/05/17,HUB-94106,9216,ARohilla,0,0,0,0,1,0,0,0,0,0,0,1,Navin.Sharma,,
Q2 2023 - Sprint 3,2023/05/04,2023/05/17,HUB-97991,1451,ARohilla,6,0,0,0,0,0,0,0,0,0,0,0,ARohilla,,
Q2 2023 - Sprint 3,2023/05/04,2023/05/17,HUB-97991,1463,ARohilla,0,0,0,0,1,0,0,0,0,0,0,1,Bhupendra.Kumar,,
Q2 2023 - Sprint 3,2023/05/04,2023/05/17,HUB-97991,1483,ARohilla,19,14,0,0,0,0,0,0,1,0,0,0,ARohilla,,
Q2 2023 - Sprint 3,2023/05/04,2023/05/17,PROD-165205,9204,ARohilla,0,0,0,0,1,0,0,0,0,0,0,1,Bhupendra.Kumar,,
Q2 2023 - Sprint 3,2023/05/04,2023/05/17,PROD-164120,1486,ARohilla,7,2,0,0,0,0,0,0,0,0,0,0,ARohilla,,
Q2 2023 - Sprint 3,2023/05/04,2023/05/17,PROD-164120,9233,ARohilla,7,3,0,0,0,0,0,0,1,1,0,0,ARohilla,,
Sprint Totals,,,,,,PR_ADDED: 55,PR_REMOVED: 33,COMMIT_ADDED: 0,COMMIT_REMOVED: 0,APPROVED: 5,COMMENTED: 6,DECLINED: 0,MERGED: 2,OPENED: 4,RESCOPED: 6,UNAPPROVED: 0,UPDATED: 5,,,

Q2 2023 - Sprint 4,2023/05/18,2023/05/31,HUB-39923,9409,ARohilla,0,0,3,3,0,0,0,0,0,0,0,0,TCox,,"1. Applied suggestion
2. Applied suggestion
3. Applied suggestion"
Q2 2023 - Sprint 4,2023/05/18,2023/05/31,HUB-81906,800,ARohilla,0,0,0,0,0,0,0,0,0,0,0,0,SBundale,,1. Pull request #769: HUB-97179 : upadted JDK/JRE to java 17  Merge in FAL/notifications from HUB-97179 to master  * commit 'c82992c2e00709619eed10bd4b0710ec046efaf0':    HUB-97179 :updated dependencies    HUB-97179 :updated dependencies    HUB-97179 :added changeset    HUB-97179 : upadted JDK/JRE to java 17
Q2 2023 - Sprint 4,2023/05/18,2023/05/31,HUB-89140,9358,ARohilla,115,32,0,0,0,5,0,1,1,4,0,0,ARohilla,"1. updated
2. I have updated the code
3. done
4. ![Screenshot 2023-05-24 at 8.57.04 PM.png](attachment:18181/22102)   ![Screenshot 2023-05-24 at 8.57.14 PM.png](attachment:18181/22103)   ![Screenshot 2023-05-24 at 8.57.26 PM.png](attachment:18181/22104)   ![Screenshot 2023-05-24 at 8.57.35 PM.png](attachment:18181/22105)
5. done",
Q2 2023 - Sprint 4,2023/05/18,2023/05/31,HUB-93102,9403,ARohilla,0,0,0,0,1,0,0,0,0,0,0,1,Navin.Sharma,,
Q2 2023 - Sprint 4,2023/05/18,2023/05/31,HUB-94412,1496,ARohilla,0,0,0,0,1,0,0,0,0,0,0,1,Navin.Sharma,,
Q2 2023 - Sprint 4,2023/05/18,2023/05/31,HUB-97179,769,ARohilla,13,2,0,0,0,1,0,1,1,4,0,0,ARohilla,1. reason of this exclusion is to resolve this error :  ```  java.lang.IllegalAccessError: failed to access class com.cvent.chat.ChatServiceConfiguration$MultiEnvConfig from class com.cvent.chat.ChatServiceConfiguration$MultiEnvConfig$Creator4JacksonDeserializer1a523cda (com.cvent.chat.ChatServiceConfiguration$MultiEnvConfig is in unnamed module of loader 'app'; com.cvent.chat.ChatServiceConfiguration$MultiEnvConfig$Creator4JacksonDeserializer1a523cda is in unnamed module of loader com.fasterxml.jackson.module.afterburner.util.MyClassLoader @7a344b65)  ```  which is an known issue with java 17,
Q2 2023 - Sprint 4,2023/05/18,2023/05/31,HUB-97179,781,ARohilla,7,8,0,0,0,0,0,0,0,0,0,0,ARohilla,,
Q2 2023 - Sprint 4,2023/05/18,2023/05/31,HUB-97864,1495,ARohilla,0,0,0,0,0,0,0,0,0,0,0,0,JMcGough,,1. Pull request #1486: PROD-164120 : update color of links on static preview of custompages  Merge in AX/attendee-experience-builder from PROD-164120 to develop  * commit '6dcc3c1cc3aac9a422d1428da4e9fe039c8ba8f4':    PROD-164120 : update color of links on static preview of custompages    PROD-164120 : update color of links on static preview of custompages
Q2 2023 - Sprint 4,2023/05/18,2023/05/31,HUB-98327,1487,ARohilla,0,0,0,0,1,0,0,0,0,0,0,1,Pratik.Yadav,,
Q2 2023 - Sprint 4,2023/05/18,2023/05/31,PROD-164120,1486,ARohilla,7,2,0,0,0,2,0,1,1,0,0,0,ARohilla,"1. 1. custom page on AH web on light background . ![Screenshot 2023-05-19 at 3.09.38 PM.png](attachment:23574/21758)   2. custom page on AH web on dark backaground. ![Screenshot 2023-05-19 at 3.10.16 PM.png](attachment:23574/21759)   3. custom page on event app on light backgound ![Screenshot 2023-05-19 at 3.17.35 PM.png](attachment:23574/21760)   4. custom page on event app on dark background ![Screenshot 2023-05-19 at 3.18.42 PM.png](attachment:23574/21761)   5. custom page static web preview on light theme ![Screenshot 2023-05-19 at 3.20.09 PM.png](attachment:23574/21802)   6. custom page static web preview on dark theme ![Screenshot 2023-05-19 at 3.20.42 PM.png](attachment:23574/21803)   7. custom page static app preview on light theme ![Screenshot 2023-05-19 at 3.21.41 PM.png](attachment:23574/21804)   8. custom page static app preview on dark theme ![Screenshot 2023-05-19 at 3.22.12 PM.png](attachment:23574/21805)
2. No , the changes were never made on AH-web ( declined the PR which has the changes https://stash.cvent.net/projects/AX/repos/attendee-experience-web/pull-requests/9233/overview)",
Q2 2023 - Sprint 4,2023/05/18,2023/05/31,PROD-164120,9233,ARohilla,7,3,0,0,0,1,1,0,0,0,0,0,ARohilla,1. This PR is not required.,
Q2 2023 - Sprint 4,2023/05/18,2023/05/31,PROD-167423,766,ARohilla,86,2,0,0,0,1,0,1,1,3,0,0,ARohilla,1. done,
Q2 2023 - Sprint 4,2023/05/18,2023/05/31,HUB-74533,9374,ARohilla,0,0,0,0,1,1,0,0,0,3,0,1,Pratik.Yadav,"1. ```suggestion              ""description"": ""document file extension"",  ```",
Q2 2023 - Sprint 4,2023/05/18,2023/05/31,HUB-84318,11890,ARohilla,160,13,0,0,0,14,0,0,1,0,0,0,ARohilla,"1. done
2. I have fixed all the issues related to  lint and build failure
3. removed
4. fixed the above piece of code
5. done
6. done
7. done
8. same as. https://stash.cvent.net/projects/SOA/repos/event/pull-requests/11890/overview?commentId=3502242
9. done
10. done
11. done
12. done
13. done
14. done",
Q2 2023 - Sprint 4,2023/05/18,2023/05/31,PROD-166215,11895,ARohilla,0,0,0,0,1,0,0,0,0,0,0,1,Pratik.Yadav,,
Sprint Totals,,,,,,PR_ADDED: 395,PR_REMOVED: 62,COMMIT_ADDED: 3,COMMIT_REMOVED: 3,APPROVED: 5,COMMENTED: 25,DECLINED: 1,MERGED: 4,OPENED: 5,RESCOPED: 14,UNAPPROVED: 0,UPDATED: 5,,,

Q2 2023 - Sprint 5,2023/06/01,2023/06/14,HUB-74533,9374,ARohilla,0,0,0,0,0,0,0,0,0,0,0,0,Pratik.Yadav,,
Q2 2023 - Sprint 5,2023/06/01,2023/06/14,HUB-84318,11890,ARohilla,160,13,0,0,0,6,0,1,0,36,0,0,ARohilla,"1. resolved the errors related to build
2. This audience.Id can never be null.  we have a check for this in backend service.
3. without static , I am getting this error  ```  error CS0138: A 'using namespace' directive can only be applied to namespaces; 'AudienceSegmentsContext' is a type not a namespace. Consider a 'using static' directive instead  ```
4. done
5. there is no need to append eventId on this step as we are already logging eventId here https://stash.cvent.net/projects/SOA/repos/event/browse/Cvent.Event.Copy.Service/MobileApp/NotificationsStep.cs#127
6. The audience can have only single type of audience that's why we are using originAudienceList[0].value and this is the practice which was followed in the code.  I have also added a comment as well.",
Q2 2023 - Sprint 5,2023/06/01,2023/06/14,HUB-84318,11973,ARohilla,0,0,0,0,0,0,0,0,0,0,0,0,Ridhi.Handa,,1. Pull request #11890: HUB-84318 : copy notification with audience as attendeeSegment during event copy process  Merge in SOA/event from HUB-84318 to dev606  * commit 'fd1fedd124f2ba7752c2983e6231dd22613ba42c':    HUB-84318 : added comment for audieneType    HUB-84318 : importing  AudienceSegmentsContext without static keyword    HUB-84318 : importing using AudienceSegmentsContext static    HUB-84318 : importing using AudienceSegmentsContext static    HUB-84318 : made variables non-static which shouldn't be static    HUB-84318 : updated code for deletedAudienceSegment    HUB-84318 : updated code for deletedAudienceSegment    HUB-84318 : updated code for deletedAudienceSegment    HUB-84318 : removed build failure error    HUB-84318 : removed build failure error    HUB-84318 : fixed lint issues    HUB-84318 : removed build failure error    HUB-84318 : included audienceSegmentsContext to cvent.Event.Copy.Service.csproj    HUB-84318 : included audienceSegmentsContext to cvent.Event.Copy.Service.csproj    HUB-84318 : removed syntax errors    HUB-84318 : copy notification with audience as attendeeSegment
Q2 2023 - Sprint 5,2023/06/01,2023/06/14,HUB-93099,800,ARohilla,0,0,0,0,0,0,0,0,0,0,0,0,SBundale,,"1. Pull request #781: HUB-97179 : reverted the upgradtion of JRE/JDK to v19  Merge in FAL/notifications from HUB-97179_reverted to master  * commit '284c03b53916576654edb021569568fc4bb5dbba':    HUB-97179 : reverted the upgradtion of JRE/JDK to v19    HUB-97179 : reverted the upgradtion of JRE/JDK to v19    HUB-97179 : reverted the upgradtion of JRE/JDK to v19    Revert ""HUB-97179 :updated dependencies"""
Q2 2023 - Sprint 5,2023/06/01,2023/06/14,PROD-166215,11895,ARohilla,0,0,0,0,0,0,0,0,0,0,1,0,Pratik.Yadav,,
Q2 2023 - Sprint 5,2023/06/01,2023/06/14,HUB-93103,41,ARohilla,0,0,0,0,1,0,0,0,0,0,0,1,Suraj.Verma,,
Q2 2023 - Sprint 5,2023/06/01,2023/06/14,HUB-93473,788,ARohilla,145,3,0,0,0,1,0,0,1,2,0,0,ARohilla,1. updated,
Q2 2023 - Sprint 5,2023/06/01,2023/06/14,HUB-93473,1623,ARohilla,10,0,0,0,0,0,0,1,1,1,0,0,ARohilla,,
Sprint Totals,,,,,,PR_ADDED: 315,PR_REMOVED: 16,COMMIT_ADDED: 0,COMMIT_REMOVED: 0,APPROVED: 1,COMMENTED: 7,DECLINED: 0,MERGED: 2,OPENED: 2,RESCOPED: 39,UNAPPROVED: 1,UPDATED: 1,,,

Q2 2023 - Sprint 6,2023/06/15,2023/06/28,HUB-93473,788,ARohilla,145,3,0,0,0,10,0,1,0,11,0,0,ARohilla,"1. https://stash.cvent.net/projects/APISPECS/repos/event-cloud-specs/pull-requests/1623/overview
2. this should be integer https://stash.cvent.net/projects/FAL/repos/notifications/browse/notifications-service/src/main/resources/migrations/016-alter-notification_audit-add-total_recipient_count.sql#1-2
3. updated
4. done
5. https://stash.cvent.net/projects/FAL/repos/notifications/browse/notifications-service/src/test/java/com/cvent/notifications/PostgresTest.java#194
6. I have moved this logic to notification NotificationBatchResponseUtil.java btw we can have more than one entry
7. moved to https://stash.cvent.net/projects/FAL/repos/notifications/pull-requests/788/diff#notifications-service/src/main/java/com/cvent/notifications/utils/NotificationBatchResponseUtil.java  and we will direct set the value which is saved is notification_audit
8. done
9. moved to https://stash.cvent.net/projects/FAL/repos/notifications/pull-requests/788/diff#notifications-service/src/main/java/com/cvent/notifications/utils/NotificationBatchResponseUtil.java
10. removed this part of code , now",
Q2 2023 - Sprint 6,2023/06/15,2023/06/28,HUB-93473,800,ARohilla,0,0,0,0,0,0,0,0,0,0,0,0,SBundale,,"1. Pull request #788: HUB-93473:Add total recipient count in getAll api of notification service  Merge in FAL/notifications from hub-93473 to master  * commit '54f3ef1483ae35ba300956426ce198b083fd6822':    HUB-93473 :removed extra code    HUB-93473 : fixed variable name  used ""staticDataEventForGetAll"" instead of ""EventHavingNotificationWithTotalRecipientCount    HUB-93473 : fixed identation    HUB-93473: added ITs    HUB-93473 : fixed lint issues    added UT for not sent status notification    HUB-93472 : moved logic to notificationBatchresponseUtil.java    HUB-93473: made changes in notificationBatchMapper to get the totalRecipientCount from notification_audit table    HUB-93473: updated notifications-service-openapi.version    HUB-93473:Add total recipient count in getAll api of notification service"
Q2 2023 - Sprint 6,2023/06/15,2023/06/28,HUB-93473,1623,ARohilla,10,0,0,0,0,0,0,0,0,0,0,0,ARohilla,,
Q2 2023 - Sprint 6,2023/06/15,2023/06/28,HUB-99209,6916,ARohilla,55,0,0,0,0,4,0,1,1,2,0,0,ARohilla,"1. updated
2. all the the updated data are visible without making any change to currentWatermark logic.
3. the fields should be fine here  as other fields (showCcpaExternalSectionFlag , showCcpaExternalSectionFlag,waterMark, id , entity, ccpa) were added from here
4. we are adding these new fields to datasource so we can get all the required data for event app",
Q2 2023 - Sprint 6,2023/06/15,2023/06/28,HUB-99210,3619,ARohilla,158,8,0,0,0,3,0,1,1,5,0,0,ARohilla,"1. removed from here 👍🏻
2. done
3. done",
Q2 2023 - Sprint 6,2023/06/15,2023/06/28,HUB-99210,3635,ARohilla,0,0,0,0,0,0,0,0,0,0,0,0,SSimpson,,"1. Pull request #3619: HUB-99210 : added CCPA data to eventInfo query  Merge in AX/attendee-experience-data from hub-99210 to develop  * commit '6919a03936f5de4d451af9064a5aff44e2c47f74':    HUB-99210 : updates getEventInfo UT    HUB-99210 : remove ccpaData from ""EVENT"" for me .wuery    HUB-99210 : added CCPA data to eventInfo query    HUB-99210 : added CCPA data to eventInfo query"
Q2 2023 - Sprint 6,2023/06/15,2023/06/28,HUB-93103,41,ARohilla,0,0,0,0,0,0,0,0,0,0,0,0,Suraj.Verma,,
Q2 2023 - Sprint 6,2023/06/15,2023/06/28,PROD-169805,17992,ARohilla,0,0,0,0,0,0,0,0,0,0,0,0,Vidul.Kumar,,
Sprint Totals,,,,,,PR_ADDED: 368,PR_REMOVED: 11,COMMIT_ADDED: 0,COMMIT_REMOVED: 0,APPROVED: 0,COMMENTED: 17,DECLINED: 0,MERGED: 3,OPENED: 2,RESCOPED: 18,UNAPPROVED: 0,UPDATED: 0,,,

Overall Totals,,,,,,PR_ADDED: 1172,PR_REMOVED: 136,COMMIT_ADDED: 3,COMMIT_REMOVED: 3,APPROVED: 14,COMMENTED: 55,DECLINED: 1,MERGED: 11,OPENED: 13,RESCOPED: 77,UNAPPROVED: 1,UPDATED: 14,,,
