SPRINT,START_DATE,END_DATE,TICKET,PR_ID,USER,PR_ADDED,PR_REMOVED,COMMIT_ADDED,COMMIT_REMOVED,APPROVED,COMMENTED,DECLINED,MERGED,OPENED,RESCOPED,UNAPPROVED,UPDATED,AUTHOR,COMMENTS,COMMIT_MESSAGES
WOW - S7 (30 Mar - 12Apr) 33,2023/03/30,2023/04/12,WEBINAR-849,1167,Akashdeep.Gupta,0,0,6,4,0,0,0,0,0,0,0,0,RupaliS,,"1. WEBINAR-853: Added check for webinar in SP up_api_GetUpdatedEventDS
2. WEBINAR-853: Added null check for is_webinar flag in SP up_api_GetUpdatedEventDS
3. WEBINAR-3695: is_webinar check added for retrieve api"
WOW - S7 (30 Mar - 12Apr) 33,2023/03/30,2023/04/12,WEBINAR-853,1211,Akashdeep.Gupta,2,2,0,0,0,0,1,0,1,1,0,1,Akashdeep.Gupta,,
WOW - S7 (30 Mar - 12Apr) 33,2023/03/30,2023/04/12,WEBINAR-853,1214,Akashdeep.Gupta,2,2,0,0,0,0,0,0,1,1,0,0,Akashdeep.Gupta,,
WOW - S7 (30 Mar - 12Apr) 33,2023/03/30,2023/04/12,WEBINAR-3678,2943,Akashdeep.Gupta,414,2698,403,699,0,1,0,1,0,4,0,0,Akashdeep.Gupta,"1. @vgaur, I think we should keep this because when we are enabling sf after first time we are calling update endpoint and we should show success message for enabling not success message for update.","1. WEBINAR-3678: Switch toggle issue fixed
2. WEBINAR-3678: Snapshot updated
3. WEBINAR-3678: merge conflict resolved
4. WEBINAR-3678: isActiveConfiguration props made optional"
WOW - S7 (30 Mar - 12Apr) 33,2023/03/30,2023/04/12,WEBINAR-3678,2953,Akashdeep.Gupta,12,4,12,4,0,0,0,0,1,0,0,0,Akashdeep.Gupta,,"1. Merge branch 'webinar-3678' of ssh://stash.cvent.net:7999/ec/planner-events-ui into webinar-3678
2. WEBINAR-3678: fix success alert for enabling sf after first time"
WOW - S7 (30 Mar - 12Apr) 33,2023/03/30,2023/04/12,WEBINAR-3695,1217,Akashdeep.Gupta,2,0,0,0,0,0,1,0,1,0,0,1,Akashdeep.Gupta,,
WOW - S7 (30 Mar - 12Apr) 33,2023/03/30,2023/04/12,WEBINAR-4958,147812,Akashdeep.Gupta,0,0,27,8,0,0,0,0,0,0,0,0,qtpman,,"1. WEBINAR-5607: show webianr tab in global nav only when cvii webinar management flag is on and user has valid webianr tier
2. WEBINAR-5607: avoid using await async inside nav custom flag registration
3. WEBINAR-5607: avoid using await async inside nav custom flag registration
4. WEBINAR-5607: remove configureAwait while calling webinar tiers detail client
5. WEBIANR-5607: add correct import"
WOW - S7 (30 Mar - 12Apr) 33,2023/03/30,2023/04/12,WEBINAR-5607,147551,Akashdeep.Gupta,0,0,0,0,0,0,0,0,0,1,0,0,ASetia,,
WOW - S7 (30 Mar - 12Apr) 33,2023/03/30,2023/04/12,WEBINAR-5607,147535,Akashdeep.Gupta,0,0,0,0,0,0,0,0,0,3,0,0,ASetia,,
WOW - S7 (30 Mar - 12Apr) 33,2023/03/30,2023/04/12,WEBINAR-5726,2961,Akashdeep.Gupta,111,4,172,55,0,0,0,1,1,4,0,0,Akashdeep.Gupta,,"1. WEBINAR-5726: Added Attendee Activities configuration client.
2. WEBINAR-5726: Merge Conflict resolved.
3. WEBINAR-5726: AttendeeActivities endpoint called in addSaleforce Graph and fixed base URL
4. WEBINAR-5726: Merge Conflict resolved.
5. WEBINAR-5726: After Resolving Merge COnflict Handled Salesforce/Hubspot Integration into addPushIntegrationConfig
6. WEBINAR-5726: Refactored the code for attendeeActivitee saleforce only and updated test
7. WEBINAR-5726: Removed Unnecessary Type any
8. WEBINAR-5726: Added await for addAttendeeActivitiesIntegrationConfigForSalesforce"
WOW - S7 (30 Mar - 12Apr) 33,2023/03/30,2023/04/12,WEBINAR-5759,2954,Akashdeep.Gupta,0,0,0,0,0,2,0,0,0,0,0,0,Shivangi.Agarwal,"1. This condition will be checked for every integration. Instead of handling all integration here can we handle it in a separate function for HUBSPOT and SALESFORCE so that we can avoid this extra check which can make more efficient code.? What you think? @VGaur
2. Yup thats better approach",
Sprint Totals,,,,,,PR_ADDED: 543,PR_REMOVED: 2710,COMMIT_ADDED: 620,COMMIT_REMOVED: 770,APPROVED: 0,COMMENTED: 3,DECLINED: 2,MERGED: 2,OPENED: 5,RESCOPED: 14,UNAPPROVED: 0,UPDATED: 2,,,

WOW - S8 (13 - 26 Apr),2023/04/13,2023/04/26,PROD-164110,1764,Akashdeep.Gupta,0,0,6,6,0,0,0,0,0,0,0,0,RupaliS,,1. PROD-164110: package updated for cvent.controls as per current version in c4
WOW - S8 (13 - 26 Apr),2023/04/13,2023/04/26,PROD-164110,1377,Akashdeep.Gupta,4,2,0,0,0,0,0,0,0,0,0,0,Akashdeep.Gupta,,
WOW - S8 (13 - 26 Apr),2023/04/13,2023/04/26,PROD-164110,148212,Akashdeep.Gupta,0,0,10,2,0,0,0,0,0,0,0,0,SKapri,,1. PROD-164110: Phrase pull for appointments blade
WOW - S8 (13 - 26 Apr),2023/04/13,2023/04/26,PROD-164110,2025,Akashdeep.Gupta,6,6,0,0,0,0,1,0,0,1,0,0,Akashdeep.Gupta,,
WOW - S8 (13 - 26 Apr),2023/04/13,2023/04/26,PROD-164110,147952,Akashdeep.Gupta,84,76,0,0,0,0,1,0,0,0,0,0,Akashdeep.Gupta,,
WOW - S8 (13 - 26 Apr),2023/04/13,2023/04/26,PROD-164110,148203,Akashdeep.Gupta,10,2,0,0,0,0,1,0,1,0,0,0,Akashdeep.Gupta,,
WOW - S8 (13 - 26 Apr),2023/04/13,2023/04/26,WEBINAR-6335,11702,Akashdeep.Gupta,0,0,2,2,0,0,0,0,0,0,0,0,Aashray.Sharma,,1. WEBINAR-6335: Un-set the search flag for webinar
WOW - S8 (13 - 26 Apr),2023/04/13,2023/04/26,WEBINAR-6335,11688,Akashdeep.Gupta,2,2,0,0,0,0,1,0,1,0,0,0,Akashdeep.Gupta,,
WOW - S8 (13 - 26 Apr),2023/04/13,2023/04/26,WEBINAR-6563,3003,Akashdeep.Gupta,276,16,372,53,0,1,0,1,1,3,0,0,Akashdeep.Gupta,1. These Text Need to be replace with Phrase key,"1. WEBINAR-6563: Added EventListTopSection Component and displayed User License.
2. WEBINAR-6563: added and updated Uts
3. Merge branch 'master' of ssh://stash.cvent.net:7999/ec/planner-events-ui into webinar-6563
4. WEBINAR-6563: Updated Phrase key and fixed overflow text.
5. WEBINAR-6563: Refctored code for css as per PR comments
6. WEBINAR-6563: Merge Conflict resolved."
WOW - S8 (13 - 26 Apr),2023/04/13,2023/04/26,WEBINAR-6563,3042,Akashdeep.Gupta,6,1,6,1,0,0,0,1,1,0,0,0,Akashdeep.Gupta,,"1. Merge branch 'master' of ssh://stash.cvent.net:7999/ec/planner-events-ui into webinar-6563
2. WEBINAR-6563: fetched tier duration based on maxEventDurationInMinutes instead MaxEventDurationInHours"
WOW - S8 (13 - 26 Apr),2023/04/13,2023/04/26,WEBINAR-6930,3040,Akashdeep.Gupta,0,0,0,0,0,1,0,0,0,0,0,0,Shivangi.Agarwal,"1. Since We are taking `modalName` and `actionText` etc in props, are we planning to reuse this modal for **Event calendar setting modal** as well ? If yes then we can rename it something like **WebinarPromotionSettingsModal** instead `SearchEngineSettingsModal`",
WOW - S8 (13 - 26 Apr),2023/04/13,2023/04/26,WEBINAR-6998,3049,Akashdeep.Gupta,212,7,525,320,0,0,0,0,1,5,0,0,Akashdeep.Gupta,,"1. WEBINAR-6998: Added ITs for Integration Configuration and updated account
2. Merge branch 'master' of ssh://stash.cvent.net:7999/ec/planner-events-ui into webinar-6998
3. WEBINAR-6998: Added remaining Its for Integration
4. Merge branch 'master' of ssh://stash.cvent.net:7999/ec/planner-events-ui into webinar-6998
5. WEBINAR-6998: Fixed Its by making independent and combining add, fetch update and delete
6. WEBINAR-6998: Fixed failed Its
7. WEBINAR-6998: Remove Update and delete Its and wrap add Its in condition"
WOW - S8 (13 - 26 Apr),2023/04/13,2023/04/26,WEBINAR-7070,1558,Akashdeep.Gupta,0,0,0,0,1,0,0,0,0,0,0,0,VGaur,,
Sprint Totals,,,,,,PR_ADDED: 600,PR_REMOVED: 112,COMMIT_ADDED: 921,COMMIT_REMOVED: 384,APPROVED: 1,COMMENTED: 2,DECLINED: 4,MERGED: 2,OPENED: 5,RESCOPED: 9,UNAPPROVED: 0,UPDATED: 0,,,

Q2 -WOW - S9 (27 - 10 May) -33,2023/04/27,2023/05/10,PROD-166432,148776,Akashdeep.Gupta,0,0,2,2,0,0,0,0,0,0,0,0,qtpman,,"1. WEBINAR-7906: Fetched allow_webinars key from LU_ACCOINT_CONFIG in spited of visible_flag is off
2. WEBINAR-7906: Fixed Updation for allow_webinars for selfServiceAccount"
Q2 -WOW - S9 (27 - 10 May) -33,2023/04/27,2023/05/10,WEBINAR-6529,294,Akashdeep.Gupta,1704,0,2189,485,0,3,0,0,1,3,0,0,Akashdeep.Gupta,"1. As we discussed for now we should not do anything on this
2. @""Atul.Sachdeva"" Did the changes accordingly
3. I have removed `  const [showRibbon, setShowRibbon] = useState(false);`  and conditions from this component and taking showRibbon flag in Props. we can decide what text would be shown and ribbon would be shown or not  while fetching the data and pass it in props   [Here](https://stash.cvent.net/projects/EC/repos/shared-core-events-ui/pull-requests/294/commits/cbc8a6672e4e77e80cc4416574873f2abae104d5#src/components/dynamicWebinarBanner/PostWebinarBanner.tsx) I have committed this change","1. WEBINAR-6529: Moved dynamic webinar component and added storybook
2. WEBINAR-6529: Added UTs and remaining storybook
3. WEBINAR-6529: Renamed banner folder Name with dynamicWebinarBanner
4. WEBINAR-6529: Moved type in type.ts and passed testIds in props and did some Refectoring as per PR comments
5. WEBINAR-6529: Fixed some typo and removed unnecessary hook as per PR comments
6. WEBINAR-6529: Put showRibbon flag in props and removed its state setting from component
7. WEBINAR-6529: Fixed ambiguity issue by renaming BannerProps"
Q2 -WOW - S9 (27 - 10 May) -33,2023/04/27,2023/05/10,WEBINAR-6529,301,Akashdeep.Gupta,93,49,0,0,0,0,0,0,0,0,0,0,Akashdeep.Gupta,,
Q2 -WOW - S9 (27 - 10 May) -33,2023/04/27,2023/05/10,WEBINAR-7906,148606,Akashdeep.Gupta,2,2,0,0,0,0,0,0,1,2,0,0,Akashdeep.Gupta,,
Q2 -WOW - S9 (27 - 10 May) -33,2023/04/27,2023/05/10,WEBINAR-7906,148728,Akashdeep.Gupta,21,4,5,4,0,0,1,0,1,2,0,0,Akashdeep.Gupta,,"1. WEBINAR-7906: fixed Log.Info
2. WEBINAR-7906: Added More Log to Identify issue"
Q2 -WOW - S9 (27 - 10 May) -33,2023/04/27,2023/05/10,WEBINAR-7906,148754,Akashdeep.Gupta,15,21,0,0,0,2,1,0,1,0,0,0,Akashdeep.Gupta,"1. Removed this code because it will never be executed in case of selfSerivce due to this [condition](https://stash.cvent.net/projects/CVT/repos/c4/browse/VSProjects/Cvii/Web/Accounts/AccountConfig.aspx.cs?at=220971ab7e3edcf8cd23447983bed1f6ae40e60d#2594-2595) Hence It is useless to uncheck Webinars if going from Self-Service to any other event license type`
2. This Logic will Only be executed when account is selfServe and its switching to any other account",
Q2 -WOW - S9 (27 - 10 May) -33,2023/04/27,2023/05/10,WEBINAR-7911,1580,Akashdeep.Gupta,0,0,0,0,1,0,0,0,0,0,0,0,VGaur,,
Q2 -WOW - S9 (27 - 10 May) -33,2023/04/27,2023/05/10,WEBINAR-7911,1579,Akashdeep.Gupta,266,3,274,11,0,0,0,0,1,2,0,0,Akashdeep.Gupta,,"1. Merge branch 'master' of ssh://stash.cvent.net:7999/ec/planner-events
2. Merge branch 'master' of ssh://stash.cvent.net:7999/ec/planner-events
3. WEBINAR-7911: Added endpoint for notify on webinar flag turn on.
4. WEBINAR-7911: Added Missing field in Message and removed unnecessary required header
5. WEBINAR-7911: Added UTs and updated correct exchange name
6. WEBINAR-7911: Routing key updated with planchanged"
Q2 -WOW - S9 (27 - 10 May) -33,2023/04/27,2023/05/10,WEBINAR-8478,148845,Akashdeep.Gupta,0,0,0,0,1,0,0,0,0,0,0,0,ASetia,,
Sprint Totals,,,,,,PR_ADDED: 2101,PR_REMOVED: 79,COMMIT_ADDED: 2470,COMMIT_REMOVED: 502,APPROVED: 2,COMMENTED: 5,DECLINED: 2,MERGED: 0,OPENED: 5,RESCOPED: 9,UNAPPROVED: 0,UPDATED: 0,,,

Q2 - WOW - S10(11 - 24 May) 30,2023/05/11,2023/05/24,PROD-167915,3160,Akashdeep.Gupta,0,0,0,0,1,0,0,0,0,0,0,1,ASetia,,
Q2 - WOW - S10(11 - 24 May) 30,2023/05/11,2023/05/24,WEBINAR-7214,3162,Akashdeep.Gupta,1211,37,2304,1151,0,3,0,0,1,11,0,0,Akashdeep.Gupta,"1. Need to implement these function will update soon
2. Will Update this after taking phrase pull
3. Ohh, my bad, I added here by mistake","1. WEBINAR-7214: Added dynamic banner made some Graphql Changes.
2. WEBINAR-7214: Refactored the code as per PR comments change graphQl for Aggregation
3. WEBINAR-7214: Merge conflict resolved
4. WEBINAR-7214: update shared version update CSS and add comments in th component.
5. WEBINAR-7214: Lint Error Fixed.
6. WEBINAR-7214: Fixed GraphQl for Post Banner Data.
7. WEBINAR-7214: Merge Conflict resolved
8. WEBINAR-7214: Added and Updated Uts for Dynamic Banner
9. WEBINAR-7214: Added more assertion to cover test
10. WEBINAR-7214: Conflict resolved
11. WEBINAR-7214: showDynamicBanner feature flag, added added Uts and updated phrase key
12. Merge branch 'master' of ssh://stash.cvent.net:7999/ec/planner-events-ui into webinar-7214
13. WEBINAR-7214: Reverted pnpm-lock file changes and removed unused import
14. WEBINAR-7214: Mocked SetAppFeature function to fix test
15. WEBINAR-7214: Added Feature flag for fetchDynamicBannerData"
Q2 - WOW - S10(11 - 24 May) 30,2023/05/11,2023/05/24,WEBINAR-7214,3284,Akashdeep.Gupta,12,2,0,0,0,0,0,0,0,0,0,0,Akashdeep.Gupta,,
Sprint Totals,,,,,,PR_ADDED: 1223,PR_REMOVED: 39,COMMIT_ADDED: 2304,COMMIT_REMOVED: 1151,APPROVED: 1,COMMENTED: 3,DECLINED: 0,MERGED: 0,OPENED: 1,RESCOPED: 11,UNAPPROVED: 0,UPDATED: 1,,,

Q2 - WOW S11 (25 May-7 Jun),2023/05/25,2023/06/07,PROD-157033,1414,Akashdeep.Gupta,8,9,8,9,0,0,0,1,1,0,0,0,Akashdeep.Gupta,,1. PROD-157033: Arranged AccountSearch category name in alphabetic ascending order
Q2 - WOW S11 (25 May-7 Jun),2023/05/25,2023/06/07,PROD-157033,149977,Akashdeep.Gupta,0,0,0,0,1,0,0,0,0,0,0,1,SKapri,,
Q2 - WOW S11 (25 May-7 Jun),2023/05/25,2023/06/07,PROD-157033,2066,Akashdeep.Gupta,9,9,0,0,0,1,1,0,1,0,0,0,Akashdeep.Gupta,"1. User(s) Singh, Davinder have been added automatically as predefined branch reviewers.",
Q2 - WOW S11 (25 May-7 Jun),2023/05/25,2023/06/07,PROD-157033,149937,Akashdeep.Gupta,3250,1553,0,0,0,0,3,0,1,2,0,0,Akashdeep.Gupta,,
Q2 - WOW S11 (25 May-7 Jun),2023/05/25,2023/06/07,PROD-157033,149951,Akashdeep.Gupta,0,0,0,0,0,0,1,0,0,1,0,0,Ridhi.Handa,,
Q2 - WOW S11 (25 May-7 Jun),2023/05/25,2023/06/07,WEBINAR-4956,3193,Akashdeep.Gupta,0,0,0,0,0,4,0,0,0,0,0,0,Shivangi.Agarwal,"1. ```suggestion      if (!videoStorageDataLoading && videoStorageData) {  ```
2. ```suggestion        if (videoStoragePercentage >= VIDEO_STORAGE_NINETY_PERCENT && !showAlert) {  ```
3. We can add one more UT for video storage full percentage. And we can assert Based on the testID [here](https://stash.cvent.net/projects/EC/repos/planner-events-ui/pull-requests/3193/overview?commentId=3480990)
4. ```suggestion  testID={`${testID}-video-storage-${alertProps.appearance}-alert`}  ```",
Q2 - WOW S11 (25 May-7 Jun),2023/05/25,2023/06/07,WEBINAR-7215,3194,Akashdeep.Gupta,861,45,1038,222,0,2,0,1,1,4,0,0,Akashdeep.Gupta,"1. Reusing getTableName getSortKey and getPartionKey as well mentioned [here](https://stash.cvent.net/projects/ec/repos/planner-events-ui/browse/packages/planner-events-ui/src/server/caches/dynamodb-cache/index.ts?at=5043b614e7b44c131b5a3bae382eb39c7586802a#46-67). and will remove this code.
2. Reusing getTableName getSortKey and getPartionKey as well mentioned [here](https://stash.cvent.net/projects/ec/repos/planner-events-ui/browse/packages/planner-events-ui/src/server/caches/dynamodb-cache/index.ts?at=5043b614e7b44c131b5a3bae382eb39c7586802a#46-67). and will remove this code.","1. WEBINAR-7215: Added DynamoDb graphQl and hookup dismiss Button for PostBanner.
2. WEBINAR-7215: removed new Dynamo Table and reused existing cache table and some existing function
3. WEBINAR-7215: Refactored and renamed GraphQlQuery as per PR comment
4. WEBINAR-7215: Added Its for DynamoDb  GraphQl
5. WEBINAR-7215: Added test case for ensuring refetchDismissEventIds function is called
6. WEBINAR-7215: Added resolver tests for dynamoDb grapgQL
7. Merge branch 'webinar-7215' of ssh://stash.cvent.net:7999/ec/planner-events-ui into webinar-7215"
Q2 - WOW S11 (25 May-7 Jun),2023/05/25,2023/06/07,WEBINAR-10103,315,Akashdeep.Gupta,0,0,0,0,0,0,0,0,0,0,0,0,VGaur,,
Q2 - WOW S11 (25 May-7 Jun),2023/05/25,2023/06/07,WEBINAR-10103,3233,Akashdeep.Gupta,21,11,0,0,0,0,0,0,0,0,0,0,Akashdeep.Gupta,,
Sprint Totals,,,,,,PR_ADDED: 4149,PR_REMOVED: 1627,COMMIT_ADDED: 1046,COMMIT_REMOVED: 231,APPROVED: 1,COMMENTED: 7,DECLINED: 5,MERGED: 2,OPENED: 4,RESCOPED: 7,UNAPPROVED: 0,UPDATED: 1,,,

Q2 - WOW S12 (8 - 21 Jun),2023/06/08,2023/06/21,PROD-164473,325,Akashdeep.Gupta,9,6,18,12,0,0,0,1,1,0,0,0,Akashdeep.Gupta,,"1. PROD-164473: Added another style to intercom to fix contrast issue.
2. WEBINAR-164473: Added another style to intercom to fix contrast issue.
3. Merge branch 'prod-164473' of ssh://stash.cvent.net:7999/ec/shared-core-events-ui into prod-164473"
Q2 - WOW S12 (8 - 21 Jun),2023/06/08,2023/06/21,PROD-164473,1203,Akashdeep.Gupta,10,5,0,0,0,0,0,0,0,0,0,0,Akashdeep.Gupta,,
Q2 - WOW S12 (8 - 21 Jun),2023/06/08,2023/06/21,PROD-164473,3277,Akashdeep.Gupta,10,5,0,0,0,0,0,0,0,0,0,0,Akashdeep.Gupta,,1. Merge branch 'master' of ssh://stash.cvent.net:7999/ec/planner-events-ui
Q2 - WOW S12 (8 - 21 Jun),2023/06/08,2023/06/21,WEBINAR-10149,3240,Akashdeep.Gupta,130,41,143,54,0,0,0,1,1,3,0,0,Akashdeep.Gupta,,"1. WEBINAR-10149: Added ownedWebinar filter for Upcoming Webinars and Dynamic Webinar Banner
2. WEBINAR-10149: FIxed failed test cases
3. WEBINAR-10149: Added Resolver test cases for owned webinar
4. WEBINAR-10149: moved fetch userDetails logic in else block and fixed/ updated Uts"
Q2 - WOW S12 (8 - 21 Jun),2023/06/08,2023/06/21,WEBINAR-10570,3252,Akashdeep.Gupta,98,46,94,42,0,0,0,1,1,1,0,0,Akashdeep.Gupta,,"1. WEBINAR-10570: Remove upcoming webinar card for webinars occurring on same day.
2. WEBINAR-10623: Fixed Empty Upcoming webinar cards
3. Merge branch 'master' of ssh://stash.cvent.net:7999/ec/planner-events-ui into webinar-10570
4. WEBINAR-10570: changed variable type to WebinarSearchQueryVariables from any"
Q2 - WOW S12 (8 - 21 Jun),2023/06/08,2023/06/21,WEBINAR-10572,319,Akashdeep.Gupta,7,2,7,2,0,0,0,1,1,0,0,0,Akashdeep.Gupta,,1. WEBINAR-10572: Fixed No value visible when participants and registered count is null
Q2 - WOW S12 (8 - 21 Jun),2023/06/08,2023/06/21,WEBINAR-10573,323,Akashdeep.Gupta,13,9,13,9,0,0,0,1,1,0,0,0,Akashdeep.Gupta,,"1. Merge branch 'master' of ssh://stash.cvent.net:7999/ec/shared-core-events-ui
2. WEBINAR-10573: Fixed responsiveness for dynamic banner by removing uses of isM(<560)"
Q2 - WOW S12 (8 - 21 Jun),2023/06/08,2023/06/21,WEBINAR-10573,3260,Akashdeep.Gupta,118,69,116,65,0,0,0,1,1,4,0,0,Akashdeep.Gupta,,"1. Merge branch 'master' of ssh://stash.cvent.net:7999/ec/planner-events-ui
2. WEBINAR-10684: Fixed Dynamic Banner loading issue, welcome banner shown in selfSeerve issue and DefaultBanner Visibility
3. WEBINAR-10684: Fixed Uts and Made correction for welcome Banner assertion.
4. WEBINAR-10684: Renamed getPostDat to postData as per PR comment
5. WEBINAR-10684: Added missed setBanner for default banner.
6. WEBINAR-10573: Fixed responsive issue for default banner.
7. Merge branch 'master' of ssh://stash.cvent.net:7999/ec/planner-events-ui into webinar-10684
8. Merge branch 'webinar-10684-addy' of ssh://stash.cvent.net:7999/ec/planner-events-ui into webinar-10684"
Q2 - WOW S12 (8 - 21 Jun),2023/06/08,2023/06/21,WEBINAR-10623,3252,Akashdeep.Gupta,98,46,0,0,0,0,0,0,0,0,0,0,Akashdeep.Gupta,,
Q2 - WOW S12 (8 - 21 Jun),2023/06/08,2023/06/21,WEBINAR-10684,3260,Akashdeep.Gupta,118,69,0,0,0,0,0,0,0,0,0,0,Akashdeep.Gupta,,
Sprint Totals,,,,,,PR_ADDED: 611,PR_REMOVED: 298,COMMIT_ADDED: 391,COMMIT_REMOVED: 184,APPROVED: 0,COMMENTED: 0,DECLINED: 0,MERGED: 6,OPENED: 6,RESCOPED: 8,UNAPPROVED: 0,UPDATED: 0,,,

Overall Totals,,,,,,PR_ADDED: 9227,PR_REMOVED: 4865,COMMIT_ADDED: 7752,COMMIT_REMOVED: 3222,APPROVED: 5,COMMENTED: 20,DECLINED: 13,MERGED: 12,OPENED: 26,RESCOPED: 58,UNAPPROVED: 0,UPDATED: 4,,,
