SPRINT,START_DATE,END_DATE,TICKET,PR_ID,USER,PR_ADDED,PR_REMOVED,COMMIT_ADDED,COMMIT_REMOVED,APPROVED,COMMENTED,DECLINED,MERGED,OPENED,RESCOPED,UNAPPROVED,UPDATED,AUTHOR,COMMENTS,COMMIT_MESSAGES
Pink-Gumbo(03/30-04/13)(9.6w),2023/03/30,2023/04/13,HUB-94277,148437,SMahale,4480,1889,0,0,0,0,0,0,0,0,0,0,SMahale,,
Pink-Gumbo(03/30-04/13)(9.6w),2023/03/30,2023/04/13,HUB-94277,148438,SMahale,0,0,0,0,0,0,0,0,0,0,0,0,ASuthar,,
Pink-Gumbo(03/30-04/13)(9.6w),2023/03/30,2023/04/13,HUB-94277,148486,SMahale,0,0,0,0,0,0,0,0,0,0,0,0,SMahale,,
Pink-Gumbo(03/30-04/13)(9.6w),2023/03/30,2023/04/13,HUB-94277,148494,SMahale,0,0,0,0,0,0,0,0,0,0,0,0,SSao,,
Pink-Gumbo(03/30-04/13)(9.6w),2023/03/30,2023/04/13,HUB-94277,148502,SMahale,8084,1916,0,0,0,0,0,0,0,0,0,0,SMahale,,
Pink-Gumbo(03/30-04/13)(9.6w),2023/03/30,2023/04/13,HUB-94277,149115,SMahale,8439,1561,0,0,0,0,0,0,0,0,0,0,SMahale,,
Pink-Gumbo(03/30-04/13)(9.6w),2023/03/30,2023/04/13,HUB-94277,148243,SMahale,8437,1563,0,0,0,0,0,0,0,0,0,0,SMahale,,
Pink-Gumbo(03/30-04/13)(9.6w),2023/03/30,2023/04/13,HUB-94277,148385,SMahale,6248,1034,0,0,0,0,0,0,0,0,0,0,SMahale,,
Sprint Totals,,,,,,PR_ADDED: 35688,PR_REMOVED: 7963,COMMIT_ADDED: 0,COMMIT_REMOVED: 0,APPROVED: 0,COMMENTED: 0,DECLINED: 0,MERGED: 0,OPENED: 0,RESCOPED: 0,UNAPPROVED: 0,UPDATED: 0,,,

Pink-Hamburger,2023/04/13,2023/04/27,HUB-94277,148210,SMahale,0,0,0,0,0,0,0,0,0,0,0,0,Vinodkumar.Yadav,,"1. Pull request #148502: Prod  Merge in CVT/c4 from prod to prod-159561  * commit '44eca31b0e76d1a77024b68bbba5c3ee1859f62d': (315 commits)    planner phrase updates    PROD-165671: Reverting bad commit    PROD-165671: Resolving conflicts    added DELETED_FILE_AUDIT to LU_DATA_ARCHIVE_EXEMPTED_TABLE_LIST    reverting PROD-165547 from ccid-2540 Revert ""Pull request #148316: FLEX-88029:Retention policy""    PROD-165821: Update brand name and add a new brand    PROD-165696: Consolidate Cvent.Extensions on 4.0.3-PROD    PROD-165670: phrase pull    HUB-94227: adjust warning icon style    HUB-92840: add try catch statement in getNotifications  method    HUB-94227: add new lines and break longer lines and add test ids    HUB-94277: remove unecessary change and add condition for empty text in segment grid    HUB-94227: add impacted notifications popup    HUB-92840: remove redundant method param and rename segmentsMap    HUB-92840: HUB-92906: add link to flash warning and flash warning on noitifications grid page for impacted notificaions.    HUB-92842: put count in else condition    HUB-92842: add count of attendee segment in warning message    CINT-24410: Phrase pull    PROD-165779: Add new TVPs tmpAirReservationActualAudit_v1 and tmpAirReservationActualDetailAudit_v1    Fix from Suyash related to duplicate questions in cvent standard questions folder    ..."
Pink-Hamburger,2023/04/13,2023/04/27,HUB-94277,148437,SMahale,4480,1889,0,0,0,0,0,1,1,0,0,0,SMahale,,
Pink-Hamburger,2023/04/13,2023/04/27,HUB-94277,148438,SMahale,0,0,0,0,1,0,0,0,0,0,0,1,ASuthar,,
Pink-Hamburger,2023/04/13,2023/04/27,HUB-94277,148486,SMahale,0,0,0,0,0,0,0,0,1,0,0,0,SMahale,,
Pink-Hamburger,2023/04/13,2023/04/27,HUB-94277,148494,SMahale,0,0,0,0,1,0,0,0,0,0,0,1,SSao,,
Pink-Hamburger,2023/04/13,2023/04/27,HUB-94277,148502,SMahale,8084,1916,0,0,0,0,0,1,1,0,0,0,SMahale,,
Pink-Hamburger,2023/04/13,2023/04/27,HUB-94277,148608,SMahale,0,0,0,0,0,0,0,0,0,0,0,0,SBandekar,,1. Merge branch 'ccid-2545' of ssh://stash.cvent.net:7999/cvt/c4 into prod-164365  Conflicts:  	VSProjects/Cvent.Subscribers.Admin/Cvent.Subscribers.Admin/Resources/AdminStrings.resx
Pink-Hamburger,2023/04/13,2023/04/27,HUB-94277,149115,SMahale,8439,1561,0,0,0,0,0,0,0,0,0,0,SMahale,,
Pink-Hamburger,2023/04/13,2023/04/27,HUB-94277,148243,SMahale,8437,1563,0,0,0,0,0,0,1,0,0,0,SMahale,,
Pink-Hamburger,2023/04/13,2023/04/27,HUB-94277,148385,SMahale,6248,1034,0,0,0,0,0,0,1,1,0,0,SMahale,,
Sprint Totals,,,,,,PR_ADDED: 35688,PR_REMOVED: 7963,COMMIT_ADDED: 0,COMMIT_REMOVED: 0,APPROVED: 2,COMMENTED: 0,DECLINED: 0,MERGED: 2,OPENED: 5,RESCOPED: 1,UNAPPROVED: 0,UPDATED: 2,,,

Overall Totals,,,,,,PR_ADDED: 71376,PR_REMOVED: 15926,COMMIT_ADDED: 0,COMMIT_REMOVED: 0,APPROVED: 2,COMMENTED: 0,DECLINED: 0,MERGED: 2,OPENED: 5,RESCOPED: 1,UNAPPROVED: 0,UPDATED: 2,,,
