SPRINT,START_DATE,END_DATE,TICKET,PR_ID,USER,PR_ADDED,PR_REMOVED,COMMIT_ADDED,COMMIT_REMOVED,APPROVED,COMMENTED,DECLINED,MERGED,OPENED,RESCOPED,UNAPPROVED,UPDATED,AUTHOR,COMMENTS,COMMIT_MESSAGES
WOW - S8 (13 - 26 Apr),2023/04/13,2023/04/26,PROD-164110,148381,AshishD,0,0,0,0,1,0,0,0,0,0,0,1,UBansal,,
WOW - S8 (13 - 26 Apr),2023/04/13,2023/04/26,PROD-164110,148570,AshishD,0,0,0,0,0,0,0,0,0,0,0,0,UBansal,,
Sprint Totals,,,,,,PR_ADDED: 0,PR_REMOVED: 0,COMMIT_ADDED: 0,COMMIT_REMOVED: 0,APPROVED: 1,COMMENTED: 0,DECLINED: 0,MERGED: 0,OPENED: 0,RESCOPED: 0,UNAPPROVED: 0,UPDATED: 1,,,

Q2 - WOW - S10(11 - 24 May) 30,2023/05/11,2023/05/24,PROD-166742,149760,AshishD,8593,1407,0,0,0,0,0,0,0,0,0,0,AshishD,,
Q2 - WOW - S10(11 - 24 May) 30,2023/05/11,2023/05/24,WEBINAR-7045,149493,AshishD,0,0,44,4,0,0,0,0,0,0,0,0,APrajapati,,"1. PROD-167759: performance tuning for #up_cvnt_elastic_GetInviteesForInsert#
2. PROD-167769: performance tuning for #up_cvnt_elastic_GetInviteesForInsert#  added question_stub in join to hit existing index while fetching data from EVENT_ANSWER table
3. Merge branch 'prod-167759' of ssh://stash.cvent.net:7999/cvt/c4 into prod-167759"
Sprint Totals,,,,,,PR_ADDED: 8593,PR_REMOVED: 1407,COMMIT_ADDED: 44,COMMIT_REMOVED: 4,APPROVED: 0,COMMENTED: 0,DECLINED: 0,MERGED: 0,OPENED: 0,RESCOPED: 0,UNAPPROVED: 0,UPDATED: 0,,,

Overall Totals,,,,,,PR_ADDED: 8593,PR_REMOVED: 1407,COMMIT_ADDED: 44,COMMIT_REMOVED: 4,APPROVED: 1,COMMENTED: 0,DECLINED: 0,MERGED: 0,OPENED: 0,RESCOPED: 0,UNAPPROVED: 0,UPDATED: 1,,,
