SPRINT,START_DATE,END_DATE,TICKET,PR_ID,USER,PR_ADDED,PR_REMOVED,COMMIT_ADDED,COMMIT_REMOVED,APPROVED,COMMENTED,DECLINED,MERGED,OPENED,RESCOPED,UNAPPROVED,UPDATED,AUTHOR,COMMENTS,COMMIT_MESSAGES
Q2 2023 - Sprint 2,2023/04/20,2023/05/03,PROD-165670,142461,Ayesha.Khan,0,0,0,0,0,0,0,0,0,2,0,0,"Verma, Tushar",,
Q2 2023 - Sprint 2,2023/04/20,2023/05/03,PROD-165670,143061,Ayesha.Khan,9990,10,0,0,0,0,0,0,0,2,0,0,Ayesha.Khan,,
Q2 2023 - Sprint 2,2023/04/20,2023/05/03,PROD-165670,144525,Ayesha.Khan,0,0,0,0,0,0,0,0,0,2,0,0,spujara,,
Q2 2023 - Sprint 2,2023/04/20,2023/05/03,PROD-165670,148894,Ayesha.Khan,0,0,0,0,0,0,0,0,0,0,0,0,SNitin,,
Q2 2023 - Sprint 2,2023/04/20,2023/05/03,PROD-165670,148210,Ayesha.Khan,0,0,0,0,0,0,0,0,0,2,0,0,Vinodkumar.Yadav,,"1. Pull request #148544: Prod  Merge in CVT/c4 from prod to ccid-2546  * commit '853924cf4a1f71f337d8c2b38c938485eb51e2f6':    PROD-157009: Correcting incorrect password    PROD-157009: Correcting replacement value    PROD-157009: Adding redis cach dev password
2. Pull request #148664: Ccid 2547  Merge in CVT/c4 from ccid-2547 to prod  * commit 'd764bb506f30ce8200208a2f74f1993bb8e4153c': (94 commits)    Web.Base.config edited online with Bitbucket    Remove binding redirect that might be the reason user editing in cvii is failing.    [prod-163585] : Logic changed to show proper message for MRF created and MRF updated.    Revert ""Revert ""[prod-163585] : Logic changed to show proper message for MRF created and MRF updated.""""    Revert ""[prod-163585] : Logic changed to show proper message for MRF created and MRF updated.""    WEBINAR-7051: add new property named client in bearer token metadata which will hold map for clientName and username    PROD-165373: Resolve conflicts    PROD-165373: Version update    Fix for questions not showing up    WEBINAR-7314: Update resx keys    CSNALL-61056: Updated LU Scripts    PROD-166055:ADR and FnB updates for Q2 2023    HUB-96782: add assistant:write permission to bearer token in c4    WEBINAR-7314: Incorporate review comment    WEBINAR-871:Fix test cases    NA-0: Fix downmerge    HUB-88826: set Guest's Planner Alerts character limit to 100 like it is for Attendees    WEBINAR-871:PR comments    HUB-80285: re-added page title for Badges and Certificates    WEBINAR-871:allow user on paid license to upgrade to resolve conflict    ..."
Q2 2023 - Sprint 2,2023/04/20,2023/05/03,PROD-165670,148502,Ayesha.Khan,0,0,0,0,0,0,0,0,0,0,0,0,SMahale,,"1. Pull request #148474: Ccid 2544  Merge in CVT/c4 from ccid-2544 to prod  * commit '89c3aea0cec637e087b8c0b15c8f098b8384c4d6': (60 commits)    planner phrase updates    PROD-165671: Reverting bad commit    PROD-165671: Resolving conflicts    added DELETED_FILE_AUDIT to LU_DATA_ARCHIVE_EXEMPTED_TABLE_LIST    PROD-165821: Update brand name and add a new brand    PROD-165696: Consolidate Cvent.Extensions on 4.0.3-PROD    CINT-24410: Phrase pull    Fix from Suyash related to duplicate questions in cvent standard questions folder    update to fix a issue    fix capitalization issue    update to fix contact search advanced search issue    Fix for edge browser alignment on zooming out the screen    Alignment fix    By default the mulselect will not be visible    remove unnecessary logging    logging fixes    phrase updates    Moved common css code to new css file, made changes to code asper comments    csnall-64050 Adding question category filter to preferred and rfp edit question wizard    PROD-63127:Fix rollback script    ..."
Q2 2023 - Sprint 2,2023/04/20,2023/05/03,PROD-165670,148570,Ayesha.Khan,0,0,0,0,0,0,0,0,0,0,0,0,UBansal,,1. Pull request #148497: Prod  Merge in CVT/c4 from prod to ccid-2545  * commit '44eca31b0e76d1a77024b68bbba5c3ee1859f62d':
Q2 2023 - Sprint 2,2023/04/20,2023/05/03,PROD-165670,148822,Ayesha.Khan,0,0,27,179,0,0,0,0,0,0,0,0,APrajapati,,"1. Pull request #148667: Prod  Merge in CVT/c4 from prod to ccid-2548  * commit '049222bf2e85e113bdcc42aea744984a1348099e':
2. commit for PROD-166579 reverting commit of PROD-166070"
Q2 2023 - Sprint 2,2023/04/20,2023/05/03,PROD-165670,149030,Ayesha.Khan,0,0,0,0,0,0,0,0,0,0,0,0,ALakshkar,,
Q2 2023 - Sprint 2,2023/04/20,2023/05/03,PROD-165670,149559,Ayesha.Khan,0,0,0,0,0,0,0,0,0,0,0,0,P.Ahuja,,
Q2 2023 - Sprint 2,2023/04/20,2023/05/03,HUB-97991,142461,Ayesha.Khan,0,0,0,0,0,0,0,0,0,0,0,0,"Verma, Tushar",,
Q2 2023 - Sprint 2,2023/04/20,2023/05/03,HUB-97991,143061,Ayesha.Khan,9990,10,0,0,0,0,0,0,0,0,0,0,Ayesha.Khan,,
Q2 2023 - Sprint 2,2023/04/20,2023/05/03,HUB-97991,144525,Ayesha.Khan,0,0,0,0,0,0,0,0,0,0,0,0,spujara,,
Q2 2023 - Sprint 2,2023/04/20,2023/05/03,HUB-97991,148894,Ayesha.Khan,0,0,0,0,0,0,0,0,0,0,0,0,SNitin,,
Q2 2023 - Sprint 2,2023/04/20,2023/05/03,HUB-97991,148928,Ayesha.Khan,0,0,0,0,0,0,0,0,0,0,0,0,qtpman,,
Q2 2023 - Sprint 2,2023/04/20,2023/05/03,HUB-97991,149030,Ayesha.Khan,0,0,0,0,0,0,0,0,0,0,0,0,ALakshkar,,
Q2 2023 - Sprint 2,2023/04/20,2023/05/03,HUB-97991,149087,Ayesha.Khan,0,0,0,0,0,0,0,0,0,0,0,0,Arvind.Negi,,
Q2 2023 - Sprint 2,2023/04/20,2023/05/03,HUB-97991,149559,Ayesha.Khan,0,0,0,0,0,0,0,0,0,0,0,0,P.Ahuja,,
Q2 2023 - Sprint 2,2023/04/20,2023/05/03,HUB-97991,148881,Ayesha.Khan,0,0,0,0,0,0,0,0,0,0,0,0,qtpman,,
Sprint Totals,,,,,,PR_ADDED: 19980,PR_REMOVED: 20,COMMIT_ADDED: 27,COMMIT_REMOVED: 179,APPROVED: 0,COMMENTED: 0,DECLINED: 0,MERGED: 0,OPENED: 0,RESCOPED: 8,UNAPPROVED: 0,UPDATED: 0,,,

Q2 2023 - Sprint 3,2023/05/04,2023/05/17,HUB-97991,142461,Ayesha.Khan,0,0,0,0,0,0,0,0,0,3,0,0,"Verma, Tushar",,
Q2 2023 - Sprint 3,2023/05/04,2023/05/17,HUB-97991,143061,Ayesha.Khan,9990,10,0,0,0,0,0,0,0,3,0,0,Ayesha.Khan,,
Q2 2023 - Sprint 3,2023/05/04,2023/05/17,HUB-97991,144525,Ayesha.Khan,0,0,0,0,0,0,0,0,0,3,0,0,spujara,,
Q2 2023 - Sprint 3,2023/05/04,2023/05/17,HUB-97991,148309,Ayesha.Khan,0,0,0,0,0,0,0,0,0,0,0,0,VGadhiya,,"1. Pull request #148890: Ccid 2553  Merge in CVT/c4 from ccid-2553 to ccid-2555  * commit 'ba6432c6632e88e5e08dd3adab4c44d49ec3b464':
2. Pull request #148929: Prod  Merge in CVT/c4 from prod to ccid-2555  * commit 'b9a85379bf657752896d1dbcd082478332f4bf83':"
Q2 2023 - Sprint 3,2023/05/04,2023/05/17,HUB-97991,148894,Ayesha.Khan,0,0,0,0,0,0,0,0,0,3,0,0,SNitin,,
Q2 2023 - Sprint 3,2023/05/04,2023/05/17,HUB-97991,148928,Ayesha.Khan,0,0,0,0,1,0,0,0,0,0,0,1,qtpman,,
Q2 2023 - Sprint 3,2023/05/04,2023/05/17,HUB-97991,149030,Ayesha.Khan,0,0,1117,8883,0,0,0,0,0,2,0,0,ALakshkar,,"1. Reverting PROD-166891 from ccid-2556
2. Pull request #149089: Ccid 2561  Merge in CVT/c4 from ccid-2561 to prod  * commit '51c68fadb86fb1cbdab7fd2bb3ecfc36c4b27664': (102 commits)    commit for PROD-167315 reverting commit of PROD-166596 Revert ""Pull request #148974: Prod 166596""    Reverting PROD-166891 from ccid-2556    PROD-166983: default close date removed    PROD-166983: latest resx pull    PROD-166720: removed from ccid-2556 Revert ""Pull request #148954: PROD-166720: Disable off option for onarrival badge designer""    PROD-166720: Update phrase keys.    package update by jenkins for Com.Cvent.EventRegistration.Client 10.230504.175149    HUB-97777: Fix configTransform    stud-4601: resolving comments    PROD-161760 : Improved join statement    FLEX-88458 % FLEX-86745: Secret api should be visible if e-commerce is set true    PROD-161760 : Resolved PR Comment    optimization    stud-4601: replacing files location    limit Db query    PROD-166293: Release of Logging of History tables    PROD-166596: Update data in attendee read endpoints to support new OA badge designer    Revert ""commit for PROD-166579 reverting commit of PROD-166070""    HUB-81692: add else    HUB-81692: Updated phrase key    ...
3. Pull request #149140: Ccid 2559  Merge in CVT/c4 from ccid-2559 to prod  * commit 'd13b244787cdba2788d8d350d18ac338df0559aa':    [PROD-165249] : Changes made to resolve conflicts.    [PROD-165249] : Resolved conflicts    [PROD-165249] : Added Column names in insert query to avoid exception for newly added columns in ENTITY_VISIBILITY table.    [PROD-165249] : Added Column names in insert query to avoid exception for newly added columns in ENTITY_VISIBILITY table.    [PROD-165249] : Added DBCR script in newly created Maintainnance CCID ticket.    PROD-163417:ENable cdc for contact_rollup table    PROD-163417:ENable cdc for cvent_rollup db"
Q2 2023 - Sprint 3,2023/05/04,2023/05/17,HUB-97991,149087,Ayesha.Khan,0,0,0,0,0,0,0,0,0,3,0,0,Arvind.Negi,,"1. Pull request #149141: [PROD-165249] : Changes made to resolve conflicts.  Merge in CVT/c4 from prod to ccid-2562  * commit '539136f3e156ad1bd5b9ec581770a3f706cfaaad':    [PROD-165249] : Changes made to resolve conflicts.    [PROD-165249] : Resolved conflicts    [PROD-165249] : Added Column names in insert query to avoid exception for newly added columns in ENTITY_VISIBILITY table.    [PROD-165249] : Added Column names in insert query to avoid exception for newly added columns in ENTITY_VISIBILITY table.    [PROD-165249] : Added DBCR script in newly created Maintainnance CCID ticket.    PROD-163417:ENable cdc for contact_rollup table    PROD-163417:ENable cdc for cvent_rollup db
2. Pull request #149173: Ccid 2562  Merge in CVT/c4 from ccid-2562 to prod  * commit 'ff033aa18f39ff326f8d91f0d21853a311161c9a':    Revert ""Revert ""Revert ""PROD-166720: removed from ccid-2556 Revert ""Pull request #148954: PROD-166720: Disable off option for onarrival badge designer""""""""    PROD-167165: Sp changes for release    WEBINAR-7045: Updated access modifier    WEBINAR-7045: Added user specific webinar flag as a reporting feature for admin standard report    SRC-9161 - Adding event tests to the package updates for consistency.    SRC-9161 - fixing the privacy setting.    SRC-9161 - Fixing up the solution directory for the packages.    SRC-9161 - tearing out the config values that have already been added by previous work.    SRC-9161 - updating packages to newest to fix overflow issues.    SRC-9161 - Updating cvent.controls package to bump to latest stable.    SRC-9161 - Adding configuration setting.    SRC-9161 - Removing unnecessary experiment stuff.    SRC-9161 - Fixing up the packages path.    SRC-9161 - adding package and .csproj for visibility.    SRC-9161 - First Commit."
Q2 2023 - Sprint 3,2023/05/04,2023/05/17,HUB-97991,149559,Ayesha.Khan,0,0,0,0,0,0,0,0,0,0,0,0,P.Ahuja,,
Q2 2023 - Sprint 3,2023/05/04,2023/05/17,HUB-97991,148881,Ayesha.Khan,0,0,0,0,0,0,1,0,0,0,0,0,qtpman,,
Sprint Totals,,,,,,PR_ADDED: 9990,PR_REMOVED: 10,COMMIT_ADDED: 1117,COMMIT_REMOVED: 8883,APPROVED: 1,COMMENTED: 0,DECLINED: 1,MERGED: 0,OPENED: 0,RESCOPED: 17,UNAPPROVED: 0,UPDATED: 1,,,

Q2 2023 - Sprint 5,2023/06/01,2023/06/14,PROD-168082,142461,Ayesha.Khan,0,0,0,0,0,0,0,0,0,2,0,0,"Verma, Tushar",,
Q2 2023 - Sprint 5,2023/06/01,2023/06/14,PROD-168082,143061,Ayesha.Khan,9990,10,0,0,0,0,0,0,0,2,0,0,Ayesha.Khan,,
Q2 2023 - Sprint 5,2023/06/01,2023/06/14,PROD-168082,144525,Ayesha.Khan,0,0,0,0,0,0,0,0,0,2,0,0,spujara,,
Q2 2023 - Sprint 5,2023/06/01,2023/06/14,PROD-168082,148894,Ayesha.Khan,0,0,0,0,0,0,0,0,0,2,0,0,SNitin,,
Q2 2023 - Sprint 5,2023/06/01,2023/06/14,PROD-168082,149732,Ayesha.Khan,0,0,0,0,0,0,0,0,0,2,0,0,SSao,,
Q2 2023 - Sprint 5,2023/06/01,2023/06/14,PROD-168082,150073,Ayesha.Khan,0,0,0,0,0,0,0,0,0,1,0,0,AJagtap,,
Sprint Totals,,,,,,PR_ADDED: 9990,PR_REMOVED: 10,COMMIT_ADDED: 0,COMMIT_REMOVED: 0,APPROVED: 0,COMMENTED: 0,DECLINED: 0,MERGED: 0,OPENED: 0,RESCOPED: 11,UNAPPROVED: 0,UPDATED: 0,,,

Overall Totals,,,,,,PR_ADDED: 39960,PR_REMOVED: 40,COMMIT_ADDED: 1144,COMMIT_REMOVED: 9062,APPROVED: 1,COMMENTED: 0,DECLINED: 1,MERGED: 0,OPENED: 0,RESCOPED: 36,UNAPPROVED: 0,UPDATED: 1,,,
