SPRINT,START_DATE,END_DATE,TICKET,PR_ID,USER,PR_ADDED,PR_REMOVED,COMMIT_ADDED,COMMIT_REMOVED,APPROVED,COMMENTED,DECLINED,MERGED,OPENED,RESCOPED,UNAPPROVED,UPDATED,AUTHOR,COMMENTS,COMMIT_MESSAGES
Snx-Haaldersbroekerdwarsstraat,2023/04/13,2023/04/26,HUB-72802,9087,TCox,0,0,32,0,1,0,0,0,0,0,0,0,ACheng,,"1. HUB-87209: Passing custom actions icon to stream chat so we can add aria-hidden property
2. Pull request #9071: HUB-87209: Passing custom actions icon to stream chat  Merge in AX/attendee-experience-web from HUB-87209 to develop  * commit '196a803468a7d3b4e9b7dd8f8d4299f1280f3052':    HUB-87209: Passing custom actions icon to stream chat so we can add aria-hidden property"
Snx-Haaldersbroekerdwarsstraat,2023/04/13,2023/04/26,HUB-80482,9087,TCox,0,0,0,0,0,0,0,0,0,0,0,0,ACheng,,
Snx-Haaldersbroekerdwarsstraat,2023/04/13,2023/04/26,HUB-80483,9129,TCox,0,0,0,0,0,0,0,0,0,0,0,0,M.Garcia,,
Snx-Haaldersbroekerdwarsstraat,2023/04/13,2023/04/26,HUB-89725,9139,TCox,0,0,50,10,0,0,0,0,0,0,0,0,ABadlia,,"1. PROD-165535: Adding additional info to the error logs when streamClient creation fails
2. Pull request #9097: PROD-165535: Adding additional info to error logs when streamClient creation fails  Merge in AX/attendee-experience-web from PROD-165535 to develop  * commit 'e9874d66c8b3edae568b7f86a5b9c50fff38e815':    PROD-165535: Adding additional info to the error logs when streamClient creation fails"
Snx-Haaldersbroekerdwarsstraat,2023/04/13,2023/04/26,HUB-91553,9139,TCox,0,0,0,0,0,0,0,0,0,0,0,0,ABadlia,,
Snx-Haaldersbroekerdwarsstraat,2023/04/13,2023/04/26,HUB-91602,9087,TCox,0,0,0,0,0,0,0,0,0,0,0,0,ACheng,,
Snx-Haaldersbroekerdwarsstraat,2023/04/13,2023/04/26,HUB-91612,9139,TCox,0,0,0,0,0,0,0,0,0,0,0,0,ABadlia,,
Snx-Haaldersbroekerdwarsstraat,2023/04/13,2023/04/26,HUB-92413,9072,TCox,0,0,0,0,1,0,0,0,0,0,0,0,RLiwag,,
Snx-Haaldersbroekerdwarsstraat,2023/04/13,2023/04/26,HUB-92413,9087,TCox,0,0,0,0,0,0,0,0,0,0,0,0,ACheng,,
Snx-Haaldersbroekerdwarsstraat,2023/04/13,2023/04/26,HUB-92740,9084,TCox,0,0,0,0,1,0,0,0,0,0,0,0,MPruit,,
Snx-Haaldersbroekerdwarsstraat,2023/04/13,2023/04/26,HUB-92740,9139,TCox,0,0,0,0,0,0,0,0,0,0,0,0,ABadlia,,
Snx-Haaldersbroekerdwarsstraat,2023/04/13,2023/04/26,HUB-92751,9087,TCox,0,0,0,0,0,0,0,0,0,0,0,0,ACheng,,
Snx-Haaldersbroekerdwarsstraat,2023/04/13,2023/04/26,HUB-94420,9044,TCox,0,0,0,0,0,0,0,0,0,0,0,0,CLeech,,
Snx-Haaldersbroekerdwarsstraat,2023/04/13,2023/04/26,HUB-94831,9139,TCox,0,0,0,0,0,0,0,0,0,0,0,0,ABadlia,,
Snx-Haaldersbroekerdwarsstraat,2023/04/13,2023/04/26,HUB-94833,9139,TCox,0,0,0,0,0,0,0,0,0,0,0,0,ABadlia,,
Snx-Haaldersbroekerdwarsstraat,2023/04/13,2023/04/26,HUB-95884,9139,TCox,0,0,0,0,0,0,0,0,0,0,0,0,ABadlia,,
Snx-Haaldersbroekerdwarsstraat,2023/04/13,2023/04/26,HUB-80486,9219,TCox,0,0,0,0,0,0,0,0,0,0,0,0,Subratkumar.Sahoo,,
Sprint Totals,,,,,,PR_ADDED: 0,PR_REMOVED: 0,COMMIT_ADDED: 82,COMMIT_REMOVED: 10,APPROVED: 3,COMMENTED: 0,DECLINED: 0,MERGED: 0,OPENED: 0,RESCOPED: 0,UNAPPROVED: 0,UPDATED: 0,,,

Snax - Idiotville (4/27-5/10),2023/04/27,2023/05/10,HUB-80480,9219,TCox,0,0,2856,3437,1,0,0,0,0,0,0,0,Subratkumar.Sahoo,,"1. HUB-87782: Remove featuredDiscussions feature flag
2. HUB-87782: Remove MockedProvider and repace discussions.json fixture with updated discussions
3. Pull request #9181: HUB-87782: Remove featuredDiscussions feature flag  Merge in AX/attendee-experience-web from HUB-87782 to develop  * commit '844e720c9f44893d5baeccd1a452fea2a66aedc0':    HUB-87782: Remove MockedProvider and repace discussions.json fixture with updated discussions    HUB-87782: Remove featuredDiscussions feature flag"
Snax - Idiotville (4/27-5/10),2023/04/27,2023/05/10,HUB-80486,9219,TCox,0,0,0,0,0,0,0,0,0,0,0,0,Subratkumar.Sahoo,,
Snax - Idiotville (4/27-5/10),2023/04/27,2023/05/10,HUB-90986,9293,TCox,0,0,0,0,0,0,0,0,0,0,0,0,Shea.Sullivan,,
Snax - Idiotville (4/27-5/10),2023/04/27,2023/05/10,HUB-95593,9219,TCox,0,0,0,0,0,0,0,0,0,0,0,0,Subratkumar.Sahoo,,
Snax - Idiotville (4/27-5/10),2023/04/27,2023/05/10,HUB-97171,9145,TCox,0,0,0,0,1,0,0,0,0,0,0,0,MPruit,,
Snax - Idiotville (4/27-5/10),2023/04/27,2023/05/10,HUB-97171,9200,TCox,0,0,0,0,1,0,0,0,0,0,0,0,MPruit,,
Snax - Idiotville (4/27-5/10),2023/04/27,2023/05/10,HUB-97171,9219,TCox,0,0,0,0,0,0,0,0,0,0,0,0,Subratkumar.Sahoo,,
Snax - Idiotville (4/27-5/10),2023/04/27,2023/05/10,HUB-98259,9215,TCox,0,0,0,0,1,0,0,0,0,0,0,0,RLiwag,,
Snax - Idiotville (4/27-5/10),2023/04/27,2023/05/10,HUB-50072,9293,TCox,0,0,0,0,0,0,0,0,0,0,0,0,Shea.Sullivan,,
Snax - Idiotville (4/27-5/10),2023/04/27,2023/05/10,HUB-80485,9354,TCox,0,0,0,0,0,0,0,0,0,0,0,0,JMcGough,,
Snax - Idiotville (4/27-5/10),2023/04/27,2023/05/10,HUB-81950,9293,TCox,0,0,0,0,0,0,0,0,0,0,0,0,Shea.Sullivan,,
Snax - Idiotville (4/27-5/10),2023/04/27,2023/05/10,HUB-88110,9293,TCox,0,0,0,0,0,0,0,0,0,0,0,0,Shea.Sullivan,,
Snax - Idiotville (4/27-5/10),2023/04/27,2023/05/10,HUB-89175,9354,TCox,0,0,0,0,0,0,0,0,0,0,0,0,JMcGough,,
Snax - Idiotville (4/27-5/10),2023/04/27,2023/05/10,HUB-95470,9293,TCox,0,0,0,0,0,0,0,0,0,0,0,0,Shea.Sullivan,,
Sprint Totals,,,,,,PR_ADDED: 0,PR_REMOVED: 0,COMMIT_ADDED: 2856,COMMIT_REMOVED: 3437,APPROVED: 4,COMMENTED: 0,DECLINED: 0,MERGED: 0,OPENED: 0,RESCOPED: 0,UNAPPROVED: 0,UPDATED: 0,,,

Snax - Jerrys Nose (5/11-5/24),2023/05/11,2023/05/25,HUB-45176,1508,TCox,1097,465,0,0,0,0,0,0,0,0,0,0,TCox,,
Snax - Jerrys Nose (5/11-5/24),2023/05/11,2023/05/25,HUB-50072,9293,TCox,0,0,0,0,1,0,0,0,0,0,0,0,Shea.Sullivan,,
Snax - Jerrys Nose (5/11-5/24),2023/05/11,2023/05/25,HUB-80485,9354,TCox,0,0,0,0,1,0,0,0,0,0,0,0,JMcGough,,
Snax - Jerrys Nose (5/11-5/24),2023/05/11,2023/05/25,HUB-81950,9293,TCox,0,0,0,0,0,0,0,0,0,0,0,0,Shea.Sullivan,,
Snax - Jerrys Nose (5/11-5/24),2023/05/11,2023/05/25,HUB-88110,9293,TCox,0,0,0,0,0,0,0,0,0,0,0,0,Shea.Sullivan,,
Snax - Jerrys Nose (5/11-5/24),2023/05/11,2023/05/25,HUB-89175,9354,TCox,0,0,0,0,0,0,0,0,0,0,0,0,JMcGough,,
Snax - Jerrys Nose (5/11-5/24),2023/05/11,2023/05/25,HUB-95470,9293,TCox,0,0,0,0,0,0,0,0,0,0,0,0,Shea.Sullivan,,
Snax - Jerrys Nose (5/11-5/24),2023/05/11,2023/05/25,HUB-98202,3566,TCox,1023,128,0,0,0,0,0,0,0,0,0,0,TCox,,
Snax - Jerrys Nose (5/11-5/24),2023/05/11,2023/05/25,HUB-98245,9354,TCox,0,0,0,0,0,0,0,0,0,0,0,0,JMcGough,,
Snax - Jerrys Nose (5/11-5/24),2023/05/11,2023/05/25,HUB-98245,9409,TCox,4380,5620,0,0,0,0,0,0,0,0,0,0,TCox,,
Snax - Jerrys Nose (5/11-5/24),2023/05/11,2023/05/25,HUB-98690,9354,TCox,0,0,0,0,0,0,0,0,0,0,0,0,JMcGough,,
Snax - Jerrys Nose (5/11-5/24),2023/05/11,2023/05/25,HUB-98783,9354,TCox,0,0,0,0,0,0,0,0,0,0,0,0,JMcGough,,
Snax - Jerrys Nose (5/11-5/24),2023/05/11,2023/05/25,HUB-99457,9293,TCox,0,0,0,0,0,0,0,0,0,0,0,0,Shea.Sullivan,,
Snax - Jerrys Nose (5/11-5/24),2023/05/11,2023/05/25,HUB-99466,9293,TCox,0,0,0,0,0,0,0,0,0,0,0,0,Shea.Sullivan,,
Snax - Jerrys Nose (5/11-5/24),2023/05/11,2023/05/25,HUB-99466,9354,TCox,0,0,0,0,0,0,0,0,0,0,0,0,JMcGough,,
Snax - Jerrys Nose (5/11-5/24),2023/05/11,2023/05/25,HUB-99646,9354,TCox,0,0,0,0,0,0,0,0,0,0,0,0,JMcGough,,
Snax - Jerrys Nose (5/11-5/24),2023/05/11,2023/05/25,HUB-99657,9409,TCox,4380,5620,0,0,0,0,0,0,0,0,0,0,TCox,,
Snax - Jerrys Nose (5/11-5/24),2023/05/11,2023/05/25,HUB-99671,9409,TCox,4380,5620,0,0,0,0,0,0,0,0,0,0,TCox,,
Snax - Jerrys Nose (5/11-5/24),2023/05/11,2023/05/25,HUB-100164,9354,TCox,0,0,0,0,0,0,0,0,0,0,0,0,JMcGough,,
Snax - Jerrys Nose (5/11-5/24),2023/05/11,2023/05/25,PROD-165206,9354,TCox,0,0,0,0,0,0,0,0,0,0,0,0,JMcGough,,
Snax - Jerrys Nose (5/11-5/24),2023/05/11,2023/05/25,PROD-166085,9354,TCox,0,0,0,0,0,0,0,0,0,0,0,0,JMcGough,,
Snax - Jerrys Nose (5/11-5/24),2023/05/11,2023/05/25,PROD-166714,9293,TCox,0,0,0,0,0,0,0,0,0,0,0,0,Shea.Sullivan,,
Snax - Jerrys Nose (5/11-5/24),2023/05/11,2023/05/25,PROD-166841,9293,TCox,0,0,0,0,0,0,0,0,0,0,0,0,Shea.Sullivan,,
Snax - Jerrys Nose (5/11-5/24),2023/05/11,2023/05/25,PROD-168267,9409,TCox,4380,5620,0,0,0,0,0,0,0,0,0,0,TCox,,
Snax - Jerrys Nose (5/11-5/24),2023/05/11,2023/05/25,HUB-72801,9352,TCox,0,0,0,0,1,0,0,0,0,0,0,0,MPruit,,
Snax - Jerrys Nose (5/11-5/24),2023/05/11,2023/05/25,HUB-72801,9409,TCox,4380,5620,0,0,0,0,0,0,0,0,0,0,TCox,,
Snax - Jerrys Nose (5/11-5/24),2023/05/11,2023/05/25,HUB-97219,1508,TCox,1097,465,0,0,0,0,0,0,0,0,0,0,TCox,,
Sprint Totals,,,,,,PR_ADDED: 25117,PR_REMOVED: 29158,COMMIT_ADDED: 0,COMMIT_REMOVED: 0,APPROVED: 3,COMMENTED: 0,DECLINED: 0,MERGED: 0,OPENED: 0,RESCOPED: 0,UNAPPROVED: 0,UPDATED: 0,,,

Snax - Sprint Kickapoo,2023/05/25,2023/06/07,HUB-48548,1518,TCox,0,0,0,0,0,0,0,0,0,0,0,0,ATawfik,,1. Merge remote-tracking branch 'origin/master' into downmerge/1.104.0
Snax - Sprint Kickapoo,2023/05/25,2023/06/07,HUB-72801,9352,TCox,0,0,0,0,0,0,0,0,0,0,0,0,MPruit,,
Snax - Sprint Kickapoo,2023/05/25,2023/06/07,HUB-72801,9409,TCox,4380,5620,0,0,0,0,0,1,1,0,0,0,TCox,,
Snax - Sprint Kickapoo,2023/05/25,2023/06/07,HUB-90849,3573,TCox,0,0,51,39,0,0,0,0,0,0,0,0,ATawfik,,1. RELEASING: Releasing 3 package(s)  Releases:    @cvent/attendee-hub-graph-it@2.14.0    @cvent/attendee-hub-graph@2.14.0    @cvent/attendee-hub-graph-cdk@2.14.0  [skip ci]
Snax - Sprint Kickapoo,2023/05/25,2023/06/07,HUB-93998,240,TCox,0,0,5,0,0,0,0,0,0,0,0,0,SBundale,,"1. HUB-101092: Phrase app changes changeset
2. HUB-101092: phrase app changes  Merge in AX/language-management from hub-101092-phraseapp to master  * commit 'bff9aa6b9347bc9f6579418e87256e4c9e08b42c':    HUB-101092: Phrase app changes changeset    HUB-101092: phraseapp changes"
Snax - Sprint Kickapoo,2023/05/25,2023/06/07,HUB-97219,1508,TCox,1097,465,0,0,0,0,0,1,1,0,0,0,TCox,,
Snax - Sprint Kickapoo,2023/05/25,2023/06/07,HUB-99645,9507,TCox,0,0,0,0,0,0,0,0,0,0,0,0,GStarr,,
Snax - Sprint Kickapoo,2023/05/25,2023/06/07,HUB-101227,9448,TCox,0,0,0,0,1,0,0,0,0,0,0,0,ATawfik,,
Snax - Sprint Kickapoo,2023/05/25,2023/06/07,PROD-166565,9409,TCox,4380,5620,0,0,0,0,0,0,0,0,0,0,TCox,,
Snax - Sprint Kickapoo,2023/05/25,2023/06/07,HUB-87193,9507,TCox,0,0,0,0,0,0,0,0,0,0,0,0,GStarr,,
Snax - Sprint Kickapoo,2023/05/25,2023/06/07,HUB-87486,9507,TCox,0,0,0,0,0,0,0,0,0,0,0,0,GStarr,,
Snax - Sprint Kickapoo,2023/05/25,2023/06/07,HUB-90176,9507,TCox,0,0,0,0,0,0,0,0,0,0,0,0,GStarr,,
Snax - Sprint Kickapoo,2023/05/25,2023/06/07,HUB-101238,9507,TCox,0,0,0,0,0,0,0,0,0,0,0,0,GStarr,,
Snax - Sprint Kickapoo,2023/05/25,2023/06/07,PROD-166496,9411,TCox,0,0,0,0,1,0,0,0,0,0,0,0,RLiwag,,
Snax - Sprint Kickapoo,2023/05/25,2023/06/07,PROD-166496,9507,TCox,0,0,0,0,0,0,0,0,0,0,0,0,GStarr,,
Sprint Totals,,,,,,PR_ADDED: 9857,PR_REMOVED: 11705,COMMIT_ADDED: 56,COMMIT_REMOVED: 39,APPROVED: 2,COMMENTED: 0,DECLINED: 0,MERGED: 2,OPENED: 2,RESCOPED: 0,UNAPPROVED: 0,UPDATED: 0,,,

Snax - Las Vegas,2023/06/08,2023/06/22,HUB-87193,9507,TCox,0,0,73,79,1,0,0,0,0,0,0,0,GStarr,,"1. HUB-99805: Update useDiscussionsData unit test to handle new graph call
2. Pull request #9490: HUB-99805: Update useDiscussionsData unit test to handle new graph call  Merge in AX/attendee-experience-web from HUB-99805-update-test to develop  * commit 'f4fe96abb10b3b432a1bf764a903a01af60163bb':    HUB-99805: Update useDiscussionsData unit test to handle new graph call
3. HUB-99805: Provide data mock instead of mocking the hook for getAttendeeHubConfig
4. Pull request #9496: HUB-99805: Provide data mock instead of mocking the hook for useAttendeeHubConfig  Merge in AX/attendee-experience-web from HUB-99805-mock-config-query to develop  * commit '58f9fe027dd308e1d14ac75e2595d50a883ed945':    HUB-99805: Provide data mock instead of mocking the hook for getAttendeeHubConfig"
Snax - Las Vegas,2023/06/08,2023/06/22,HUB-87486,9507,TCox,0,0,0,0,0,0,0,0,0,0,0,0,GStarr,,
Snax - Las Vegas,2023/06/08,2023/06/22,HUB-90176,9507,TCox,0,0,0,0,0,0,0,0,0,0,0,0,GStarr,,
Snax - Las Vegas,2023/06/08,2023/06/22,HUB-97243,1560,TCox,0,0,425,353,0,0,0,0,0,0,0,0,MGangani,,"1. HUB-99844: Add back button to custom page name modal
2. Merge branch 'HUB-99842' into HUB-99844
3. HUB-99844: Wire up the back button on CustomPageName modal to go back to CustomPageTypeSelection modal
4. Merge branch 'HUB-99842' into HUB-99844
5. HUB-99844: Add unit test to check for disbaled button
6. Merge branch 'HUB-99842' into HUB-99844
7. HUB-99844: use interface from constant file
8. Merge branch 'develop' into HUB-99844
9. HUB-99844: clean up props and unit test
10. Pull request #1541: HUB-99844: Add back button to custom page naming modal  Merge in AX/attendee-experience-builder from HUB-99844 to develop  * commit '0b420e427625de193746640bc72f0e42f571d763':    HUB-99844: clean up props and unit test    HUB-99844: use interface from constant file    HUB-99844: Add unit test to check for disbaled button    HUB-99844: Wire up the back button on CustomPageName modal to go back to CustomPageTypeSelection modal    HUB-99844: Add back button to custom page name modal"
Snax - Las Vegas,2023/06/08,2023/06/22,HUB-101226,9507,TCox,0,0,0,0,0,0,0,0,0,0,0,0,GStarr,,
Snax - Las Vegas,2023/06/08,2023/06/22,HUB-101238,9507,TCox,0,0,0,0,0,0,0,0,0,0,0,0,GStarr,,
Snax - Las Vegas,2023/06/08,2023/06/22,HUB-102551,9507,TCox,0,0,0,0,0,0,0,0,0,0,0,0,GStarr,,
Snax - Las Vegas,2023/06/08,2023/06/22,PROD-166496,9411,TCox,0,0,0,0,0,0,0,0,0,0,0,0,RLiwag,,
Snax - Las Vegas,2023/06/08,2023/06/22,PROD-166496,9507,TCox,0,0,0,0,0,0,0,0,0,0,0,0,GStarr,,
Snax - Las Vegas,2023/06/08,2023/06/22,HUB-101099,9509,TCox,0,0,0,0,1,0,0,0,0,0,0,0,M.Garcia,,
Sprint Totals,,,,,,PR_ADDED: 0,PR_REMOVED: 0,COMMIT_ADDED: 498,COMMIT_REMOVED: 432,APPROVED: 2,COMMENTED: 0,DECLINED: 0,MERGED: 0,OPENED: 0,RESCOPED: 0,UNAPPROVED: 0,UPDATED: 0,,,

Overall Totals,,,,,,PR_ADDED: 34974,PR_REMOVED: 40863,COMMIT_ADDED: 3492,COMMIT_REMOVED: 3918,APPROVED: 14,COMMENTED: 0,DECLINED: 0,MERGED: 2,OPENED: 2,RESCOPED: 0,UNAPPROVED: 0,UPDATED: 0,,,
