SPRINT,START_DATE,END_DATE,TICKET,PR_ID,USER,PR_ADDED,PR_REMOVED,COMMIT_ADDED,COMMIT_REMOVED,APPROVED,COMMENTED,DECLINED,MERGED,OPENED,RESCOPED,UNAPPROVED,UPDATED,AUTHOR,COMMENTS,COMMIT_MESSAGES
Krypto Q2 23' S2 (10w 1d),2023/04/19,2023/05/03,PROD-165626,148309,THarsh,0,0,94,94,0,0,0,0,0,0,0,0,VGadhiya,,"1. SURVEY-68200 : Package version update for logic domain entities
2. SURVEY-68200 : .net version updated
3. SURVEY-68200 : targetFramework updated
4. Pull request #148706: SURVEY-68200 : Package version update for logic domain entities  Merge in CVT/c4 from survey-68200 to alpha-kr  * commit '226f200cb7478c91fd6472bd2784d742f2c764b9':    SURVEY-68200 : targetFramework updated    SURVEY-68200 : .net version updated    SURVEY-68200 : Package version update for logic domain entities"
Krypto Q2 23' S2 (10w 1d),2023/04/19,2023/05/03,PROD-165626,148822,THarsh,0,0,12,12,0,0,0,0,0,0,0,0,APrajapati,,"1. NA-0 : Merge conflicts
2. Merge branch 'ccid-2548' of ssh://stash.cvent.net:7999/cvt/c4 into prod-164728
3. PROD-166145 : ccid forward fix"
Krypto Q2 23' S2 (10w 1d),2023/04/19,2023/05/03,PROD-165626,149325,THarsh,8522,1478,0,0,0,0,0,0,0,0,0,0,THarsh,,
Krypto Q2 23' S2 (10w 1d),2023/04/19,2023/05/03,PROD-165626,149327,THarsh,8521,1479,0,0,0,0,0,0,0,0,0,0,THarsh,,
Sprint Totals,,,,,,PR_ADDED: 17043,PR_REMOVED: 2957,COMMIT_ADDED: 106,COMMIT_REMOVED: 106,APPROVED: 0,COMMENTED: 0,DECLINED: 0,MERGED: 0,OPENED: 0,RESCOPED: 0,UNAPPROVED: 0,UPDATED: 0,,,

Overall Totals,,,,,,PR_ADDED: 17043,PR_REMOVED: 2957,COMMIT_ADDED: 106,COMMIT_REMOVED: 106,APPROVED: 0,COMMENTED: 0,DECLINED: 0,MERGED: 0,OPENED: 0,RESCOPED: 0,UNAPPROVED: 0,UPDATED: 0,,,
