SPRINT,START_DATE,END_DATE,TICKET,PR_ID,USER,PR_ADDED,PR_REMOVED,COMMIT_ADDED,COMMIT_REMOVED,APPROVED,COMMENTED,DECLINED,MERGED,OPENED,RESCOPED,UNAPPROVED,UPDATED,AUTHOR,COMMENTS,COMMIT_MESSAGES
WOW - S8 (13 - 26 Apr),2023/04/13,2023/04/26,WEBINAR-7051,148824,JeremyA,0,0,79,21,0,0,0,0,0,0,0,0,Sagar.Patel,,"1. Merge branch 'prod' into ent-27029
2. Merge branch 'prod' into ent-27029
3. ENT-27411: update to split triggers into 3 separate sp calls, ensuring we keep order, and add logging/audit details"
WOW - S8 (13 - 26 Apr),2023/04/13,2023/04/26,WEBINAR-7051,149612,JeremyA,6305,3695,0,0,0,0,0,0,0,0,0,0,JeremyA,,
Sprint Totals,,,,,,PR_ADDED: 6305,PR_REMOVED: 3695,COMMIT_ADDED: 79,COMMIT_REMOVED: 21,APPROVED: 0,COMMENTED: 0,DECLINED: 0,MERGED: 0,OPENED: 0,RESCOPED: 0,UNAPPROVED: 0,UPDATED: 0,,,

Q2 -WOW - S9 (27 - 10 May) -33,2023/04/27,2023/05/10,PROD-166432,149612,JeremyA,6305,3695,0,0,0,0,0,0,0,0,0,0,JeremyA,,
Q2 -WOW - S9 (27 - 10 May) -33,2023/04/27,2023/05/10,WEBINAR-7906,149612,JeremyA,6305,3695,0,0,0,0,0,0,0,0,0,0,JeremyA,,
Q2 -WOW - S9 (27 - 10 May) -33,2023/04/27,2023/05/10,WEBINAR-7982,149612,JeremyA,6305,3695,0,0,0,0,0,0,0,0,0,0,JeremyA,,
Q2 -WOW - S9 (27 - 10 May) -33,2023/04/27,2023/05/10,WEBINAR-8478,149612,JeremyA,6305,3695,0,0,0,0,0,0,0,0,0,0,JeremyA,,
Sprint Totals,,,,,,PR_ADDED: 25220,PR_REMOVED: 14780,COMMIT_ADDED: 0,COMMIT_REMOVED: 0,APPROVED: 0,COMMENTED: 0,DECLINED: 0,MERGED: 0,OPENED: 0,RESCOPED: 0,UNAPPROVED: 0,UPDATED: 0,,,

Q2 - WOW - S10(11 - 24 May) 30,2023/05/11,2023/05/24,WEBINAR-7045,149493,JeremyA,0,0,4,1,0,0,0,0,0,0,0,0,APrajapati,,1. PROD-167729: some callers are explicitly sending null for unset parameters
Sprint Totals,,,,,,PR_ADDED: 0,PR_REMOVED: 0,COMMIT_ADDED: 4,COMMIT_REMOVED: 1,APPROVED: 0,COMMENTED: 0,DECLINED: 0,MERGED: 0,OPENED: 0,RESCOPED: 0,UNAPPROVED: 0,UPDATED: 0,,,

Q2 - WOW S11 (25 May-7 Jun),2023/05/25,2023/06/07,PROD-157033,149884,JeremyA,0,0,0,0,0,0,0,0,0,0,0,0,SDongol,,
Sprint Totals,,,,,,PR_ADDED: 0,PR_REMOVED: 0,COMMIT_ADDED: 0,COMMIT_REMOVED: 0,APPROVED: 0,COMMENTED: 0,DECLINED: 0,MERGED: 0,OPENED: 0,RESCOPED: 0,UNAPPROVED: 0,UPDATED: 0,,,

Overall Totals,,,,,,PR_ADDED: 31525,PR_REMOVED: 18475,COMMIT_ADDED: 83,COMMIT_REMOVED: 22,APPROVED: 0,COMMENTED: 0,DECLINED: 0,MERGED: 0,OPENED: 0,RESCOPED: 0,UNAPPROVED: 0,UPDATED: 0,,,
