SPRINT,START_DATE,END_DATE,TICKET,PR_ID,USER,PR_ADDED,PR_REMOVED,COMMIT_ADDED,COMMIT_REMOVED,APPROVED,COMMENTED,DECLINED,MERGED,OPENED,RESCOPED,UNAPPROVED,UPDATED,AUTHOR,COMMENTS,COMMIT_MESSAGES
Krypto Q2 23' S1 (8w 3d),2023/04/05,2023/04/19,PROD-161672,9026,Harshita.Sharma,0,0,1,0,1,0,0,0,0,1,0,0,MGangani,,1. PROD-161672 : Updated Snapshot
Krypto Q2 23' S1 (8w 3d),2023/04/05,2023/04/19,PROD-161672,9177,Harshita.Sharma,0,0,19,13,0,0,0,0,0,0,0,0,BRehman,,"1. HUB-80706: Typo
2. HUB-80706 : Handled discovered scope i.e. handling of buttons for mobile view
3. Merge branch 'hub-80706' of ssh://stash.cvent.net:7999/ax/attendee-experience-web into hub-80706"
Sprint Totals,,,,,,PR_ADDED: 0,PR_REMOVED: 0,COMMIT_ADDED: 20,COMMIT_REMOVED: 13,APPROVED: 1,COMMENTED: 0,DECLINED: 0,MERGED: 0,OPENED: 0,RESCOPED: 1,UNAPPROVED: 0,UPDATED: 0,,,

Krypto Q2 23' S2 (10w 1d),2023/04/19,2023/05/03,PROD-161672,9026,Harshita.Sharma,0,0,0,0,0,0,0,0,0,0,0,0,MGangani,,
Krypto Q2 23' S2 (10w 1d),2023/04/19,2023/05/03,PROD-161672,9177,Harshita.Sharma,0,0,145,54,0,0,0,0,0,0,0,0,BRehman,,"1. Merge branch 'develop' of ssh://stash.cvent.net:7999/ax/attendee-experience-web into hub-80706  # Conflicts:  #	packages/attendee-experience-web/locales/pl-PL.json
2. HUB-80706 : Changed Appearance of Accept button from 'lined' to 'filled'
3. Pull request #9040: HUB-80706 : Add Quick Action Buttons - Accept/Decline/View Conflicts  Merge in AX/attendee-experience-web from hub-80706 to develop  * commit '0da675e4a49ae04139e43ceb56459bfb55a83506':    HUB-80706 : Changed Appearance of Accept button from 'lined' to 'filled'    HUB-80706 : Handled discovered scope i.e. handling of buttons for mobile view    HUB-80706: Typo    HUB-80706: Wrapped changes under feature flag    HUB-80706 : Add Quick Action Buttons - Accept/Decline/View Conflicts
4. HUB-81427 : Update Agenda Date List on Appointment/Reserved Time creation or updation
5. Merge branch 'develop' of ssh://stash.cvent.net:7999/ax/attendee-experience-web into hub-81427
6. HUB-81427 : Added changeset
7. HUB-81427: Handled review comments
8. HUB-81427: Added Null check
9. HUB-81427 : Added comments"
Sprint Totals,,,,,,PR_ADDED: 0,PR_REMOVED: 0,COMMIT_ADDED: 145,COMMIT_REMOVED: 54,APPROVED: 0,COMMENTED: 0,DECLINED: 0,MERGED: 0,OPENED: 0,RESCOPED: 0,UNAPPROVED: 0,UPDATED: 0,,,

Krypto Q2 23' S4 (10w 1d),2023/05/18,2023/06/01,PROD-168163,9344,Harshita.Sharma,371,243,499,511,0,2,0,1,1,6,0,0,Harshita.Sharma,"1. This has been handled at ax-data layer.   ![Screenshot 2023-05-24 at 10.49.13 AM.png](attachment:18181/22031)
2. [See this](https://stash.cvent.net/projects/AX/repos/attendee-experience-web/pull-requests/9344/overview?commentId=3469353)","1. PROD-168163 : Booth staff shown as being available for appointments despite not being allowed to via Schedule Rules
2. PROD-168163 : Addressed build failures and review comments
3. Merge branch 'develop' of ssh://stash.cvent.net:7999/ax/attendee-experience-web into prod-168163
4. PROD-168163 : Fix flaky test
5. Merge branch 'develop' of ssh://stash.cvent.net:7999/ax/attendee-experience-web into prod-168163  # Conflicts:  #	packages/attendee-experience-web/src/components/appointments/appointmentPanel/FreeformApptForm.tsx  #	packages/attendee-experience-web/src/components/appointments/appointmentPanel/specs/FreeformApptForm.spec.tsx
6. PROD-168163 : Fix Lint issues
7. PROD-168163 : Removed console log"
Krypto Q2 23' S4 (10w 1d),2023/05/18,2023/06/01,PROD-168163,9409,Harshita.Sharma,0,0,9,3,0,0,0,0,0,0,0,0,TCox,,"1. HUB-100861 : Skipped flaky UT
2. HUB-100861 : Added comment
3. HUB-100861 : Increased warning count by 1, since skipped a test"
Sprint Totals,,,,,,PR_ADDED: 371,PR_REMOVED: 243,COMMIT_ADDED: 508,COMMIT_REMOVED: 514,APPROVED: 0,COMMENTED: 2,DECLINED: 0,MERGED: 1,OPENED: 1,RESCOPED: 6,UNAPPROVED: 0,UPDATED: 0,,,

Krypto Q2 23' S5(9w 2d),2023/06/01,2023/06/14,PROD-164612,9507,Harshita.Sharma,0,0,10,2,0,0,0,0,0,0,0,0,GStarr,,"1. HUB-101270 : Custom Experiment for Date Tabs Release
2. HUB-101270 : Included the clean up ticket in code
3. Pull request #9450: HUB-101270 : Custom Experiment for Date Tabs Release  Merge in AX/attendee-experience-web from hub-101270 to develop  * commit '8ff630b1b9dc6d5e9ac2d23f756d6c05f4ff587a':    HUB-101270 : Included the clean up ticket in code    HUB-101270 : Custom Experiment for Date Tabs Release"
Krypto Q2 23' S5(9w 2d),2023/06/01,2023/06/14,PROD-168163,9344,Harshita.Sharma,371,243,0,0,0,0,0,0,0,0,0,0,Harshita.Sharma,,
Sprint Totals,,,,,,PR_ADDED: 371,PR_REMOVED: 243,COMMIT_ADDED: 10,COMMIT_REMOVED: 2,APPROVED: 0,COMMENTED: 0,DECLINED: 0,MERGED: 0,OPENED: 0,RESCOPED: 0,UNAPPROVED: 0,UPDATED: 0,,,

Krypto Q2 23' S6 (8w 4d),2023/06/16,2023/06/29,PROD-166554,11286,Harshita.Sharma,2,1,7,6,0,0,0,0,1,0,0,0,Harshita.Sharma,,"1. PROD-166554 : Disabling ""Enforce schedule rules"" before selecting an appointment type and clicking on add attendee we get a blank page.
2. PROD-166554 : Lint issues"
Krypto Q2 23' S6 (8w 4d),2023/06/16,2023/06/29,PROD-166554,22714,Harshita.Sharma,34,0,34,0,0,1,0,0,1,1,0,0,Harshita.Sharma,1. https://qeportal.cvent.net/blucumberExecution/1911459,"1. PROD-166554 : Added automation for scheduling appt from planner side when schedule rules are disabled
2. PROD-166554 : Added coverage for attendeeLink"
Krypto Q2 23' S6 (8w 4d),2023/06/16,2023/06/29,PROD-166554,11273,Harshita.Sharma,4,3,7,6,0,2,0,1,1,2,0,0,Harshita.Sharma,"1. Yes [it](https://stash.cvent.net/projects/APPT/repos/appointments/browse/appointments-guest-ui/shared/src/utils/schedule-rules.js#12) can be empty despite having `enforceScheduleRules`.
2. Failing testcase passing locally  ![Screenshot 2023-06-21 at 12.08.08 PM.png](attachment:3132/23541)","1. PROD-166554 : Disabling ""Enforce schedule rules"" before selecting an appointment type and clicking on add attendee we get a blank page.
2. PROD-166554 : Lint issues
3. Merge branch 'silo606' of ssh://stash.cvent.net:7999/appt/appointments into prod-166554  # Conflicts:  #	appointments-guest-ui/package.json  #	appointments-ui/package.json"
Krypto Q2 23' S6 (8w 4d),2023/06/16,2023/06/29,PROD-169654,9579,Harshita.Sharma,91,4,91,4,0,0,0,1,1,1,0,0,Harshita.Sharma,,"1. PROD-169654 : Book appointment button should remain disabled when start and end time has not been entered by user
2. PROD-169654 : Added timeframes as first time slot suggestion is selected for self schedule type"
Krypto Q2 23' S6 (8w 4d),2023/06/16,2023/06/29,PROD-169654,9611,Harshita.Sharma,0,0,0,0,0,0,0,0,0,0,0,0,MQian,,1. Pull request #9579: PROD-169654 : Book appointment button should remain disabled when start and end time has not been entered by user  Merge in AX/attendee-experience-web from prod-169654 to develop  * commit '6bfb4a319d64016ce87a0987411bce414c8c6477':    PROD-169654 : Added timeframes as first time slot suggestion is selected for self schedule type    PROD-169654 : Book appointment button should remain disabled when start and end time has not been entered by user
Krypto Q2 23' S6 (8w 4d),2023/06/16,2023/06/29,PROD-170676,9578,Harshita.Sharma,0,0,0,0,1,0,0,0,0,0,0,0,ShubhamR,,
Krypto Q2 23' S6 (8w 4d),2023/06/16,2023/06/29,PROD-171600,1560,Harshita.Sharma,0,0,7,0,0,0,0,0,0,1,0,0,MGangani,,1. HUB-96419: Add changeset
Sprint Totals,,,,,,PR_ADDED: 131,PR_REMOVED: 8,COMMIT_ADDED: 146,COMMIT_REMOVED: 16,APPROVED: 1,COMMENTED: 3,DECLINED: 0,MERGED: 2,OPENED: 4,RESCOPED: 5,UNAPPROVED: 0,UPDATED: 0,,,

Overall Totals,,,,,,PR_ADDED: 873,PR_REMOVED: 494,COMMIT_ADDED: 829,COMMIT_REMOVED: 599,APPROVED: 2,COMMENTED: 5,DECLINED: 0,MERGED: 3,OPENED: 5,RESCOPED: 12,UNAPPROVED: 0,UPDATED: 0,,,
