SPRINT,START_DATE,END_DATE,TICKET,PR_ID,USER,PR_ADDED,PR_REMOVED,COMMIT_ADDED,COMMIT_REMOVED,APPROVED,COMMENTED,DECLINED,MERGED,OPENED,RESCOPED,UNAPPROVED,UPDATED,AUTHOR,COMMENTS,COMMIT_MESSAGES
Yellow-ish - Gollum,2023/04/06,2023/04/20,HUB-38537,3419,CLeech,2845,944,0,0,0,0,0,1,1,0,0,0,CLeech,,
Yellow-ish - Gollum,2023/04/06,2023/04/20,HUB-66835,3450,CLeech,0,0,31,10,0,0,0,0,0,0,0,0,ACheng,,1. RELEASING: Releasing 3 package(s)  Releases:    @cvent/attendee-hub-graph-cdk@2.7.1    @cvent/attendee-hub-graph-it@2.7.1    @cvent/attendee-hub-graph@2.7.1  [skip ci]
Yellow-ish - Gollum,2023/04/06,2023/04/20,HUB-87431,626,CLeech,0,0,0,0,0,0,0,0,0,0,0,0,Alok.Raj,,
Yellow-ish - Gollum,2023/04/06,2023/04/20,HUB-87930,8989,CLeech,0,0,0,0,0,0,0,0,0,0,0,0,SCotewilkins,,
Yellow-ish - Gollum,2023/04/06,2023/04/20,HUB-87930,9018,CLeech,0,0,0,0,1,0,0,0,0,0,0,0,SCotewilkins,,
Yellow-ish - Gollum,2023/04/06,2023/04/20,HUB-87930,9044,CLeech,4099,2580,22,23,0,0,0,1,1,0,0,0,CLeech,,"1. WEBINAR-6478: fix color contrats issue in qa panel
2. Pull request #9029: WEBINAR-6478: fix color contrats issue in qa panel  Merge in AX/attendee-experience-web from WEBINAR-6478 to develop  * commit '6c7d3bbd77bade5d3870b925230e27f9cbd5b333':    WEBINAR-6478: fix color contrats issue in qa panel"
Yellow-ish - Gollum,2023/04/06,2023/04/20,HUB-87930,9087,CLeech,0,0,0,0,0,0,0,0,0,0,0,0,ACheng,,1. Merge remote-tracking branch 'origin/master' into downmerge/2.11.1
Yellow-ish - Gollum,2023/04/06,2023/04/20,HUB-90967,9073,CLeech,0,0,0,0,1,0,0,0,0,0,0,0,ZDavidson,,
Yellow-ish - Gollum,2023/04/06,2023/04/20,HUB-95110,9017,CLeech,0,0,0,0,0,0,0,0,0,0,0,0,LCurtis,,
Yellow-ish - Gollum,2023/04/06,2023/04/20,HUB-95110,9044,CLeech,4099,2580,0,0,0,0,0,0,0,0,0,0,CLeech,,
Yellow-ish - Gollum,2023/04/06,2023/04/20,WEBINAR-4384,2967,CLeech,316,12,0,0,0,0,0,0,0,0,0,0,CLeech,,
Yellow-ish - Gollum,2023/04/06,2023/04/20,WEBINAR-5294,3440,CLeech,0,0,0,0,1,0,0,0,0,0,0,0,LCurtis,,
Yellow-ish - Gollum,2023/04/06,2023/04/20,WEBINAR-5439,209,CLeech,2570,0,2573,3,0,0,0,1,1,1,0,0,CLeech,,"1. WEBINAR-5439: update phrase strings
2. WEBINAR-5439: revert change to tools versions"
Yellow-ish - Gollum,2023/04/06,2023/04/20,WEBINAR-5439,240,CLeech,0,0,0,0,0,0,0,0,0,0,0,0,SBundale,,1. Pull request #209: WEBINAR-5439: update phrase strings  Merge in AX/language-management from phraseapp_changes to master  * commit 'b2824805f028933d53aa09c95a560e5540f25c2d':    WEBINAR-5439: revert change to tools versions    WEBINAR-5439: update phrase strings
Yellow-ish - Gollum,2023/04/06,2023/04/20,WEBINAR-5989,2986,CLeech,0,0,0,0,1,0,0,0,0,0,1,0,SCotewilkins,,
Yellow-ish - Gollum,2023/04/06,2023/04/20,WEBINAR-6116,9077,CLeech,0,0,0,0,1,0,0,0,0,0,0,1,Alok.Raj,,
Yellow-ish - Gollum,2023/04/06,2023/04/20,WEBINAR-6464,2994,CLeech,0,0,0,0,1,0,0,0,0,0,0,0,Alok.Raj,,
Yellow-ish - Gollum,2023/04/06,2023/04/20,WEBINAR-6465,2986,CLeech,0,0,0,0,0,0,0,0,0,0,0,0,SCotewilkins,,
Yellow-ish - Gollum,2023/04/06,2023/04/20,WEBINAR-6466,9044,CLeech,4099,2580,0,0,0,0,0,0,0,0,0,0,CLeech,,
Yellow-ish - Gollum,2023/04/06,2023/04/20,WEBINAR-6473,9044,CLeech,4099,2580,0,0,0,0,0,0,0,0,0,0,CLeech,,
Yellow-ish - Gollum,2023/04/06,2023/04/20,WEBINAR-6478,9029,CLeech,22,23,0,0,0,1,0,1,1,0,0,0,CLeech,1. I dont think so. I see it being used like this in other places as well,
Yellow-ish - Gollum,2023/04/06,2023/04/20,WEBINAR-6478,9044,CLeech,4099,2580,0,0,0,0,0,0,0,0,0,0,CLeech,,
Yellow-ish - Gollum,2023/04/06,2023/04/20,WEBINAR-6479,9032,CLeech,0,0,0,0,1,0,0,0,0,0,0,0,Bogdan.Libotean,,
Yellow-ish - Gollum,2023/04/06,2023/04/20,HUB-93042,631,CLeech,4317,3729,0,0,0,0,0,0,0,0,0,0,CLeech,,
Yellow-ish - Gollum,2023/04/06,2023/04/20,HUB-95212,3424,CLeech,0,0,0,0,1,0,0,0,0,0,0,0,MPeters,,
Yellow-ish - Gollum,2023/04/06,2023/04/20,WEBINAR-5996,1870,CLeech,147,39,226,118,0,2,0,1,1,5,0,0,CLeech,"1. Yup lol. I just figured it out and pushed another update. Should be green after this build :crossed_fingers:
2. hmm not sure whats going on here theyre all passing locally but failing in jenkins  ![Screenshot 2023-04-14 at 4.50.18 PM.png](attachment:14012/19941)","1. WEBINAR-5996: initial commit
2. WEBINAR-5996: pull phrase strings from falcon-emails
3. WEBINAR-5996: remove extra string folder and changeset
4. WEBINAR-5996: pass different locale to test
5. WEBINAR-5996: fix path in phraseapp.yml and revert tools versions
6. WEBINAR-5996: update path for phrase strings
7. WEBINAR-5996: another phrase pull to grab the other translations"
Yellow-ish - Gollum,2023/04/06,2023/04/20,WEBINAR-6535,3021,CLeech,0,0,0,0,1,0,0,0,0,0,1,0,MPeters,,
Yellow-ish - Gollum,2023/04/06,2023/04/20,WEBINAR-7303,9094,CLeech,0,0,0,0,1,0,0,0,0,0,0,0,Alok.Raj,,
Sprint Totals,,,,,,PR_ADDED: 30712,PR_REMOVED: 17647,COMMIT_ADDED: 2852,COMMIT_REMOVED: 154,APPROVED: 10,COMMENTED: 3,DECLINED: 0,MERGED: 5,OPENED: 5,RESCOPED: 6,UNAPPROVED: 2,UPDATED: 1,,,

Yellow-ish - HolywoodHulkHogan,2023/04/20,2023/05/04,CMOBL-153482,9134,CLeech,0,0,0,0,1,0,0,0,0,0,0,0,LCurtis,,
Yellow-ish - HolywoodHulkHogan,2023/04/20,2023/05/04,CMOBL-153482,9159,CLeech,0,0,0,0,1,0,0,0,0,0,0,0,LCurtis,,
Yellow-ish - HolywoodHulkHogan,2023/04/20,2023/05/04,HUB-81353,28,CLeech,0,0,0,0,1,0,0,0,0,0,0,1,MPeters,,
Yellow-ish - HolywoodHulkHogan,2023/04/20,2023/05/04,HUB-93042,631,CLeech,4317,3729,5523,4935,0,0,0,1,1,11,0,0,CLeech,,"1. HUB-93042: update deps. initial commit
2. HUB-93042: commit more upgrades
3. HUB-93042: more upgrades and add changeset
4. HUB-93042: more upgrades and lower coverage thresholds
5. HUB-93042: more upgrades
6. HUB-93042: more upgrades
7. HUB-93042: more upgrades
8. HUB-93042: more upgrades
9. HUB-93042: more upgrades
10. HUB-93042: cdk upgrades
11. HUB-93042: forgot to update changeset
12. HUB-93042: e2e upgrades
13. HUB-93042: more upgrades"
Yellow-ish - HolywoodHulkHogan,2023/04/20,2023/05/04,HUB-93137,632,CLeech,1,0,1,0,0,0,0,1,1,0,0,0,CLeech,,1. HUB-93137: Adding backstage.io/techdocs-ref annotation
Yellow-ish - HolywoodHulkHogan,2023/04/20,2023/05/04,HUB-95212,3424,CLeech,0,0,0,0,0,0,0,0,0,0,0,0,MPeters,,
Yellow-ish - HolywoodHulkHogan,2023/04/20,2023/05/04,HUB-95591,3055,CLeech,0,0,0,0,1,0,0,0,0,0,1,0,LCurtis,,
Yellow-ish - HolywoodHulkHogan,2023/04/20,2023/05/04,PROD-141944,452,CLeech,0,0,0,0,1,0,0,0,0,0,0,1,MPeters,,
Yellow-ish - HolywoodHulkHogan,2023/04/20,2023/05/04,WEBINAR-5996,1870,CLeech,147,39,0,0,0,0,0,0,0,0,0,0,CLeech,,
Yellow-ish - HolywoodHulkHogan,2023/04/20,2023/05/04,WEBINAR-6535,3021,CLeech,0,0,0,0,0,0,0,0,0,0,0,0,MPeters,,
Yellow-ish - HolywoodHulkHogan,2023/04/20,2023/05/04,WEBINAR-7090,93,CLeech,0,0,0,0,1,0,0,0,0,0,0,0,MPeters,,
Yellow-ish - HolywoodHulkHogan,2023/04/20,2023/05/04,WEBINAR-7303,9094,CLeech,0,0,0,0,0,0,0,0,0,0,0,0,Alok.Raj,,
Yellow-ish - HolywoodHulkHogan,2023/04/20,2023/05/04,HUB-63461,1229,CLeech,0,0,0,0,0,0,0,0,0,0,0,0,RMunera,,
Yellow-ish - HolywoodHulkHogan,2023/04/20,2023/05/04,HUB-98174,3101,CLeech,0,0,0,0,0,0,0,0,0,0,0,0,SCotewilkins,,
Yellow-ish - HolywoodHulkHogan,2023/04/20,2023/05/04,PROD-163525,633,CLeech,45,2,0,0,0,0,0,0,0,0,0,0,CLeech,,
Yellow-ish - HolywoodHulkHogan,2023/04/20,2023/05/04,PROD-163525,1230,CLeech,101,73,525,83,0,0,0,0,0,0,0,0,CLeech,,"1. PROD-163525: initial commit
2. PROD-163525: committing most recent changes
3. PROD-163525: push latest changes
4. Push latest
5. PROD-163525: clean up"
Yellow-ish - HolywoodHulkHogan,2023/04/20,2023/05/04,PROD-163525,1238,CLeech,46,20,0,0,0,0,0,0,0,0,0,0,CLeech,,
Yellow-ish - HolywoodHulkHogan,2023/04/20,2023/05/04,WEBINAR-7505,9180,CLeech,0,0,0,0,0,0,0,0,0,0,0,0,Bogdan.Libotean,,
Yellow-ish - HolywoodHulkHogan,2023/04/20,2023/05/04,WEBINAR-7505,9293,CLeech,0,0,0,0,0,0,0,0,0,0,0,0,Shea.Sullivan,,
Yellow-ish - HolywoodHulkHogan,2023/04/20,2023/05/04,WEBINAR-7722,2728,CLeech,0,0,0,0,0,0,0,0,0,0,0,0,ZDavidson,,
Sprint Totals,,,,,,PR_ADDED: 4657,PR_REMOVED: 3863,COMMIT_ADDED: 6049,COMMIT_REMOVED: 5018,APPROVED: 6,COMMENTED: 0,DECLINED: 0,MERGED: 2,OPENED: 2,RESCOPED: 11,UNAPPROVED: 1,UPDATED: 2,,,

Yellow-ish - Immortan Joe,2023/05/05,2023/05/18,HUB-63461,1229,CLeech,0,0,0,0,1,0,0,0,0,0,0,0,RMunera,,
Yellow-ish - Immortan Joe,2023/05/05,2023/05/18,HUB-90832,9221,CLeech,125,11,127,13,0,1,0,1,1,3,0,0,CLeech,1. Yup we should. Will update.,"1. HUB-90832: Hook up mixpanl facts to cvent branding block
2. HUB-90832: add new props to info page and update storybooks
3. HUB-90832: update casing in branding block actions
4. HUB-90832: update snapshot tests"
Yellow-ish - Immortan Joe,2023/05/05,2023/05/18,HUB-90832,9293,CLeech,0,0,8,3,0,0,0,0,0,1,0,0,Shea.Sullivan,,"1. HUB-95105: Update gpc app feature to 71
2. HUB-95105: add clean up ticket to appfeatures
3. Applied suggestion
4. Merge branch 'HUB-95105_CL' of ssh://stash.cvent.net:7999/ax/attendee-experience-web into HUB-95105_CL
5. Pull request #9291: HUB-95105: Update gpc app feature to 71  Merge in AX/attendee-experience-web from HUB-95105_CL to release/2.16.0  * commit '2196c104686c860ebdae9fb4b153e94e0e371e80':    HUB-95105: add clean up ticket to appfeatures    Applied suggestion    HUB-95105: Update gpc app feature to 71"
Yellow-ish - Immortan Joe,2023/05/05,2023/05/18,HUB-95105,9291,CLeech,6,1,0,0,0,1,0,1,1,2,0,1,CLeech,1. done!,
Yellow-ish - Immortan Joe,2023/05/05,2023/05/18,HUB-95105,9293,CLeech,0,0,0,0,0,0,0,0,0,0,0,0,Shea.Sullivan,,
Yellow-ish - Immortan Joe,2023/05/05,2023/05/18,HUB-95105,9289,CLeech,53,10,7,6,0,0,1,0,1,0,0,0,CLeech,,1. HUB-95105: update gpc app feature to 71
Yellow-ish - Immortan Joe,2023/05/05,2023/05/18,HUB-98174,3101,CLeech,0,0,0,0,0,0,0,0,0,0,0,0,SCotewilkins,,
Yellow-ish - Immortan Joe,2023/05/05,2023/05/18,HUB-98176,3110,CLeech,0,0,0,0,0,0,0,0,0,0,0,0,Bogdan.Libotean,,
Yellow-ish - Immortan Joe,2023/05/05,2023/05/18,HUB-99349,1235,CLeech,0,0,0,0,1,0,0,0,0,0,0,0,RMunera,,
Yellow-ish - Immortan Joe,2023/05/05,2023/05/18,PROD-165888,9203,CLeech,0,0,0,0,1,0,0,0,0,0,0,0,LCurtis,,
Yellow-ish - Immortan Joe,2023/05/05,2023/05/18,PROD-165893,9218,CLeech,0,0,0,0,1,0,0,0,0,0,0,0,LCurtis,,
Yellow-ish - Immortan Joe,2023/05/05,2023/05/18,PROD-165893,9293,CLeech,0,0,0,0,0,0,0,0,0,0,0,0,Shea.Sullivan,,
Yellow-ish - Immortan Joe,2023/05/05,2023/05/18,PROD-166632,3134,CLeech,0,0,0,0,1,0,0,0,0,0,0,0,LCurtis,,
Yellow-ish - Immortan Joe,2023/05/05,2023/05/18,WEBINAR-7505,9180,CLeech,0,0,0,0,0,0,0,0,0,0,0,0,Bogdan.Libotean,,
Yellow-ish - Immortan Joe,2023/05/05,2023/05/18,WEBINAR-7505,9293,CLeech,0,0,0,0,0,0,0,0,0,0,0,0,Shea.Sullivan,,
Yellow-ish - Immortan Joe,2023/05/05,2023/05/18,WEBINAR-7722,2728,CLeech,0,0,0,0,2,0,0,0,0,0,1,0,ZDavidson,,
Yellow-ish - Immortan Joe,2023/05/05,2023/05/18,HUB-93133,9369,CLeech,4766,2626,0,0,0,0,0,0,0,0,0,0,CLeech,,
Yellow-ish - Immortan Joe,2023/05/05,2023/05/18,HUB-93133,9331,CLeech,5223,4777,3679,3505,0,0,0,0,0,0,0,0,CLeech,,"1. HUB-93133: initial commit
2. HUB-93133: more upgrades
3. HUB-93133: more upgrades
4. HUB-93133: more upgrades
5. HUB-93133: another round of upgrades
6. HUB-93133: more upgrades
7. HUB-93133: more upgrades
8. HUB-93133: more upgrades
9. HUB-93133: more upgrades
10. HUB-93133: more upgrades"
Yellow-ish - Immortan Joe,2023/05/05,2023/05/18,HUB-96309,9387,CLeech,0,0,0,0,0,0,0,0,0,0,0,0,Bogdan.Libotean,,
Yellow-ish - Immortan Joe,2023/05/05,2023/05/18,PROD-163525,633,CLeech,45,2,45,2,0,1,0,1,1,1,0,0,CLeech,1. Yup we should. Done,"1. PROD-163525: updat authorize/event call to grab reg URL and pass down to still havent registered link
2. PROD-163525: update tests"
Yellow-ish - Immortan Joe,2023/05/05,2023/05/18,PROD-163525,1230,CLeech,101,73,327,750,0,3,0,1,1,9,0,0,CLeech,"1. This test doesnt make sense anymore. Removing
2. Should sg50.test.yaml and the cloudformation/stacks stuff be deleted?
3. It shouldnt be. Going to put it back","1. PROD-163525: Update logic in getOAuthEvent to return a reg url
2. PROD-163525: fix tests
3. PROD-163525: pull latest from master
4. PROD-163525: remove unused import
5. PROD-163525: remove sg50 config stuff
6. HUB-163525: remove check for status on event website
7. PROD-163525: fix tests
8. PROD-163525: forgot to remove local-sg5p again
9. PROD-163525: update test data
10. PROD-163525: put the test.xml back"
Yellow-ish - Immortan Joe,2023/05/05,2023/05/18,PROD-163525,1238,CLeech,46,20,77,35,0,8,0,0,1,4,0,0,CLeech,"1. turfing this for now. The events used in the ITS are old and not considered container events. We get the status of the eventSiteURL from ""containerFeatures"". but since this event is not a container event it does not have container features
2. Actually we're good. Im adding an extra condition to check if its a container event. That will allow for backwards compatibility for those types of events. I think we're good :thumbsup:
3. Yes it can be if its not  a container event
4. Just tested it with this event: 6500320c-1ee6-43e2-8a21-381694d35d2d  If its not a container event, it will not have a websiteStatus. And therefore setEventWebsite = false and not return the eventSiteUrl
5. We should probably have a check for non-container events so we dont break anything in those old type of events. We have a isContainer field in the snapshot I can use to check it.
6. Ok ive updated to handle the case where event website status is null. This should now work for container, old non container, and webinar events
7. deleted this. Since we dont support non container event we dont need this anymore
8. same here. Deleted","1. PROD-163525: fix bug with eventWebsiteURL
2. PROD-163525: add changeset
3. PROD-163525: fix test
4. PROD-163525: update test
5. PROD-163525: Add condition to check for isContainer when returning eventsiteURL and update tests
6. PROD-163525: update another test"
Yellow-ish - Immortan Joe,2023/05/05,2023/05/18,WEBINAR-6463,1237,CLeech,0,0,0,0,1,1,0,0,0,0,0,0,ZDavidson,1. What is this? Is this a temporary thing? do we want it to always return false?,
Yellow-ish - Immortan Joe,2023/05/05,2023/05/18,WEBINAR-6484,459,CLeech,0,0,0,0,0,0,0,0,0,0,0,0,Alok.Raj,,
Sprint Totals,,,,,,PR_ADDED: 10365,PR_REMOVED: 7520,COMMIT_ADDED: 4270,COMMIT_REMOVED: 4314,APPROVED: 8,COMMENTED: 15,DECLINED: 1,MERGED: 4,OPENED: 6,RESCOPED: 20,UNAPPROVED: 1,UPDATED: 1,,,

Yellow-ish - Joker,2023/05/18,2023/06/01,HUB-93133,9369,CLeech,4766,2626,7153,5316,0,5,0,1,1,9,0,0,CLeech,"1. Still trying to figure this out. I was able to build and run tests in this package successfully so I'm not sure exactly what I missed
2. have any tips for finding the breaking change? Im able to run that oktaws command, pnpm build, and pnpm tests all successfully.
3. Not really but I ran tests after this and im sure all the assertions passed. I definitely didnt update the pnpmfile tho so ill do that.
4. Will alert vroom team ^^
5. Yes and we will let this bake in develop for a week before releasing incase anything was miissed","1. HUB-93133: upgrades
2. HUB-93133: more upgrades
3. HUB-93133: more upgrades
4. HUB-93133: cdk upgrades
5. HUB-93133: e2e upgrades
6. HUB-93133: merge conflicts
7. HUB-93133: trying to fix lock file
8. HUB-93133: update lock file in cdk package
9. HUB-93133: merge conflicts and trying to fiix lock file
10. HUB-93133: update pnpnfile
11. HUB-93133: merge conflicts again
12. HUB-93133: revert changes in cdk
13. HUB-93133: revert pnpm file
14. HUB-93133: try updating lock file
15. HUB-93133: revert aws/cdk and log client"
Yellow-ish - Joker,2023/05/18,2023/06/01,HUB-93133,9331,CLeech,5223,4777,2680,2477,0,2,1,0,1,5,0,0,CLeech,"1. yeah it must have been missed during that last upgrade
2. Oh yes forgot to check generate.. and sure enough this breaks it. Will revert this upgrade for now.","1. HUB-93133: more upgrades
2. HUB-93133: cdk upgrades
3. HUB-93133: merge conflicts
4. HUB-93133: add changeset
5. HUB-93133-CL: update e2e dependencies
6. HUB-93133: resolve merge conflicts
7. HUB-93133: merge conflicts"
Yellow-ish - Joker,2023/05/18,2023/06/01,HUB-94719,10764,CLeech,0,0,0,0,1,0,0,0,0,0,0,0,LCurtis,,
Yellow-ish - Joker,2023/05/18,2023/06/01,HUB-96309,9387,CLeech,0,0,0,0,1,0,0,0,0,0,0,1,Bogdan.Libotean,,
Yellow-ish - Joker,2023/05/18,2023/06/01,HUB-97156,9365,CLeech,0,0,0,0,1,0,0,0,0,0,0,0,LCurtis,,
Yellow-ish - Joker,2023/05/18,2023/06/01,HUB-99629,3555,CLeech,0,0,0,0,1,0,0,0,0,0,0,0,ZDavidson,,
Yellow-ish - Joker,2023/05/18,2023/06/01,HUB-99629,3556,CLeech,0,0,0,0,1,0,0,0,0,0,0,0,ZDavidson,,
Yellow-ish - Joker,2023/05/18,2023/06/01,PROD-163525,633,CLeech,45,2,0,0,0,0,0,0,0,0,0,0,CLeech,,
Yellow-ish - Joker,2023/05/18,2023/06/01,PROD-163525,1230,CLeech,101,73,0,0,0,0,0,0,0,0,0,0,CLeech,,
Yellow-ish - Joker,2023/05/18,2023/06/01,PROD-163525,1238,CLeech,46,20,32,48,0,1,0,1,0,5,0,0,CLeech,1. yes there is.,"1. PROD-163525: fix bug with event website
2. PROD-163525: update tests
3. PROD-163525: responding to pr feedback
4. PROD-163525: update test fixtures
5. PROD-163525: fix service fixtures"
Yellow-ish - Joker,2023/05/18,2023/06/01,PROD-167740,9328,CLeech,0,0,0,0,1,0,0,0,0,0,0,0,MPeters,,
Yellow-ish - Joker,2023/05/18,2023/06/01,WEBINAR-6346,3180,CLeech,29,1,29,1,0,0,0,1,1,0,0,0,CLeech,,1. WEBINAR-6346: hide branding section for self serve accounts
Yellow-ish - Joker,2023/05/18,2023/06/01,WEBINAR-6463,1237,CLeech,0,0,0,0,0,0,0,0,0,0,0,0,ZDavidson,,
Yellow-ish - Joker,2023/05/18,2023/06/01,WEBINAR-6532,9350,CLeech,0,0,0,0,1,0,0,0,0,0,0,0,MPeters,,
Yellow-ish - Joker,2023/05/18,2023/06/01,HUB-94455,639,CLeech,0,0,0,0,0,0,0,0,0,0,0,0,Bogdan.Libotean,,
Yellow-ish - Joker,2023/05/18,2023/06/01,HUB-94455,9454,CLeech,0,0,0,0,0,0,0,0,0,0,0,0,Bogdan.Libotean,,
Yellow-ish - Joker,2023/05/18,2023/06/01,HUB-94455,634,CLeech,0,0,0,0,1,0,0,0,0,0,0,0,Bogdan.Libotean,,
Yellow-ish - Joker,2023/05/18,2023/06/01,HUB-97949,638,CLeech,77,6,133,62,0,4,0,1,1,3,0,0,CLeech,"1. Yup. Will update.
2. done
3. done
4. done","1. HUB-97949: Gate code snippets on user consent
2. HUB-97949: move snippet filtering up a level and add tests
3. HUB-97949: move function into utils
4. HUB-97949: remove redundant equality check"
Yellow-ish - Joker,2023/05/18,2023/06/01,HUB-97949,641,CLeech,31,18,0,0,0,0,0,0,0,0,0,0,CLeech,,
Yellow-ish - Joker,2023/05/18,2023/06/01,HUB-97949,642,CLeech,0,0,0,0,0,0,0,0,0,0,0,0,LCurtis,,
Yellow-ish - Joker,2023/05/18,2023/06/01,HUB-97949,644,CLeech,0,0,0,0,0,0,0,0,0,0,0,0,LCurtis,,
Yellow-ish - Joker,2023/05/18,2023/06/01,HUB-97949,645,CLeech,0,0,0,0,0,0,0,0,0,0,0,0,LCurtis,,
Yellow-ish - Joker,2023/05/18,2023/06/01,WEBINAR-4286,9044,CLeech,4099,2580,0,0,0,0,0,0,0,0,0,0,CLeech,,
Yellow-ish - Joker,2023/05/18,2023/06/01,WEBINAR-6460,1240,CLeech,0,0,0,0,0,0,0,0,0,0,0,0,RMunera,,
Yellow-ish - Joker,2023/05/18,2023/06/01,WEBINAR-6460,1242,CLeech,0,0,0,0,0,0,0,0,0,0,0,0,RMunera,,
Yellow-ish - Joker,2023/05/18,2023/06/01,WEBINAR-6460,1247,CLeech,0,0,0,0,0,0,0,0,0,0,0,0,RMunera,,
Yellow-ish - Joker,2023/05/18,2023/06/01,WEBINAR-6460,9350,CLeech,0,0,0,0,0,0,0,0,0,0,0,0,MPeters,,
Yellow-ish - Joker,2023/05/18,2023/06/01,WEBINAR-6484,459,CLeech,0,0,0,0,0,0,0,0,0,0,0,0,Alok.Raj,,
Yellow-ish - Joker,2023/05/18,2023/06/01,WEBINAR-8589,3198,CLeech,0,0,0,0,1,0,0,0,0,0,0,0,LCurtis,,
Sprint Totals,,,,,,PR_ADDED: 14417,PR_REMOVED: 10103,COMMIT_ADDED: 10027,COMMIT_REMOVED: 7904,APPROVED: 9,COMMENTED: 12,DECLINED: 1,MERGED: 4,OPENED: 4,RESCOPED: 22,UNAPPROVED: 0,UPDATED: 1,,,

Yellow-ish - Karen,2023/06/02,2023/06/15,HUB-94455,639,CLeech,0,0,0,0,1,0,0,0,0,0,0,0,Bogdan.Libotean,,
Yellow-ish - Karen,2023/06/02,2023/06/15,HUB-94455,9454,CLeech,0,0,0,0,1,0,0,0,0,0,0,0,Bogdan.Libotean,,
Yellow-ish - Karen,2023/06/02,2023/06/15,HUB-94455,634,CLeech,0,0,0,0,0,0,0,0,0,0,0,0,Bogdan.Libotean,,
Yellow-ish - Karen,2023/06/02,2023/06/15,HUB-97949,638,CLeech,77,6,0,0,0,0,0,0,0,0,0,0,CLeech,,
Yellow-ish - Karen,2023/06/02,2023/06/15,HUB-97949,641,CLeech,31,18,0,0,0,0,0,1,0,0,0,0,CLeech,,
Yellow-ish - Karen,2023/06/02,2023/06/15,HUB-97949,642,CLeech,0,0,0,0,1,0,0,0,0,0,0,0,LCurtis,,
Yellow-ish - Karen,2023/06/02,2023/06/15,HUB-97949,644,CLeech,0,0,0,0,1,0,0,0,0,0,0,0,LCurtis,,
Yellow-ish - Karen,2023/06/02,2023/06/15,HUB-97949,645,CLeech,0,0,0,0,1,0,0,0,0,0,0,0,LCurtis,,
Yellow-ish - Karen,2023/06/02,2023/06/15,HUB-102882,9508,CLeech,0,0,0,0,1,0,0,0,0,0,0,0,LCurtis,,
Yellow-ish - Karen,2023/06/02,2023/06/15,PROD-166558,648,CLeech,8,1,8,1,0,0,0,1,1,0,0,0,CLeech,,1. PROD-166558: make cookie banner scrollable in mobile views
Yellow-ish - Karen,2023/06/02,2023/06/15,PROD-166558,9512,CLeech,7,0,10,3,0,1,0,1,1,1,0,0,CLeech,1. Good call :thumbsup: Auto works better.  Will update,"1. PROD-166558: make cookie banner scrollable in mobile views
2. PROD-166558: change overflow to auto"
Yellow-ish - Karen,2023/06/02,2023/06/15,WEBINAR-4286,9044,CLeech,4099,2580,0,0,0,0,0,0,0,0,0,0,CLeech,,
Yellow-ish - Karen,2023/06/02,2023/06/15,WEBINAR-6460,1240,CLeech,0,0,0,0,0,0,0,0,0,0,0,0,RMunera,,
Yellow-ish - Karen,2023/06/02,2023/06/15,WEBINAR-6460,1242,CLeech,0,0,0,0,1,0,0,0,0,0,0,1,RMunera,,
Yellow-ish - Karen,2023/06/02,2023/06/15,WEBINAR-6460,1247,CLeech,0,0,0,0,1,0,0,0,0,0,0,1,RMunera,,
Yellow-ish - Karen,2023/06/02,2023/06/15,WEBINAR-6460,9350,CLeech,0,0,0,0,0,0,0,0,0,0,0,0,MPeters,,
Yellow-ish - Karen,2023/06/02,2023/06/15,WEBINAR-6484,459,CLeech,0,0,0,0,1,0,0,0,0,0,0,1,Alok.Raj,,
Yellow-ish - Karen,2023/06/02,2023/06/15,WEBINAR-8589,3198,CLeech,0,0,0,0,0,0,0,0,0,0,0,0,LCurtis,,
Yellow-ish - Karen,2023/06/02,2023/06/15,WEBINAR-9169,9455,CLeech,197,134,205,146,0,6,0,1,1,3,0,0,CLeech,"1. oopsies!
2. We didnt have a good token to use for the rgb value here. Its always going black and this is just a temporary fix anyways. This whole speaker carousel is being rebuilt in the near future.
3. Single speaker view:   Desktop:  ![Screenshot 2023-06-07 at 2.52.15 PM.png](attachment:18181/22773)  Tablet:  ![Screenshot 2023-06-07 at 2.52.46 PM.png](attachment:18181/22775)   Mobile:  ![Screenshot 2023-06-07 at 2.52.33 PM.png](attachment:18181/22774)
4. nope will remove
5. Speaker carousel with minimal details:  ![Screenshot 2023-06-07 at 3.06.36 PM.png](attachment:18181/22776)
6. Probably not but it was like this before my changes. I simply wanna put up a temp solution to fix the bubbles/avatars covering each other up. We'll be refactoring this whole component in the near future and I bet this stuff will change.","1. WEBINAR-9169: temp fix for speaker carousel
2. WEBINAR-9169: merge conflicts
3. WEBINAR-9169: remove console log
4. WEBINAR-9169: responding to pr feedback"
Yellow-ish - Karen,2023/06/02,2023/06/15,WEBINAR-9971,9454,CLeech,0,0,0,0,0,0,0,0,0,0,0,0,Bogdan.Libotean,,
Yellow-ish - Karen,2023/06/02,2023/06/15,WEBINAR-10322,3221,CLeech,0,0,0,0,1,0,0,0,0,0,0,0,LCurtis,,
Sprint Totals,,,,,,PR_ADDED: 4419,PR_REMOVED: 2739,COMMIT_ADDED: 223,COMMIT_REMOVED: 150,APPROVED: 10,COMMENTED: 7,DECLINED: 0,MERGED: 4,OPENED: 3,RESCOPED: 4,UNAPPROVED: 0,UPDATED: 3,,,

Yellow-ish - Lucifer,2023/06/16,2023/06/29,HUB-93138,9572,CLeech,11,12,11,12,0,0,0,1,1,0,0,0,CLeech,,"1. HUB-93138: remove old appfeatures
2. Merge branch 'develop' of ssh://stash.cvent.net:7999/ax/attendee-experience-web into HUB-93138
3. HUB-93138: clean up feature flags"
Yellow-ish - Lucifer,2023/06/16,2023/06/29,HUB-99717,1248,CLeech,0,0,0,0,0,0,0,0,0,0,0,0,MPeters,,
Yellow-ish - Lucifer,2023/06/16,2023/06/29,HUB-104490,3624,CLeech,0,0,0,0,1,0,0,0,0,0,0,0,MPeters,,
Yellow-ish - Lucifer,2023/06/16,2023/06/29,PROD-168293,9535,CLeech,0,0,0,0,1,0,0,0,0,0,0,1,Bogdan.Libotean,,
Yellow-ish - Lucifer,2023/06/16,2023/06/29,PROD-168570,681,CLeech,0,0,0,0,0,0,0,0,0,0,0,0,Bogdan.Libotean,,
Yellow-ish - Lucifer,2023/06/16,2023/06/29,PROD-168962,1548,CLeech,0,0,0,0,1,0,0,0,0,0,0,1,Alok.Raj,,
Yellow-ish - Lucifer,2023/06/16,2023/06/29,PROD-170128,1257,CLeech,0,0,0,0,0,0,0,0,0,0,0,0,RMunera,,
Yellow-ish - Lucifer,2023/06/16,2023/06/29,PROD-170128,1258,CLeech,0,0,0,0,0,0,0,0,0,0,0,0,RMunera,,
Yellow-ish - Lucifer,2023/06/16,2023/06/29,PROD-170128,1263,CLeech,0,0,0,0,1,0,0,0,0,0,0,1,RMunera,,
Yellow-ish - Lucifer,2023/06/16,2023/06/29,PROD-170128,17849,CLeech,0,0,0,0,0,0,0,0,0,0,0,0,RMunera,,
Yellow-ish - Lucifer,2023/06/16,2023/06/29,PROD-170128,17875,CLeech,0,0,0,0,1,0,0,0,0,0,0,1,RMunera,,
Yellow-ish - Lucifer,2023/06/16,2023/06/29,PROD-170128,17879,CLeech,0,0,0,0,1,0,0,0,0,0,0,1,RMunera,,
Yellow-ish - Lucifer,2023/06/16,2023/06/29,WEBINAR-6458,9521,CLeech,0,0,0,0,0,0,0,0,0,0,0,0,LCurtis,,
Yellow-ish - Lucifer,2023/06/16,2023/06/29,WEBINAR-6458,9551,CLeech,0,0,0,0,0,0,0,0,0,0,0,0,MGangani,,"1. WEBINAR-10707: fix merge conflicts
2. Pull request #9531: WEBINAR-10707: Add do not sell link to footer on landing page  Merge in AX/attendee-experience-web from WEBINAR-10707 to develop  * commit '0ed3e950617150b30cf459814258cc9bb2c57655':    WEBINAR-10707: Add do not sell link to footer on landing page"
Yellow-ish - Lucifer,2023/06/16,2023/06/29,WEBINAR-6461,649,CLeech,0,0,0,0,0,0,0,0,0,0,0,0,LCurtis,,
Yellow-ish - Lucifer,2023/06/16,2023/06/29,WEBINAR-6461,653,CLeech,0,0,0,0,0,0,0,0,0,0,0,0,LCurtis,,
Yellow-ish - Lucifer,2023/06/16,2023/06/29,WEBINAR-10707,9531,CLeech,28,4,28,4,0,2,0,1,1,1,0,0,CLeech,"1. Desktop:  ![Screenshot 2023-06-16 at 3.22.00 PM.png](attachment:18181/23376)  Mobile:   ![Screenshot 2023-06-16 at 3.22.11 PM.png](attachment:18181/23375)
2. Yes this is null safe.",1. WEBINAR-10707: Add do not sell link to footer on landing page
Yellow-ish - Lucifer,2023/06/16,2023/06/29,WEBINAR-10864,9549,CLeech,0,0,0,0,1,0,0,0,0,0,0,0,Alok.Raj,,
Yellow-ish - Lucifer,2023/06/16,2023/06/29,WEBINAR-11178,656,CLeech,0,0,0,0,1,0,0,0,0,0,0,0,LCurtis,,
Sprint Totals,,,,,,PR_ADDED: 39,PR_REMOVED: 16,COMMIT_ADDED: 39,COMMIT_REMOVED: 16,APPROVED: 8,COMMENTED: 2,DECLINED: 0,MERGED: 2,OPENED: 2,RESCOPED: 1,UNAPPROVED: 0,UPDATED: 5,,,

Overall Totals,,,,,,PR_ADDED: 64609,PR_REMOVED: 41888,COMMIT_ADDED: 23460,COMMIT_REMOVED: 17556,APPROVED: 51,COMMENTED: 39,DECLINED: 2,MERGED: 21,OPENED: 22,RESCOPED: 64,UNAPPROVED: 4,UPDATED: 13,,,
