SPRINT,START_DATE,END_DATE,TICKET,PR_ID,USER,PR_ADDED,PR_REMOVED,COMMIT_ADDED,COMMIT_REMOVED,APPROVED,COMMENTED,DECLINED,MERGED,OPENED,RESCOPED,UNAPPROVED,UPDATED,AUTHOR,COMMENTS,COMMIT_MESSAGES
Q2 2023 - Sprint 2,2023/04/20,2023/05/03,PROD-165670,142461,SKapri,0,0,0,0,0,0,0,0,0,2,0,0,"Verma, Tushar",,
Q2 2023 - Sprint 2,2023/04/20,2023/05/03,PROD-165670,143061,SKapri,0,0,0,0,0,0,0,0,0,2,0,0,Ayesha.Khan,,
Q2 2023 - Sprint 2,2023/04/20,2023/05/03,PROD-165670,144525,SKapri,0,0,0,0,0,0,0,0,0,2,0,0,spujara,,
Q2 2023 - Sprint 2,2023/04/20,2023/05/03,PROD-165670,148894,SKapri,0,0,0,0,0,0,0,0,0,0,0,0,SNitin,,
Q2 2023 - Sprint 2,2023/04/20,2023/05/03,PROD-165670,148210,SKapri,0,0,0,0,0,0,0,0,0,2,0,0,Vinodkumar.Yadav,,
Q2 2023 - Sprint 2,2023/04/20,2023/05/03,PROD-165670,148416,SKapri,0,0,0,0,0,0,0,0,0,0,0,0,qtpman,,"1. Pull request #148329: Ccid 2538  Merge in CVT/c4 from ccid-2538 to ccid-2540  * commit '6af6250f8ac094e73c510f2afb27a328b4805717':
2. Pull request #148317: Prod 165626  Merge in CVT/c4 from prod-165626 to ccid-2540  * commit 'f4720c7e50f907b9f4661173d2dc10a5542e57c5':    PROD-165626: Add deprecation notice    PROD-165626: Update up_impt_LoadImportFile SP to use up_cvnt_CONTACT_IsNewPreprocessorEnabled for checking if new preprocessor is enabled or not
3. Pull request #148318: Cmobl 141580 ccid 2538  Merge in CVT/c4 from cmobl-141580-ccid-2538 to ccid-2540  * commit 'bd96f82551d838b8165b2b038d04d3a02e19dd46':    NA-0: Merge ccid-2538 and Cvent.Controls nuget updates    NA-0: Cvent.Controls nuget updates    CMOBL-141580: Agenda feature session message grid    CMOBL-141580: Display order empty grid covered and better api loggin added    CMOBL-141580: Event title elipsis    CMOBL-141580: Handle NRE for empty grid    CMOBL-141580: UniversalCheckinClient paging    CMOBL-141580: Bump message limit per type    CMOBL-141580: Nuget Cvent.Controls    CMOBL-141580: Prase resources    CMOBL-141580: Add/edit new session custom notification
4. Pull request #148316: FLEX-88029:Retention policy  Merge in CVT/c4 from prod-165547 to ccid-2540  * commit '60d87cfc8d7c52a1e447623d5e6161a95329a1b6':    FLEX-88029:Retention policy
5. Pull request #148321: PROD-165070: LU changes  Merge in CVT/c4 from prod-165070 to ccid-2540  * commit 'e40da9fda408fea253dd1ec51090e815926e390c':    PROD-165070: LU changes
6. Pull request #148322: Prod 152149 final  Merge in CVT/c4 from prod-152149-final to ccid-2540  * commit '23ec836c5fcaca2cea37c8976ab00156f762d5d1':    PROD-152149:Reverted unnecessary changes    PROD-152149: Only Sorce Type Updated    PROD-152149:Addressed Review Comments    PROD-152149:Requested user case changed for parameter    PROD-152149:User Check Added    CreateUsersWizardStep1Controller.cs edited online with Bitbucket
7. Pull request #148319: Prod 165762  Merge in CVT/c4 from prod-165762 to ccid-2540  * commit '735ebfd091b782fdcb08804f3d350c36ad1a0ff7':    up_rfp_GetListApproverRequester.sql edited online with Bitbucket    up_rfp_GetListApproverRequester.sql edited online with Bitbucket
8. Pull request #148343: PROD-165779: Add new TVPs tmpAirReservationActualAudit_v1 and tmpAirReservationActualDetailAudit_v1  Merge in CVT/c4 from prod-165779 to ccid-2540  * commit 'fd14d18953a51a77fb437dac9f6f03c3c22fb170':    PROD-165779: Add new TVPs tmpAirReservationActualAudit_v1 and tmpAirReservationActualDetailAudit_v1
9. Pull request #148344: PROD-165718: Updated SP to fix the logic for ST template issue  Merge in CVT/c4 from prod-165718 to ccid-2540  * commit '9c044d89bde2081efd05253064f325d95617fa50':    PROD-165718: Updated SP to fix the logic for ST template issue"
Q2 2023 - Sprint 2,2023/04/20,2023/05/03,PROD-165670,148437,SKapri,0,0,0,0,0,0,0,0,0,0,0,0,SMahale,,1. Pull request #148326: Prod  Merge in CVT/c4 from prod to ccid-2538  * commit 'ea3136a54f03a33a1cd9e59d8dab5b6d0dd4cfb8':
Q2 2023 - Sprint 2,2023/04/20,2023/05/03,PROD-165670,148494,SKapri,0,0,0,0,0,0,0,0,0,0,0,0,SSao,,1. Pull request #148330: Prod 165669  Merge in CVT/c4 from prod-165669 to ccid-2542  * commit '3cdaf4819eaa27022e36dfe190ec3fe82bab5e5d':    PROD-165669: changes for adding condition in joins to map the indexes created on the table
Q2 2023 - Sprint 2,2023/04/20,2023/05/03,PROD-165670,148502,SKapri,0,0,0,0,0,0,0,0,0,0,0,0,SMahale,,"1. Pull request #148376: PROD-165821: Update brand name and add a new brand  Merge in CVT/c4 from prod-165821 to ccid-2544  * commit '66f365c0525ae7048527c9509bffd533f3ce6791':    PROD-165821: Update brand name and add a new brand
2. Pull request #148377: PROD-165696: Consolidate Cvent.Extensions on 4.0.3-PROD  Merge in CVT/c4 from prod-165696 to ccid-2544  * commit 'e821bd033c57288e6449f74f8e693a9fb9050876':    PROD-165696: Consolidate Cvent.Extensions on 4.0.3-PROD
3. Pull request #148397: Feature add faq to question library  Merge in CVT/c4 from feature-add-faq-to-question-library to ccid-2544  * commit 'ae870595b8b04d596e97b7e42a0092dd0590d83e': (48 commits)    Fix from Suyash related to duplicate questions in cvent standard questions folder    Fix for edge browser alignment on zooming out the screen    Alignment fix    By default the mulselect will not be visible    remove unnecessary logging    logging fixes    phrase updates    Moved common css code to new css file, made changes to code asper comments    csnall-64050 Adding question category filter to preferred and rfp edit question wizard    PROD-63127:Fix rollback script    Fix rollback script    CSNALL-63126 LU update for updated keys    Revert ""FEATURE-ADD-TO-QUESTION-LIBRARY:- update resx keys for categories..""    Revert ""FAQ-SQL-ROLLBACK-FIX:- Adding column names in rollback scripts""    Revert ""FAQ-SQL-ROLLBACK-FIX:-comment resolution""    Fix issue coming when tag is null.    FEATURE-ADD-TO-QUESTION-LIBRARY:- update resx keys for categories..    FAQ-SQL-ROLLBACK-FIX:-comment resolution    FAQ-SQL-ROLLBACK-FIX:- Adding column names in rollback scripts    LU_20230328082430_LU_STANDARD_QUESTION_CATEGORY insert values dbcr script.    ...
4. Pull request #148400: Prod 159584  Merge in CVT/c4 from prod-159584 to ccid-2544  * commit '367bee4974974b04dfa86833f66a1648d766966d':    update to fix a issue    fix capitalization issue    update to fix contact search advanced search issue
5. Pull request #148429: Prod  Merge in CVT/c4 from prod to ccid-2544  * commit '0dd91214509040bb2065de0b026763afcb2fe94b':"
Q2 2023 - Sprint 2,2023/04/20,2023/05/03,PROD-165670,148570,SKapri,0,0,0,0,0,0,0,0,0,0,0,0,UBansal,,"1. Pull request #148508: Ccid 2545  Merge in CVT/c4 from ccid-2545 to prod  * commit 'a2f09a6f9d02d6cb38cefd146aaee4effb12882b': (65 commits)    Reverting PROD-163585 from ccid-2545 Revert ""Pull request #148435: [prod-163585] : Logic changed to show proper message for MRF created and MRF updated.""    PROD-165786: removed from ccid-2545 Revert ""Pull request #148461: Prod 165786""    PROD-165470: removed from ccid-2545 Revert ""Pull request #148430: PROD-165470: Remove crowd compass""    NA-0: Updated resources    SRC-9114: Adjust Store procedure to return empty string instead of default value to match consumer    FLEX-86744: Updating default value    FLEX-88029    NA-0: Revert of revert    FLEX-86744: Adding default value to secret key    NA-0: Fixed conflict issue    PROD-161612: Added a fix for existing hotel requst with empty.guid BIs    NA-0: Reverted soa-event package update    PROD-164422 : Changes to Update Invitee_reg_Pack with new contact stub during substitution    PROD-165735:Lu changes    FLEX-88029 Update column    PROD-146888: package update for Cvent.Accounts.Client to 1.230419.130320    PROD-148776: Column added    package update by jenkins for Cvent.Entities 1.230424.94107    PROD-164365 | Phrase Pull for ""h23.009""    NA-0: Updated resources    ..."
Q2 2023 - Sprint 2,2023/04/20,2023/05/03,PROD-165670,148822,SKapri,0,0,114,114,0,0,0,0,0,0,0,0,APrajapati,,"1. reverting PROd-164728 from ccid-2548 Revert ""Pull request #148668: Prod 164728""  This reverts commit 05058be390fa0d3834f9eb09f7e33f788327fbd1, reversing  changes made to 5a1fb6d99ab25e0ae0ffe9c7bdda5cc51e7a3104.
2. reverting PROD-166432 from ccid-2548 Revert ""Pull request #148681: Webinar 7906""  This reverts commit fd80aee6dc6ea299e6130b0d5d48fff2a5423fb7, reversing  changes made to 05058be390fa0d3834f9eb09f7e33f788327fbd1."
Q2 2023 - Sprint 2,2023/04/20,2023/05/03,HUB-97991,142461,SKapri,0,0,0,0,0,0,0,0,0,0,0,0,"Verma, Tushar",,
Q2 2023 - Sprint 2,2023/04/20,2023/05/03,HUB-97991,143061,SKapri,0,0,0,0,0,0,0,0,0,0,0,0,Ayesha.Khan,,
Q2 2023 - Sprint 2,2023/04/20,2023/05/03,HUB-97991,144525,SKapri,0,0,0,0,0,0,0,0,0,0,0,0,spujara,,
Q2 2023 - Sprint 2,2023/04/20,2023/05/03,HUB-97991,148894,SKapri,0,0,0,0,0,0,0,0,0,0,0,0,SNitin,,
Q2 2023 - Sprint 2,2023/04/20,2023/05/03,HUB-97991,148934,SKapri,0,0,0,0,0,0,0,0,0,0,0,0,AJagtap,,1. Pull request #148782: commit for PROD-166579 reverting commit of PROD-166070  Merge in CVT/c4 from ccid-2552 to ccid-2550  * commit '02e94b4f6e88e16b1b60f675734f41971d3c6fe5':    commit for PROD-166579 reverting commit of PROD-166070
Sprint Totals,,,,,,PR_ADDED: 0,PR_REMOVED: 0,COMMIT_ADDED: 114,COMMIT_REMOVED: 114,APPROVED: 0,COMMENTED: 0,DECLINED: 0,MERGED: 0,OPENED: 0,RESCOPED: 8,UNAPPROVED: 0,UPDATED: 0,,,

Q2 2023 - Sprint 3,2023/05/04,2023/05/17,HUB-97991,142461,SKapri,0,0,0,0,0,0,0,0,0,0,0,0,"Verma, Tushar",,
Q2 2023 - Sprint 3,2023/05/04,2023/05/17,HUB-97991,143061,SKapri,0,0,0,0,0,0,0,0,0,0,0,0,Ayesha.Khan,,
Q2 2023 - Sprint 3,2023/05/04,2023/05/17,HUB-97991,144525,SKapri,0,0,0,0,0,0,0,0,0,0,0,0,spujara,,
Q2 2023 - Sprint 3,2023/05/04,2023/05/17,HUB-97991,148309,SKapri,0,0,1,8,0,0,0,0,0,0,0,0,VGadhiya,,"1. reverting PROD-148017 from ccid-2553 Revert ""Pull request #148857: [PROD:148017] : Update the changes for Event Questions Tag""  This reverts commit 4175a3f4204039697643035d6dedfcbc398842ac, reversing  changes made to 2bf2a3a26c2c86529b839b6e552eb59f84b5a437."
Q2 2023 - Sprint 3,2023/05/04,2023/05/17,HUB-97991,148894,SKapri,0,0,0,0,0,0,0,0,0,0,0,0,SNitin,,
Q2 2023 - Sprint 3,2023/05/04,2023/05/17,HUB-97991,149030,SKapri,0,0,0,0,0,0,0,0,0,0,0,0,ALakshkar,,"1. Pull request #149005: PROD-166983: default close date removed  Merge in CVT/c4 from prod-166983 to ccid-2556  * commit '7bc6924a94b65830e3c165b673ed186a3069ec64':    PROD-166983: default close date removed
2. Pull request #149006: Prod 160790  Merge in CVT/c4 from prod-160790 to ccid-2556  * commit 'c28fb430594374f75326cd74db89c595b8c983e8':    PROD-160790: move temp table creation to top    PROD-160790: separate contact and invitee select/join    PROD-160790: move invitee join into separate statement for child contact updates
3. Pull request #149032: Prod 165249  Merge in CVT/c4 from prod-165249 to ccid-2559  * commit '078033f734bce2f87bed2dc602372d87224c73c1':    [PROD-165249] : Changes made to resolve conflicts.    [PROD-165249] : Resolved conflicts    [PROD-165249] : Added Column names in insert query to avoid exception for newly added columns in ENTITY_VISIBILITY table.    [PROD-165249] : Added Column names in insert query to avoid exception for newly added columns in ENTITY_VISIBILITY table.    [PROD-165249] : Added DBCR script in newly created Maintainnance CCID ticket.
4. Pull request #149033: Prod 163416  Merge in CVT/c4 from prod-163416 to ccid-2559  * commit '5340cbd43f73ac71bae9f329e25bb84214e23e83':    PROD-163417:ENable cdc for contact_rollup table    PROD-163417:ENable cdc for cvent_rollup db
5. Pull request #149082: commit for PROD-167315 reverting commit of PROD-166596 Revert ""Pull request #148974: Prod 166596""  Merge in CVT/c4 from ccid-2561 to ccid-2559  * commit '51c68fadb86fb1cbdab7fd2bb3ecfc36c4b27664':    commit for PROD-167315 reverting commit of PROD-166596 Revert ""Pull request #148974: Prod 166596""
6. Pull request #149023: Prod 167010  Merge in CVT/c4 from prod-167010 to ccid-2558  * commit 'ab48b5d96175349d88452bef7a5da03bec8b25b9':    HUB-80305: Now hiding OnArrivalNameBadge and NameBadge types from library    HUB-80305: Small bug with custom Stocks    HUB-80305: Made ReloadWizard async    HUB-80305: Block Edit/Create of badges when the new setting is enabled"
Q2 2023 - Sprint 3,2023/05/04,2023/05/17,HUB-97991,149087,SKapri,0,0,0,0,0,0,0,0,0,0,0,0,Arvind.Negi,,1. Pull request #149080: Webinar 7045  Merge in CVT/c4 from webinar-7045 to ccid-2562  * commit '2e4b0b133735c8a2caefc0caf27210f38eadf52a':    WEBINAR-7045: Updated access modifier    WEBINAR-7045: Added user specific webinar flag as a reporting feature for admin standard report
Q2 2023 - Sprint 3,2023/05/04,2023/05/17,HUB-97991,149325,SKapri,0,0,0,0,0,0,0,0,0,0,0,0,THarsh,,"1. Pull request #149110: import AntiXss  Merge in CVT/c4 from prod-166429-xss-fix to ccid-2563  * commit '6cfd8ec664d7f247ac13612a59222aba27ca3971':    import AntiXss
2. Pull request #149113: PROD-166290: Used New Google API Key for Uber integration  Merge in CVT/c4 from prod-166290 to ccid-2563  * commit '40f1a30f11d5d9d538d297c3b7d19550ef3d8dcc':    PROD-166290: Used New Google API Key for Uber integration
3. Pull request #149175: Prod  Merge in CVT/c4 from prod to ccid-2563  * commit '67ff41bbbb67b09bdc40335aa543c83fc7054c6f':"
Sprint Totals,,,,,,PR_ADDED: 0,PR_REMOVED: 0,COMMIT_ADDED: 1,COMMIT_REMOVED: 8,APPROVED: 0,COMMENTED: 0,DECLINED: 0,MERGED: 0,OPENED: 0,RESCOPED: 0,UNAPPROVED: 0,UPDATED: 0,,,

Q2 2023 - Sprint 4,2023/05/18,2023/05/31,HUB-84318,12012,SKapri,227,21,0,0,0,0,0,0,0,0,0,0,SKapri,,
Sprint Totals,,,,,,PR_ADDED: 227,PR_REMOVED: 21,COMMIT_ADDED: 0,COMMIT_REMOVED: 0,APPROVED: 0,COMMENTED: 0,DECLINED: 0,MERGED: 0,OPENED: 0,RESCOPED: 0,UNAPPROVED: 0,UPDATED: 0,,,

Q2 2023 - Sprint 5,2023/06/01,2023/06/14,HUB-84318,12012,SKapri,227,21,0,0,0,0,0,0,0,0,0,0,SKapri,,
Q2 2023 - Sprint 5,2023/06/01,2023/06/14,PROD-168082,142461,SKapri,0,0,0,0,0,0,0,0,0,5,0,0,"Verma, Tushar",,
Q2 2023 - Sprint 5,2023/06/01,2023/06/14,PROD-168082,143061,SKapri,0,0,0,0,0,0,0,0,0,5,0,0,Ayesha.Khan,,
Q2 2023 - Sprint 5,2023/06/01,2023/06/14,PROD-168082,144525,SKapri,0,0,0,0,0,0,0,0,0,5,0,0,spujara,,
Q2 2023 - Sprint 5,2023/06/01,2023/06/14,PROD-168082,148894,SKapri,0,0,0,0,0,0,0,0,0,5,0,0,SNitin,,
Q2 2023 - Sprint 5,2023/06/01,2023/06/14,PROD-168082,149732,SKapri,0,0,0,0,0,0,0,0,0,5,0,0,SSao,,
Q2 2023 - Sprint 5,2023/06/01,2023/06/14,PROD-168082,150459,SKapri,0,0,0,0,0,0,0,0,0,0,0,0,qtpman,,"1. Pull request #150369: Prod 169012  Merge in CVT/c4 from prod-169012 to ccid-2596  * commit '11805503d38c01660477d84f71804aeda4de34eb':    PROD-169012: Updates on LU scripts for embedded_cvent_studio_flag    Revert ""Revert ""Merge branch 'ccid-2592' of ssh://stash:7999/cvt/c4 into prod-169012""""    Revert ""PROD-169012: Removed from CCID-2592 Revert ""Pull request #150271: Prod 169012""""    Revert ""Merge branch 'ccid-2592' of ssh://stash:7999/cvt/c4 into prod-169012""    prod-169012 changes to fix dashboards build issue    prod-169012 changes to fix subscriber admin build issue"
Q2 2023 - Sprint 5,2023/06/01,2023/06/14,PROD-168082,150473,SKapri,0,0,0,0,0,0,0,0,0,0,0,0,APrajapati,,"1. Pull request #150344: Ccid 2592  Merge in CVT/c4 from ccid-2592 to prod  * commit '60bd8e3d621f1a7109bb8002f4f878ad995f1ca5': (110 commits)    Reverting PROD-169097 from ccid-2592 Revert ""Pull request #150262: Prod 169097""    PROD-169012: Removed from CCID-2592 Revert ""Pull request #150271: Prod 169012""    PROD-169590: Fixed the PlannerEvents.Client import in CVII.    Revert ""PROD-169590: removed from ccid-2589 Revert ""Pull request #150185: Webinar 8506 ccid""""    FLEX-89078: Phrase pull    PROD-169684: removed from ccid-2592 Revert ""Pull request #150237: FLEX-86204: fixed wrong version update""    ENT-27834 reverting the revert and resolving conflict with a phrase pull    FLEX-86204: fixed wrong version update    PROD-168450-1: added the dm script    Revert ""PROD-167919: Removed from ccid-2583 7fa51b38efd Revert ""Pull request #150080: Revert ""Reverting PROD-167919 from ccid-2583""""""    Revert ""PROD-167700: removed from ccid-2586 Revert ""Pull request #150152: PROD-167700 | operation_id = 30 code clean up from up_async_SendServiceBrokerRequest SP""""    PROD-164875: updated invitation list deletion confirmation message to suggest planner to not delete the list if any import is in progress.    PROD-156667: Changed how I return the instanceID in the responsse    PROD-157767: Removed TEST code    PROD-157767: Remove and Sort using statements of SessionParticipationController.cs    PROD-157767: Added extra logging to PUT method of Session/Participation    CMOBL-155091: Hide new OA Setting behind experiment    PROD-169097 (Addressing comments)    WEBINAR-8506: Removed accidentally committed file.    prod-169097 (Changes for skipping the redirection flow to phoenix when we are on promotion hub)    ...
2. Pull request #150345: Prod  Merge in CVT/c4 from prod to ccid-2595  * commit 'd02297e6bc2ea5d19ec54575bc07c137841ba33a':"
Q2 2023 - Sprint 5,2023/06/01,2023/06/14,PROD-168082,150073,SKapri,0,0,0,0,0,0,0,0,0,3,0,0,AJagtap,,
Sprint Totals,,,,,,PR_ADDED: 227,PR_REMOVED: 21,COMMIT_ADDED: 0,COMMIT_REMOVED: 0,APPROVED: 0,COMMENTED: 0,DECLINED: 0,MERGED: 0,OPENED: 0,RESCOPED: 28,UNAPPROVED: 0,UPDATED: 0,,,

Overall Totals,,,,,,PR_ADDED: 454,PR_REMOVED: 42,COMMIT_ADDED: 115,COMMIT_REMOVED: 122,APPROVED: 0,COMMENTED: 0,DECLINED: 0,MERGED: 0,OPENED: 0,RESCOPED: 36,UNAPPROVED: 0,UPDATED: 0,,,
