SPRINT,START_DATE,END_DATE,TICKET,PR_ID,USER,PR_ADDED,PR_REMOVED,COMMIT_ADDED,COMMIT_REMOVED,APPROVED,COMMENTED,DECLINED,MERGED,OPENED,RESCOPED,UNAPPROVED,UPDATED,AUTHOR,COMMENTS,COMMIT_MESSAGES
Yellow-ish - Gollum,2023/04/06,2023/04/20,HUB-38537,3406,ZDavidson,6,105,6,105,0,3,0,1,1,0,0,0,ZDavidson,"1. falcon-planner-service is the source of truth for attendee-messaging and has been for awhile. There are no mutations or queries hitting this function any more and I need to remove this before we can remove the APIs from chat-service
2. This was added when we migrated the resolver to hit falcon planner service instead of chat service. This was really just a redundancy check
3. https://stash.cvent.net/projects/AX/repos/attendee-experience-data/pull-requests/2173/overview was when we switched over to falcon planner back when we were using lambdas",1. HUB-38537: Remove deprecated and unused chat service client functions
Yellow-ish - Gollum,2023/04/06,2023/04/20,HUB-38537,3419,ZDavidson,0,0,0,0,0,0,0,0,0,0,0,0,CLeech,,1. Pull request #3406: HUB-38537: Remove deprecated and unused chat service client functions  Merge in AX/attendee-experience-data from HUB-38537 to develop  * commit '4ad4b825fa4625017b056264e69a6c7a7cbdd55a':    HUB-38537: Remove deprecated and unused chat service client functions
Yellow-ish - Gollum,2023/04/06,2023/04/20,HUB-87431,625,ZDavidson,0,0,0,0,0,0,0,0,0,0,0,0,Alok.Raj,,
Yellow-ish - Gollum,2023/04/06,2023/04/20,HUB-87431,627,ZDavidson,0,0,0,0,1,0,0,0,0,0,0,0,Alok.Raj,,
Yellow-ish - Gollum,2023/04/06,2023/04/20,HUB-87930,9044,ZDavidson,0,0,21,20,1,0,0,0,0,0,0,0,CLeech,,"1. WEBINAR-6473: Remove focus styling when flyouts are not visible
2. Pull request #9028: WEBINAR-6473: Remove focus styling when flyouts are not visible  Merge in AX/attendee-experience-web from WEBINAR-6473 to develop  * commit '11781dc16188a03d69588f312e52e29bdcf1e271':    WEBINAR-6473: Remove focus styling when flyouts are not visible"
Yellow-ish - Gollum,2023/04/06,2023/04/20,HUB-87930,9087,ZDavidson,0,0,621,164,0,0,0,0,0,0,0,0,ACheng,,"1. HUB-90967: Update attendee compliance when sec-gpc header is enabled
2. Merge branch 'develop' of ssh://stash.cvent.net:7999/ax/attendee-experience-web into HUB-90967
3. HUB-90967: Fix lint errors
4. Merge branch 'develop' of ssh://stash.cvent.net:7999/ax/attendee-experience-web into HUB-90967
5. Merge branch 'develop' of ssh://stash.cvent.net:7999/ax/attendee-experience-web into HUB-90967
6. HUB-90967: Ensure compliance mutation is only fired once
7. HUB-90967: Rename UseComplianceProps
8. Pull request #9073: HUB-90967: Update attendee compliance when sec-gpc header is enabled  Merge in AX/attendee-experience-web from HUB-90967 to develop  * commit '31b4d03b6f8c300804477f253bb384185b9ac327':    HUB-90967: Rename UseComplianceProps    HUB-90967: Ensure compliance mutation is only fired once    HUB-90967: Fix lint errors    HUB-90967: Update attendee compliance when sec-gpc header is enabled"
Yellow-ish - Gollum,2023/04/06,2023/04/20,HUB-90967,9073,ZDavidson,244,8,0,0,0,3,0,1,1,5,0,0,ZDavidson,"1. @LCurtis We want this to run on every page if sec-gpc is enabled and doNotSell in ME query is false right? Doesn't that mean we would want a state value per page. I don't think this is only for when users login (i.e. once per web session).
2. ![image.png](attachment:18181/20006)
3. but we'll probs be changing this logic a bit anyway",
Yellow-ish - Gollum,2023/04/06,2023/04/20,HUB-95110,9044,ZDavidson,0,0,0,0,0,0,0,0,0,0,0,0,CLeech,,
Yellow-ish - Gollum,2023/04/06,2023/04/20,HUB-95213,651,ZDavidson,0,0,0,0,0,1,0,0,0,0,0,0,RMunera,1. does this need to be in template yaml?,
Yellow-ish - Gollum,2023/04/06,2023/04/20,WEBINAR-5439,209,ZDavidson,0,0,0,0,1,0,0,0,0,0,0,1,CLeech,,
Yellow-ish - Gollum,2023/04/06,2023/04/20,WEBINAR-5989,2986,ZDavidson,0,0,0,0,1,0,0,0,0,0,1,0,SCotewilkins,,
Yellow-ish - Gollum,2023/04/06,2023/04/20,WEBINAR-6116,9139,ZDavidson,0,0,0,0,0,0,0,0,0,0,0,0,ABadlia,,
Yellow-ish - Gollum,2023/04/06,2023/04/20,WEBINAR-6465,2986,ZDavidson,0,0,0,0,0,0,0,0,0,0,0,0,SCotewilkins,,
Yellow-ish - Gollum,2023/04/06,2023/04/20,WEBINAR-6466,9023,ZDavidson,0,0,0,0,1,0,0,0,0,0,0,1,RMunera,,
Yellow-ish - Gollum,2023/04/06,2023/04/20,WEBINAR-6466,9044,ZDavidson,0,0,0,0,0,0,0,0,0,0,0,0,CLeech,,
Yellow-ish - Gollum,2023/04/06,2023/04/20,WEBINAR-6473,9028,ZDavidson,21,20,0,0,0,1,0,1,1,2,0,0,ZDavidson,1. this is not used at all in this file,
Yellow-ish - Gollum,2023/04/06,2023/04/20,WEBINAR-6473,9044,ZDavidson,0,0,0,0,0,0,0,0,0,0,0,0,CLeech,,
Yellow-ish - Gollum,2023/04/06,2023/04/20,WEBINAR-6478,9029,ZDavidson,0,0,0,0,1,0,0,0,0,0,0,0,CLeech,,
Yellow-ish - Gollum,2023/04/06,2023/04/20,WEBINAR-6478,9044,ZDavidson,0,0,0,0,0,0,0,0,0,0,0,0,CLeech,,
Yellow-ish - Gollum,2023/04/06,2023/04/20,HUB-66842,9139,ZDavidson,0,0,0,0,0,0,0,0,0,0,0,0,ABadlia,,
Yellow-ish - Gollum,2023/04/06,2023/04/20,HUB-93033,1198,ZDavidson,0,0,388,375,0,0,0,0,0,4,0,0,renovatebotman,,"1. Merge branch 'master' of ssh://stash.cvent.net:7999/fal/attendee-login into renovate/all
2. HUB-93033: Update pnpm lock file
3. HUB-93033: Adjust falcon planner service fixtures and tests
4. HUB-93033: Adjust antlr runtime"
Yellow-ish - Gollum,2023/04/06,2023/04/20,WEBINAR-5996,1870,ZDavidson,0,0,0,0,1,4,0,0,0,0,0,0,CLeech,"1. remove this. You don't need to changesets
2. For those reviewing, the strings below are used to resolve data tags for an attendee facing email. The phrase project they were added to was for planner side which does not support the same languages as the project being used in the changes below. Therefore,the keys were moved to the other project and access token and project Ids changed below
3. ![image.png](attachment:14012/19877)  is incorrect. All json files should be under a single directory
4. Doesn't your recent push break https://stash.cvent.net/projects/FAL/repos/falcon-planner/browse/falcon-planner-service/src/main/java/com/cvent/falcon/planner/services/LocaleService.java#104 ?",
Yellow-ish - Gollum,2023/04/06,2023/04/20,WEBINAR-6535,2993,ZDavidson,0,0,0,0,0,2,0,0,0,0,0,0,Bogdan.Libotean,"1. ![image.png](attachment:18208/19922)
2. nit: Lot of conditions here. Can we have a comment that summarizes?",
Yellow-ish - Gollum,2023/04/06,2023/04/20,WEBINAR-7303,9139,ZDavidson,0,0,0,0,0,0,0,0,0,0,0,0,ABadlia,,
Sprint Totals,,,,,,PR_ADDED: 271,PR_REMOVED: 133,COMMIT_ADDED: 1036,COMMIT_REMOVED: 664,APPROVED: 7,COMMENTED: 14,DECLINED: 0,MERGED: 3,OPENED: 3,RESCOPED: 11,UNAPPROVED: 1,UPDATED: 2,,,

Yellow-ish - HolywoodHulkHogan,2023/04/20,2023/05/04,CMOBL-153482,9177,ZDavidson,0,0,795,417,0,0,0,0,0,0,0,0,BRehman,,"1. WEBINAR-6002: Add CCPA URL to footer and hide Your Details menu options when ATTENDEE_PROFILE feature setting is disabled
2. WEBINAR-6002: Fix lint issues and update UT mocks for usePageDefinitions
3. Merge branch 'develop' of ssh://stash.cvent.net:7999/ax/attendee-experience-web into WEBINAR-6002
4. WEBINAR-6002: Remove console log
5. WEBINAR-6002: refactor footer with image spec and remove injecttestid from nav menu
6. Pull request #9144: WEBINAR-6002: Add CCPA URL to footer and hide Your Details menu options when ATTENDEE_PROFILE feature setting is disabled  Merge in AX/attendee-experience-web from WEBINAR-6002 to develop  * commit 'b9a0ffd11a3b113403e955822d121c470f394f5c':    WEBINAR-6002: refactor footer with image spec and remove injecttestid from nav menu    WEBINAR-6002: Remove console log    WEBINAR-6002: Fix lint issues and update UT mocks for usePageDefinitions    WEBINAR-6002: Add CCPA URL to footer and hide Your Details menu options when ATTENDEE_PROFILE feature setting is disabled"
Yellow-ish - HolywoodHulkHogan,2023/04/20,2023/05/04,HUB-66842,9139,ZDavidson,0,0,8,15,1,0,0,0,0,0,0,0,ABadlia,,"1. PROD-164402: Fix logo width
2. PROD-164402: Remove icon width ref
3. PROD-164402: Remove icon ref prop
4. Merge branch 'develop' of ssh://stash.cvent.net:7999/ax/attendee-experience-web into PROD-164402
5. Pull request #9112: PROD-164402: Fix logo width  Merge in AX/attendee-experience-web from PROD-164402 to develop  * commit 'b7421d6eabfc25afe1b65a07f071d816b6ce7d8c':    PROD-164402: Remove icon ref prop    PROD-164402: Remove icon width ref    PROD-164402: Fix logo width"
Yellow-ish - HolywoodHulkHogan,2023/04/20,2023/05/04,HUB-81353,28,ZDavidson,0,0,0,0,2,3,0,0,0,0,1,0,MPeters,"1. Confirm you've ran the service locally and tested calling the API to verify true is returned
2. Is this the correct type for all the webcasts?
3. why can't we use the above shared method that already exists?",
Yellow-ish - HolywoodHulkHogan,2023/04/20,2023/05/04,HUB-93033,1198,ZDavidson,0,0,0,0,0,0,0,1,0,0,0,0,renovatebotman,,
Yellow-ish - HolywoodHulkHogan,2023/04/20,2023/05/04,HUB-93035,1221,ZDavidson,0,0,0,0,1,0,0,0,0,0,0,0,RMunera,,
Yellow-ish - HolywoodHulkHogan,2023/04/20,2023/05/04,HUB-93059,450,ZDavidson,0,0,0,0,1,1,0,0,0,0,0,0,Alok.Raj,1. see if there's a way to combine the multiple sql sessions here into one,
Yellow-ish - HolywoodHulkHogan,2023/04/20,2023/05/04,HUB-93141,9175,ZDavidson,0,0,0,0,1,0,0,0,0,0,0,0,SCotewilkins,,
Yellow-ish - HolywoodHulkHogan,2023/04/20,2023/05/04,HUB-95591,3055,ZDavidson,0,0,0,0,1,0,0,0,0,0,1,0,LCurtis,,
Yellow-ish - HolywoodHulkHogan,2023/04/20,2023/05/04,PROD-141944,452,ZDavidson,0,0,0,0,1,6,0,0,0,0,0,0,MPeters,"1. this isn't needed. The GSTooManyRequestsException is logged already
2. We should be specific here regarding the status we are moving to
3. same here
4. is there a reason we aren't logging on this sync status update?
5. any reason we aren't logging on this sync status update?
6. Gonna approve this but   nit: `""Updating event sync status to ON for event{}""` reads better than `Begin ON sync status update for event {}""`",
Yellow-ish - HolywoodHulkHogan,2023/04/20,2023/05/04,PROD-164402,9112,ZDavidson,8,15,0,0,0,0,0,1,1,2,0,0,ZDavidson,,
Yellow-ish - HolywoodHulkHogan,2023/04/20,2023/05/04,PROD-164402,9139,ZDavidson,0,0,0,0,0,0,0,0,0,0,0,0,ABadlia,,
Yellow-ish - HolywoodHulkHogan,2023/04/20,2023/05/04,WEBINAR-4344,3079,ZDavidson,49,11,49,11,0,0,0,1,1,0,0,0,ZDavidson,,1. WEBINAR-4344: Conditionally render branding section on event details page
Yellow-ish - HolywoodHulkHogan,2023/04/20,2023/05/04,WEBINAR-5996,1870,ZDavidson,0,0,0,0,0,0,0,0,0,0,0,0,CLeech,,
Yellow-ish - HolywoodHulkHogan,2023/04/20,2023/05/04,WEBINAR-6002,1873,ZDavidson,8,0,8,0,0,0,0,1,1,0,0,0,ZDavidson,,1. WEBINAR-6002: Remove ATTENDEE_PROFILE from Webinar tiers so that isAvailable and isEnabled return false in AX Data/Web
Yellow-ish - HolywoodHulkHogan,2023/04/20,2023/05/04,WEBINAR-6002,9144,ZDavidson,661,283,0,0,0,5,0,1,1,4,0,0,ZDavidson,"1. Zac is already working on writing up TCW and has tested all scenarios locally and won't merge this until TCW has been reviewed and approved
2. This seems like a nit to me. I'm gonna leave this unless there's strong backlash towards keeping. This is simple to read as is. ""If not show profile settings menu items, filter them out, otherwise, don't. I don't see any readability advantages from saying ""If show profile settings menu items, don't do anything, otherwise, filter.
3. I tried that and it was throwing errors
4. let me test again
5. removing this",
Yellow-ish - HolywoodHulkHogan,2023/04/20,2023/05/04,WEBINAR-6331,1225,ZDavidson,93,17,93,17,0,3,0,1,1,0,0,0,ZDavidson,"1. This was renamed since we are adding an actual method that validates that all 3 match.
2. This method that validates that all 3 match. The method above that was renamed has the name or email condition. This is an AND.
3. no it is not and that's intentional   This ticket is preparatory for open access. There will be a similar follow up for role check functions and then integrating those. Rodrigo had to do some refactoring regarding the error handling and we're trying to do this epic in smaller tickets instead of 1 single attendee login service ticket","1. WEBINAR-6331: Add new method to match first name, last name, and email in attendee search service and add unit tests"
Yellow-ish - HolywoodHulkHogan,2023/04/20,2023/05/04,WEBINAR-6535,2993,ZDavidson,0,0,0,0,0,0,0,0,0,0,0,0,Bogdan.Libotean,,
Yellow-ish - HolywoodHulkHogan,2023/04/20,2023/05/04,WEBINAR-6585,3038,ZDavidson,6,1,6,1,0,0,0,1,1,1,0,0,ZDavidson,,1. WEBINAR-6585: enable feature version 17 for enableThemingMoods feature flag
Yellow-ish - HolywoodHulkHogan,2023/04/20,2023/05/04,WEBINAR-6649,3044,ZDavidson,21,3,21,3,0,0,0,1,1,1,0,0,ZDavidson,,"1. WEBINAR-6649: Fix cvent branding title text color
2. WEBINAR-6649: Updated snapshots"
Yellow-ish - HolywoodHulkHogan,2023/04/20,2023/05/04,WEBINAR-7090,93,ZDavidson,0,0,0,0,1,0,0,0,0,0,0,0,MPeters,,
Yellow-ish - HolywoodHulkHogan,2023/04/20,2023/05/04,WEBINAR-7303,9139,ZDavidson,0,0,0,0,0,0,0,0,0,0,0,0,ABadlia,,
Yellow-ish - HolywoodHulkHogan,2023/04/20,2023/05/04,HUB-63461,1229,ZDavidson,0,0,0,0,0,0,0,0,0,0,0,0,RMunera,,
Yellow-ish - HolywoodHulkHogan,2023/04/20,2023/05/04,HUB-63461,1233,ZDavidson,0,0,0,0,0,0,0,0,0,0,0,0,RMunera,,
Yellow-ish - HolywoodHulkHogan,2023/04/20,2023/05/04,HUB-88431,3271,ZDavidson,69,75,0,0,0,0,0,0,0,0,0,0,ZDavidson,,
Yellow-ish - HolywoodHulkHogan,2023/04/20,2023/05/04,HUB-93354,9178,ZDavidson,0,0,0,0,0,1,0,0,0,0,0,0,MPeters,1. Making this a task as session details is already hard enough to debug and read through.,
Yellow-ish - HolywoodHulkHogan,2023/04/20,2023/05/04,PROD-163525,633,ZDavidson,0,0,0,0,0,0,0,0,0,0,0,0,CLeech,,
Yellow-ish - HolywoodHulkHogan,2023/04/20,2023/05/04,PROD-163525,1230,ZDavidson,0,0,0,0,0,0,0,0,0,0,0,0,CLeech,,
Yellow-ish - HolywoodHulkHogan,2023/04/20,2023/05/04,PROD-163525,1238,ZDavidson,0,0,0,0,0,0,0,0,0,0,0,0,CLeech,,
Yellow-ish - HolywoodHulkHogan,2023/04/20,2023/05/04,WEBINAR-6459,1226,ZDavidson,80,4,80,4,0,1,0,1,1,0,0,1,ZDavidson,1. This method is not used yet. We are doing small iterations to prepare for open access integration that will bypass 2FA,1. WEBINAR-6459: Add new helper function to determine elevated access
Yellow-ish - HolywoodHulkHogan,2023/04/20,2023/05/04,WEBINAR-7143,357,ZDavidson,0,0,0,0,2,0,0,0,0,0,1,1,Alok.Raj,,
Yellow-ish - HolywoodHulkHogan,2023/04/20,2023/05/04,WEBINAR-7143,373,ZDavidson,0,0,0,0,1,2,0,0,0,0,0,1,Alok.Raj,"1. Seems like we should do https://jira.cvent.com/browse/WEBINAR-7722 in parallel @RPerkins is there an order of operations regarding which one of these should be merged first?
2. yep good stuff thanks",
Yellow-ish - HolywoodHulkHogan,2023/04/20,2023/05/04,WEBINAR-7143,1280,ZDavidson,0,0,0,0,1,0,0,0,0,0,0,1,Alok.Raj,,
Yellow-ish - HolywoodHulkHogan,2023/04/20,2023/05/04,WEBINAR-7143,1288,ZDavidson,0,0,0,0,0,0,0,0,0,0,0,0,Alok.Raj,,
Yellow-ish - HolywoodHulkHogan,2023/04/20,2023/05/04,WEBINAR-7722,874,ZDavidson,9,0,9,0,0,1,0,1,1,2,0,0,ZDavidson,1. Remove accidentally pushed files,1. WEBINAR-7722: Add new openAccess property to event security setup schema
Yellow-ish - HolywoodHulkHogan,2023/04/20,2023/05/04,WEBINAR-7722,2727,ZDavidson,132,8,0,0,0,0,0,0,0,0,0,0,ZDavidson,,
Yellow-ish - HolywoodHulkHogan,2023/04/20,2023/05/04,WEBINAR-7722,2728,ZDavidson,122,6,0,0,0,0,0,0,0,0,0,0,ZDavidson,,
Sprint Totals,,,,,,PR_ADDED: 1258,PR_REMOVED: 423,COMMIT_ADDED: 1069,COMMIT_REMOVED: 468,APPROVED: 13,COMMENTED: 23,DECLINED: 0,MERGED: 10,OPENED: 9,RESCOPED: 10,UNAPPROVED: 3,UPDATED: 4,,,

Yellow-ish - Immortan Joe,2023/05/05,2023/05/18,CMOBL-153985,9206,ZDavidson,20,9,20,9,0,0,0,1,1,1,0,0,ZDavidson,,1. CMOBL-153985: Gate new embedded reg form on bvt landing page test
Yellow-ish - Immortan Joe,2023/05/05,2023/05/18,CMOBL-153985,9219,ZDavidson,0,0,0,0,0,0,0,0,0,0,0,0,Subratkumar.Sahoo,,"1. Pull request #9191: HUB-93224: Update stream-chat and stream-chat-react dependencies  Merge in AX/attendee-experience-web from HUB-93224 to develop  * commit '71b3431b8d22a290ec41b37cfecb4b040ef7c5c0':    HUB-93224: Update stream-chat and stream-chat-react dependencies
2. Pull request #9206: CMOBL-153985: Gate new embedded reg form on bvt landing page test  Merge in AX/attendee-experience-web from CMOBL-153985 to develop  * commit '4836aeda468e4909b7672ce1398bc76cb59dfd47':    CMOBL-153985: Gate new embedded reg form on bvt landing page test"
Yellow-ish - Immortan Joe,2023/05/05,2023/05/18,HUB-63461,1229,ZDavidson,0,0,0,0,1,8,0,0,0,0,0,0,RMunera,"1. nit: should we include attendeeId in this log?
2. same here
3. Just curious, any reason for keeping these for 24 hours?
4. Has the front end ticket been updated with this list?
5. dupe authorizationId
6. haha yep I misread thanks
7. should this string be a final string at the top of this class or in a constants class?
8. nit: should we include attendeeId in this log?",
Yellow-ish - Immortan Joe,2023/05/05,2023/05/18,HUB-63461,1233,ZDavidson,0,0,0,0,1,0,0,0,0,0,0,0,RMunera,,
Yellow-ish - Immortan Joe,2023/05/05,2023/05/18,HUB-88431,3271,ZDavidson,69,75,0,0,0,0,0,0,0,0,0,0,ZDavidson,,
Yellow-ish - Immortan Joe,2023/05/05,2023/05/18,HUB-93051,420,ZDavidson,0,0,0,0,0,0,0,1,0,0,0,0,renovatebotman,,
Yellow-ish - Immortan Joe,2023/05/05,2023/05/18,HUB-93169,3527,ZDavidson,116,543,116,543,0,1,0,1,1,0,0,0,ZDavidson,1. will do,1. HUB-93169: Renovate attendee hub graph IT package
Yellow-ish - Immortan Joe,2023/05/05,2023/05/18,HUB-93169,3532,ZDavidson,1359,1437,1359,1437,0,3,0,1,1,2,0,0,ZDavidson,"1. https://github.com/jestjs/jest/blob/main/CHANGELOG.md#2943
2. https://github.com/jestjs/jest/blob/main/CHANGELOG.md#2943
3. https://github.com/jestjs/jest/blob/main/CHANGELOG.md#2943","1. HUB-93169: cdk package renovate
2. Merge branch 'develop' of ssh://stash.cvent.net:7999/ax/attendee-experience-data into HUB-93169-cdk
3. HUB-93169: Fix unit tests after jest upgrade
4. HUB-93169: add attendee-hub-graph package to changeset"
Yellow-ish - Immortan Joe,2023/05/05,2023/05/18,HUB-93169,3546,ZDavidson,0,0,3202,2194,0,0,0,0,0,0,0,0,Shea.Sullivan,,"1. Pull request #3527: HUB-93169: Renovate attendee hub graph IT package  Merge in AX/attendee-experience-data from HUB-93169-2 to develop  * commit '13e8fd0182f322df80c33fa13e5a24a4ad502122':    HUB-93169: Renovate attendee hub graph IT package
2. Pull request #3532: HUB-93169: cdk package renovate  Merge in AX/attendee-experience-data from HUB-93169-cdk to develop  * commit '4b78526bd90095d3f3821b617ae003d39f0a6756':    HUB-93169: add attendee-hub-graph package to changeset    HUB-93169: Fix unit tests after jest upgrade    HUB-93169: cdk package renovate
3. HUB-96931: Renovate updates
4. HUB-96931: Explicit imports of jest expect to fix build
5. Pull request #3535: HUB-96931: Renovate dependency upgrades  Merge in AX/attendee-experience-data from HUB-96931-renovate-3 to develop  * commit '9b3426739a8bfa27dc0bbdacb9532c2857031d84':    PROD-167002: Remove unneeded dependencies, revert upgrade to ESM-only 'node-fetch' package in it and adjust tsconfig    Revert ""HUB-96931: Explicit imports of jest expect to fix build""    HUB-96931: Explicit imports of jest expect to fix build    HUB-96931: Renovate updates"
Yellow-ish - Immortan Joe,2023/05/05,2023/05/18,HUB-93224,9191,ZDavidson,44,39,0,0,0,0,0,1,0,0,0,0,ZDavidson,,
Yellow-ish - Immortan Joe,2023/05/05,2023/05/18,HUB-95105,9291,ZDavidson,0,0,0,0,1,0,0,0,0,0,0,0,CLeech,,
Yellow-ish - Immortan Joe,2023/05/05,2023/05/18,HUB-95105,9341,ZDavidson,0,0,6,1,0,0,0,0,0,0,0,0,SSimpson,,"1. PROD-167235: Ensure webinar attendees can receive verification code emails when accessing expired magic links
2. Pull request #9265: PROD-167235: Ensure webinar attendees can receive verification code emails when accessing expired magic links  Merge in AX/attendee-experience-web from hotfix/2.15.2 to master  * commit 'd9a78b241b4c8c363b55475f15d608a84bcb228f':    PROD-167235: Ensure webinar attendees can receive verification code emails when accessing expired magic links"
Yellow-ish - Immortan Joe,2023/05/05,2023/05/18,HUB-97951,1227,ZDavidson,0,0,0,0,1,4,0,0,0,0,0,0,Alok.Raj,"1. Integration tests?
2. why is canDisableCodeSnippet optional?
3. ah ok
4. Confirm w/ Rodrigo whether you should merge before or after him",
Yellow-ish - Immortan Joe,2023/05/05,2023/05/18,HUB-99349,1234,ZDavidson,0,0,0,0,1,3,0,0,0,0,0,0,RMunera,"1. Do we need integration tests for these?
2. nit: unnecessary comment
3. nit: unnecessary comment",
Yellow-ish - Immortan Joe,2023/05/05,2023/05/18,HUB-99349,1235,ZDavidson,0,0,0,0,1,0,0,0,0,0,0,0,RMunera,,
Yellow-ish - Immortan Joe,2023/05/05,2023/05/18,PROD-166632,3134,ZDavidson,0,0,0,0,0,1,0,0,0,0,0,0,LCurtis,1. but there is a body below in the json property? copy paste issue?,
Yellow-ish - Immortan Joe,2023/05/05,2023/05/18,PROD-167235,9265,ZDavidson,6,1,0,0,0,1,0,1,1,0,0,0,ZDavidson,"1. redirectToLoginPage is not relevant to emailType below. emailType must be passed down to attendee login service if the event is a webinar in order for attendees to receive verification code emails.   redirectToLoginPage is used so that when a webinar planner attempts to access the session details without a bearer token, they will be redirected to session details post login instead of the info page. We can remove this condition and solely pass emailType based on isWebinar",
Yellow-ish - Immortan Joe,2023/05/05,2023/05/18,WEBINAR-7143,357,ZDavidson,0,0,0,0,0,0,0,0,0,0,0,0,Alok.Raj,,
Yellow-ish - Immortan Joe,2023/05/05,2023/05/18,WEBINAR-7143,373,ZDavidson,0,0,0,0,0,0,0,0,0,0,0,0,Alok.Raj,,
Yellow-ish - Immortan Joe,2023/05/05,2023/05/18,WEBINAR-7143,1280,ZDavidson,0,0,0,0,0,0,0,0,0,0,0,0,Alok.Raj,,
Yellow-ish - Immortan Joe,2023/05/05,2023/05/18,WEBINAR-7143,1288,ZDavidson,0,0,0,0,1,1,0,0,0,0,0,1,Alok.Raj,1. Link to the PR where this change was made,
Yellow-ish - Immortan Joe,2023/05/05,2023/05/18,WEBINAR-7722,874,ZDavidson,9,0,0,0,0,0,0,0,0,0,0,0,ZDavidson,,
Yellow-ish - Immortan Joe,2023/05/05,2023/05/18,WEBINAR-7722,2727,ZDavidson,132,8,0,0,0,0,0,0,0,0,0,0,ZDavidson,,
Yellow-ish - Immortan Joe,2023/05/05,2023/05/18,WEBINAR-7722,2728,ZDavidson,122,6,1,1,0,3,0,1,0,1,0,0,ZDavidson,"1. https://stash.cvent.net/projects/OSLO/repos/flex-mono/pull-requests/357/diff#packages/flex-event-shared/event-snapshot-shared/event-snapshot-shared-api/src/main/java/com/cvent/snapshot/api/event/EventSecuritySetupSnapshot.java
2. @""Alok.Raj"" what is the status of the snapshot evaluator PR?
3. https://stash.cvent.net/projects/SOA/repos/event-java/pull-requests/874/diff#event-domain-entities/schema/event-security-setup.json",1. WEBINAR-7722: reverse isWebinar condition in event security snapshot builder for open access
Yellow-ish - Immortan Joe,2023/05/05,2023/05/18,HUB-96309,9364,ZDavidson,0,0,0,0,0,0,0,0,0,0,0,0,Bogdan.Libotean,,
Yellow-ish - Immortan Joe,2023/05/05,2023/05/18,PROD-163525,633,ZDavidson,0,0,0,0,1,1,0,0,0,0,0,0,CLeech,"1. nit: since we don't e2e test the links opening in a new tab, should we add a unit test here to check the href?",
Yellow-ish - Immortan Joe,2023/05/05,2023/05/18,PROD-163525,1230,ZDavidson,0,0,0,0,1,1,0,0,0,0,0,0,CLeech,1. Why is this being deleted?,
Yellow-ish - Immortan Joe,2023/05/05,2023/05/18,PROD-163525,1238,ZDavidson,0,0,0,0,0,6,0,0,0,0,0,0,CLeech,"1. revert this and we should not be running against an sg50 yaml unless absolutely necessary
2. Create a follow up ticket and assign to Marc to replace the test data with container events
3. can event website status be null?
4. see my question in the models
5. should this be using primitive values with @Default? `boolean` vs `Boolean`
6. getIsContainer()  Should we be using default  primitive boolean value here instead of Nullable? It sounds wrong to say that this value from the snapshot would be null",
Yellow-ish - Immortan Joe,2023/05/05,2023/05/18,WEBINAR-6463,1237,ZDavidson,302,42,367,29,0,4,0,0,1,1,0,0,ZDavidson,"1. need to put the ticket # here
2. need to remove this
3. realizing i'm changing this test and actually need a separate test so will add that
4. I think i'm missing one piece here which is to catch this exception and upsert the error handling url on the authorization in use but I need Rodrigo to confirm here","1. WEBINAR-6463: Match FN, LN, AND EMAIL if openAccess is true"
Yellow-ish - Immortan Joe,2023/05/05,2023/05/18,WEBINAR-6484,455,ZDavidson,0,0,0,0,0,0,0,0,0,0,0,0,Alok.Raj,,
Yellow-ish - Immortan Joe,2023/05/05,2023/05/18,WEBINAR-7251,9367,ZDavidson,0,0,0,0,0,0,0,0,0,0,0,0,Alok.Raj,,
Sprint Totals,,,,,,PR_ADDED: 2179,PR_REMOVED: 2160,COMMIT_ADDED: 5071,COMMIT_REMOVED: 4214,APPROVED: 9,COMMENTED: 37,DECLINED: 0,MERGED: 7,OPENED: 5,RESCOPED: 5,UNAPPROVED: 0,UPDATED: 1,,,

Yellow-ish - Joker,2023/05/18,2023/06/01,HUB-94835,9410,ZDavidson,27,9,27,9,0,1,0,1,1,0,0,0,ZDavidson,1. Note that the image max height was not touched due to the aspect ratio in production not matching the recommendations in app builder. UX is looking into this further so leaving as is for now. Also the spacing under the venue is bigger due to the phone number code being commented out in the code. I'm leaving that as is for now and it can be fixed once that is re-enabled considering the spacing has been wrong for quite some time now.,1. HUB-94835: Update event details and your info card styling
Yellow-ish - Joker,2023/05/18,2023/06/01,HUB-96309,9364,ZDavidson,0,0,0,0,1,0,0,0,0,0,0,1,Bogdan.Libotean,,
Yellow-ish - Joker,2023/05/18,2023/06/01,HUB-97156,9365,ZDavidson,0,0,0,0,1,0,0,0,0,0,0,0,LCurtis,,
Yellow-ish - Joker,2023/05/18,2023/06/01,HUB-99629,3555,ZDavidson,17,2,17,2,0,0,0,1,1,0,0,0,ZDavidson,,1. HUB-99629: Enable skipped planner ondemand catalog ITs
Yellow-ish - Joker,2023/05/18,2023/06/01,HUB-99629,3556,ZDavidson,6,2,6,2,0,1,0,1,1,1,0,0,ZDavidson,"1. Works against all environments locally. Screenshot 1 is S606, sg50, ld50, and ct50. Screenshot 2 is pr50 and pr53  ![image.png](attachment:19134/22078) ![image.png](attachment:19134/22079)","1. HUB-99629: Enable attendee on demand catalog ITs
2. HUB099629: Remove extraneous comment from it spec file"
Yellow-ish - Joker,2023/05/18,2023/06/01,HUB-99629,3566,ZDavidson,0,0,0,0,0,0,0,0,0,0,0,0,TCox,,"1. Pull request #3555: HUB-99629: Enable skipped planner ondemand catalog ITs  Merge in AX/attendee-experience-data from HUB-99629 to develop  * commit '407023cc89a0abe51987e30c0dd01b08db8d0497':    HUB-99629: Enable skipped planner ondemand catalog ITs
2. Pull request #3556: HUB-99629: Enable attendee on demand catalog ITs  Merge in AX/attendee-experience-data from HUB-99629 to develop  * commit '57b8242037338348d53710b7632d4123933d1e85':    HUB099629: Remove extraneous comment from it spec file    HUB-99629: Enable attendee on demand catalog ITs"
Yellow-ish - Joker,2023/05/18,2023/06/01,PROD-163525,633,ZDavidson,0,0,0,0,0,0,0,0,0,0,0,0,CLeech,,
Yellow-ish - Joker,2023/05/18,2023/06/01,PROD-163525,1230,ZDavidson,0,0,0,0,0,0,0,0,0,0,0,0,CLeech,,
Yellow-ish - Joker,2023/05/18,2023/06/01,PROD-163525,1238,ZDavidson,0,0,0,0,0,3,0,0,0,0,0,0,CLeech,"1. why is this being removed? If it's not supposed to be there then we should assert it is empty string I think
2. I think we should just comment this out for now. I understand we need different container events for this so let's comment them out with a ticket number to create new test data events
3. is there an existing unit test for where this is not an empty string (is container is true and website is live?",
Yellow-ish - Joker,2023/05/18,2023/06/01,WEBINAR-6463,1237,ZDavidson,302,42,42,120,0,0,0,1,0,2,0,0,ZDavidson,,"1. Merge branch 'master' of ssh://stash.cvent.net:7999/fal/attendee-login into WEBINAR-6463
2. WEBINAR-6463: Refactor to use applicationContext for processing open access attendees
3. WEBINAR-6463: Add java comment to new default value"
Yellow-ish - Joker,2023/05/18,2023/06/01,WEBINAR-8780,9337,ZDavidson,0,0,0,0,1,0,0,0,0,0,0,0,MPeters,,
Yellow-ish - Joker,2023/05/18,2023/06/01,WEBINAR-4286,9044,ZDavidson,0,0,0,0,0,0,0,0,0,0,0,0,CLeech,,
Yellow-ish - Joker,2023/05/18,2023/06/01,WEBINAR-4286,8774,ZDavidson,0,0,0,0,0,0,0,0,0,0,0,0,RMunera,,
Yellow-ish - Joker,2023/05/18,2023/06/01,WEBINAR-6460,1240,ZDavidson,0,0,0,0,0,0,0,0,0,0,0,0,RMunera,,
Yellow-ish - Joker,2023/05/18,2023/06/01,WEBINAR-6484,455,ZDavidson,0,0,0,0,0,32,0,0,0,0,0,0,Alok.Raj,"1. schemas should be written to be parameterized and not be hard coded with values here
2. We do not commit hard coded karate configs. Please remove this file from the PR
3. You need to update the template yaml as well with the hoganized value and test to make sure it hoganizes properly
4. thanks
5. what is this?`ContactStubListWithReturnFields` Seems like we should be using our own request object that is just a UUID that is required
6. I thought they sent one contact stub at a time??? How big can this list be?
7. We have rate limits to respect and I was under the impression we would only support one contact stub at a time since they iterate over the list of contact stubs to process. Check the wiki in the ticket that this blocks to confirm. See the thread in #brahmos_team that I started to discuss this
8. extraneous comment needed or required?
9. extraneous comment or needed?
10. why is this a query param and not a header?
11. do these need to be added to the pom file of the integration package?
12. IIRC we should be defining dependency versions in the parent pom and then specify those dependencies in each package if required.
13. https://stash.cvent.net/projects/FAL/repos/chat-service/pull-requests/455/overview?commentId=3487852 remove version from here and add it back to the parent pom
14. comment#3487852 remove version from here and add it back to the parent pom. This makes doing renovate changes easier and done all in a single pom file
15. We shouldn't need to specify these. Just use the chat gdpr query and process path above them and add `,contact` to the path line of the scenario
16. nit extra space
17. use existing query path here and add `, 'contact'` etc etc
18. same here
19. and here
20. use existing process path and add `,'contact',` etc etc here
21. and here
22. and here
23. dupe java doc
24. I don't see any unit tests added for this. We mock this class in the resource so there should be unit tests created to cover this search by contactId
25. is this used by both???
26. Was there a requirement to have the accountId in the header? Realizing we don't have that requirement for the adhoc gdpr endpoints. Do we actually need it?
27. Add production test data and update production test data files
28. These should be added to all production test data files
29. ~~This java doc is confusing. It says query invitee search for attendees but none of the code below technically does that. Should this say `Search for and return list of users found in Stream`~~  was this just moved or is this new code? Seems like a lot got moved around in this class. Was there a reason for that?
30. nit: typo
31. This log does not provide any value without any cvent entity Ids in there. What invitee Id was used in the search?
32. do we not have a contact/invitee Id?",
Yellow-ish - Joker,2023/05/18,2023/06/01,WEBINAR-7251,9367,ZDavidson,0,0,0,0,0,2,0,0,0,0,0,0,Alok.Raj,"1. How does this work with custom domains? I'm not sure but double checking the boxes with this.
2. `loginErrorHandlingV2`",
Sprint Totals,,,,,,PR_ADDED: 352,PR_REMOVED: 55,COMMIT_ADDED: 92,COMMIT_REMOVED: 133,APPROVED: 3,COMMENTED: 39,DECLINED: 0,MERGED: 4,OPENED: 3,RESCOPED: 3,UNAPPROVED: 0,UPDATED: 1,,,

Yellow-ish - Karen,2023/06/02,2023/06/15,WEBINAR-4286,9044,ZDavidson,0,0,0,0,0,0,0,0,0,0,0,0,CLeech,,
Yellow-ish - Karen,2023/06/02,2023/06/15,WEBINAR-4286,8774,ZDavidson,0,0,0,0,0,0,0,0,0,0,0,0,RMunera,,
Yellow-ish - Karen,2023/06/02,2023/06/15,WEBINAR-6460,1240,ZDavidson,0,0,0,0,0,0,0,0,0,0,0,0,RMunera,,
Yellow-ish - Karen,2023/06/02,2023/06/15,WEBINAR-6484,455,ZDavidson,0,0,0,0,1,1,0,0,0,0,0,0,Alok.Raj,"1. this log does not have any relevant information in it that would help debug any issues. Logs should contain some unique Id like account, event, contact etc etc",
Yellow-ish - Karen,2023/06/02,2023/06/15,WEBINAR-7251,9367,ZDavidson,0,0,0,0,0,0,0,0,0,0,0,0,Alok.Raj,,
Sprint Totals,,,,,,PR_ADDED: 0,PR_REMOVED: 0,COMMIT_ADDED: 0,COMMIT_REMOVED: 0,APPROVED: 1,COMMENTED: 1,DECLINED: 0,MERGED: 0,OPENED: 0,RESCOPED: 0,UNAPPROVED: 0,UPDATED: 0,,,

Yellow-ish - Lucifer,2023/06/16,2023/06/29,HUB-104482,688,ZDavidson,0,0,0,0,1,0,0,0,0,0,0,1,RMunera,,
Yellow-ish - Lucifer,2023/06/16,2023/06/29,WEBINAR-9969,3292,ZDavidson,159,315,181,338,0,4,0,0,1,2,0,0,ZDavidson,"1. ![image.png](attachment:18208/24132)   ![image.png](attachment:18208/24133)   https://carina.docs.cvent.org/docs/guidelines/typography#font-usage-guidelines  ![image.png](attachment:18208/24134)   ![image.png](attachment:18208/24135)
2. I see property name is wrong. Will fix
3. ~~The idea of this ticket was to simply move the header. The only element in the header now is a close button which is already focusable and accessible in voice over. Going to leave this as is. ~~  I guess I can change it. Seems like a quick swap :smile:
4. I'll change the type but the styling hooks are all wrapped in useStyle and making this static appears to have issues so going to leave it as a function","1. WEBINAR-9969: Move existing page title and subtitle to above the creation form for webinars
2. Merge branch 'master' of ssh://stash.cvent.net:7999/ec/planner-events-ui into WEBINAR-9969
3. WEBINAR-9969: Update unit tests, lint fixes, changeset
4. Merge branch 'master' of ssh://stash.cvent.net:7999/ec/planner-events-ui into WEBINAR-9969
5. WEBINAR-9969: Add types and use header tag"
Sprint Totals,,,,,,PR_ADDED: 159,PR_REMOVED: 315,COMMIT_ADDED: 181,COMMIT_REMOVED: 338,APPROVED: 1,COMMENTED: 4,DECLINED: 0,MERGED: 0,OPENED: 1,RESCOPED: 2,UNAPPROVED: 0,UPDATED: 1,,,

Overall Totals,,,,,,PR_ADDED: 4219,PR_REMOVED: 3086,COMMIT_ADDED: 7449,COMMIT_REMOVED: 5817,APPROVED: 34,COMMENTED: 118,DECLINED: 0,MERGED: 24,OPENED: 21,RESCOPED: 31,UNAPPROVED: 4,UPDATED: 9,,,
