SPRINT,START_DATE,END_DATE,TICKET,PR_ID,USER,PR_ADDED,PR_REMOVED,COMMIT_ADDED,COMMIT_REMOVED,APPROVED,COMMENTED,DECLINED,MERGED,OPENED,RESCOPED,UNAPPROVED,UPDATED,AUTHOR,COMMENTS,COMMIT_MESSAGES
Krypto Q2 23' S1 (8w 3d),2023/04/05,2023/04/19,HUB-77903,9039,Harshita.Sharma,0,0,0,0,1,0,0,0,0,0,0,0,MDola,,
Krypto Q2 23' S1 (8w 3d),2023/04/05,2023/04/19,HUB-77903,9139,Harshita.Sharma,0,0,1,0,0,0,0,0,0,0,0,0,ABadlia,,1. PROD-161672 : Updated Snapshot
Krypto Q2 23' S1 (8w 3d),2023/04/05,2023/04/19,HUB-77903,8178,Harshita.Sharma,0,0,0,0,0,0,0,0,0,0,0,0,ShubhamR,,
Krypto Q2 23' S1 (8w 3d),2023/04/05,2023/04/19,HUB-82329,9039,Harshita.Sharma,0,0,0,0,0,0,0,0,0,0,0,0,MDola,,
Krypto Q2 23' S1 (8w 3d),2023/04/05,2023/04/19,HUB-82329,8198,Harshita.Sharma,804,137,0,0,0,0,0,0,0,0,0,0,Harshita.Sharma,,
Krypto Q2 23' S1 (8w 3d),2023/04/05,2023/04/19,HUB-87805,261,Harshita.Sharma,618,142,239,187,0,1,0,1,0,6,0,0,Harshita.Sharma,"1. I tried to do so but since the way we make cache key and set data in cache is different for both, it was creating confusion and potential risk of NPath Complexity. Therefore I decided to keep them separate.","1. HUB-87805 : Handled review comments
2. HUB-87805 : Handled review comments
3. HUB-87805 : Added changelog and updated error logs
4. Merge branch 'master' of ssh://stash.cvent.net:7999/api/universal-attendee into hub-87805  # Conflicts:  #	CHANGELOG.md
5. Merge branch 'master' of ssh://stash.cvent.net:7999/api/universal-attendee into hub-87805  # Conflicts:  #	CHANGELOG.md  #	universal-attendee-service/src/main/java/com/cvent/universalattendee/UniversalAttendeeServiceConfiguration.java
6. HUB-87805 : Added changeset"
Krypto Q2 23' S1 (8w 3d),2023/04/05,2023/04/19,HUB-87805,17355,Harshita.Sharma,1,0,0,0,0,0,0,1,0,0,0,0,Harshita.Sharma,,
Krypto Q2 23' S1 (8w 3d),2023/04/05,2023/04/19,HUB-94865,9039,Harshita.Sharma,0,0,0,0,0,0,0,0,0,0,0,0,MDola,,
Krypto Q2 23' S1 (8w 3d),2023/04/05,2023/04/19,HUB-94866,11158,Harshita.Sharma,0,0,0,0,0,0,0,0,0,0,0,0,MGangani,,
Krypto Q2 23' S1 (8w 3d),2023/04/05,2023/04/19,HUB-94866,271,Harshita.Sharma,11,4,43,33,0,2,1,0,1,5,0,0,Harshita.Sharma,"1. To update appointment service version in pom.xml before merging
2. Declining as changes are copied in this PR -> https://stash.cvent.net/projects/API/repos/universal-attendee/pull-requests/262/overview","1. HUB-94866: Add checkAttendeeActions property to get filtered appt list API to calculate Available Attendee Actions
2. HUB-94866 : Updated client version
3. HUB-94866 : Updated CHANGELOG.md
4. HUB-94866 : Fixed karate
5. HUB-94866 : Fixed Karate
6. Merge branch 'hub-80707' of ssh://stash.cvent.net:7999/api/universal-attendee into hub-94866  # Conflicts:  #	CHANGELOG.md  #	pom.xml  #	universal-attendee-integration-test/src/test/java/com/cvent/universalattendee/features/getAttendeeAgendaItems.feature  #	universal-attendee-service/src/main/java/com/cvent/universalattendee/services/continuation/AgendaContinuationService.java"
Krypto Q2 23' S1 (8w 3d),2023/04/05,2023/04/19,HUB-95249,9039,Harshita.Sharma,0,0,0,0,0,0,0,0,0,0,0,0,MDola,,
Krypto Q2 23' S1 (8w 3d),2023/04/05,2023/04/19,HUB-80706,9040,Harshita.Sharma,247,5,849,248,0,7,0,0,1,4,0,0,Harshita.Sharma,"1. To wrap this change under feature flag
2. Thanks for pointing this out. It was not needed, forgot to remove it after I moved on to a different approach.
3. It won't be as meaningful. This is because View conflict button and Accept/Decline button can not be rendered together at a same time, so IMO it makes more sense to check the absence of them separately as well.
4. Attaching demo for handling of buttons for Mobile   [Demo](attachment:18181/19907)
5. As far as I know testIDs are needed during WDIO. So I have put them here, just so we don't have to do the rework when we move on to WDIO implementation for the same. In UTs however I have avoided asserting on testIDs and instead asserted on [role](https://stash.cvent.net/projects/AX/repos/attendee-experience-web/pull-requests/9040/diff#packages/attendee-experience-web/src/components/appointments/appointmentCard/specs/AppointmentCard.spec.js).
6. We cover e2e once we are done with coding of an epic. We have a separate story for this in our future sprint. (https://jira.cvent.com/browse/HUB-82006)
7. Here is the PR for automation - https://stash.cvent.net/projects/AX/repos/attendee-experience-web/pull-requests/9149/overview","1. HUB-80706 : Add Quick Action Buttons - Accept/Decline/View Conflicts
2. HUB-80706: Wrapped changes under feature flag
3. Merge branch 'develop' of ssh://stash.cvent.net:7999/ax/attendee-experience-web into hub-80706  # Conflicts:  #	packages/attendee-experience-web/appFeatures.js
4. HUB-80706: Typo
5. HUB-80706 : Handled discovered scope i.e. handling of buttons for mobile view
6. Merge branch 'hub-80706' of ssh://stash.cvent.net:7999/ax/attendee-experience-web into hub-80706"
Krypto Q2 23' S1 (8w 3d),2023/04/05,2023/04/19,HUB-80707,262,Harshita.Sharma,0,0,0,0,1,0,0,0,0,0,0,0,MGangani,,
Krypto Q2 23' S1 (8w 3d),2023/04/05,2023/04/19,HUB-89095,3397,Harshita.Sharma,44,0,10,26,0,0,0,0,0,3,0,0,Harshita.Sharma,,"1. HUB-89095 : Filtered out available attendee actions
2. HUB-89095 : Remove unwanted flags from availableAttendeeActions
3. HUB-89095 : Fix Lint"
Krypto Q2 23' S1 (8w 3d),2023/04/05,2023/04/19,PROD-161672,9026,Harshita.Sharma,0,0,0,0,1,0,0,0,0,1,0,0,MGangani,,
Sprint Totals,,,,,,PR_ADDED: 1725,PR_REMOVED: 288,COMMIT_ADDED: 1142,COMMIT_REMOVED: 494,APPROVED: 3,COMMENTED: 10,DECLINED: 1,MERGED: 2,OPENED: 2,RESCOPED: 19,UNAPPROVED: 0,UPDATED: 0,,,

Krypto Q2 23' S2 (10w 1d),2023/04/19,2023/05/03,HUB-80706,9040,Harshita.Sharma,247,5,1,1,0,1,0,1,0,2,0,0,Harshita.Sharma,1. UTs are already covered as part of this PR and automation is handled here -> https://stash.cvent.net/projects/AX/repos/attendee-experience-web/pull-requests/9149/overview,"1. Merge branch 'develop' of ssh://stash.cvent.net:7999/ax/attendee-experience-web into hub-80706  # Conflicts:  #	packages/attendee-experience-web/locales/pl-PL.json
2. HUB-80706 : Changed Appearance of Accept button from 'lined' to 'filled'"
Krypto Q2 23' S2 (10w 1d),2023/04/19,2023/05/03,HUB-80706,9177,Harshita.Sharma,0,0,144,53,0,0,0,0,0,0,0,0,BRehman,,"1. Pull request #9040: HUB-80706 : Add Quick Action Buttons - Accept/Decline/View Conflicts  Merge in AX/attendee-experience-web from hub-80706 to develop  * commit '0da675e4a49ae04139e43ceb56459bfb55a83506':    HUB-80706 : Changed Appearance of Accept button from 'lined' to 'filled'    HUB-80706 : Handled discovered scope i.e. handling of buttons for mobile view    HUB-80706: Typo    HUB-80706: Wrapped changes under feature flag    HUB-80706 : Add Quick Action Buttons - Accept/Decline/View Conflicts
2. HUB-81427 : Update Agenda Date List on Appointment/Reserved Time creation or updation
3. Merge branch 'develop' of ssh://stash.cvent.net:7999/ax/attendee-experience-web into hub-81427
4. HUB-81427 : Added changeset
5. HUB-81427: Handled review comments
6. HUB-81427: Added Null check
7. HUB-81427 : Added comments"
Krypto Q2 23' S2 (10w 1d),2023/04/19,2023/05/03,HUB-80707,262,Harshita.Sharma,0,0,0,0,0,0,0,0,0,0,0,0,MGangani,,
Krypto Q2 23' S2 (10w 1d),2023/04/19,2023/05/03,HUB-81427,9124,Harshita.Sharma,94,3,0,0,0,0,0,0,1,4,0,0,Harshita.Sharma,,
Krypto Q2 23' S2 (10w 1d),2023/04/19,2023/05/03,HUB-89095,3397,Harshita.Sharma,44,0,0,0,0,0,0,1,0,0,0,0,Harshita.Sharma,,
Krypto Q2 23' S2 (10w 1d),2023/04/19,2023/05/03,HUB-89095,3506,Harshita.Sharma,0,0,0,0,0,0,0,0,0,0,0,0,CEkrut,,1. Pull request #3397: HUB-89095 : Update agenda items to return can accept/decline/conflict flags  Merge in AX/attendee-experience-data from hub-89095 to develop  * commit '50485c83ba4fa00c99ea9d637ee26b71ef2ad49e':    HUB-89095 : Fix Lint    HUB-89095 : Remove unwanted flags from availableAttendeeActions    HUB-89095 : Filtered out available attendee actions    HUB-89095 : Update agenda items to return can accept/decline/conflict flags
Krypto Q2 23' S2 (10w 1d),2023/04/19,2023/05/03,HUB-95507,279,Harshita.Sharma,127,25,36,21,0,0,0,0,1,3,0,0,Harshita.Sharma,,"1. HUB-95507 : Added types support while fetching Agenda Dates
2. HUB-95507 : Added changeset
3. HUB-95507 : Resolved merge conflicts and added UT
4. HUB-95507 : Fixed karate"
Krypto Q2 23' S2 (10w 1d),2023/04/19,2023/05/03,HUB-95542,11196,Harshita.Sharma,0,0,0,0,1,0,0,0,0,0,0,0,Ashish.Mittal,,
Krypto Q2 23' S2 (10w 1d),2023/04/19,2023/05/03,HUB-96538,1495,Harshita.Sharma,19,1,30,12,0,2,0,1,1,1,0,0,Harshita.Sharma,"1. Noted for next time.
2. Thanks for the suggesting better approach!","1. HUB-96538 : Added types support while fetching Agenda Dates
2. HUB-96538: Defined values as enums and default along with formatting fix"
Krypto Q2 23' S2 (10w 1d),2023/04/19,2023/05/03,PROD-161672,9026,Harshita.Sharma,0,0,0,0,0,0,0,0,0,0,0,0,MGangani,,
Krypto Q2 23' S2 (10w 1d),2023/04/19,2023/05/03,HUB-72793,8244,Harshita.Sharma,217,19,0,0,0,0,0,0,0,0,0,0,Harshita.Sharma,,
Krypto Q2 23' S2 (10w 1d),2023/04/19,2023/05/03,HUB-97358,22357,Harshita.Sharma,0,0,0,0,0,0,0,0,0,0,0,0,PrabhjotS,,
Sprint Totals,,,,,,PR_ADDED: 748,PR_REMOVED: 53,COMMIT_ADDED: 211,COMMIT_REMOVED: 87,APPROVED: 1,COMMENTED: 3,DECLINED: 0,MERGED: 3,OPENED: 3,RESCOPED: 10,UNAPPROVED: 0,UPDATED: 0,,,

Krypto Q2 23' S3 (10w 2d),2023/05/03,2023/05/18,HUB-72793,8244,Harshita.Sharma,217,19,0,0,0,0,0,0,0,0,0,0,Harshita.Sharma,,
Krypto Q2 23' S3 (10w 2d),2023/05/03,2023/05/18,HUB-95325,11221,Harshita.Sharma,0,0,0,0,1,0,0,0,0,0,0,0,Ashish.Mittal,,
Krypto Q2 23' S3 (10w 2d),2023/05/03,2023/05/18,HUB-95325,11227,Harshita.Sharma,0,0,0,0,1,0,0,0,0,0,0,0,MGangani,,
Krypto Q2 23' S3 (10w 2d),2023/05/03,2023/05/18,HUB-96537,3516,Harshita.Sharma,283,177,472,366,0,7,0,0,1,14,0,0,Harshita.Sharma,"1. This method returns [boolean](https://stash.cvent.net/projects/AX/repos/attendee-experience-data/browse/packages/attendee-hub-graph/src/lib/appointments/isAppointmentsEnabled.ts?at=af9114ac8e7e377aefabe2a5199607b876670093#30,41,72) value only on the basis of underlying logic.
2. I can see that there are two major calls in this which are used to calculate whether Appointment is disabled or enabled. One is to fetch appt event which is [cached](https://stash.cvent.net/projects/AX/repos/attendee-experience-data/browse/packages/attendee-hub-graph/src/lib/appointments/isAppointmentsEnabled.ts?at=refs%2Fheads%2Fhub-96537#61) and other is to get feature settings which is not cached. Latter one, I could not see it cached throughout the project. Caching it would be the better approach, however I think that it could be done in separate ticket as this feature is behind feature flag. For now I am creating a [story](https://jira.cvent.com/browse/HUB-99091) to handle caching of feature settings while calculating the same.
3. Increased warning count because of this -> https://stash.cvent.net/projects/AX/repos/attendee-experience-data/pull-requests/3516/diff#packages/attendee-hub-graph/src/lib/agendas/specs/getAgendaDates.spec.ts?t=40.
4. Please refer this [comment](https://stash.cvent.net/projects/AX/repos/attendee-experience-data/pull-requests/3516/overview?commentId=3431207). I think caching feature settings will benefit.
5. Yes I agree with your point, there is no doubt that interactions should be pure. What I mean here is that in [this](https://stash.cvent.net/projects/AX/repos/attendee-experience-data/browse/packages/attendee-hub-graph/src/lib/appointments/isAppointmentsEnabled.ts?at=bf6a2c12ec444e0fe95f4dae0182fd21c38a2894#25) method we are interacting with the [two](https://stash.cvent.net/projects/AX/repos/attendee-experience-data/browse/packages/attendee-hub-graph/src/lib/appointments/isAppointmentsEnabled.ts?at=bf6a2c12ec444e0fe95f4dae0182fd21c38a2894#32,50) services and caching response from only [one](https://stash.cvent.net/projects/AX/repos/attendee-experience-data/browse/packages/attendee-hub-graph/src/lib/appointments/isAppointmentsEnabled.ts?at=bf6a2c12ec444e0fe95f4dae0182fd21c38a2894#61). If we also cache response from other [service](https://stash.cvent.net/projects/AX/repos/attendee-experience-data/browse/packages/attendee-hub-graph/src/lib/appointments/isAppointmentsEnabled.ts?at=bf6a2c12ec444e0fe95f4dae0182fd21c38a2894#37) (planner service) then this might benefit.
6. Yes, this serial await is new to this query.
7. Yes PRs are merged once it is tested from PR stack","1. HUB-96537 : Add filtering support in GET /agenda-dates API
2. Merge branch 'develop' of ssh://stash.cvent.net:7999/ax/attendee-experience-data into hub-96537  # Conflicts:  #	packages/attendee-hub-graph/src/lib/attendees/UniversalAttendeeClient.ts
3. HUB-96537 : Added changeset
4. HUB-96537 : Applied suggestion (renamed getFetchAppointments to isAppointmentsEnabled) and fixed UTs
5. HUB-96537 : Applied suggestion (renamed getFetchAppointments to isAppointmentsEnabled)
6. HUB-96537 : Added UTs and refactoring done to retrieve PlannerService client from client factory instead of top-level wiring
7. HUB-96537 : Fixed build issue
8. HUB-96537: Handled review comments
9. HUB-96537 : Lint issues
10. HUB-96537 : Reduced warnings
11. Merge branch 'develop' of ssh://stash.cvent.net:7999/ax/attendee-experience-data into hub-96537
12. HUB-96537 : Increased warning count
13. HUB-96537 : Resolved review comments
14. HUB-96537 : Typo
15. HUB-96537 : Handled warnings
16. HUB-96537 : Typo"
Krypto Q2 23' S3 (10w 2d),2023/05/03,2023/05/18,HUB-97152,9236,Harshita.Sharma,189,48,204,63,0,1,0,1,1,3,0,0,Harshita.Sharma,"1. Yes, there are. Some of the tests with different combinations -> [link](https://stash.cvent.net/projects/AX/repos/attendee-experience-web/browse/packages/attendee-experience-web/src/components/appointments/appointmentCard/specs/AppointmentCard.spec.js?at=88cf85d539e179190fd44ac1a0d75bfa82e2ee36#189,216,325,348,353)","1. HUB-97152: Adding Accept Button and Decline button only
2. HUB-97152 : Added UT
3. HUB-97152 : Destructuring
4. HUB-99509: Fixed Bug, for EN- Auto accept OFF, after accepting HOST still sees accept button
5. HUB-99509: Added changeset
6. HUB-99509 : Added UTs and constant for Attendee status
7. HUB-99509 : Attendee status (forgot to stage the file in commit)
8. HUB-99509 : Typo
9. Pull request #9284: HUB-99509: Fixed Bug, for EN- Auto accept OFF, after accepting HOST still sees accept button  Merge in AX/attendee-experience-web from hub-99509 to hub-97152  * commit '1bf74e47716126cb7e4f02f142030450a93e3c39':    HUB-99509 : Typo    HUB-99509 : Attendee status (forgot to stage the file in commit)    HUB-99509 : Added UTs and constant for Attendee status    HUB-99509: Added changeset    HUB-99509: Fixed Bug, for EN- Auto accept OFF, after accepting HOST still sees accept button"
Krypto Q2 23' S3 (10w 2d),2023/05/03,2023/05/18,HUB-97358,22357,Harshita.Sharma,0,0,0,0,0,0,0,0,0,0,0,0,PrabhjotS,,
Krypto Q2 23' S3 (10w 2d),2023/05/03,2023/05/18,HUB-98052,9195,Harshita.Sharma,0,0,0,0,1,0,0,0,0,0,0,0,MGangani,,
Krypto Q2 23' S3 (10w 2d),2023/05/03,2023/05/18,HUB-98128,9230,Harshita.Sharma,0,0,0,0,1,0,0,0,0,0,0,0,MGangani,,
Krypto Q2 23' S3 (10w 2d),2023/05/03,2023/05/18,HUB-98128,9414,Harshita.Sharma,14,21,0,0,0,0,0,0,0,0,0,0,Harshita.Sharma,,
Krypto Q2 23' S3 (10w 2d),2023/05/03,2023/05/18,HUB-99196,11235,Harshita.Sharma,0,0,0,0,1,0,0,0,0,0,0,0,MGangani,,
Sprint Totals,,,,,,PR_ADDED: 703,PR_REMOVED: 265,COMMIT_ADDED: 676,COMMIT_REMOVED: 429,APPROVED: 5,COMMENTED: 8,DECLINED: 0,MERGED: 1,OPENED: 2,RESCOPED: 17,UNAPPROVED: 0,UPDATED: 0,,,

Krypto Q2 23' S4 (10w 1d),2023/05/18,2023/06/01,HUB-95973,9448,Harshita.Sharma,0,0,19,26,0,0,0,0,0,0,0,0,ATawfik,,"1. HUB-100677 : Accepted attendee action and view conflict from backend
2. HUB-100677 : Reverted HUB-98128 and HUB-99509
3. HUB-100677 : Added changeset and fixed lint"
Krypto Q2 23' S4 (10w 1d),2023/05/18,2023/06/01,HUB-100506,11254,Harshita.Sharma,0,0,0,0,1,1,0,0,0,0,0,0,Ashish.Mittal,1. Can we also please update the documentation,
Krypto Q2 23' S4 (10w 1d),2023/05/18,2023/06/01,HUB-100677,3568,Harshita.Sharma,57,8,28,1,0,1,0,0,1,0,0,0,Harshita.Sharma,1. It makes more sense to me to pass this flag as a query param (and avoid changing the request structure of the API) since it is only being used in some particular [calculations](https://stash.cvent.net/projects/APPT/repos/appointments/pull-requests/11254/diff#appointments-service/src/main/java/com/cvent/appointments/resources/v2/external/ExternalResource.java?t=1325) and not a necessary component of the data that needs to be kept.,"1. HUB-100677 : Update Create, Update and handle user action API to have attendee action flags"
Krypto Q2 23' S4 (10w 1d),2023/05/18,2023/06/01,HUB-100677,3573,Harshita.Sharma,0,0,113,11,0,0,0,0,0,0,0,0,ATawfik,,"1. HUB-100663 : Added timeframes to myAgenda query when apppointments are disabled
2. HUB-100663 : Handled review comment
3. Applied suggestion
4. Pull request #3564: HUB-100663 : Added timeframes to myAgenda query when apppointments are disabled  Merge in AX/attendee-experience-data from hub-100663 to develop  * commit '28fe1c308763e5a5edc9f58bbe73b5b0ff5a1c5b':    Applied suggestion    HUB-100663 : Handled review comment    HUB-100663 : Added timeframes to myAgenda query when apppointments are disabled"
Krypto Q2 23' S4 (10w 1d),2023/05/18,2023/06/01,HUB-100677,9414,Harshita.Sharma,14,21,0,0,0,0,0,0,1,1,0,0,Harshita.Sharma,,
Krypto Q2 23' S4 (10w 1d),2023/05/18,2023/06/01,HUB-100677,9442,Harshita.Sharma,0,0,0,0,0,0,0,0,0,0,0,0,MGangani,,
Krypto Q2 23' S4 (10w 1d),2023/05/18,2023/06/01,PROD-168163,9344,Harshita.Sharma,371,243,499,511,0,2,0,1,1,6,0,0,Harshita.Sharma,"1. This has been handled at ax-data layer.   ![Screenshot 2023-05-24 at 10.49.13 AM.png](attachment:18181/22031)
2. [See this](https://stash.cvent.net/projects/AX/repos/attendee-experience-web/pull-requests/9344/overview?commentId=3469353)","1. PROD-168163 : Booth staff shown as being available for appointments despite not being allowed to via Schedule Rules
2. PROD-168163 : Addressed build failures and review comments
3. Merge branch 'develop' of ssh://stash.cvent.net:7999/ax/attendee-experience-web into prod-168163
4. PROD-168163 : Fix flaky test
5. Merge branch 'develop' of ssh://stash.cvent.net:7999/ax/attendee-experience-web into prod-168163  # Conflicts:  #	packages/attendee-experience-web/src/components/appointments/appointmentPanel/FreeformApptForm.tsx  #	packages/attendee-experience-web/src/components/appointments/appointmentPanel/specs/FreeformApptForm.spec.tsx
6. PROD-168163 : Fix Lint issues
7. PROD-168163 : Removed console log"
Krypto Q2 23' S4 (10w 1d),2023/05/18,2023/06/01,PROD-168163,9409,Harshita.Sharma,0,0,9,3,0,0,0,0,0,0,0,0,TCox,,"1. HUB-100861 : Skipped flaky UT
2. HUB-100861 : Added comment
3. HUB-100861 : Increased warning count by 1, since skipped a test"
Sprint Totals,,,,,,PR_ADDED: 442,PR_REMOVED: 272,COMMIT_ADDED: 668,COMMIT_REMOVED: 552,APPROVED: 1,COMMENTED: 4,DECLINED: 0,MERGED: 1,OPENED: 3,RESCOPED: 7,UNAPPROVED: 0,UPDATED: 0,,,

Krypto Q2 23' S5(9w 2d),2023/06/01,2023/06/14,HUB-96080,11302,Harshita.Sharma,0,0,0,0,0,0,0,0,0,0,0,0,Ashish.Mittal,,
Krypto Q2 23' S5(9w 2d),2023/06/01,2023/06/14,HUB-99617,9507,Harshita.Sharma,0,0,10,2,0,0,0,0,0,0,0,0,GStarr,,"1. HUB-101270 : Custom Experiment for Date Tabs Release
2. HUB-101270 : Included the clean up ticket in code
3. Pull request #9450: HUB-101270 : Custom Experiment for Date Tabs Release  Merge in AX/attendee-experience-web from hub-101270 to develop  * commit '8ff630b1b9dc6d5e9ac2d23f756d6c05f4ff587a':    HUB-101270 : Included the clean up ticket in code    HUB-101270 : Custom Experiment for Date Tabs Release"
Krypto Q2 23' S5(9w 2d),2023/06/01,2023/06/14,HUB-100677,3568,Harshita.Sharma,57,8,47,25,0,0,0,0,0,3,0,1,Harshita.Sharma,,"1. HUB-100677 : Updated tests and lint
2. HUB-100677 : Addressed test failures
3. Merge branch 'develop' of ssh://stash.cvent.net:7999/ax/attendee-experience-data into hub-100677"
Krypto Q2 23' S5(9w 2d),2023/06/01,2023/06/14,HUB-100677,9414,Harshita.Sharma,14,21,0,0,0,0,0,0,0,0,0,1,Harshita.Sharma,,
Krypto Q2 23' S5(9w 2d),2023/06/01,2023/06/14,HUB-100677,9442,Harshita.Sharma,0,0,0,0,1,1,0,0,0,0,0,0,MGangani,"1. Just a doubt, in this case we will always receive actions? Is adding a null check here an overdo?",
Krypto Q2 23' S5(9w 2d),2023/06/01,2023/06/14,HUB-101270,9450,Harshita.Sharma,9,1,0,0,0,4,0,1,1,1,0,0,Harshita.Sharma,"1. This is a major UI change hence product decided to roll this out in phased manner for selective accounts to prevent any adverse impact on upcoming connect.  Ticket for retiring experiment and code clean up - https://jira.cvent.com/browse/HUB-102257
2. Ticket is already attached in the comment for retiring experiment and code clean up, is there something else that I am missing?
3. Included the ticket in code as well
4. https://jira.cvent.com/browse/APS-167103 - App support request raised to deploy on all envs",
Krypto Q2 23' S5(9w 2d),2023/06/01,2023/06/14,HUB-102465,3594,Harshita.Sharma,108,0,0,0,0,0,0,0,0,0,0,0,Harshita.Sharma,,
Krypto Q2 23' S5(9w 2d),2023/06/01,2023/06/14,HUB-102465,3584,Harshita.Sharma,210,7,345,148,0,2,0,0,1,6,0,0,Harshita.Sharma,"1. As mentioned in the description there was one issue that we caught in E2E which was that all the agendas were getting populated in Before Event tab when appointments were disabled. To fix this we found out that there was an issue with query params being passed to Search query ([Ref](https://stash.cvent.net/projects/AX/repos/attendee-experience-data/pull-requests/3564/overview?commentId=3487615)).   The conflict occurred on Event Page where in we only need liveAndUpcoming params for SEARCH_SCHEDULE call. After the [fix](https://stash.cvent.net/projects/AX/repos/attendee-experience-data/pull-requests/3564/overview) that was done it referred to timeframes as well which produced ambiguous results.   This PR handles both of the scenario. Fix for the issue we found out during E2E testing for date tabs as well as the issue that occurred because of it (**Happenning Now** and **Up Next** sessions being parked as **Live and Upcoming** Sessions). We are now passing a flag from ax-web (**calculateLiveAndUpcoming**) which when passed will set the live and upcoming params in [criteria](https://stash.cvent.net/projects/AX/repos/attendee-experience-data/pull-requests/3584/diff#packages/attendee-hub-graph/src/lib/agendas/myAgenda.ts?t=373) and otherwise it will set values in timeframes.
2. Replication of the exact same issue won't be possible via WDIO as we have static data setup (sessions spanning over multiple days(years) for which issue was not reproducible). On IT front, we already have some [tests](https://stash.cvent.net/projects/AX/repos/attendee-experience-data/browse/packages/attendee-hub-graph-it/src/specs/integration/session/searchSessions.it.spec.ts#201,206,216,220,285,293) written which fetch result as per the params passed.  I have covered the calculation of params via [UTs](https://stash.cvent.net/projects/AX/repos/attendee-experience-data/pull-requests/3584/diff#packages/attendee-hub-graph/src/lib/agendas/specs/myAgenda.spec.ts).   Also attaching video of where in I have ran ax-data locally with my changes and silo606, to depict that behaviour on both is identical. [Ref](attachment:19134/23128)","1. HUB-102465: To show correct sessions and appointments time in Happening Now and Up next
2. Merge branch 'develop' of ssh://stash.cvent.net:7999/ax/attendee-experience-data into hub-102465  # Conflicts:  #	packages/attendee-hub-graph/src/lib/agendas/myAgenda.ts
3. HUB-102465 : Handled review comments
4. HUB-102465 : Setting default value of calculateLiveAndUpcoming
5. HUB-102465 : Added UTs
6. HUB-102465 : Lint fix
7. HUB-102465 : Setting default value of calculateLiveAndUpcoming to true"
Krypto Q2 23' S5(9w 2d),2023/06/01,2023/06/14,HUB-102465,9470,Harshita.Sharma,103,46,103,46,0,0,0,0,1,1,0,0,Harshita.Sharma,,"1. HUB-102465: To show correct sessions and appointments time in Happening Now and Up next
2. HUB-102465 : Set calculateLiveAndUpcoming from MySchedule as False"
Krypto Q2 23' S5(9w 2d),2023/06/01,2023/06/14,HUB-102766,9499,Harshita.Sharma,0,0,0,0,1,0,0,0,0,0,0,0,ShubhamR,,
Krypto Q2 23' S5(9w 2d),2023/06/01,2023/06/14,PROD-168163,9344,Harshita.Sharma,371,243,0,0,0,0,0,0,0,0,0,0,Harshita.Sharma,,
Sprint Totals,,,,,,PR_ADDED: 872,PR_REMOVED: 326,COMMIT_ADDED: 505,COMMIT_REMOVED: 221,APPROVED: 2,COMMENTED: 7,DECLINED: 0,MERGED: 1,OPENED: 3,RESCOPED: 11,UNAPPROVED: 0,UPDATED: 2,,,

Krypto Q2 23' S6 (8w 4d),2023/06/16,2023/06/29,HUB-78303,9611,Harshita.Sharma,0,0,91,4,0,0,0,0,0,0,0,0,MQian,,"1. PROD-169654 : Book appointment button should remain disabled when start and end time has not been entered by user
2. PROD-169654 : Added timeframes as first time slot suggestion is selected for self schedule type
3. Pull request #9579: PROD-169654 : Book appointment button should remain disabled when start and end time has not been entered by user  Merge in AX/attendee-experience-web from prod-169654 to develop  * commit '6bfb4a319d64016ce87a0987411bce414c8c6477':    PROD-169654 : Added timeframes as first time slot suggestion is selected for self schedule type    PROD-169654 : Book appointment button should remain disabled when start and end time has not been entered by user"
Krypto Q2 23' S6 (8w 4d),2023/06/16,2023/06/29,HUB-92820,9537,Harshita.Sharma,0,0,0,0,1,1,0,0,0,0,0,0,MDola,1. Is it possible to keep a check on this via test?,
Krypto Q2 23' S6 (8w 4d),2023/06/16,2023/06/29,PROD-166554,11286,Harshita.Sharma,2,1,7,6,0,0,0,0,1,0,0,0,Harshita.Sharma,,"1. PROD-166554 : Disabling ""Enforce schedule rules"" before selecting an appointment type and clicking on add attendee we get a blank page.
2. PROD-166554 : Lint issues"
Krypto Q2 23' S6 (8w 4d),2023/06/16,2023/06/29,PROD-166554,22714,Harshita.Sharma,34,0,34,0,0,1,0,0,1,1,0,0,Harshita.Sharma,1. https://qeportal.cvent.net/blucumberExecution/1911459,"1. PROD-166554 : Added automation for scheduling appt from planner side when schedule rules are disabled
2. PROD-166554 : Added coverage for attendeeLink"
Krypto Q2 23' S6 (8w 4d),2023/06/16,2023/06/29,PROD-166554,11273,Harshita.Sharma,4,3,7,6,0,2,0,1,1,2,0,0,Harshita.Sharma,"1. Yes [it](https://stash.cvent.net/projects/APPT/repos/appointments/browse/appointments-guest-ui/shared/src/utils/schedule-rules.js#12) can be empty despite having `enforceScheduleRules`.
2. Failing testcase passing locally  ![Screenshot 2023-06-21 at 12.08.08 PM.png](attachment:3132/23541)","1. PROD-166554 : Disabling ""Enforce schedule rules"" before selecting an appointment type and clicking on add attendee we get a blank page.
2. PROD-166554 : Lint issues
3. Merge branch 'silo606' of ssh://stash.cvent.net:7999/appt/appointments into prod-166554  # Conflicts:  #	appointments-guest-ui/package.json  #	appointments-ui/package.json"
Krypto Q2 23' S6 (8w 4d),2023/06/16,2023/06/29,PROD-169654,9579,Harshita.Sharma,91,4,0,0,0,0,0,1,1,1,0,0,Harshita.Sharma,,
Krypto Q2 23' S6 (8w 4d),2023/06/16,2023/06/29,PROD-170676,9578,Harshita.Sharma,0,0,0,0,1,0,0,0,0,0,0,0,ShubhamR,,
Krypto Q2 23' S6 (8w 4d),2023/06/16,2023/06/29,PROD-171600,1560,Harshita.Sharma,0,0,7,0,0,0,0,0,0,1,0,0,MGangani,,1. HUB-96419: Add changeset
Sprint Totals,,,,,,PR_ADDED: 131,PR_REMOVED: 8,COMMIT_ADDED: 146,COMMIT_REMOVED: 16,APPROVED: 2,COMMENTED: 4,DECLINED: 0,MERGED: 2,OPENED: 4,RESCOPED: 5,UNAPPROVED: 0,UPDATED: 0,,,

Overall Totals,,,,,,PR_ADDED: 4621,PR_REMOVED: 1212,COMMIT_ADDED: 3348,COMMIT_REMOVED: 1799,APPROVED: 14,COMMENTED: 36,DECLINED: 1,MERGED: 10,OPENED: 17,RESCOPED: 69,UNAPPROVED: 0,UPDATED: 2,,,
