SPRINT,START_DATE,END_DATE,TICKET,PR_ID,USER,PR_ADDED,PR_REMOVED,COMMIT_ADDED,COMMIT_REMOVED,APPROVED,COMMENTED,DECLINED,MERGED,OPENED,RESCOPED,UNAPPROVED,UPDATED,AUTHOR,COMMENTS,COMMIT_MESSAGES
Quasar: J'23 (May 11- May 24),2023/05/11,2023/05/24,PROD-162137,149493,Dinesh.Kumar,0,0,29,15,0,0,0,0,0,0,0,0,APrajapati,,"1. PROD-163998: Rounded off time columns in air actual import to nearestest milliseconds
2. PROD-163998: Added a method to roundoffTime to nearest milli seconds
3. PROD-163998: Refactored methods"
Quasar: J'23 (May 11- May 24),2023/05/11,2023/05/24,PROD-162137,149455,Dinesh.Kumar,9117,883,4,35,0,0,0,0,1,0,0,0,Dinesh.Kumar,,"1. Revert ""Pull request #149303: Prod 164185""  This reverts commit 3a5a8762591ca5de8ba480ab3f2781680dfacb41, reversing  changes made to 280bb9e1e8d1668deccbcd3440e6394ac6887cc3."
Sprint Totals,,,,,,PR_ADDED: 9117,PR_REMOVED: 883,COMMIT_ADDED: 33,COMMIT_REMOVED: 50,APPROVED: 0,COMMENTED: 0,DECLINED: 0,MERGED: 0,OPENED: 1,RESCOPED: 0,UNAPPROVED: 0,UPDATED: 0,,,

Overall Totals,,,,,,PR_ADDED: 9117,PR_REMOVED: 883,COMMIT_ADDED: 33,COMMIT_REMOVED: 50,APPROVED: 0,COMMENTED: 0,DECLINED: 0,MERGED: 0,OPENED: 1,RESCOPED: 0,UNAPPROVED: 0,UPDATED: 0,,,
