SPRINT,START_DATE,END_DATE,TICKET,PR_ID,USER,PR_ADDED,PR_REMOVED,COMMIT_ADDED,COMMIT_REMOVED,APPROVED,COMMENTED,DECLINED,MERGED,OPENED,RESCOPED,UNAPPROVED,UPDATED,AUTHOR,COMMENTS,COMMIT_MESSAGES
Q2 2023 - Sprint 2,2023/04/20,2023/05/03,HUB-97991,149145,Nihit.Bansal,4103,2004,0,0,0,0,0,0,0,0,0,0,Nihit.Bansal,,
Sprint Totals,,,,,,PR_ADDED: 4103,PR_REMOVED: 2004,COMMIT_ADDED: 0,COMMIT_REMOVED: 0,APPROVED: 0,COMMENTED: 0,DECLINED: 0,MERGED: 0,OPENED: 0,RESCOPED: 0,UNAPPROVED: 0,UPDATED: 0,,,

Q2 2023 - Sprint 3,2023/05/04,2023/05/17,HUB-97991,149145,Nihit.Bansal,4103,2004,0,0,0,0,0,1,1,0,0,0,Nihit.Bansal,,
Sprint Totals,,,,,,PR_ADDED: 4103,PR_REMOVED: 2004,COMMIT_ADDED: 0,COMMIT_REMOVED: 0,APPROVED: 0,COMMENTED: 0,DECLINED: 0,MERGED: 1,OPENED: 1,RESCOPED: 0,UNAPPROVED: 0,UPDATED: 0,,,

Q2 2023 - Sprint 5,2023/06/01,2023/06/14,PROD-168082,150459,Nihit.Bansal,0,0,112,103,0,0,0,0,0,0,0,0,qtpman,,"1. Merge branch 'webinar-8506_ccid' into webinar-8507  # Conflicts:  #	VSProjects/Cvent/Cvent.Web.Subscribers/packages.config
2. WEBINAR-8507: Added check for Admin Users during License Removal.
3. WEBINAR-8507: Fixed the Redirection Issue.
4. WEBINAR-8507: Removed accidental commits.
5. WEBINAR-8507: Updated the Polling to only wait till Initial Phase Completed Status.
6. Merge branch 'prod' into webinar-8507  # Conflicts:  #	VSProjects/Cvent.Subscribers.Admin/Cvent.Subscribers.Admin.Tests/packages.config  #	VSProjects/Cvent/Cvent.Web.Subscribers/packages.config  #	VSProjects/Cvent2/Cvent.Subscribers.SharedPages/packages.config  #	VSProjects/Cvii/Web/packages.config
7. WEBINAR-5607: Updated polling logic."
Sprint Totals,,,,,,PR_ADDED: 0,PR_REMOVED: 0,COMMIT_ADDED: 112,COMMIT_REMOVED: 103,APPROVED: 0,COMMENTED: 0,DECLINED: 0,MERGED: 0,OPENED: 0,RESCOPED: 0,UNAPPROVED: 0,UPDATED: 0,,,

Overall Totals,,,,,,PR_ADDED: 8206,PR_REMOVED: 4008,COMMIT_ADDED: 112,COMMIT_REMOVED: 103,APPROVED: 0,COMMENTED: 0,DECLINED: 0,MERGED: 1,OPENED: 1,RESCOPED: 0,UNAPPROVED: 0,UPDATED: 0,,,
