SPRINT,START_DATE,END_DATE,TICKET,PR_ID,USER,PR_ADDED,PR_REMOVED,COMMIT_ADDED,COMMIT_REMOVED,APPROVED,COMMENTED,DECLINED,MERGED,OPENED,RESCOPED,UNAPPROVED,UPDATED,AUTHOR,COMMENTS,COMMIT_MESSAGES
WOW - S7 (30 Mar - 12Apr) 33,2023/03/30,2023/04/12,WEBINAR-849,1167,Shivangi.Agarwal,0,0,51,20,0,0,0,0,0,0,0,0,RupaliS,,"1. WEBINAR-849: Block apis for webinars
2. WEBINAR-849: Fixed build instance
3. WEBINAR-849: Fixed build issue
4. WEBINAR-843: Block apis for webinars"
WOW - S7 (30 Mar - 12Apr) 33,2023/03/30,2023/04/12,WEBINAR-849,1216,Shivangi.Agarwal,12,0,0,0,0,0,1,0,1,0,0,0,Shivangi.Agarwal,,
WOW - S7 (30 Mar - 12Apr) 33,2023/03/30,2023/04/12,WEBINAR-4958,566,Shivangi.Agarwal,9406,594,9406,594,0,0,0,1,1,0,0,0,Shivangi.Agarwal,,1. WEBINAR-4958: Phrase pull
WOW - S7 (30 Mar - 12Apr) 33,2023/03/30,2023/04/12,WEBINAR-4958,6789,Shivangi.Agarwal,0,0,15,11,0,0,0,0,0,0,0,0,SKapri,,1. WEBINAR-4958: Return activity type as webinar for webinars in contact activity history
WOW - S7 (30 Mar - 12Apr) 33,2023/03/30,2023/04/12,WEBINAR-4958,6795,Shivangi.Agarwal,0,0,16,11,0,0,0,0,0,0,0,0,RupaliS,,"1. WEBINAR-4958: Return activity type as webinar for webinars in contact activity history
2. WEBINAR-4958: Fix survey data for activity history report"
WOW - S7 (30 Mar - 12Apr) 33,2023/03/30,2023/04/12,WEBINAR-4958,147725,Shivangi.Agarwal,6,0,6,0,0,0,0,1,1,0,0,0,Shivangi.Agarwal,,1. WEBINAR-4958: Return the webinar flag from up_cvnt_Reports_EventHistory_PSR SP
WOW - S7 (30 Mar - 12Apr) 33,2023/03/30,2023/04/12,WEBINAR-4958,6786,Shivangi.Agarwal,15,11,0,0,0,1,1,0,1,0,0,0,Shivangi.Agarwal,1. This will be released after https://jira.cvent.com/browse/PROD-164540 is released to production.,
WOW - S7 (30 Mar - 12Apr) 33,2023/03/30,2023/04/12,WEBINAR-4958,6791,Shivangi.Agarwal,16,11,0,0,0,0,1,0,1,0,0,0,Shivangi.Agarwal,,
WOW - S7 (30 Mar - 12Apr) 33,2023/03/30,2023/04/12,WEBINAR-4958,147728,Shivangi.Agarwal,6,0,0,0,0,0,0,0,1,0,0,0,Shivangi.Agarwal,,
WOW - S7 (30 Mar - 12Apr) 33,2023/03/30,2023/04/12,WEBINAR-5758,2947,Shivangi.Agarwal,41,3,0,0,0,0,0,0,0,0,0,0,Shivangi.Agarwal,,
WOW - S7 (30 Mar - 12Apr) 33,2023/03/30,2023/04/12,WEBINAR-5759,2954,Shivangi.Agarwal,338,200,500,362,0,0,0,1,1,3,0,0,Shivangi.Agarwal,,"1. WEBINAR-5759: Integrate API to get hubspot account configuration
2. Merge branch 'master' of ssh://stash.cvent.net:7999/ec/planner-events-ui into webinar-5759
3. Merge branch 'webinar-3678' of ssh://stash.cvent.net:7999/ec/planner-events-ui into webinar-5759
4. WEBINAR-5759: Hookup with integration modal and enable/disable hubspot integration
5. WEBINAR-5759: Use existing methods to update/delete salesforce integration
6. Merge branch 'master' of ssh://stash.cvent.net:7999/ec/planner-events-ui into webinar-5759
7. Merge branch 'master' of ssh://stash.cvent.net:7999/ec/planner-events-ui into webinar-5759
8. WEBINAR-5759: Incorporated PR comments
9. Merge branch 'master' of ssh://stash.cvent.net:7999/ec/planner-events-ui into webinar-5759
10. WEBINAR-5759: Fixed tests
11. WEBINAR-5759: Incorporated PR comment
12. WEBINAR-5759: Updated the parameter of deletePushIntegrationConfig for salesforce and hubspot"
WOW - S7 (30 Mar - 12Apr) 33,2023/03/30,2023/04/12,WEBINAR-6370,2960,Shivangi.Agarwal,101,55,101,55,0,0,0,1,1,0,0,0,Shivangi.Agarwal,,1. WEBINAR-6370: Handle hubspot integration enabling for existing webinars
Sprint Totals,,,,,,PR_ADDED: 9941,PR_REMOVED: 874,COMMIT_ADDED: 10095,COMMIT_REMOVED: 1053,APPROVED: 0,COMMENTED: 1,DECLINED: 3,MERGED: 4,OPENED: 8,RESCOPED: 3,UNAPPROVED: 0,UPDATED: 0,,,

WOW - S8 (13 - 26 Apr),2023/04/13,2023/04/26,WEBINAR-843,1232,Shivangi.Agarwal,97,0,0,0,0,0,0,0,1,0,0,0,Shivangi.Agarwal,,
WOW - S8 (13 - 26 Apr),2023/04/13,2023/04/26,WEBINAR-6333,3015,Shivangi.Agarwal,373,20,745,222,0,0,0,1,1,4,0,0,Shivangi.Agarwal,,"1. WEBINAR-6333: Added UI for Search engine Settings on Marketing page
2. WEBINAR-6333: Resolved conflicts
3. WEBINAR-6333: Updated CSS values with carina tokens
4. WEBINAR-6333: Fixed webinar email table unit tests
5. Merge branch 'master' of ssh://stash.cvent.net:7999/ec/planner-events-ui into webinar-6333
6. WEBINAR-6333: Incorporated PR comments
7. WEBINAR-6333: Updated css variable names
8. Merge branch 'master' of ssh://stash.cvent.net:7999/ec/planner-events-ui into webinar-6333
9. WEBINAR-6333: Incorporated PR comments and created a generic component for webinar promotion cards"
WOW - S8 (13 - 26 Apr),2023/04/13,2023/04/26,WEBINAR-6334,3059,Shivangi.Agarwal,877,133,941,133,0,0,0,0,1,0,0,0,Shivangi.Agarwal,,"1. WEBINAR-6334: Integrate search engine settings UI with backend services
2. WEBINAR-6334: Resolved conflicts
3. WEBINAR-6334: Fixed CheckoutModal failing test"
WOW - S8 (13 - 26 Apr),2023/04/13,2023/04/26,WEBINAR-6930,3040,Shivangi.Agarwal,398,4,674,198,0,1,0,1,1,2,0,0,Shivangi.Agarwal,"1. Since the design of two modals are different so, we'll be creating another modal for calendar settings whenever required.","1. Merge branch 'master' of ssh://stash.cvent.net:7999/ec/planner-events-ui into webinar-6930
2. WEBINAR-6930: Added search engine settings modal
3. WEBINAR-6930: Resolved conflicts
4. Merge branch 'master' of ssh://stash.cvent.net:7999/ec/planner-events-ui into webinar-6930
5. WEBINAR-6930: Added search engine settings modal, hooked up with edit button and added UTs
6. WEBINAR-6930: Resolved conflicts
7. WEBINAR-6930: Incorporated PR comments
8. WEBINAR-6930: Incorporated PR comments"
Sprint Totals,,,,,,PR_ADDED: 1745,PR_REMOVED: 157,COMMIT_ADDED: 2360,COMMIT_REMOVED: 553,APPROVED: 0,COMMENTED: 1,DECLINED: 0,MERGED: 2,OPENED: 4,RESCOPED: 6,UNAPPROVED: 0,UPDATED: 0,,,

Q2 -WOW - S9 (27 - 10 May) -33,2023/04/27,2023/05/10,PROD-165246,3082,Shivangi.Agarwal,40,3,40,3,0,0,0,1,1,0,0,0,Shivangi.Agarwal,,"1. PROD-165246: Execute account branding footer on NX pages
2. PROD-165246: Added changeset"
Q2 -WOW - S9 (27 - 10 May) -33,2023/04/27,2023/05/10,PROD-166432,149087,Shivangi.Agarwal,0,0,43,5,0,0,0,0,0,0,0,0,Arvind.Negi,,"1. WEBINAR-7045: Added user specific webinar flag as a reporting feature for admin standard report
2. WEBINAR-7045: Updated access modifier"
Q2 -WOW - S9 (27 - 10 May) -33,2023/04/27,2023/05/10,WEBINAR-6528,3105,Shivangi.Agarwal,262,17,297,52,0,0,0,1,1,1,0,0,Shivangi.Agarwal,,"1. WEBINAR-6528: Fire identify calls for the contracted users with no self service account
2. Merge branch 'master' of ssh://stash.cvent.net:7999/ec/planner-events-ui into webinar-6528
3. Merge branch 'master' of ssh://stash.cvent.net:7999/ec/planner-events-ui into webinar-6528
4. WEBINAR-6528: Incorporated PR comments"
Q2 -WOW - S9 (27 - 10 May) -33,2023/04/27,2023/05/10,WEBINAR-6528,3117,Shivangi.Agarwal,28,8,37,17,0,0,0,1,1,2,0,0,Shivangi.Agarwal,,"1. WEBINAR-6528: Updated the loading variable for intercom component
2. WEBINAR-6528: Incorporated PR comment
3. WEBINAR-6528: Incorporated PR comment"
Q2 -WOW - S9 (27 - 10 May) -33,2023/04/27,2023/05/10,WEBINAR-6528,3128,Shivangi.Agarwal,16,9,21,14,0,0,0,1,1,1,0,0,Shivangi.Agarwal,,"1. WEBINAR-6528: Updated condition to update profile of a user
2. WEBINAR-6528: Minor fix"
Q2 -WOW - S9 (27 - 10 May) -33,2023/04/27,2023/05/10,WEBINAR-7912,540,Shivangi.Agarwal,35,8,29,13,0,1,0,1,1,2,0,1,Shivangi.Agarwal,"1. User(s) McCurry, David, Giri, Deepak, McTiernan, Alex and Russell, Jeremy have been added automatically as predefined branch reviewers.","1. WEBINAR-7912: Force downgrade webinars when source tier is not known
2. Merge branch 'improve-logging-webinar-tier-change' of ssh://stash.cvent.net:7999/oslo/event-plannerside-config into webinar-7912
3. WEBINAR-7912: Incorporated PR comments
4. WEBINAR-7912: Added licenseType check"
Q2 -WOW - S9 (27 - 10 May) -33,2023/04/27,2023/05/10,WEBINAR-8480,3087,Shivangi.Agarwal,7,3,7,3,0,0,0,1,1,0,0,0,Shivangi.Agarwal,,1. WEBINAR-8480: Move Search Engine Setting to Var 18
Sprint Totals,,,,,,PR_ADDED: 388,PR_REMOVED: 48,COMMIT_ADDED: 474,COMMIT_REMOVED: 107,APPROVED: 0,COMMENTED: 1,DECLINED: 0,MERGED: 6,OPENED: 6,RESCOPED: 6,UNAPPROVED: 0,UPDATED: 1,,,

Q2 - WOW - S10(11 - 24 May) 30,2023/05/11,2023/05/24,PROD-167529,3177,Shivangi.Agarwal,34,2,35,3,0,0,0,1,1,1,0,0,Shivangi.Agarwal,,"1. PROD-167529: Redirect to container event home page if webinar stub is replaced by any container event stub on integrations page
2. PROD-167529: Incorporated PR comments"
Q2 - WOW - S10(11 - 24 May) 30,2023/05/11,2023/05/24,WEBINAR-3697,1167,Shivangi.Agarwal,0,0,174,70,0,0,0,0,0,0,0,0,RupaliS,,"1. WEBINAR-3697: Throw exception for webinars in updateEventParameters API
2. WEBINAR-3697: Fixed indentation
3. WEBINAR-3697: Fixed build issue
4. WEBINAR-3697: Call HasWebinar method from metadatabuilder instead of APIBase
5. WEBINAR-3697: Renamed acctId variable in hasWebinar call
6. WEBINAR-3697: Fixed eventParams name
7. WEBINAR-3697: Updated SP"
Q2 - WOW - S10(11 - 24 May) 30,2023/05/11,2023/05/24,WEBINAR-3697,1251,Shivangi.Agarwal,113,9,0,0,0,0,1,0,1,1,0,0,Shivangi.Agarwal,,
Q2 - WOW - S10(11 - 24 May) 30,2023/05/11,2023/05/24,WEBINAR-7005,3156,Shivangi.Agarwal,175,20,258,35,0,0,0,1,1,1,0,0,Shivangi.Agarwal,,"1. WEBINAR-7005: Added empty state for no active integrations
2. Merge branch 'master' of ssh://stash.cvent.net:7999/ec/planner-events-ui into webinar-7005
3. WEBINAR-7005: Converted px to rem"
Q2 - WOW - S10(11 - 24 May) 30,2023/05/11,2023/05/24,WEBINAR-7005,3163,Shivangi.Agarwal,20,7,20,7,0,1,0,1,1,0,0,0,Shivangi.Agarwal,"1. No, I ran tests on local and all the tests passed. Build also passed successfully.",1. WEBINAR-7005: Fixed integration page styling
Q2 - WOW - S10(11 - 24 May) 30,2023/05/11,2023/05/24,WEBINAR-7045,149071,Shivangi.Agarwal,42,4,0,0,0,0,0,0,0,0,0,0,Shivangi.Agarwal,,
Q2 - WOW - S10(11 - 24 May) 30,2023/05/11,2023/05/24,WEBINAR-7045,149076,Shivangi.Agarwal,42,4,0,0,0,0,0,0,0,0,0,0,Shivangi.Agarwal,,
Q2 - WOW - S10(11 - 24 May) 30,2023/05/11,2023/05/24,WEBINAR-8761,3140,Shivangi.Agarwal,1329,904,6564,5063,0,1,0,1,1,6,0,1,Shivangi.Agarwal,"1. @OSalvador We want to send webinarId in `act_createwebinarform_submit` fact. So, I fetched it from graph and sent here but it is not reflecting in track call in networks tab on PR build instance (screenshot attached).   Since eventId is already present for all the facts as baseProp, so I think even on passing it explicitly from here it is getting overridden from baseProp where eventId is not available. Can you please help here ![Screenshot 2023-05-12 at 1.07.23 PM.png](attachment:18208/21369)","1. WEBINAR-8761: Added analytics for search engine settings and added eventId in act_createwebinarform_submit fact proerties
2. WEBINAR-8761: Added changeset
3. WEBINAR-8761: Fixed lint issues
4. WEBINAR-8761: Resolved conflicts
5. WEBINAR-8761: Updated webinar id and name keys for act_createwebinarform_submit fact
6. WEBINAR-8761: Rsolved conflicts
7. WEBINAR-8761: Updated package.json and pnpm-lock.yaml with master code
8. WEBINAR-8761: Updated sli-nextjs-metrics package
9. WEBINAR-8761: Updated pnpm-lock.yaml file
10. WEBINAR-8761: Fixed lint error"
Q2 - WOW - S10(11 - 24 May) 30,2023/05/11,2023/05/24,WEBINAR-8821,3150,Shivangi.Agarwal,92,13,92,13,0,0,0,1,1,0,0,0,Shivangi.Agarwal,,1. WEBINAR-8821: WEBINAR-8821: Updated text and tooltip for search engine settings modal
Q2 - WOW - S10(11 - 24 May) 30,2023/05/11,2023/05/24,WEBINAR-8958,3141,Shivangi.Agarwal,9,4,9,4,0,0,0,1,1,0,0,0,Shivangi.Agarwal,,1. WEBINAR-8958: Set webinar list page default sort to Start Date/Time in descending order
Sprint Totals,,,,,,PR_ADDED: 1856,PR_REMOVED: 967,COMMIT_ADDED: 7152,COMMIT_REMOVED: 5195,APPROVED: 0,COMMENTED: 2,DECLINED: 1,MERGED: 6,OPENED: 7,RESCOPED: 9,UNAPPROVED: 0,UPDATED: 1,,,

Q2 - WOW S11 (25 May-7 Jun),2023/05/25,2023/06/07,PROD-167530,161,Shivangi.Agarwal,76,12,82,18,0,0,0,1,1,2,0,0,Shivangi.Agarwal,,"1. PROD-167530: Redirect to webinar home page if container event stub is replaced by any webinar stub on integrations page
2. PROD-167530: Incorporated PR comment
3. PROD-167530: Fixed lint issue"
Q2 - WOW S11 (25 May-7 Jun),2023/05/25,2023/06/07,WEBINAR-4956,3193,Shivangi.Agarwal,264,10,345,85,0,0,0,1,1,3,0,0,Shivangi.Agarwal,,"1. WEBINAR-4956: Show alert on presentation page if video storage is 90% or more
2. WEBINAR-4956: Resolved conflicts
3. Merge branch 'master' of ssh://stash.cvent.net:7999/ec/planner-events-ui into webinar-4956
4. WEBINAR-4956: Allo video storage enforcement for self serve accounts also
5. WEBINAR-4956: Incorporated PR comments
6. WEBINAR-4956: Incorporated PR comments"
Q2 - WOW S11 (25 May-7 Jun),2023/05/25,2023/06/07,WEBINAR-4956,3208,Shivangi.Agarwal,169,35,169,35,0,0,0,1,1,0,0,0,Shivangi.Agarwal,,"1. WEBINAR-4956: Added video blade check to show manage storage on alert and fixed few other minor issues
2. Merge branch 'master' of ssh://stash.cvent.net:7999/ec/planner-events-ui into webinar-4956
3. WEBINAR-4956: Phrase pull"
Q2 - WOW S11 (25 May-7 Jun),2023/05/25,2023/06/07,WEBINAR-4996,3202,Shivangi.Agarwal,10,3,18,11,0,0,0,1,1,2,0,2,Shivangi.Agarwal,,"1. WEBINAR-4996: Support upper case event stub for Webinars
2. WEBINAR-4996: Added undefined check
3. WEBINAR-4996: Convert eventId to lower case for getCapacitySummary and getEventLink graph queries"
Q2 - WOW S11 (25 May-7 Jun),2023/05/25,2023/06/07,WEBINAR-10104,312,Shivangi.Agarwal,11,5,11,5,0,0,0,1,1,0,0,0,Shivangi.Agarwal,,1. WEBINAR-10104: Pass webinarId in onWebinarTitleClick method for tracking of dynamic webinars
Q2 - WOW S11 (25 May-7 Jun),2023/05/25,2023/06/07,WEBINAR-10104,313,Shivangi.Agarwal,30,16,30,16,0,0,0,1,1,0,0,0,Shivangi.Agarwal,,1. WEBINAR-10104: Passed event status to track correct banner type for dynamic banners
Q2 - WOW S11 (25 May-7 Jun),2023/05/25,2023/06/07,WEBINAR-10104,3223,Shivangi.Agarwal,2022,24,2037,39,0,0,0,1,1,1,0,0,Shivangi.Agarwal,,"1. WEBINAR-10104: Added analytics for dynamic banner on webinar list page
2. WEBINAR-10104: Get value of banner type on the basis of event status"
Sprint Totals,,,,,,PR_ADDED: 2582,PR_REMOVED: 105,COMMIT_ADDED: 2692,COMMIT_REMOVED: 209,APPROVED: 0,COMMENTED: 0,DECLINED: 0,MERGED: 7,OPENED: 7,RESCOPED: 8,UNAPPROVED: 0,UPDATED: 2,,,

Q2 - WOW S12 (8 - 21 Jun),2023/06/08,2023/06/21,PROD-167534,149732,Shivangi.Agarwal,0,0,26,14,0,0,0,0,0,0,0,0,SSao,,"1. PROD-167534: Redirect to webinar home page from registration form site editor if eventStub is replaced by webinarStub
2. PROD-167534: Fixed a minor issue
3. PROD-167534: Incorporated PR comment
4. PROD-167534: Minor fix"
Q2 - WOW S12 (8 - 21 Jun),2023/06/08,2023/06/21,PROD-167534,150502,Shivangi.Agarwal,13,1,26,14,0,0,0,1,1,2,0,1,Shivangi.Agarwal,,"1. PROD-167534: Redirect to webinar home page from registration form site editor if eventStub is replaced by webinarStub
2. PROD-167534: Fixed a minor issue
3. PROD-167534: Incorporated PR comment
4. PROD-167534: Minor fix"
Q2 - WOW S12 (8 - 21 Jun),2023/06/08,2023/06/21,PROD-167534,150526,Shivangi.Agarwal,13,1,0,0,0,0,1,0,1,0,0,0,Shivangi.Agarwal,,
Q2 - WOW S12 (8 - 21 Jun),2023/06/08,2023/06/21,WEBINAR-9555,3242,Shivangi.Agarwal,380,149,468,237,0,0,0,1,1,1,0,1,Shivangi.Agarwal,,"1. WEBINAR-9555: Update video storage alert text for Webinar Free and Pro Customers
2. Merge branch 'master' of ssh://stash.cvent.net:7999/ec/planner-events-ui into webinar-9555
3. WEBINAR-9555: Incorporated PR comments"
Q2 - WOW S12 (8 - 21 Jun),2023/06/08,2023/06/21,WEBINAR-9555,3246,Shivangi.Agarwal,13,3,13,3,0,0,0,1,1,0,0,0,Shivangi.Agarwal,,1. WEBINAR-9555: Converted video storage values to GB for to check for webinar free
Q2 - WOW S12 (8 - 21 Jun),2023/06/08,2023/06/21,WEBINAR-9745,3273,Shivangi.Agarwal,271,6,311,46,0,2,0,0,1,1,0,0,Shivangi.Agarwal,"1. Will update this in upcoming PR with phrase key once it is verified
2. Same as [#3546791](https://stash.cvent.net/projects/EC/repos/planner-events-ui/pull-requests/3273/overview?commentId=3546791)","1. WEBINAR-9745: Show resources section on engagement page
2. Merge branch 'master' of ssh://stash.cvent.net:7999/ec/planner-events-ui into webinar-9745
3. Merge branch 'master' of ssh://stash.cvent.net:7999/ec/planner-events-ui into webinar-9745
4. WEBINAR-9745: Add UI for resource list with dummy data
5. Merge branch 'master' of ssh://stash.cvent.net:7999/ec/planner-events-ui into webinar-9745
6. WEBINAR-9745: Incorporated PR comments"
Sprint Totals,,,,,,PR_ADDED: 690,PR_REMOVED: 160,COMMIT_ADDED: 844,COMMIT_REMOVED: 314,APPROVED: 0,COMMENTED: 2,DECLINED: 1,MERGED: 3,OPENED: 5,RESCOPED: 4,UNAPPROVED: 0,UPDATED: 2,,,

Overall Totals,,,,,,PR_ADDED: 17202,PR_REMOVED: 2311,COMMIT_ADDED: 23617,COMMIT_REMOVED: 7431,APPROVED: 0,COMMENTED: 7,DECLINED: 5,MERGED: 28,OPENED: 37,RESCOPED: 36,UNAPPROVED: 0,UPDATED: 6,,,
