SPRINT,START_DATE,END_DATE,TICKET,PR_ID,USER,PR_ADDED,PR_REMOVED,COMMIT_ADDED,COMMIT_REMOVED,APPROVED,COMMENTED,DECLINED,MERGED,OPENED,RESCOPED,UNAPPROVED,UPDATED,AUTHOR,COMMENTS,COMMIT_MESSAGES
Snx-Haaldersbroekerdwarsstraat,2023/04/13,2023/04/26,HUB-27680,9136,M.Garcia,0,0,0,0,0,0,0,0,0,0,0,0,MPruit,,
Snx-Haaldersbroekerdwarsstraat,2023/04/13,2023/04/26,HUB-72802,9087,M.Garcia,0,0,0,0,0,0,0,0,0,0,0,0,ACheng,,"1. Pull request #9051: HUB-91602 prevent filtermodal from submitting on enter when there are zero sessions to show  Merge in AX/attendee-experience-web from HUB-91602 to develop  * commit '408fdca9e2a771cf38b05e56f472839893b73032':    HUB-91602 test fix in FilterPanel.spec    HUB-91602 lint issue in SpeakerFilter and pr comment in FilterModal.spec    HUB-91602 prevent filtermodal from submitting on enter when there are zero sessions to show
2. Pull request #9046: HUB-92751 modify join_virtual_session fact to track reg type and event type  Merge in AX/attendee-experience-web from HUB-92751 to develop  * commit '4ea7c308a66fd78fe4cfe5d88d62c8b1e4d87411':    HUB-92751 lint issue in VideoContainer    HUB-92751 pr comments in SessionDetailsContainer and VideoContainer    HUB-92751 modify join_virtual_session fact to track reg type and event type"
Snx-Haaldersbroekerdwarsstraat,2023/04/13,2023/04/26,HUB-75721,1443,M.Garcia,0,0,121,65,0,0,0,0,0,0,0,0,Vivek.Bharti,,"1. HUB-91554 changing character limit in AddEditModal
2. HUB-91554 lint changes in AddEditModal
3. HUB-91554 undoing some changes in SessionFilters.spec and its mocks
4. HUB-91554 missed changed in SesionFilters.spec
5. HUB-91554 new spec for testing AddEditModal
6. HUB-91554 changeset
7. HUB-91554 missed screen.debug()
8. HUB-91554 fixing snapshot
9. Pull request #1437: HUB-91554  Merge in AX/attendee-experience-builder from HUB-91554 to develop  * commit 'e9bb31fc1d6615d287b76ca97619b5f5dc2c5589':    HUB-91554 fixing snapshot    HUB-91554 missed screen.debug()    HUB-91554 changeset    HUB-91554 new spec for testing AddEditModal    HUB-91554 missed changed in SesionFilters.spec    HUB-91554 undoing some changes in SessionFilters.spec and its mocks    HUB-91554 lint changes in AddEditModal    HUB-91554 changing character limit in AddEditModal"
Snx-Haaldersbroekerdwarsstraat,2023/04/13,2023/04/26,HUB-80483,9129,M.Garcia,218,139,0,0,0,12,0,0,1,1,0,0,M.Garcia,"1. This was the only one I could find like this. Fixed.
2. It's used in MyEvent but not in the liveAndUpcomingSessions.stories. I'm not sure if that second one matters though for this?
3. fixed
4. fixed
5. fixed
6. fixed
7. fixed
8. fixed
9. fixed
10. Fixed
11. The data comes from a .json file and some of the fields (like typename) can't be reconciled with the type because it's an enum.
12. If I don't cast it, it complains about the typename being a string in that json file. My devs are wondering if you have an example of a typesafe json file?",
Snx-Haaldersbroekerdwarsstraat,2023/04/13,2023/04/26,HUB-89725,9100,M.Garcia,0,0,0,0,1,0,0,0,0,0,0,0,MPruit,,
Snx-Haaldersbroekerdwarsstraat,2023/04/13,2023/04/26,HUB-91554,1437,M.Garcia,66,10,0,0,0,1,0,1,1,3,0,0,M.Garcia,"1. this isn't anything to do with my ticket, there were just typescript/lint errors here that this resolves",
Snx-Haaldersbroekerdwarsstraat,2023/04/13,2023/04/26,HUB-91602,9051,M.Garcia,19,7,0,0,0,0,0,1,0,0,0,0,M.Garcia,,
Snx-Haaldersbroekerdwarsstraat,2023/04/13,2023/04/26,HUB-92751,9046,M.Garcia,361,83,0,0,0,0,0,1,0,0,0,0,M.Garcia,,
Snx-Haaldersbroekerdwarsstraat,2023/04/13,2023/04/26,HUB-80486,9153,M.Garcia,0,0,0,0,0,0,0,0,0,0,0,0,JMcGough,,
Sprint Totals,,,,,,PR_ADDED: 664,PR_REMOVED: 239,COMMIT_ADDED: 121,COMMIT_REMOVED: 65,APPROVED: 1,COMMENTED: 13,DECLINED: 0,MERGED: 3,OPENED: 2,RESCOPED: 4,UNAPPROVED: 0,UPDATED: 0,,,

Snax - Idiotville (4/27-5/10),2023/04/27,2023/05/10,HUB-80486,9153,M.Garcia,0,0,0,0,1,0,0,0,0,0,0,0,JMcGough,,
Snax - Idiotville (4/27-5/10),2023/04/27,2023/05/10,HUB-90986,9205,M.Garcia,77,9,89,21,0,6,0,0,1,5,0,0,M.Garcia,"1. I've deleted these logs on my branch. I'll push it with any changes from PR comments
2. I changed this for development and will change it back before final push before merge
3. fixed
4. I thought about that, but it didn't seem to make sense in context. For example if a session has a meal option custom field, then the values might be ""chicken, fish, vegetarian"". A user wouldn't be interested in those values right? Only that there is a meal option if they sign up for that session.
5. fixed
6. I got rid of id, filterName, and type","1. HUB-90986 add About This section to session card v2
2. HUB-90986 deleting console logs and changing an app feature
3. HUB-90986 merge conflicts in SessionCardType.ts and AllSessions.js
4. HUB-90986 pr comments in SessionCardContent
5. HUB-90986 fixing SessionCard.spec
6. HUB-90986 fixing typo in changeset
7. HUB-90986 adding id to custom fields in search sessions query"
Snax - Idiotville (4/27-5/10),2023/04/27,2023/05/10,HUB-80485,9239,M.Garcia,231,96,0,0,0,0,0,0,0,0,0,0,M.Garcia,,
Sprint Totals,,,,,,PR_ADDED: 308,PR_REMOVED: 105,COMMIT_ADDED: 89,COMMIT_REMOVED: 21,APPROVED: 1,COMMENTED: 6,DECLINED: 0,MERGED: 0,OPENED: 1,RESCOPED: 5,UNAPPROVED: 0,UPDATED: 0,,,

Snax - Jerrys Nose (5/11-5/24),2023/05/11,2023/05/25,HUB-45176,1492,M.Garcia,5,147,5,147,0,3,0,1,1,0,0,0,M.Garcia,"1. There's still some under pages/custom that test the new flow that starts in the Home page for the creation of custom pages. But now they're all meshed into a table with the other pages so they don't need the dedicated testing these files were providing.
2. So when we wrote the ticket, the page was different and some of the elements had been incorporated into the Home Page. Since then it was redone again and now the elements these pages tests don't exist. Well, they exist on a page that isn't used anymore, but we made a ticket for another team to deal with that as well and forwarded it to them.
3. Fixed","1. HUB-45176 removing tests that test page that doesn't exist anymore
2. HUB-45176 changeset"
Snax - Jerrys Nose (5/11-5/24),2023/05/11,2023/05/25,HUB-45176,1508,M.Garcia,0,0,423,165,0,0,0,0,0,0,0,0,TCox,,"1. Pull request #1492: HUB-45176 removing tests that test page that doesn't exist anymore  Merge in AX/attendee-experience-builder from HUB-45176 to develop  * commit 'f7c309d4cead0a0de835189b1aa48be19657354a':    HUB-45176 changeset    HUB-45176 removing tests that test page that doesn't exist anymore
2. HUB-97219 changes to header and sub header of Sessions and Schedule section of Session Content Feature Page and order of card"
Snax - Jerrys Nose (5/11-5/24),2023/05/11,2023/05/25,HUB-80485,9239,M.Garcia,231,96,38,33,0,3,0,1,0,2,0,0,M.Garcia,"1. fixed
2. fixed
3. It was a skipped test and we have a ticket to fix the test.","1. Merge branch 'develop' of https://stash.cvent.net/scm/ax/attendee-experience-web into HUB-80485
2. HUB-80485 pr comments in sessionSurvey files
3. HUB-80485 fixing bug in useSurveyPanel"
Snax - Jerrys Nose (5/11-5/24),2023/05/11,2023/05/25,HUB-98245,9379,M.Garcia,0,0,0,0,1,0,0,0,0,0,0,0,JMcGough,,
Snax - Jerrys Nose (5/11-5/24),2023/05/11,2023/05/25,HUB-99646,9340,M.Garcia,0,0,0,0,1,0,0,0,0,0,0,0,JMcGough,,
Snax - Jerrys Nose (5/11-5/24),2023/05/11,2023/05/25,HUB-99657,9351,M.Garcia,0,0,0,0,1,0,0,0,0,0,0,0,JMcGough,,
Snax - Jerrys Nose (5/11-5/24),2023/05/11,2023/05/25,PROD-165206,9321,M.Garcia,16,13,16,13,0,2,0,1,1,0,0,0,M.Garcia,"1. we will come back to make this (and other fly outs) close on click of navigation links in https://jira.cvent.com/browse/HUB-100034
2. It wasn't closing the fly out but was causing the bug this ticket set out to fix. So removing it is a work around until the ticket I linked can be worked on.",1. PROD-165206 fix view all sessions button in schedule flyout to not disappear on click of view schedule button
Snax - Jerrys Nose (5/11-5/24),2023/05/11,2023/05/25,PROD-168267,9349,M.Garcia,6,1,6,1,0,0,0,1,1,0,0,0,M.Garcia,,1. PROD-168267 adding to sidepanel padding to protect against mouse setting specific bug cutting off part of the panel
Snax - Jerrys Nose (5/11-5/24),2023/05/11,2023/05/25,HUB-72801,9352,M.Garcia,0,0,0,0,1,0,0,0,0,0,0,0,MPruit,,
Snax - Jerrys Nose (5/11-5/24),2023/05/11,2023/05/25,HUB-97219,1502,M.Garcia,423,165,0,0,0,2,0,0,1,0,0,0,M.Garcia,"1. the ticket has ""Demo that this is behind a prefilteredLists featureflag""
2. the ticket has ""Demo that this is behind a prefilteredLists featureflag"" followed by all the other changes in this story so it seems like it should all be wrapped in it",
Sprint Totals,,,,,,PR_ADDED: 681,PR_REMOVED: 422,COMMIT_ADDED: 488,COMMIT_REMOVED: 359,APPROVED: 4,COMMENTED: 10,DECLINED: 0,MERGED: 4,OPENED: 4,RESCOPED: 2,UNAPPROVED: 0,UPDATED: 0,,,

Snax - Sprint Kickapoo,2023/05/25,2023/06/07,HUB-48548,1507,M.Garcia,62,0,62,0,0,0,0,1,1,0,0,0,M.Garcia,,1. HUB-48548 adding bvt for features/more
Snax - Sprint Kickapoo,2023/05/25,2023/06/07,HUB-48548,1518,M.Garcia,0,0,294,217,0,0,0,0,0,0,0,0,ATawfik,,"1. Pull request #1507: HUB-48548 adding bvt for features/more  Merge in AX/attendee-experience-builder from HUB-48548 to develop  * commit '18437117b33d11ff2cf1e8ed8dff0db0eea0e558':    HUB-48548 adding bvt for features/more
2. HUB-73304 changes in Content.js to have session list and speakers key off of those features
3. HUB-73304 gating the session list and speakers feature cards based on if those features are added or not
4. HUB-73304 pr comments in Content.js and its spec
5. Pull request #1512: HUB-73304 changes in Content.js to have session list and speakers key off of those features  Merge in AX/attendee-experience-builder from HUB-73304 to develop  * commit '7cc469b4ee5f643655b57cf9ee615bb6729b67fe':    HUB-73304 pr comments in Content.js and its spec    HUB-73304 gating the session list and speakers feature cards based on if those features are added or not    HUB-73304 changes in Content.js to have session list and speakers key off of those features"
Snax - Sprint Kickapoo,2023/05/25,2023/06/07,HUB-72801,9352,M.Garcia,0,0,0,0,0,0,0,0,0,0,0,0,MPruit,,
Snax - Sprint Kickapoo,2023/05/25,2023/06/07,HUB-72801,9409,M.Garcia,0,0,7,1,0,0,0,0,0,0,0,0,TCox,,"1. PROD-166565 fixed alignment for time All Hours filter in side panel
2. Pull request #9391: PROD-166565 fixed alignment for time All Hours filter in side panel  Merge in AX/attendee-experience-web from PROD-166565 to develop  * commit '00eab0668ffd518c214b856cf1bffe9150c3b500':    PROD-166565 fixed alignment for time All Hours filter in side panel"
Snax - Sprint Kickapoo,2023/05/25,2023/06/07,HUB-73304,1512,M.Garcia,242,165,0,0,0,3,0,1,1,1,0,0,M.Garcia,"1. so I copied this over because without it, the tests were failing and the error mentioned something to do with this query and the cache, so I tried adding this (based on other places in the repo) and it passed. Is there some other fetchPolicy that might work better and still make the tests work?
2. fixed
3. fixed",
Snax - Sprint Kickapoo,2023/05/25,2023/06/07,HUB-90848,1506,M.Garcia,0,0,0,0,1,1,0,0,0,0,0,0,MPruit,1. Do we need the cleanup ticket here?,
Snax - Sprint Kickapoo,2023/05/25,2023/06/07,HUB-97219,1502,M.Garcia,423,165,1,1,0,0,0,1,0,1,0,0,M.Garcia,,1. HUB-97219 adding ticket for removing flag to app feature
Snax - Sprint Kickapoo,2023/05/25,2023/06/07,HUB-97219,1508,M.Garcia,0,0,0,0,0,0,0,0,0,0,0,0,TCox,,1. Pull request #1502: HUB-97219 changes to header and sub header of Sessions and Schedule section of Session Content Feature Page and order of card  Merge in AX/attendee-experience-builder from HUB-97219 to develop  * commit 'a42711c4df55af86b1de8af4c0e23ec154979af5':    HUB-97219 adding ticket for removing flag to app feature    HUB-97219 changes to header and sub header of Sessions and Schedule section of Session Content Feature Page and order of card
Snax - Sprint Kickapoo,2023/05/25,2023/06/07,HUB-99645,9447,M.Garcia,420,269,259,60,0,1,0,0,1,3,0,0,M.Garcia,1. Roland and I discussed that option and ended up going with this one. @RLiwag?,"1. HUB-99645 adding tags to the session cards on schedule list
2. HUB-99645 removing id field from contentTags in queries because I didn't use it
3. Merge branch 'develop' of https://stash.cvent.net/scm/ax/attendee-experience-web into HUB-99645
4. HUB-99645 undoing some changes from pnpm generate that broke the build
5. HUB-99645 attempt to fix build with small change in MySchedule.js"
Snax - Sprint Kickapoo,2023/05/25,2023/06/07,PROD-166565,9391,M.Garcia,7,1,0,0,0,0,0,1,1,0,0,0,M.Garcia,,
Snax - Sprint Kickapoo,2023/05/25,2023/06/07,HUB-87193,9435,M.Garcia,0,0,0,0,1,0,0,0,0,0,0,0,JMcGough,,
Snax - Sprint Kickapoo,2023/05/25,2023/06/07,HUB-101238,9456,M.Garcia,6,1,6,1,0,0,0,0,1,0,0,0,M.Garcia,,"1. HUB-101238 changing the padding on FilterPanel again to be bigger than before but slightly smaller than currently to avoid two different bugs
2. HUB-101238 changeset"
Snax - Sprint Kickapoo,2023/05/25,2023/06/07,HUB-101238,9498,M.Garcia,7,2,0,0,0,0,0,0,0,0,0,0,M.Garcia,,
Sprint Totals,,,,,,PR_ADDED: 1167,PR_REMOVED: 603,COMMIT_ADDED: 629,COMMIT_REMOVED: 280,APPROVED: 2,COMMENTED: 5,DECLINED: 0,MERGED: 4,OPENED: 5,RESCOPED: 5,UNAPPROVED: 0,UPDATED: 0,,,

Snax - Las Vegas,2023/06/08,2023/06/22,HUB-87193,9435,M.Garcia,0,0,0,0,0,0,0,0,0,0,0,0,JMcGough,,
Snax - Las Vegas,2023/06/08,2023/06/22,HUB-97970,1543,M.Garcia,0,0,0,0,1,0,0,0,0,0,0,0,JMcGough,,
Snax - Las Vegas,2023/06/08,2023/06/22,HUB-101238,9456,M.Garcia,6,1,0,0,0,0,0,0,0,0,0,0,M.Garcia,,
Snax - Las Vegas,2023/06/08,2023/06/22,HUB-101238,9498,M.Garcia,7,2,8,3,0,0,0,1,1,2,0,0,M.Garcia,,"1. HUB-101238 trying to change the width of tiles instead of padding of sidepanel to prevent a windows specific bug
2. HUB-101238.2 changeset
3. HUB-101238 fixing my changeset"
Snax - Las Vegas,2023/06/08,2023/06/22,HUB-101440,9532,M.Garcia,539,24,29945,30560,0,2,0,1,1,8,0,0,M.Garcia,"1. So the other facts have this default description: ""description"": ""this action tracks the users who ... in order to"",  so it felt like a template to be filled out and also matched what was in the AC (where I copy + pasted from) so it seemed reasonable.
2. Fixed","1. HUB-101440 adding fact for speaker search
2. Merge branch 'develop' of https://stash.cvent.net/scm/ax/attendee-experience-web into HUB-101440
3. HUB-101440 further progress adding fact to track speaker search
4. HUB-101440 fixing my speaker search fact
5. HUB-101440 requested changes by Oscar V and Arben H
6. HUB-101440 updating tracking-plan-publisher in package.json
7. HUB-101440 updating tracking-plan-publisher in package.json
8. Merge branch 'HUB-101440' of https://stash.cvent.net/scm/ax/attendee-experience-web into HUB-101440
9. HUB-101440 fixing the speaker search fact
10. HUB-101440 changeset
11. HUB-101440 fixing test in SpeakerList.spec""
12. Merge branch 'develop' of https://stash.cvent.net/scm/ax/attendee-experience-web into HUB-101440
13. HUB-101440 build failing for lint issues. Ran pnpm fix:prettier in web package
14. HUB-101440 merge conflicts in auto generated fact files
15. HUB-101440 auto generated changes from pnpm generate:plan:prod
16. HUB-101440 pnpm fix:prettier"
Snax - Las Vegas,2023/06/08,2023/06/22,PROD-168946,1572,M.Garcia,0,0,0,0,1,1,0,0,0,0,0,0,RLiwag,1. Is this for sure ID all cap? I feel like most of them are Id capital I lowercase d and this file isn't TSX so I don't think it'll complain if it's not,
Snax - Las Vegas,2023/06/08,2023/06/22,HUB-101099,9509,M.Garcia,67,111,74,118,0,2,0,1,1,2,0,0,M.Garcia,"1. We're following the updater function pattern for the filters: https://react.dev/reference/react/useState#updating-state-based-on-the-previous-state and that requires passing a function to setState()
2. Done","1. HUB-101099 changes in AllSessions and useFilters to put filters in localstorage
2. HUB-101099 using useLocalStorage hook in useFilters hook to save filters on session list
3. HUB-101099 add local storage to useFilters to maintain filter state between pages
4. Merge branch 'develop' of https://stash.cvent.net/scm/ax/attendee-experience-web into HUB-101099
5. HUB-101099 merging in develop and then making a change to an import in AllSessions
6. HUB-101099 adding return to useLocalStorage function that I missed"
Snax - Las Vegas,2023/06/08,2023/06/22,HUB-101099,9561,M.Garcia,15,8,21,14,0,1,0,1,1,0,0,0,M.Garcia,1. It fixes a bug,"1. HUB-101099 smaller padding on filterpanel on small breakpoint and bug fix in filter panel
2. HUB-103029 smaller padding on filterpanel on small breakpoint and bug fix in filter panel
3. HUB-103029 fixing changeset"
Sprint Totals,,,,,,PR_ADDED: 634,PR_REMOVED: 146,COMMIT_ADDED: 30048,COMMIT_REMOVED: 30695,APPROVED: 2,COMMENTED: 6,DECLINED: 0,MERGED: 4,OPENED: 4,RESCOPED: 12,UNAPPROVED: 0,UPDATED: 0,,,

Overall Totals,,,,,,PR_ADDED: 3454,PR_REMOVED: 1515,COMMIT_ADDED: 31375,COMMIT_REMOVED: 31420,APPROVED: 10,COMMENTED: 40,DECLINED: 0,MERGED: 15,OPENED: 16,RESCOPED: 28,UNAPPROVED: 0,UPDATED: 0,,,
