SPRINT,START_DATE,END_DATE,TICKET,PR_ID,USER,PR_ADDED,PR_REMOVED,COMMIT_ADDED,COMMIT_REMOVED,APPROVED,COMMENTED,DECLINED,MERGED,OPENED,RESCOPED,UNAPPROVED,UPDATED,AUTHOR,COMMENTS,COMMIT_MESSAGES
Pink-Gumbo(03/30-04/13)(9.6w),2023/03/30,2023/04/13,HUB-94277,148485,AJagtap,0,0,0,0,0,0,0,0,0,0,0,0,AArankeri,,
Pink-Gumbo(03/30-04/13)(9.6w),2023/03/30,2023/04/13,HUB-94277,148504,AJagtap,7807,2193,0,0,0,0,0,0,0,0,0,0,AJagtap,,
Pink-Gumbo(03/30-04/13)(9.6w),2023/03/30,2023/04/13,HUB-94277,148796,AJagtap,8453,1547,0,0,0,0,0,0,0,0,0,0,AJagtap,,
Sprint Totals,,,,,,PR_ADDED: 16260,PR_REMOVED: 3740,COMMIT_ADDED: 0,COMMIT_REMOVED: 0,APPROVED: 0,COMMENTED: 0,DECLINED: 0,MERGED: 0,OPENED: 0,RESCOPED: 0,UNAPPROVED: 0,UPDATED: 0,,,

Pink-Hamburger,2023/04/13,2023/04/27,HUB-94277,148485,AJagtap,0,0,0,0,1,0,0,0,0,0,0,1,AArankeri,,
Pink-Hamburger,2023/04/13,2023/04/27,HUB-94277,148504,AJagtap,7807,2193,0,0,0,0,0,1,1,0,0,0,AJagtap,,
Pink-Hamburger,2023/04/13,2023/04/27,HUB-94277,148608,AJagtap,0,0,4,1,0,0,0,0,0,0,0,0,SBandekar,,"1. Pull request #148313: down merge Prod  Merge in CVT/c4 from prod to prod-163585  * commit '877987522cb1068317daf2f580c0a39af8511368': (35 commits)    fix rollback script    reverting PROD-156244 from ccid-2536 Revert ""Pull request #148142: Prod 156244""    PROD-164836 move scripts to the right folder    PROD-164493:added rfp check    PROD-162762 :Fix for Create proposal failing on step2 for italian locale    PROD-162762 :Fix for Create proposal failing on step2 for italian locale    Revert """"Reverting PROD-164493 from ccid-2531"" Revert ""Pull request #147924: Prod 164493""""    PROD-162762 :Fix for Create proposal failing on step2 for italian locale    PROD-162762 :Fix for Create proposal failing on step2 for italian locale    Lu script for service broker queue    Create service broker queue    PROD-165308: Solution Auditor fixes    PROD-165308: Updated to release version of Cvent.Controls    PROD-165308: Update Cvent.Controls to silo version.    PROD-162687: add indices    [FLEX-87788]: Add rollback file to lu table    [FLEX-87788]: Move sql file to correct LU_Table directory    WEBINAR-6311: Removed unnecessary padding.    WEBINAR-6311: Changed name of class to avoid clashes with same named class in other css files.    WEBINAR-6311: Phrase pull.    ...
2. [prod-163585] : Logic changed to show proper message for MRF created and MRF updated."
Pink-Hamburger,2023/04/13,2023/04/27,HUB-94277,148796,AJagtap,8453,1547,0,0,0,0,0,0,0,0,0,0,AJagtap,,
Pink-Hamburger,2023/04/13,2023/04/27,HUB-94277,149030,AJagtap,0,0,55,0,0,0,0,0,0,0,0,0,ALakshkar,,1. [PROD-165249] : Added DBCR script in newly created Maintainnance CCID ticket.
Sprint Totals,,,,,,PR_ADDED: 16260,PR_REMOVED: 3740,COMMIT_ADDED: 59,COMMIT_REMOVED: 1,APPROVED: 1,COMMENTED: 0,DECLINED: 0,MERGED: 1,OPENED: 1,RESCOPED: 0,UNAPPROVED: 0,UPDATED: 1,,,

Overall Totals,,,,,,PR_ADDED: 32520,PR_REMOVED: 7480,COMMIT_ADDED: 59,COMMIT_REMOVED: 1,APPROVED: 1,COMMENTED: 0,DECLINED: 0,MERGED: 1,OPENED: 1,RESCOPED: 0,UNAPPROVED: 0,UPDATED: 1,,,
