SPRINT,START_DATE,END_DATE,TICKET,PR_ID,USER,PR_ADDED,PR_REMOVED,COMMIT_ADDED,COMMIT_REMOVED,APPROVED,COMMENTED,DECLINED,MERGED,OPENED,RESCOPED,UNAPPROVED,UPDATED,AUTHOR,COMMENTS,COMMIT_MESSAGES
Sprint Hagen Daz,2023/04/11,2023/04/25,PROD-164090,12559,JWalsh,0,0,2,3,0,0,0,0,0,0,0,0,NSaliu,,"1. CSNALL-59812 missed widget visual issues
2. Pull request #12531: CSNALL-59812 missed widget visual issues  Merge in REP/reporting-content from CSNALL-59812 to devsilo644  * commit 'e2ac54b66804ddf1caab13338e0691ae0fbb7eaa':    CSNALL-59812 missed widget visual issues
3. Pull request #12544: CSNALL-62462  Merge in REP/reporting-content from CSNALL-62462 to master  * commit '78799370822f92973581afd74b888bb46c31c7f6':    CSNALL-59812 missed widget visual issues    PROD-162838: removed restaurant and service rfp types from bi reports    CSNALL-57917: add TopAccountOrgsByAwardedRoomNightsRate widget    CSNALL-62621 Use blank string for page titles    CSNALL-62464 Add support for experiment to hide the analytics widgets    PROD-162051: Update report to use new columns    CSNALL-62621 Add analytics widgets back in    CSNALL-57917: add back experimental columns; fix missing widgets in experimental version    CSNALL-57917: restore column order and some missing fields    CSNALL-57917: remove unused columns; polish up new widgets    CSNALL-57917: rough draft of Top Account Orgs widgets"
Sprint Hagen Daz,2023/04/11,2023/04/25,PROD-164090,12567,JWalsh,775,322,0,0,0,0,0,1,1,0,0,0,JWalsh,,
Sprint Totals,,,,,,PR_ADDED: 775,PR_REMOVED: 322,COMMIT_ADDED: 2,COMMIT_REMOVED: 3,APPROVED: 0,COMMENTED: 0,DECLINED: 0,MERGED: 1,OPENED: 1,RESCOPED: 0,UNAPPROVED: 0,UPDATED: 0,,,

Wizards - Sprint Kinder Joy,2023/05/23,2023/06/06,PROD-158351,12198,JWalsh,906,70,0,0,0,0,0,0,0,0,0,0,JWalsh,,
Wizards - Sprint Kinder Joy,2023/05/23,2023/06/06,PROD-158351,12341,JWalsh,0,0,0,0,0,0,0,0,0,0,0,0,MPleasant,,
Sprint Totals,,,,,,PR_ADDED: 906,PR_REMOVED: 70,COMMIT_ADDED: 0,COMMIT_REMOVED: 0,APPROVED: 0,COMMENTED: 0,DECLINED: 0,MERGED: 0,OPENED: 0,RESCOPED: 0,UNAPPROVED: 0,UPDATED: 0,,,

Wizards - Sprint Leche Flan,2023/06/06,2023/06/20,PROD-158351,12198,JWalsh,906,70,0,0,0,0,0,0,0,0,0,0,JWalsh,,
Wizards - Sprint Leche Flan,2023/06/06,2023/06/20,PROD-158351,12341,JWalsh,0,0,0,0,0,0,0,0,0,0,0,0,MPleasant,,
Sprint Totals,,,,,,PR_ADDED: 906,PR_REMOVED: 70,COMMIT_ADDED: 0,COMMIT_REMOVED: 0,APPROVED: 0,COMMENTED: 0,DECLINED: 0,MERGED: 0,OPENED: 0,RESCOPED: 0,UNAPPROVED: 0,UPDATED: 0,,,

Wizards - Sprint Muffin,2023/06/20,2023/07/05,PROD-158351,12198,JWalsh,906,70,0,0,0,0,0,0,0,0,0,0,JWalsh,,
Wizards - Sprint Muffin,2023/06/20,2023/07/05,PROD-158351,12341,JWalsh,0,0,0,0,0,0,0,0,0,0,0,0,MPleasant,,
Sprint Totals,,,,,,PR_ADDED: 906,PR_REMOVED: 70,COMMIT_ADDED: 0,COMMIT_REMOVED: 0,APPROVED: 0,COMMENTED: 0,DECLINED: 0,MERGED: 0,OPENED: 0,RESCOPED: 0,UNAPPROVED: 0,UPDATED: 0,,,

Overall Totals,,,,,,PR_ADDED: 3493,PR_REMOVED: 532,COMMIT_ADDED: 2,COMMIT_REMOVED: 3,APPROVED: 0,COMMENTED: 0,DECLINED: 0,MERGED: 1,OPENED: 1,RESCOPED: 0,UNAPPROVED: 0,UPDATED: 0,,,
