SPRINT,START_DATE,END_DATE,TICKET,PR_ID,USER,PR_ADDED,PR_REMOVED,COMMIT_ADDED,COMMIT_REMOVED,APPROVED,COMMENTED,DECLINED,MERGED,OPENED,RESCOPED,UNAPPROVED,UPDATED,AUTHOR,COMMENTS,COMMIT_MESSAGES
WOW - S7 (30 Mar - 12Apr) 33,2023/03/30,2023/04/12,WEBINAR-6036,11708,DeeptiS,6295,3705,0,0,0,0,0,0,0,0,0,0,DeeptiS,,
Sprint Totals,,,,,,PR_ADDED: 6295,PR_REMOVED: 3705,COMMIT_ADDED: 0,COMMIT_REMOVED: 0,APPROVED: 0,COMMENTED: 0,DECLINED: 0,MERGED: 0,OPENED: 0,RESCOPED: 0,UNAPPROVED: 0,UPDATED: 0,,,

WOW - S8 (13 - 26 Apr),2023/04/13,2023/04/26,PROD-164110,1384,DeeptiS,4927,1149,0,0,0,0,0,1,1,0,0,0,DeeptiS,,
WOW - S8 (13 - 26 Apr),2023/04/13,2023/04/26,PROD-164110,148332,DeeptiS,683,3800,0,0,0,0,0,1,1,0,0,0,DeeptiS,,
WOW - S8 (13 - 26 Apr),2023/04/13,2023/04/26,WEBINAR-7051,148664,DeeptiS,0,0,583,594,0,0,0,0,0,0,0,0,qtpman,,"1. Applied suggestion
2. Applied suggestion
3. Applied suggestion
4. Applied suggestion
5. Applied suggestion
6. Applied suggestion
7. Applied suggestion
8. Applied suggestion
9. Applied suggestion
10. Applied suggestion
11. Applied suggestion
12. Applied suggestion
13. Applied suggestion
14. Applied suggestion
15. Pull request #148332: Prod  Merge in CVT/c4 from prod to csnall-61056-updates-jenkins-dot-net-update-package-2957-jenkins-dot-net-update-package-2958-jenkins-dot-net-update-package-2960  * commit 'ea3136a54f03a33a1cd9e59d8dab5b6d0dd4cfb8': (29 commits)    PROD-165715: Added WHERE clause to handle orphaned HOTEL_RESERVATIONs that don't have an INVITEE.    PROD-165664: Fix AH publish order    PROD-165076: column name changed    PROD-164110: Phrase pull for appointments blade    added translation support    translations    added experiment    need ceil to handle odd error counts    added error formatting for sessionlocation and speakers in session details    PROD-164825: handling to display sub question after parent question in question summary    PROD-165076: DBCR script added    prod-164814: enable cdc account document    PROD-165076: Table Script    SRC-8967 - Changed order to locationOrder    HUB-87669:  Fix error, accidentally deleted    HUB-87669:  Removing social wall SP    HUB-87669:  Removing more social wall cvent appointments and cvii    HUB-87669:  Removing more social wall cvent admin and abstractmgmt sln files    HUB-87669:  Removing more social wall css/js files.    HUB-87669:  Removing more social wall.    ...
16. CSNALL-61056: Added LU files
17. CSNALL-61056: Move files to correct place
18. CSNALL-61056: Revert version changes in CVII
19. CSNALL-61056: Revert unwanted versions in api
20. CSNALL-61056: Changes to module api folder
21. CSNALL-61056: Changes to event and pub project to revert framework versions
22. CSNALL-61056: Removed unnecessary updates from cvent solutions
23. CSNALL-61056: Chnges to account, event, import
24. CSNALL-61056: Changes in name badge,. rfp, event test  Signed-off-by: Sharma, Deepti <deeptis@cvent.com>
25. CSNALL-61056: Updated events, dashboard, admin, appointments
26. CSNALL-61056: Revert unnecessary version updates
27. CSNALL-61056: Changes to framework base and others
28. CSNALL-61056: Updated projects
29. CSNALL-61056: Cvent 2 fixed
30. CSNALL-61056: CHanges in question designer
31. CSNALL-61056: Edit csproj
32. Applied suggestion
33. CSNALL-61056: Merge branch 'csnall-61056-updates' of ssh://stash.cvent.net:7999/cvt/c4 into csnall-61056-updates  # Conflicts:  #	VSProjects/Cvent2/Cvent.Subscriber.Emarketing.Tests/Cvent.Subscriber.Emarketing.Tests.csproj
34. CSNALL-61056: Accounts client and entity update
35. CSNALL-61056: Updates to the cvent controls version
36. CSNALL-61056: Updates to LU scripts
37. Pull request #148358: Csnall 61056 updates  Merge in CVT/c4 from csnall-61056-updates to csn-hercules  * commit '22c5f1f578d868dc631b1bc6e7c5408ee4f748ee': (57 commits)    CSNALL-61056: Updates to LU scripts    CSNALL-61056: Updates to the cvent controls version    CSNALL-61056: Accounts client and entity update    CSNALL-61056: Edit csproj    Applied suggestion    CSNALL-61056: CHanges in question designer    CSNALL-61056: Cvent 2 fixed    CSNALL-61056: Updated projects    CSNALL-61056: Changes to framework base and others    CSNALL-61056: Revert unnecessary version updates    CSNALL-61056: Updated events, dashboard, admin, appointments    CSNALL-61056: Changes in name badge,. rfp, event test    CSNALL-61056: Chnges to account, event, import    CSNALL-61056: Removed unnecessary updates from cvent solutions    CSNALL-61056: Changes to event and pub project to revert framework versions    CSNALL-61056: Changes to module api folder    CSNALL-61056: Revert unwanted versions in api    CSNALL-61056: Revert version changes in CVII    CSNALL-61056: Move files to correct place    CSNALL-61056: Added LU files    ...
38. NA-0: Resolve merge conflicts
39. NA-0: Downmerge
40. NA-0: Fix downmerge"
WOW - S8 (13 - 26 Apr),2023/04/13,2023/04/26,WEBINAR-7051,148708,DeeptiS,0,0,17,17,0,0,0,0,0,0,0,0,Vivek.Kumar,,"1. Applied suggestion
2. Applied suggestion
3. Applied suggestion
4. Applied suggestion
5. Applied suggestion
6. Applied suggestion
7. Applied suggestion
8. Applied suggestion
9. Applied suggestion
10. Applied suggestion
11. Applied suggestion
12. Applied suggestion
13. Applied suggestion
14. Applied suggestion
15. Applied suggestion
16. Applied suggestion
17. Applied suggestion"
WOW - S8 (13 - 26 Apr),2023/04/13,2023/04/26,WEBINAR-7051,148740,DeeptiS,876,454,0,0,0,0,0,0,0,0,0,0,DeeptiS,,
Sprint Totals,,,,,,PR_ADDED: 6486,PR_REMOVED: 5403,COMMIT_ADDED: 600,COMMIT_REMOVED: 611,APPROVED: 0,COMMENTED: 0,DECLINED: 0,MERGED: 2,OPENED: 2,RESCOPED: 0,UNAPPROVED: 0,UPDATED: 0,,,

Q2 -WOW - S9 (27 - 10 May) -33,2023/04/27,2023/05/10,PROD-166432,149087,DeeptiS,0,0,0,0,0,0,0,0,0,0,0,0,Arvind.Negi,,
Q2 -WOW - S9 (27 - 10 May) -33,2023/04/27,2023/05/10,WEBINAR-7906,149087,DeeptiS,0,0,0,0,0,0,0,0,0,0,0,0,Arvind.Negi,,
Q2 -WOW - S9 (27 - 10 May) -33,2023/04/27,2023/05/10,WEBINAR-7982,149087,DeeptiS,0,0,0,0,0,0,0,0,0,0,0,0,Arvind.Negi,,
Q2 -WOW - S9 (27 - 10 May) -33,2023/04/27,2023/05/10,WEBINAR-8478,149087,DeeptiS,0,0,0,0,0,0,0,0,0,0,0,0,Arvind.Negi,,
Sprint Totals,,,,,,PR_ADDED: 0,PR_REMOVED: 0,COMMIT_ADDED: 0,COMMIT_REMOVED: 0,APPROVED: 0,COMMENTED: 0,DECLINED: 0,MERGED: 0,OPENED: 0,RESCOPED: 0,UNAPPROVED: 0,UPDATED: 0,,,

Q2 - WOW - S10(11 - 24 May) 30,2023/05/11,2023/05/24,WEBINAR-7045,149087,DeeptiS,0,0,0,0,0,0,0,1,0,0,0,0,Arvind.Negi,,
Sprint Totals,,,,,,PR_ADDED: 0,PR_REMOVED: 0,COMMIT_ADDED: 0,COMMIT_REMOVED: 0,APPROVED: 0,COMMENTED: 0,DECLINED: 0,MERGED: 1,OPENED: 0,RESCOPED: 0,UNAPPROVED: 0,UPDATED: 0,,,

Q2 - WOW S12 (8 - 21 Jun),2023/06/08,2023/06/21,PROD-167534,150933,DeeptiS,0,0,57,40,0,0,0,0,0,0,0,0,Kamaldeep.Kaur,,"1. PROD-165817: Set default category id 7 for profile builder user
2. PROD-165817: Replaced with enum
3. PROD-165817: Downmerged prod
4. PROD-165817: Hide custom fields section for profile builder user
5. PROD-165817: Downmerged master"
Sprint Totals,,,,,,PR_ADDED: 0,PR_REMOVED: 0,COMMIT_ADDED: 57,COMMIT_REMOVED: 40,APPROVED: 0,COMMENTED: 0,DECLINED: 0,MERGED: 0,OPENED: 0,RESCOPED: 0,UNAPPROVED: 0,UPDATED: 0,,,

Overall Totals,,,,,,PR_ADDED: 12781,PR_REMOVED: 9108,COMMIT_ADDED: 657,COMMIT_REMOVED: 651,APPROVED: 0,COMMENTED: 0,DECLINED: 0,MERGED: 3,OPENED: 2,RESCOPED: 0,UNAPPROVED: 0,UPDATED: 0,,,
