SPRINT,START_DATE,END_DATE,TICKET,PR_ID,USER,PR_ADDED,PR_REMOVED,COMMIT_ADDED,COMMIT_REMOVED,APPROVED,COMMENTED,DECLINED,MERGED,OPENED,RESCOPED,UNAPPROVED,UPDATED,AUTHOR,COMMENTS,COMMIT_MESSAGES
WOW - S8 (13 - 26 Apr),2023/04/13,2023/04/26,WEBINAR-7051,148679,RSehajpal,876,454,0,0,0,0,0,0,0,0,0,0,RSehajpal,,
WOW - S8 (13 - 26 Apr),2023/04/13,2023/04/26,WEBINAR-7051,148677,RSehajpal,876,454,0,0,0,0,0,0,0,0,0,0,RSehajpal,,
Sprint Totals,,,,,,PR_ADDED: 1752,PR_REMOVED: 908,COMMIT_ADDED: 0,COMMIT_REMOVED: 0,APPROVED: 0,COMMENTED: 0,DECLINED: 0,MERGED: 0,OPENED: 0,RESCOPED: 0,UNAPPROVED: 0,UPDATED: 0,,,

Q2 - WOW S11 (25 May-7 Jun),2023/05/25,2023/06/07,PROD-157033,150131,RSehajpal,2614,903,0,0,0,0,0,1,1,0,0,0,RSehajpal,,
Q2 - WOW S11 (25 May-7 Jun),2023/05/25,2023/06/07,PROD-157033,150125,RSehajpal,0,0,0,0,0,0,1,0,0,0,0,0,Shivangi.G,,
Sprint Totals,,,,,,PR_ADDED: 2614,PR_REMOVED: 903,COMMIT_ADDED: 0,COMMIT_REMOVED: 0,APPROVED: 0,COMMENTED: 0,DECLINED: 1,MERGED: 1,OPENED: 1,RESCOPED: 0,UNAPPROVED: 0,UPDATED: 0,,,

Overall Totals,,,,,,PR_ADDED: 4366,PR_REMOVED: 1811,COMMIT_ADDED: 0,COMMIT_REMOVED: 0,APPROVED: 0,COMMENTED: 0,DECLINED: 1,MERGED: 1,OPENED: 1,RESCOPED: 0,UNAPPROVED: 0,UPDATED: 0,,,
