SPRINT,START_DATE,END_DATE,TICKET,PR_ID,USER,PR_ADDED,PR_REMOVED,COMMIT_ADDED,COMMIT_REMOVED,APPROVED,COMMENTED,DECLINED,MERGED,OPENED,RESCOPED,UNAPPROVED,UPDATED,AUTHOR,COMMENTS,COMMIT_MESSAGES
Quasar: H'23 (Apr 13- Apr 26),2023/04/13,2023/04/26,WEBINAR-6554,1352,AKumar8,0,0,0,0,0,0,0,0,0,0,0,0,A.Bawa,,
Quasar: H'23 (Apr 13- Apr 26),2023/04/13,2023/04/26,WEBINAR-6554,1357,AKumar8,0,0,0,0,0,0,0,0,0,0,0,0,MGupta1,,
Quasar: H'23 (Apr 13- Apr 26),2023/04/13,2023/04/26,WEBINAR-9804,1355,AKumar8,1255,173,0,0,0,0,0,0,0,0,0,0,AKumar8,,
Sprint Totals,,,,,,PR_ADDED: 1255,PR_REMOVED: 173,COMMIT_ADDED: 0,COMMIT_REMOVED: 0,APPROVED: 0,COMMENTED: 0,DECLINED: 0,MERGED: 0,OPENED: 0,RESCOPED: 0,UNAPPROVED: 0,UPDATED: 0,,,

Quasar: I'23 (Apr 27- May 10),2023/04/27,2023/05/10,WEBINAR-9801,1352,AKumar8,0,0,0,0,0,0,0,0,0,0,0,0,A.Bawa,,
Quasar: I'23 (Apr 27- May 10),2023/04/27,2023/05/10,WEBINAR-9801,1357,AKumar8,0,0,0,0,0,0,0,0,0,0,0,0,MGupta1,,
Quasar: I'23 (Apr 27- May 10),2023/04/27,2023/05/10,WEBINAR-9806,1352,AKumar8,0,0,0,0,0,0,0,0,0,0,0,0,A.Bawa,,
Sprint Totals,,,,,,PR_ADDED: 0,PR_REMOVED: 0,COMMIT_ADDED: 0,COMMIT_REMOVED: 0,APPROVED: 0,COMMENTED: 0,DECLINED: 0,MERGED: 0,OPENED: 0,RESCOPED: 0,UNAPPROVED: 0,UPDATED: 0,,,

Quasar: J'23 (May 11- May 24),2023/05/11,2023/05/24,WEBINAR-8119,1352,AKumar8,0,0,0,0,0,0,0,0,0,1,0,0,A.Bawa,,
Quasar: J'23 (May 11- May 24),2023/05/11,2023/05/24,WEBINAR-8119,1357,AKumar8,0,0,0,0,1,0,0,0,0,0,0,0,MGupta1,,
Sprint Totals,,,,,,PR_ADDED: 0,PR_REMOVED: 0,COMMIT_ADDED: 0,COMMIT_REMOVED: 0,APPROVED: 1,COMMENTED: 0,DECLINED: 0,MERGED: 0,OPENED: 0,RESCOPED: 1,UNAPPROVED: 0,UPDATED: 0,,,

Overall Totals,,,,,,PR_ADDED: 1255,PR_REMOVED: 173,COMMIT_ADDED: 0,COMMIT_REMOVED: 0,APPROVED: 1,COMMENTED: 0,DECLINED: 0,MERGED: 0,OPENED: 0,RESCOPED: 1,UNAPPROVED: 0,UPDATED: 0,,,
