SPRINT,START_DATE,END_DATE,TICKET,PR_ID,USER,PR_ADDED,PR_REMOVED,COMMIT_ADDED,COMMIT_REMOVED,APPROVED,COMMENTED,DECLINED,MERGED,OPENED,RESCOPED,UNAPPROVED,UPDATED,AUTHOR,COMMENTS,COMMIT_MESSAGES
WOW - S7 (30 Mar - 12Apr) 33,2023/03/30,2023/04/12,WEBINAR-4958,148054,NJindal,0,0,0,0,0,0,0,0,0,0,0,0,KKarakoti,,
WOW - S7 (30 Mar - 12Apr) 33,2023/03/30,2023/04/12,WEBINAR-5422,148054,NJindal,0,0,0,0,0,0,0,0,0,0,0,0,KKarakoti,,
WOW - S7 (30 Mar - 12Apr) 33,2023/03/30,2023/04/12,WEBINAR-5607,148054,NJindal,0,0,0,0,0,0,0,0,0,0,0,0,KKarakoti,,
Sprint Totals,,,,,,PR_ADDED: 0,PR_REMOVED: 0,COMMIT_ADDED: 0,COMMIT_REMOVED: 0,APPROVED: 0,COMMENTED: 0,DECLINED: 0,MERGED: 0,OPENED: 0,RESCOPED: 0,UNAPPROVED: 0,UPDATED: 0,,,

WOW - S8 (13 - 26 Apr),2023/04/13,2023/04/26,PROD-164110,148369,NJindal,2193,4993,0,0,0,0,0,0,1,0,0,0,NJindal,,
Sprint Totals,,,,,,PR_ADDED: 2193,PR_REMOVED: 4993,COMMIT_ADDED: 0,COMMIT_REMOVED: 0,APPROVED: 0,COMMENTED: 0,DECLINED: 0,MERGED: 0,OPENED: 1,RESCOPED: 0,UNAPPROVED: 0,UPDATED: 0,,,

Overall Totals,,,,,,PR_ADDED: 2193,PR_REMOVED: 4993,COMMIT_ADDED: 0,COMMIT_REMOVED: 0,APPROVED: 0,COMMENTED: 0,DECLINED: 0,MERGED: 0,OPENED: 1,RESCOPED: 0,UNAPPROVED: 0,UPDATED: 0,,,
