SPRINT,START_DATE,END_DATE,TICKET,PR_ID,USER,PR_ADDED,PR_REMOVED,COMMIT_ADDED,COMMIT_REMOVED,APPROVED,COMMENTED,DECLINED,MERGED,OPENED,RESCOPED,UNAPPROVED,UPDATED,AUTHOR,COMMENTS,COMMIT_MESSAGES
WOW - S8 (13 - 26 Apr),2023/04/13,2023/04/26,PROD-164110,148210,Aashray.Sharma,0,0,0,0,0,0,0,0,0,0,0,0,Vinodkumar.Yadav,,"1. Pull request #148490: HUB-95914: LU_Tool changes for cvii AIWritingAssistent flag  Merge in CVT/c4 from prod-165957 to ccid-2546  * commit '6d043d75de6c78ac1c284b82a01b45aed5ad631e':    HUB-95914: LU_Tool changes for cvii AIWritingAssistent flag
2. Pull request #148496: PROD-165955: Added LU script  Merge in CVT/c4 from prod-165955 to ccid-2546  * commit '3f9888eb529aca01c43dcae060e9311a6dec3446':    PROD-165955: Added LU script
3. Pull request #148493: PROD-165404: adding sql script for HMC and OG  Merge in CVT/c4 from prod-165404 to ccid-2546  * commit '631c233ff06a041285b3305283e4d3b5aeb125ca':    PROD-165404: adding sql script for HMC and OG"
WOW - S8 (13 - 26 Apr),2023/04/13,2023/04/26,PROD-164110,148570,Aashray.Sharma,0,0,1,4,0,0,0,0,0,0,0,0,UBansal,,"1. Reverting PROD-163585 from ccid-2545  Revert ""Pull request #148435: [prod-163585] : Logic changed to show proper message for MRF created and MRF updated.""  This reverts commit 8eae2b19925a79208611b26b92bbe51e2e764899, reversing  changes made to 47f81f6030a02d37fbc091353360f0bcb6c234af."
WOW - S8 (13 - 26 Apr),2023/04/13,2023/04/26,WEBINAR-6335,11702,Aashray.Sharma,2,2,0,0,0,0,0,0,1,0,0,0,Aashray.Sharma,,
Sprint Totals,,,,,,PR_ADDED: 2,PR_REMOVED: 2,COMMIT_ADDED: 1,COMMIT_REMOVED: 4,APPROVED: 0,COMMENTED: 0,DECLINED: 0,MERGED: 0,OPENED: 1,RESCOPED: 0,UNAPPROVED: 0,UPDATED: 0,,,

Q2 -WOW - S9 (27 - 10 May) -33,2023/04/27,2023/05/10,PROD-166432,148309,Aashray.Sharma,0,0,0,0,0,0,0,0,0,0,0,0,VGadhiya,,"1. Pull request #148838: up_cvnt_Session_AwardCreditsBySessionEndDate.sql edited online with Bitbucket  Merge in CVT/c4 from prod-166567 to ccid-2553  * commit '133115ab83ff701d56e285b9c43e8d12683ab843':    up_cvnt_Session_AwardCreditsBySessionEndDate.sql edited online with Bitbucket
2. Pull request #148823: Prod 166655  Merge in CVT/c4 from prod-166655 to ccid-2553  * commit '5987c349704b27ea17d2e0ba7ad9b352bd1dcbb3':    HUB-97131: Whitespace changes fixed.    HUB-97131: Removed unwanted changes.    HUB-97131: Added code to send in cvent-video-editor-url to Shared upload library component for rendering text track editors.
3. Pull request #148819: Webinar 5308  Merge in CVT/c4 from webinar-5308 to ccid-2553  * commit 'bc727ea6ff6ab10fcafeae5a768e187a8ce09bb2':    WEBINAR-5308: Removed planner dot net client version in cvii module    WEBINAR:5308: Updated client registration    WEBINAR-5308: Updated resx keys again    Revert ""WEBINAR-5308:Added resx keys""    WEBINAR-5408:Added resx keys    WEBINAR-5308: Updated planner event dot net client and model versions in c4    WEBINAR-5308: Updated csproj file    WEBINAR-5308: Minor changes    WEBINAR-5308: Added error message when error is thrown    WEBINAR-5308: Added bulk owner change endpoint to webinar owner change popup
4. Pull request #148820: PROD-162646 :Create proposal fix for spanish language if checkout date is wednesday or check in date tuesday  Merge in CVT/c4 from prod-166246 to ccid-2553  * commit 'bacc80f85fd583348bfcc342869dc6fce4c70938':    PROD-162646 :Create proposal fix for spanish language if checkout date is wednesday or check in date tuesday
5. Pull request #148887: Webinar 8478  Merge in CVT/c4 from webinar-8478 to ccid-2555  * commit 'd3e5119aac8d6e24155c0ac924586dd91cb8629e':    WEBINAR-8478: correct condition to auto enable cvent video player    WEBINAR-8478: place cvent video player turning on at correct place    WEBINAR-8478: append cvent video player flag correctly in xml    WEBINAR-8478: enable cvent video player if we enabled webianr management falg
6. Pull request #148885: Csnall 67230  Merge in CVT/c4 from csnall-67230 to ccid-2555  * commit '8b7c8e10b91c3b41f366491d60981b8ed6b4df16':    CSNALL-67230: Remove ibk admin check for manage bookings page    CSNALL-67230: Add cventPlannerAppDns to ibk manage bookings
7. Pull request #148886: Prod 166717  Merge in CVT/c4 from prod-166717 to ccid-2555  * commit 'deeafd8dda67f2bb8cfc53d4ad9d9a1e12e06f85':    HUB-80307: re-add Print Badge with OnArrival to search list    HUB-80307: missed a section in details list to allow OA Badge Printing    HUB-80307: allow badge printing with OnArrival    HUB-80307: remove TODO comment    HUB-80307: remove TODO comment    HUB-80307: add logic for disabling Guest printing with NxBadgeDesigner    HUB-80307: Tweak logic for Print Badge action buttons    HUB-80307: Add checks for NxBadgeDesigner enabled around invitee printing
8. Pull request #148884: PROD-166752: Integrate webinars downgrade for free tier admin user notify endpoint  Merge in CVT/c4 from prod-166752 to ccid-2555  * commit 'ae06fb1d8d4dd5b8dfa04aef700aa3f818d78ee4':    PROD-166752: Integrate webinars downgrade for free tier admin user notify endpoint"
Q2 -WOW - S9 (27 - 10 May) -33,2023/04/27,2023/05/10,PROD-166432,148776,Aashray.Sharma,0,0,0,0,0,0,0,0,0,0,0,0,qtpman,,"1. Pull request #148663: Prod 166145  Merge in CVT/c4 from prod-166145 to ccid-2548  * commit '77947b9d2e8272d32abbd72db22f59f550bfcfee':    PROD-166145: Added roles to planner video solution    packages.config edited online with Bitbucket    Cvent.Subscribers.Contacts.csproj edited online with Bitbucket    packages.config edited online with Bitbucket    Cvent.Subscribers.Event.csproj edited online with Bitbucket    packages.config edited online with Bitbucket    Cvent.Web.Surveys.csproj edited online with Bitbucket    packages.config edited online with Bitbucket    Cvent.Web.Events.csproj edited online with Bitbucket
2. Pull request #148665: Prod 163323  Merge in CVT/c4 from prod-163323 to ccid-2548  * commit 'c23ea4fbe7deda3c904d90ffb424878a0129fabc':    PROD-163323: Discrepancy in registered attendee count under session stats if session is included to an admission item    PROD-163323: Discrepancy in registered attendee count under session stats if session is included to an admission item
3. Pull request #148666: CSNALL-66655 - Update content for IATA ID in CVII  Merge in CVT/c4 from prod-166330 to ccid-2548  * commit 'ecaa9bb887c67a088af62ab1c7911a4df2e961ff':    CSNALL-66655 - Update content for IATA ID in CVII
4. Pull request #148441: HUB-82596: Cleaned up video-center and manage-storage expt  Merge in CVT/c4 from prod-165941 to ccid-2548  * commit '8828fa9d22dbd0df7cb648f7bbaee4dd4f7b9f20':    HUB-82596: Cleaned up video-center and manage-storage expt
5. Pull request #148668: Prod 164728  Merge in CVT/c4 from prod-164728 to ccid-2548  * commit 'a4ff68829ce8be627ab50d3acbe8d842cba13f31':    PROD-164728 : Package update using master branch build version    PROD-164728 : Cvent.Controls and related package version update    PROD-164728 : Cvent.Controls and related package version update"
Q2 -WOW - S9 (27 - 10 May) -33,2023/04/27,2023/05/10,PROD-166432,148824,Aashray.Sharma,0,0,0,0,0,0,0,0,0,0,0,0,Sagar.Patel,,"1. Pull request #148712: Ent 27978  Merge in CVT/c4 from ent-27978 to ccid-2550  * commit 'c1d07fac82bd0b1a7c5031ae7d8b569c942a6ba0':    [ENT-27978] : Moved set MDC at API level and added other info    [ENT-27978] : Moved set MDC at API level and added other info    [ENT-27978] : Moved set MDC at API level and added other info    [ENT-27978] : Added HttpLogRequestId into MDC
2. Pull request #148714: Prod 166491  Merge in CVT/c4 from prod-166491 to ccid-2550  * commit '021a3faec4b33c2cf7a840dd0975816e8ace883a':    HUB-97903: Modified based on PR feedback    HUB-97903: Modified based on PR feedback , to split string with instance of  ':' separator    HUB-97903: Add a new null delimiter ""\0"" for username and password
3. Pull request #148715: PROD-166487: Make accountMappingId searchable in all regions  Merge in CVT/c4 from prod-166487 to ccid-2550  * commit 'bf50ff78d6a9fa67b1e43c20e63e558ebaef4ecb':    PROD-166487: Make accountMappingId searchable in all regions
4. Pull request #148716: Rnd 10782  Merge in CVT/c4 from rnd-10782 to ccid-2550  * commit '373803cd0e1a80ad228f5109f09f3f4fd11b42fe':    RND:10782: Remove commented out code    RND-10782: remove unnecessarycode    RND-10782: redirects    test    RND-10782: Redirect to main login page if return params has mobile    Revert ""RND-10782: Use javascript to remove returnUrl""    RND-10782: Use javascript to remove returnUrl    RND-10782: update comment    RND-10782: Redirect to main login page if url has a query string where returnUrl has subrsribers/mobile
5. Pull request #148717: EINT-9946: DM DBCR  Merge in CVT/c4 from eint-9946 to ccid-2550  * commit '61be08cb1beff3224605cbb0bffc650485301df6':    EINT-9946: DM DBCR
6. Pull request #148718: PROD-166293: Release of Logging of History tables  Merge in CVT/c4 from prod-166293 to ccid-2550  * commit '5fa459829a6ebb473175c9dbed9bf11f473d0bcd':    PROD-166293: Release of Logging of History tables
7. Pull request #148719: Prod 166183  Merge in CVT/c4 from prod-166183 to ccid-2550  * commit '75692ecf4caaf7a61853dc3cf2b0ab8dfdb74ef7':    PROD-166183: remove more code that was only necessary for Couchbase lookups    PROD-166183: Remove Couchbase Lookup Caching that was never actually used
8. Pull request #148720: PROD-165329:unable to edit purchase template fields if a mapped custom field is deleted  Merge in CVT/c4 from prod-165329 to ccid-2550  * commit '5b2cf6d166a8c05a24217411f890de928cb02d74':    PROD-165329:unable to edit purchase template fields if a mapped custom field is deleted
9. Pull request #148713: Prod 164556  Merge in CVT/c4 from prod-164556 to ccid-2550  * commit 'fd5e7003610f7a360a77fa29b2adb9917474d0b0':    PROD-164556: added a coment regarding the addition of nullable volumns in tmpReturn table    PROD-164556: updated the position of test_mode_flag column in order to get rid of null value adition in tmpreturn table    Revert ""Revert ""Pull request #147347: Prod 163333""""
10. Pull request #148726: PROD-164728 : Adding entry for surveys and package upgrade  Merge in CVT/c4 from prod-164728-1 to ccid-2550  * commit '42cf92cb8385f7e17019659d5cc6a7d646d245e8':    PROD-164728 : Adding entry for surveys and package upgrade"
Q2 -WOW - S9 (27 - 10 May) -33,2023/04/27,2023/05/10,PROD-166432,148925,Aashray.Sharma,0,0,0,0,0,0,0,0,0,0,0,0,AJagtap,,"1. Pull request #148789: Prod 165533  Merge in CVT/c4 from prod-165533 to ccid-2551  * commit 'a734775393d8b013e2248e653caf92bb014cc4f7':    PROD-165533 : GetFileServerPathS3 method fetch from InviteeAnswersMapper    PROD-165533 : Remove dependancy on configs unc custom path    PROD-165533 : Remove unwanted name space    PROD-165533 : delete file move to delete folder throght S3proxy
2. Pull request #148770: Prod 166564  Merge in CVT/c4 from prod-166564 to ccid-2551  * commit '003db158e50c8d9d67749aaffb0501414758ec78':    FLEX-87165: Fix from rebuilding of branch    FLEX-87165: Rebuild branch due to merge issues
3. Pull request #148788: Webinar 7906 2  Merge in CVT/c4 from webinar-7906-2 to ccid-2551  * commit '2f4f8ea1bb70f1c53687cdad058dad3c9d0dfc01':    WEBINAR-7906: Uncheck webinars if slefserve to another license logic removed from incorrect place    WEBINAR-7906: Uncheck webinars if slefserve to another license logice placed at correct place.
4. Pull request #148773: Src 8557 new  Merge in CVT/c4 from src-8557-new to ccid-2551  * commit '8ea7a804c0e932ab50f4d506d175df925418c544':    one last fix    Changes to fix ordering    Changes so event with no session locations and expirement turned on does not fail to load page.    Revert ""PROD-165999: removed from ccid-2546 Revert ""Pull request #148489: Src 8557 new""""
5. Pull request #148772: PROD-164728 : Adding entry for surveys and package upgrade  Merge in CVT/c4 from prod-164728 to ccid-2551  * commit '80c64826d009d5cc57ff30cec79bccb2cc9dfd05':    PROD-164728 : Adding entry for surveys and package upgrade
6. Pull request #148774: PROD-160942: Lu changes for travel modification  Merge in CVT/c4 from prod-160942 to ccid-2551  * commit '3ddbf318209f40368f7dc2bb1f2497cc5a56e5bf':    PROD-160942: Lu changes for travel modification
7. Pull request #148749: PROD-164211 | Pending translation for key import_error_desc: Invalid answer format for session custom field  Merge in CVT/c4 from prod-164211 to ccid-2551  * commit '430785db99548deed0a7ec5077d850dda3786095':    PROD-164211 | Pending translation for key import_error_desc: Invalid answer format for session custom field    PROD-164211 | Pending translation for key import_error_desc: Invalid answer format for session custom field"
Q2 -WOW - S9 (27 - 10 May) -33,2023/04/27,2023/05/10,PROD-166432,149030,Aashray.Sharma,0,0,0,0,0,0,0,0,0,0,0,0,ALakshkar,,1. Pull request #148997: Csnall 61335  Merge in CVT/c4 from csnall-61335 to ccid-2556  * commit '6c94acbfbe569f370209afeb611c93bb5b1ea14d':    Remoing extra line    Removing character '&'    Removing extra lines    renaming the string    Addressing comments    Addressing commnets    Addressing comments    Addressing comments    CSNALL-61335 Addressing comments    csnall-61335 ( changes for adding not null check for app query param)    CSNALL-61335    CSNALL-61335(Changes for adding redirection url for promotion in Normandy )
Q2 -WOW - S9 (27 - 10 May) -33,2023/04/27,2023/05/10,PROD-166432,149115,Aashray.Sharma,0,0,0,0,0,0,0,0,0,0,0,0,SMahale,,"1. Pull request #148975: Prod 165946  Merge in CVT/c4 from prod-165946 to ccid-2556  * commit 'a3e17a3ec25600ac9deac2746c7696c18b25f7e8': (35 commits)    stud-4601: resolving comments    stud-4601: replacing files location    stud-4601: Merge conflicts    stud-4601: Add CVII flag    STUD-3741: Changes for adding experiment.    STUD-3741: Set IVS Stream region to Ireland for EUDC    WEBINAR-4194: Set enable_livestream_recording flag to true unconditionally when cvc_interactive_session_recording is enabled    WEBINAR-3999: Setting required attribute in the video conference object    CINT-22547: Resolved review comments    CINT-23110: Support player creation in embedded cvc workflow    review comments    fetching player details when recording exp is enabled    CINT-22547: Resolved review comments    changes    CINT-22547: Added support for on-demand recording config for CVC (Embedded)    CINT-22547: Added support for on-demand recording config for CVC (Embedded)    CINT-22547: Added support for on-demand recording config for CVC (Embedded)    CINT-22937: Added download recording manual action for embedded cvc    CINT-22796: Keep the attendance config in cvc_embedded_collab_session experiment    Fix    ...
2. Pull request #148990: Prod 166983  Merge in CVT/c4 from prod-166983 to ccid-2556  * commit 'fb47d715032cc8ad5a6cc9d8667592456f0bbcf5':    PROD-166983: latest resx pull    SURVEY-68120: survey close date related changes
3. Pull request #148976: Prod 161760  Merge in CVT/c4 from prod-161760 to ccid-2556  * commit '1e0f74848694e6601a1fb4a2e4e737a05276c1a7':    PROD-161760 : Improved join statement    PROD-161760 : Resolved PR Comment    PROD-161760 : Resolved Travellers Name in {[G-GUEST HOTEL DETAILS]} and {[C-PRIMARY REGISTRANT HOTEL DETAILS]} Datatags"
Q2 -WOW - S9 (27 - 10 May) -33,2023/04/27,2023/05/10,PROD-166432,148732,Aashray.Sharma,0,0,0,0,0,0,0,0,0,0,0,0,A.Vankar,,1. Pull request #148722: Prod 166515  Merge in CVT/c4 from prod-166515 to ccid-2550  * commit '98378336e032cec54973a0d3a1dce6a9b03d101e':    PROD-166515: latest resx pull    PROD-166515: resx string added    PROD-166515: event soa package updated    SURVEY-67879: conflict merge while cherry-pick
Q2 -WOW - S9 (27 - 10 May) -33,2023/04/27,2023/05/10,WEBINAR-7906,148788,Aashray.Sharma,0,0,0,0,1,0,0,1,0,0,0,1,Ayesha.Khan,,
Q2 -WOW - S9 (27 - 10 May) -33,2023/04/27,2023/05/10,WEBINAR-7910,1978,Aashray.Sharma,0,0,0,0,0,0,0,0,0,0,0,0,MMittal,,"1. Pull request #2370: Webinar 7910  Merge in SOA/account from webinar-7910 to ccid-2550  * commit '136e6730ff0f573926492892717d38397fe3f9cb':    WEBINAR-7910: remove unwanted imports    WEBINAR-7910: add all applicable proeprtiers in AccountLicese    WEBINAR-7910: updating comments    WEBINAR-7910: add new endpoint to get all account licenses
2. Pull request #2381: PROD-165946  Merge in SOA/account from PROD-165946 to ccid-2556  * commit '245aef87f989a8d7cf7aec25f6c8df8671093fd4':    stud-4601: resolving comments    Revert ""stud-4601: resolving comments""    stud-4601: resolving comments    STUD-4601: remove unnecessary changes    STUD-4601: Changes to add Cvii flag"
Q2 -WOW - S9 (27 - 10 May) -33,2023/04/27,2023/05/10,WEBINAR-7910,2370,Aashray.Sharma,0,0,0,0,1,0,0,1,0,0,0,1,Ayesha.Khan,,
Q2 -WOW - S9 (27 - 10 May) -33,2023/04/27,2023/05/10,WEBINAR-8478,148887,Aashray.Sharma,0,0,0,0,1,0,0,1,0,0,0,1,Ayesha.Khan,,
Sprint Totals,,,,,,PR_ADDED: 0,PR_REMOVED: 0,COMMIT_ADDED: 0,COMMIT_REMOVED: 0,APPROVED: 3,COMMENTED: 0,DECLINED: 0,MERGED: 3,OPENED: 0,RESCOPED: 0,UNAPPROVED: 0,UPDATED: 3,,,

Q2 - WOW - S10(11 - 24 May) 30,2023/05/11,2023/05/24,PROD-166742,149458,Aashray.Sharma,0,0,0,0,1,0,0,1,0,0,0,1,Ayesha.Khan,,
Q2 - WOW - S10(11 - 24 May) 30,2023/05/11,2023/05/24,PROD-166742,149559,Aashray.Sharma,0,0,3,43,0,0,0,0,0,0,0,0,P.Ahuja,,"1. Pull request #149535: Prod 167653  Merge in CVT/c4 from prod-167653 to ccid-2572  * commit 'a29a5a62ddf0e2e98da91ca8a6a3f55142fe792e':    PROD-167653:SP tuned    PROD-167653:SP tuned    PROD-167653:SP tuned
2. Pull request #149520: FLEX-88597: Update display name in CVII to Advance instead of Advanced group purchase  Merge in CVT/c4 from prod-168194 to ccid-2572  * commit '99b3a5e5142c209833fdedd6503282769dd09fb1':    FLEX-88597: Update display name in CVII to Advance instead of Advanced group purchase
3. Pull request #149521: FLEX-87167: Updated url string to Advanced to fix error  Merge in CVT/c4 from prod-168193 to ccid-2572  * commit '07197c1f6eda69e8ff2b6434abb5da31301466e4':    FLEX-87167: Updated url string to Advanced to fix error
4. Pull request #149522: Prod 167889  Merge in CVT/c4 from prod-167889 to ccid-2572  * commit 'cd299b2da37d1fdc241c0a025b28e9a9d3006886':    ENT-27962-1:Added IsContainerEvent condition for onArrival feature    ENT:27962-1:Added flag for OnArrival    ENT-27962-1:Updated feature flag for engagement score    ENT-27961-2: Formatting    ENT-27961-2: Updated where condition in SP    ENT-27961-2:Updated SP to UTF-8    ENT-27961-2:Added new feature flag for click tracking
5. Pull request #149524: Prod 166705  Merge in CVT/c4 from prod-166705 to ccid-2572  * commit '4a79df17b812148a7f3bb47655f3504721eb4fea':
6. Pull request #149536: PROD-167847  | Remove DST from Mexico Timezones  Merge in CVT/c4 from prod-167847 to ccid-2572  * commit 'dd27690c2e2e171c45ee9e6d837c37518da2332a':    PROD-167847  | Remove DST from Mexico Timezones
7. Pull request #149523: Src 9096  Merge in CVT/c4 from src-9096 to ccid-2572  * commit 'ae204a2b8bae8aac60382a5eab0b2c151c7cd782':    SRC-9096 - Removed hardcoded url    SRC-9096 - Hardcoding agendaDesignerUrl for testing    SRC-9096 - Added button and redirect to new app    SRC-9096 - Config update and added Agenda Designer experiment
8. Reverting PROD-168081 from ccid-2572  Revert ""Pull request #149523: Src 9096""  This reverts commit bfb31d5355d58e1e01e09b228ac79a34f5595b13, reversing  changes made to 2d24a1e4947636e4e30335946e011d21cd7c9ec9."
Q2 - WOW - S10(11 - 24 May) 30,2023/05/11,2023/05/24,PROD-166742,149588,Aashray.Sharma,0,0,0,0,0,0,0,0,0,0,0,0,qtpman,,"1. Pull request #149486: Prod 168114  Merge in CVT/c4 from prod-168114 to ccid-2571  * commit '9caf76037c114446a194f265f7d4305f2da44e9c':    CINT-24723: Updating account settings tab for new flags    CINT-24723: Adding On24 and Pardot Flags. Rename Hubspot flag
2. Pull request #149461: Revert ""Pull request #149303: Prod 164185""  Merge in CVT/c4 from prod-168075 to ccid-2571  * commit 'aef88342a09f17f80bd2a8de87f09f7e0dadc6f8':    Revert ""Pull request #149303: Prod 164185""
3. Pull request #149458: Prod 166742  Merge in CVT/c4 from prod-166742 to ccid-2571  * commit 'b8d7ae5fde5da0a162de6ff98ccc66e920bc6a6e':    PROD-166742: Update the login button disable logic so that it works properly in all browsers    PROD-166742: Disable login button when the page is submitted using window.onbeforeunload event
4. Pull request #149463: Prod 166705  Merge in CVT/c4 from prod-166705 to ccid-2571  * commit 'e7de125c738b523eecb8fc9f245b9129590d79d1':"
Q2 - WOW - S10(11 - 24 May) 30,2023/05/11,2023/05/24,PROD-166742,149852,Aashray.Sharma,0,0,0,0,0,0,0,0,0,0,0,0,SMahale,,"1. Pull request #149595: FLEX-88084: added created_by/last_modified_by in stored procedure  Merge in CVT/c4 from flex-88084 to ccid-2574  * commit '680bc852f27270993be038040e298dfd4e6b4d87':    FLEX-88084: added created_by/last_modified_by in stored procedure
2. Pull request #149596: PROD-166434: Fix sanitization in presentation and display tab of emarketing pages  Merge in CVT/c4 from prod-166434-1 to ccid-2574  * commit 'c7b3e87d8dd1640bb2161b42411d5b0eee0e9ea9':    PROD-166434: Fix sanitization in presentation and display tab of emarketing pages
3. Pull request #149597: PROD-167661 :LU changes  Merge in CVT/c4 from prod-167661 to ccid-2574  * commit '8dd70e49290832a2ca6743088a4b844f50930c98':    PROD-167661 :LU changes
4. Pull request #149566: prod-16415 : Resx updated for export  Merge in CVT/c4 from prod-164152 to ccid-2574  * commit '80fcb41f7224e95492e58cb6a3cddf868b176383':    prod-16415 : Resx updated for export"
Q2 - WOW - S10(11 - 24 May) 30,2023/05/11,2023/05/24,WEBINAR-3697,1167,Aashray.Sharma,0,0,0,0,0,0,0,0,0,0,0,0,RupaliS,,1. Pull request #1252: Webinar 3697  Merge in CVT/soap-api from webinar-3697 to ccid-2571  * commit '89866ec92c8fc83a92bf2ad0cc9209ff9500eed1':    WEBINAR-3697: Updated SP    WEBINAR-3697: Fixed eventParams name    WEBINAR-3697: Renamed acctId variable in hasWebinar call    WEBINAR-3697: Call HasWebinar method from metadatabuilder instead of APIBase    WEBINAR-3697: Fixed build issue    WEBINAR-3697: Fixed indentation    WEBINAR-3697: Throw exception for webinars in updateEventParameters API
Q2 - WOW - S10(11 - 24 May) 30,2023/05/11,2023/05/24,WEBINAR-3697,1252,Aashray.Sharma,0,0,0,0,1,0,0,1,0,0,0,1,Ayesha.Khan,,
Q2 - WOW - S10(11 - 24 May) 30,2023/05/11,2023/05/24,WEBINAR-7045,149493,Aashray.Sharma,0,0,4,10,0,0,0,0,0,0,0,0,APrajapati,,"1. Pull request #149276: Webinar 7980  Merge in CVT/c4 from webinar-7980 to ccid-2567  * commit '33beba8fdf8c835fe232ed9d4b6a276e26fd6b4d':    WEBINAR-7980: Remove unwanted import    WEBINAR-7980: use ajaxredirect    WEBINAR-7980: Redirect user if there is conflict
2. Pull request #149266: Prod 167739  Merge in CVT/c4 from prod-167739 to ccid-2567  * commit 'f183ac059da7ec3d4096ea1fb342dfa44a7b7208':    hub-93546-dbcr: added the file    HUB-92727:Add Pronoun field to CONTACT table
3. Pull request #149267: Csn ravenclaw  Merge in CVT/c4 from csn-ravenclaw to ccid-2567  * commit '50afe69213e0bee62af372ab038f348e60fe1b4f':    CSNALL-66170 updated changes for LU PRovider Types    CSNALL-66170: Lookup entries for SpeedRFP and Whitelabel Provider types
4. Pull request #149269: Prod 165500  Merge in CVT/c4 from prod-165500 to ccid-2567  * commit '71842858a3c6423422364d11c0860bc36ffbb444':    PROD-165500 | On deleting a Custom Field, the field name is displayed on the list.    PROD-165500 | On deleting a Custom RFP Field, the field name is displayed on the list.
5. Pull request #149270: [PROD-148017] : Updated the changes for Event Questions tag  Merge in CVT/c4 from prod-148017 to ccid-2567  * commit 'c3985cb1083321d096205b5162eebaa4750fe38c':    [PROD-148017] : Updated the changes for Event Questions tag
6. Pull request #149278: reverting PROD-165245 from ccid-2566 Revert ""Pull request #149226: Ent 27503""  Merge in CVT/c4 from ccid-2566 to ccid-2567  * commit '50685774b4f10fded71091c8bc4c91c245a5c980':    reverting PROD-165245 from ccid-2566 Revert ""Pull request #149226: Ent 27503""
7. Pull request #149342: Prod 167867  Merge in CVT/c4 from prod-167867 to ccid-2567  * commit 'c9de6791f05c65692d7eea1457f4f82038710445':    FLEX-87167: Updated regx strings to AdvanceGroupPurchase    FLEX-87167: Rebuild branch due to downmerge issues
8. Pull request #149340: Prod 167007  Merge in CVT/c4 from prod-167007 to ccid-2567  * commit '315b30c9878e65fd85fc3550359a35f4e57fb292':    PROD-167007: inquisium popup class file included    PROD-167007: inquisiumSelect controller added for campaign email
9. Pull request #149343: Prod 165500 1  Merge in CVT/c4 from prod-165500-1 to ccid-2567  * commit '185ac126669940d7a4848ef743eda0fe9c056d58':    PROD-165500 | On deleting a Custom Field, the field name is displayed on the list.    PROD-165500 | On deleting a Custom RFP Field, the field name is displayed on the list.
10. Pull request #149339: Prod 163998  Merge in CVT/c4 from prod-163998 to ccid-2567  * commit 'bf9e27aa1d490a5751d73957ea087e19301124c8':    PROD-167057: Renamed param    PROD-163998: Renamed method.    PROD-163998: Added comments for better understanding    PROD-163998: Refactoring    PROD-163998: Refactored methods    PROD-163998: Added date rejection mechanism for time only rounding off    PROD-163998: Added a method to roundoffTime to nearest milli seconds    PROD-163998: Rounded off time columns in air actual import to nearestest milliseconds    PROD-163998: Added validation for decimal place value in time column
11. Pull request #149338: FileUploadController.cs edited online with Bitbucket  Merge in CVT/c4 from prod-163344-final to ccid-2567  * commit '0760d5aafc69d7bb26bb0e90ffad49a5080e6cd5':    FileUploadController.cs edited online with Bitbucket
12. Pull request #149337: Revert ""reverting PROD-165245 from ccid-2566 Revert ""Pull request #149226: Ent 27503""""  Merge in CVT/c4 from ent-27503 to ccid-2567  * commit 'e02381c02fcd6083d31f9733b128acd274a8373d':    Revert ""reverting PROD-165245 from ccid-2566 Revert ""Pull request #149226: Ent 27503""""
13. Revert ""Pull request #149343: Prod 165500 1""  This reverts commit 50fe95d9e60b5286c3845dfe8c389a93025ec2bd, reversing  changes made to 3176080802ddef784cfbcd50cf098ab831bff6b9."
Sprint Totals,,,,,,PR_ADDED: 0,PR_REMOVED: 0,COMMIT_ADDED: 7,COMMIT_REMOVED: 53,APPROVED: 2,COMMENTED: 0,DECLINED: 0,MERGED: 2,OPENED: 0,RESCOPED: 0,UNAPPROVED: 0,UPDATED: 2,,,

Q2 - WOW S11 (25 May-7 Jun),2023/05/25,2023/06/07,PROD-157033,1764,Aashray.Sharma,0,0,0,0,0,0,0,0,0,0,0,0,RupaliS,,"1. Pull request #2065: Prod 165912  Merge in SUR/inquisium from prod-165912 to ccid-2580  * commit 'aba5111fa1d4b2ebd27408596feb9d2427eb5e32':    PROD-165912 : Updating latest master version for Cvent.Controls    SURVEY-68210 : Added experiment for surveys custom css    SURVEY-67941 : Experiment for custom contact widget added    SURVEY-68062 : Package upgrade and handling for MatrixRating
2. Pull request #2067: PROD-157033: Updated cvent.comtrols package version  Merge in SUR/inquisium from prod-157033 to ccid-2582  * commit '0d770e1c2f35b537ed11f29eddf2b599faa8a844':    PROD-157033: Updated cvent.comtrols package version"
Q2 - WOW S11 (25 May-7 Jun),2023/05/25,2023/06/07,PROD-157033,149038,Aashray.Sharma,0,0,91,2950,0,0,0,0,0,0,0,0,Krunal.Patni,,"1. Pull request #150061: PROD-168237  | Acct_id binding missing in up_cvnt_RegCart_RemoveFreeLoader  Merge in CVT/c4 from prod-168237 to ccid-2583  * commit '42119a3da6f278b8820929abd4b7fd430c62f6a3':    PROD-168237  | Acct_id binding missing in up_cvnt_RegCart_RemoveFreeLoader
2. Pull request #150062: Prod 169297  Merge in CVT/c4 from prod-169297 to ccid-2583  * commit '3f8817938bb2ea462ef4a328c8253b2de3eef908':    PROD-169297: Add Phrases Key for account level banners    PROD-169297: Add Stripe Connect Account Level Banner Styles
3. Reverting PROD-167919 from ccid-2583  Revert ""Pull request #150064: Prod release faq 1.26 v1""  This reverts commit 6dd2a27b30ee59e51dffed15e18f86b340373578, reversing  changes made to 2db7ff72d9d185b6fb25f2107488c0403baa9bfb.
4. Reverting PROD-168579 from ccid-2583  Revert ""Pull request #150093: Prod 168579""  This reverts commit 6052900fbb259e42d3a16303f17da1975b3a0a56, reversing  changes made to b40f2315491babd15be065f93e4f3ba84a9dccda.
5. Reverting PROD-168577 from ccid-2583  Revert ""Pull request #150094: FLEX-88025-3: scripts added""  This reverts commit b40f2315491babd15be065f93e4f3ba84a9dccda, reversing  changes made to 7fa51b38efd5175423bcf03ccf1362c17bd072ca."
Q2 - WOW S11 (25 May-7 Jun),2023/05/25,2023/06/07,PROD-157033,2067,Aashray.Sharma,0,0,0,0,1,0,0,1,0,0,0,1,SKapri,,
Q2 - WOW S11 (25 May-7 Jun),2023/05/25,2023/06/07,PROD-157033,149977,Aashray.Sharma,0,0,0,0,1,0,0,1,0,0,0,1,SKapri,,
Q2 - WOW S11 (25 May-7 Jun),2023/05/25,2023/06/07,PROD-157033,150117,Aashray.Sharma,0,0,0,0,0,0,0,0,0,0,0,0,qtpman,,"1. Pull request #149974: ENT-28365 : Restricted to create form once mrf limit reached  Merge in CVT/c4 from ent-28365 to ccid-2582  * commit '1a534ef2d1af803b3d073d1bb490e8bac950f61c':    ENT-28365 : Restricted to create form once mrf limit reached
2. Pull request #149979: Webinar 9290 webinar 831  Merge in CVT/c4 from webinar-9290_webinar-831 to ccid-2582  * commit 'e0b69384c9a930aa3097e1bf2c739f06932dcc90':    WEBINAR-831:added exception handling for Not found when webinar is not available in account    WEBINAR-9290: Update logic to display webinars option if admin user role is selected otherwise hide it    WEBINAR-831:removed unwanted entry from csproj    WEBINAR-9290: Use Model.pageoptions    WEBINAR-9290: Select Webinars as default option if admin role is selected    WEBINAR-831:removed unwanted entry from package.config    WEBINAR-831:added logic for default redirection for webinar list page    WEBINAR-9290: Display webinars page option if applicable
3. Pull request #149975: Prod 167678  Merge in CVT/c4 from prod-167678 to ccid-2582  * commit 'cff913373ea3e1f0af72daa689245f45a101911f':    PROD-167678 Review comments.    PROD-167678 health check    PROD-167678 health check    PROD-167678 health check on behalf of krunal    PROD-167678 health check and routing name change.    PROD-167678 health check and routing name change.    PROD-167678 Cvent2 health check    PROD-167678 Cvent2 health check    PROD-167678 CVII health check.
4. Pull request #149988: reverting PROD-166523 from ccid-2581 Revert ""Pull request #149893: Prod 166523""  Merge in CVT/c4 from ccid-2581 to ccid-2582  * commit '82cf5858e7ef2b93956b4b567465c5ca9173cbc8':    reverting PROD-166523 from ccid-2581 Revert ""Pull request #149893: Prod 166523""
5. Pull request #149977: Prod 157033  Merge in CVT/c4 from prod-157033 to ccid-2582  * commit '4685fa3d74937f03461a350dab6e4e3ebb813de0':    PROD-157033: Updated cvent.comtrols package version After merging with ccid-2581    PROD-157033: Updated cvent.comtrols package actual version    PROD-157033: Updated cvent.comtrols package version for testing
6. Pull request #150000: Ccid 2581  Merge in CVT/c4 from ccid-2581 to ccid-2582  * commit '2d6c25d7259f9f5c9c790d28ec7d41974c123b76':    PROD-168668 : Admin SOAP API usage changes    PROD-168668 : dbproj and sqlpoj changes    API.dbp edited"
Q2 - WOW S11 (25 May-7 Jun),2023/05/25,2023/06/07,PROD-157033,150129,Aashray.Sharma,0,0,470,453,0,0,0,0,0,0,0,0,SMahale,,"1. Reverting PROD-165965 from ccid-2581  Revert ""Pull request #149945: Prod 165965""  This reverts commit 20569cd8758358ad4132c42a272acb2766e4d546, reversing  changes made to 23f98c04b48c280a04497bfcb8fe287324cdbb32."
Q2 - WOW S11 (25 May-7 Jun),2023/05/25,2023/06/07,PROD-157033,150131,Aashray.Sharma,0,0,0,0,0,0,0,0,0,0,0,0,RSehajpal,,"1. Pull request #149892: Prod 166845  Merge in CVT/c4 from prod-166845 to ccid-2581  * commit '25796d26ef74aae489d300a6bd43657d7f690acd':    cleanup    code complete    solution post bug fix psuedo    delete button changes    psuedo code
2. Pull request #149893: Prod 166523  Merge in CVT/c4 from prod-166523 to ccid-2581  * commit 'e9c1df194bc55f426ae3f705a5d29c47269c4db4':    prod-166523 : Removed validation on 'Requesting User' Type    PROD-166523 : Resx keys-values added with translations.    PROD-166523 :Added validation messages shared by shannon changed some logic for validation.    PROD-166523 : Added validation logic for Role assignment rule and Advanced filter.
3. Pull request #149894: PROD-162764: Attendees participant shows N/A while editing when session scanning is Multi check-In and checkout  Merge in CVT/c4 from prod-162764 to ccid-2581  * commit '257104bb15d52b9d167f63ec380b72b251d5698d':    PROD-162764: Attendees participant shows N/A while editing when session scanning is Multi check-In and checkout
4. Pull request #149935: Ccid 2580  Merge in CVT/c4 from ccid-2580 to ccid-2581  * commit '7a30ad5a7e6befe79cb7d4865b9e8fca86882861':    Revert ""Pull request #149836: Revert ""Reverting PROD-168081 from ccid-2580""""    Revert ""reverting PROD-165912 from ccid-2580 due to some extra changes Revert ""Pull request #149921: Revert ""Reverting PROD-168081 from ccid-2580""""""    reverting PROD-165912 from ccid-2580 due to some extra changes Revert ""Pull request #149921: Revert ""Reverting PROD-168081 from ccid-2580""""    PROD-168965: Add SQL Script for brand update"
Q2 - WOW S11 (25 May-7 Jun),2023/05/25,2023/06/07,PROD-157033,150205,Aashray.Sharma,0,0,0,0,0,0,0,0,0,0,0,0,Sagar.Patel,,1. Pull request #150064: Prod release faq 1.26 v1  Merge in CVT/c4 from prod-release-faq-1.26-v1 to ccid-2583  * commit 'c3ac5b95cdd9c38b5f4eeaeb71291c93867b9c14': (31 commits)    Merge faq feature branch.    CSNALL-61157 CSNALL-68206 - Use supplier side experiment.    Reverted exp changes    changed experiment name    CSNALL-61157 Populate proposal FAQ CSNALL-68206 - .net client answerclient integration for RFP proposals    CSNALL-61157 Populate proposal FAQ CSNALL-68206 - .net client answerclient integration for RFP proposals    CSNALL-61157 CSNALL-68206 - Remove extra space.    CSNALL-61157 Populate proposal FAQ CSNALL-68206 - .net client answerclient integration for RFP proposals    CSNALL-61157 Populate proposal FAQ CSNALL-68206 - .net client answerclient integration for RFP proposals    Added experiment check    Added standard questions visibility flag    CSNALL-61157 Populate proposal FAQ CSNALL-68206 - .net client answerclient integration for RFP proposals    CSNALL-66292-V0:- PR comments resolved    Modified web config    Reverted unnecessary change    Removed commented code    Removed commented code    csnall-68063 Refactored code in single if statement    CSNALL-66292-V0:- comments addressed    CSNALL-68034 Use experiment - csn_supplier_standard_questions    ...
Q2 - WOW S11 (25 May-7 Jun),2023/05/25,2023/06/07,PROD-157033,150315,Aashray.Sharma,0,0,0,0,0,0,0,0,0,0,0,0,AJagtap,,"1. Pull request #150121: PROD-169401:Add Brand Sonder Hotels under Sonder Hotels Chain  Merge in CVT/c4 from prod-169401 to ccid-2586  * commit '4887d96a8fc8231dfa8d01ff9cce1a5ce75cd02f':    PROD-169401:Add Brand Sonder Hotels under Sonder Hotels Chain
2. Pull request #150122: PROD-168984: Added one chain and two brands under it  Merge in CVT/c4 from prod-168984 to ccid-2586  * commit '9ef7094346a1eddb0b33a9b36d732a7066f10eb3':    PROD-168984: Added one chain and two brands under it
3. Pull request #150123: Revert ""reverting PROD-166523 from ccid-2581 Revert ""Pull request #149893: Prod 166523""""  Merge in CVT/c4 from prod-166523 to ccid-2586  * commit 'e5fd43de0a7d52ef0ac6aafea200cadccfc847d0':    Revert ""reverting PROD-166523 from ccid-2581 Revert ""Pull request #149893: Prod 166523"""""
Q2 - WOW S11 (25 May-7 Jun),2023/05/25,2023/06/07,PROD-157033,149937,Aashray.Sharma,0,0,6,19,0,0,0,0,0,0,0,0,Akashdeep.Gupta,,"1. Pull request #149858: Ent 27956  Merge in CVT/c4 from ent-27956 to ccid-2580  * commit '6ede3aa9583694397b1d0238a9b22c07694963cb':    ENT-27956 : Updated latest package of MeetingRequest.Client and Stargate.Client    [ENT-27956] : Integrated common code for mrf edit link generation
2. Pull request #149860: Prod 165912  Merge in CVT/c4 from prod-165912 to ccid-2580  * commit '721b257cfc9bda43a8c3a4ff97fe666ce308f146':    SURVEY-68373 : Removing unused import    SURVEY-68273 : Text change    SURVEY-68373 : Adding exp and related changes    SURVEY-68210 : Added experiment for surveys custom css    SURVEY-67939 : Fields updated as per shown on UI    SURVEY-67939 : Filter rows handling when fieldStub not present in model    SURVEY-67939 : PR comments addressed    SURVEY-67939 : Survey questions in planner alert advanced filters
3. Reverting PROD-168923 from ccid-2580  Revert ""Pull request #149856: FLEX-89075 & FLEX-89078: Fixing length of inputs and adding regex validations""  This reverts commit ac3797c710de4e920149a8b497595b9f920b1cfd, reversing  changes made to a4b12babe8fbadae079845d4f4b78c0177258453.
4. Pull request #149897: Reverting PROD-168923 from ccid-2580 Revert ""Pull request #149856: FLEX-89075 & FLEX-89078: Fixing length of inputs and adding regex validations""  Merge in CVT/c4 from ccid-2580 to ccid-2581  * commit 'c65a983874ea9b850b84fe0c2e0a4ec37c6dab27':    Reverting PROD-168923 from ccid-2580 Revert ""Pull request #149856: FLEX-89075 & FLEX-89078: Fixing length of inputs and adding regex validations""
5. Pull request #149890: Prod 167198  Merge in CVT/c4 from prod-167198 to ccid-2581  * commit 'a2c6da314dd9b886d3a6dd139bf53b4bbaaec471':    NA-0: Cvent.Event.Client package version update 1.230525.160020    PROD-167198: Revert from ccid-2564 Revert"
Q2 - WOW S11 (25 May-7 Jun),2023/05/25,2023/06/07,WEBINAR-3715,1167,Aashray.Sharma,0,0,0,0,0,0,0,0,0,0,0,0,RupaliS,,"1. Pull request #1258: Webinar 3715  Merge in CVT/soap-api from webinar-3715 to ccid-2577  * commit '2296bb9ecd96604b4f6dba7e42453c0fb54e2961':    WEBINAR-3715: fixed compile issues    WEBINAR-3715: checkIn api changes to block if we try to use it for webinars
2. Pull request #1266: Ent 27956  Merge in CVT/soap-api from ent-27956 to ccid-2580  * commit 'fb4279a84f35dc2f74f66c8aaf131c594ea28530':    ENT-27956 : Updated latest packages    [ENT-27956] : Added v1 to stargate API URL    [ENT-27956] : Integrated common code for MRF edit link"
Q2 - WOW S11 (25 May-7 Jun),2023/05/25,2023/06/07,WEBINAR-3715,1258,Aashray.Sharma,0,0,0,0,1,0,0,1,0,0,0,1,Ayesha.Khan,,
Sprint Totals,,,,,,PR_ADDED: 0,PR_REMOVED: 0,COMMIT_ADDED: 567,COMMIT_REMOVED: 3422,APPROVED: 3,COMMENTED: 0,DECLINED: 0,MERGED: 3,OPENED: 0,RESCOPED: 0,UNAPPROVED: 0,UPDATED: 3,,,

Q2 - WOW S12 (8 - 21 Jun),2023/06/08,2023/06/21,PROD-167534,149732,Aashray.Sharma,0,0,33,275,0,0,0,0,0,0,0,0,SSao,,"1. Reverting PROD-170405 from ccid-2598  Revert ""Pull request #150475: Prod 170405""  This reverts commit 8272e2dc2c1c4bee29b51aef4ff1ffd694c55f8e, reversing  changes made to 771fd5b1b25b868a85563e134d45ea3282a237f6.
2. Pull request #150505: ALPHA-DEV606: hide section on empty customEmails  Merge in CVT/c4 from prod-170405 to ccid-2600  * commit '6fd52a4b6c42c8c8260a90324efc54002ba49c25':    PROD-170405: revert commit adjusted    Revert ""Reverting PROD-170405 from ccid-2598""    ALPHA-DEV606: hide section on empty customEmails
3. Pull request #150506: Prod 166523 new  Merge in CVT/c4 from prod-166523-new to ccid-2600  * commit '52a1b8274154c747dae29180fc9baae453208efd':    PROD-166523 : Took phrase pull for portuguese translation.    PROD-166523 : Added criteria for BLANK and NOT BLANK operator where validation is not expected.    PROD-166523 : Took Phrase pull for newly added keys    PROD-166523-new : Added validation logic for Role assignment rule and Advanced filter.
4. Reverting PROD-168188 from ccid-2598  Revert ""Pull request #150478: PROD-168188: Updated date format for vi-VN locale in LU_Locale_Culture""  This reverts commit f31e93e9b0e304812950dd8eaf5eeb74a073a7bf, reversing  changes made to ad95511d10f6bfc9eba077f7c24a742187963fe3.
5. Pull request #150544: Prod 169536  Merge in CVT/c4 from prod-169536 to ccid-2601  * commit 'b43067549f0d44acdc0e37e285246652da94b9eb':    PROD-169536:Added accnt_id in binding in ACCOUNT_COLOR_SCHEME_STYLESHEET    Revert ""PROD_169356: Added Acct_id binding in up_cvnt_Calendar_GetByCalStub""    PROD_169356: Added Acct_id binding in up_cvnt_Calendar_GetByCalStub
6. Pull request #150534: PROD-170005: Added HMC and OG  Merge in CVT/c4 from prod-170005 to ccid-2601  * commit 'f150254a577f02d102ae5ac382125bcb4e453e75':    PROD-170005: Added HMC and OG
7. Pull request #150535: Prod 167534  Merge in CVT/c4 from prod-167534 to ccid-2601  * commit '412e662f6f0860b87633056ff57ad7b29e84a425':    PROD-167534: Minor fix    PROD-167534: Incorporated PR comment    PROD-167534: Fixed a minor issue    PROD-167534: Redirect to webinar home page from registration form site editor if eventStub is replaced by webinarStub"
Q2 - WOW S12 (8 - 21 Jun),2023/06/08,2023/06/21,PROD-167534,150535,Aashray.Sharma,0,0,0,0,1,0,0,1,0,0,0,1,JKaur,,
Sprint Totals,,,,,,PR_ADDED: 0,PR_REMOVED: 0,COMMIT_ADDED: 33,COMMIT_REMOVED: 275,APPROVED: 1,COMMENTED: 0,DECLINED: 0,MERGED: 1,OPENED: 0,RESCOPED: 0,UNAPPROVED: 0,UPDATED: 1,,,

Overall Totals,,,,,,PR_ADDED: 2,PR_REMOVED: 2,COMMIT_ADDED: 608,COMMIT_REMOVED: 3754,APPROVED: 9,COMMENTED: 0,DECLINED: 0,MERGED: 9,OPENED: 1,RESCOPED: 0,UNAPPROVED: 0,UPDATED: 9,,,
