SPRINT,START_DATE,END_DATE,TICKET,PR_ID,USER,PR_ADDED,PR_REMOVED,COMMIT_ADDED,COMMIT_REMOVED,APPROVED,COMMENTED,DECLINED,MERGED,OPENED,RESCOPED,UNAPPROVED,UPDATED,AUTHOR,COMMENTS,COMMIT_MESSAGES
WOW - S7 (30 Mar - 12Apr) 33,2023/03/30,2023/04/12,WEBINAR-849,1235,Sagar.Patel,181,63,0,0,0,0,0,0,0,0,0,0,Sagar.Patel,,
WOW - S7 (30 Mar - 12Apr) 33,2023/03/30,2023/04/12,WEBINAR-853,1235,Sagar.Patel,181,63,0,0,0,0,0,0,0,0,0,0,Sagar.Patel,,
WOW - S7 (30 Mar - 12Apr) 33,2023/03/30,2023/04/12,WEBINAR-3695,1235,Sagar.Patel,181,63,0,0,0,0,0,0,0,0,0,0,Sagar.Patel,,
WOW - S7 (30 Mar - 12Apr) 33,2023/03/30,2023/04/12,WEBINAR-4958,6820,Sagar.Patel,0,0,0,0,0,0,0,0,0,0,0,0,VGadhiya,,1. Pull request #6783: Downmerge  Merge in SOA/reporting from master to prod-154100  * commit '01680b9dc2b008c3c6dd1ed36e5733d8c76d2b21':    PROD-157259 : Remove unused condition    PROD-157259 : Remove log details    PROD-157259 : Add log    PROD-157259 : adding log details for unit testing    PROD-157259 : Fetch Attendee Answer from SQL Instead of SOA Service
WOW - S7 (30 Mar - 12Apr) 33,2023/03/30,2023/04/12,WEBINAR-4958,147768,Sagar.Patel,0,0,5,5,0,0,0,0,0,0,0,0,SDongol,,1. [PROD-163167] : Added html render which was removed under commit 0f934cfb124a21f365aeb5cbdbe014489df45857
WOW - S7 (30 Mar - 12Apr) 33,2023/03/30,2023/04/12,WEBINAR-4958,147939,Sagar.Patel,0,0,0,0,1,0,0,0,0,0,0,0,AJagtap,,
WOW - S7 (30 Mar - 12Apr) 33,2023/03/30,2023/04/12,WEBINAR-4958,147979,Sagar.Patel,0,0,1,1,0,0,0,0,0,0,0,0,AJagtap,,1. [ENT-28135] : Pass filtered list for event roles Process Form
WOW - S7 (30 Mar - 12Apr) 33,2023/03/30,2023/04/12,WEBINAR-4958,148201,Sagar.Patel,0,0,0,0,0,0,0,0,0,0,0,0,AJagtap,,
WOW - S7 (30 Mar - 12Apr) 33,2023/03/30,2023/04/12,WEBINAR-4958,147367,Sagar.Patel,0,0,0,0,0,0,0,0,0,0,0,0,AJagtap,,
WOW - S7 (30 Mar - 12Apr) 33,2023/03/30,2023/04/12,WEBINAR-4958,147976,Sagar.Patel,0,0,0,0,0,0,0,0,0,0,0,0,AJagtap,,
WOW - S7 (30 Mar - 12Apr) 33,2023/03/30,2023/04/12,WEBINAR-5422,147721,Sagar.Patel,0,0,5,19,0,0,0,0,0,0,0,0,JSwenson,,1. [PROD-158883] : Passed event role related list in further logic
WOW - S7 (30 Mar - 12Apr) 33,2023/03/30,2023/04/12,WEBINAR-5422,147738,Sagar.Patel,0,0,0,0,1,0,0,0,0,0,0,0,AJagtap,,
WOW - S7 (30 Mar - 12Apr) 33,2023/03/30,2023/04/12,WEBINAR-5422,147813,Sagar.Patel,3489,693,0,0,0,0,0,1,1,0,0,0,Sagar.Patel,,
WOW - S7 (30 Mar - 12Apr) 33,2023/03/30,2023/04/12,WEBINAR-5422,147939,Sagar.Patel,0,0,0,0,0,0,0,0,0,0,0,0,AJagtap,,
WOW - S7 (30 Mar - 12Apr) 33,2023/03/30,2023/04/12,WEBINAR-5422,148201,Sagar.Patel,0,0,0,0,0,0,0,0,0,0,0,0,AJagtap,,
WOW - S7 (30 Mar - 12Apr) 33,2023/03/30,2023/04/12,WEBINAR-5422,147367,Sagar.Patel,0,0,0,0,0,0,0,0,0,0,0,0,AJagtap,,
WOW - S7 (30 Mar - 12Apr) 33,2023/03/30,2023/04/12,WEBINAR-5607,147939,Sagar.Patel,0,0,0,0,0,0,0,0,0,0,0,0,AJagtap,,
WOW - S7 (30 Mar - 12Apr) 33,2023/03/30,2023/04/12,WEBINAR-5607,148201,Sagar.Patel,0,0,0,0,0,0,0,0,0,0,0,0,AJagtap,,
WOW - S7 (30 Mar - 12Apr) 33,2023/03/30,2023/04/12,WEBINAR-5607,150493,Sagar.Patel,0,0,0,0,0,0,0,0,0,0,0,0,AJagtap,,
WOW - S7 (30 Mar - 12Apr) 33,2023/03/30,2023/04/12,WEBINAR-5607,150524,Sagar.Patel,1382,540,0,0,0,0,0,0,0,0,0,0,Sagar.Patel,,
WOW - S7 (30 Mar - 12Apr) 33,2023/03/30,2023/04/12,WEBINAR-5607,147367,Sagar.Patel,0,0,0,0,0,0,0,0,0,0,0,0,AJagtap,,
WOW - S7 (30 Mar - 12Apr) 33,2023/03/30,2023/04/12,WEBINAR-5607,147976,Sagar.Patel,0,0,0,0,0,0,0,0,0,0,0,0,AJagtap,,
WOW - S7 (30 Mar - 12Apr) 33,2023/03/30,2023/04/12,WEBINAR-6036,11611,Sagar.Patel,0,0,0,0,1,0,0,0,0,0,0,0,AJagtap,,
WOW - S7 (30 Mar - 12Apr) 33,2023/03/30,2023/04/12,WEBINAR-6036,11634,Sagar.Patel,1221,899,0,0,0,0,0,1,1,0,0,0,Sagar.Patel,,
Sprint Totals,,,,,,PR_ADDED: 6635,PR_REMOVED: 2321,COMMIT_ADDED: 11,COMMIT_REMOVED: 25,APPROVED: 3,COMMENTED: 0,DECLINED: 0,MERGED: 2,OPENED: 2,RESCOPED: 0,UNAPPROVED: 0,UPDATED: 0,,,

WOW - S8 (13 - 26 Apr),2023/04/13,2023/04/26,PROD-164110,148504,Sagar.Patel,0,0,0,0,1,0,0,0,0,0,0,1,AJagtap,,
WOW - S8 (13 - 26 Apr),2023/04/13,2023/04/26,PROD-164110,148699,Sagar.Patel,8443,1557,0,0,0,0,0,0,0,0,0,0,Sagar.Patel,,
WOW - S8 (13 - 26 Apr),2023/04/13,2023/04/26,PROD-164110,148796,Sagar.Patel,0,0,0,0,0,0,0,0,0,0,0,0,AJagtap,,
WOW - S8 (13 - 26 Apr),2023/04/13,2023/04/26,WEBINAR-843,1235,Sagar.Patel,181,63,0,0,0,0,0,0,0,0,0,0,Sagar.Patel,,
WOW - S8 (13 - 26 Apr),2023/04/13,2023/04/26,WEBINAR-6335,11781,Sagar.Patel,0,0,0,0,0,0,0,0,0,0,0,0,AJagtap,,
WOW - S8 (13 - 26 Apr),2023/04/13,2023/04/26,WEBINAR-6335,12079,Sagar.Patel,0,0,0,0,0,0,0,0,0,0,0,0,AJagtap,,
WOW - S8 (13 - 26 Apr),2023/04/13,2023/04/26,WEBINAR-7051,148699,Sagar.Patel,8443,1557,0,0,0,0,0,0,0,0,0,0,Sagar.Patel,,
WOW - S8 (13 - 26 Apr),2023/04/13,2023/04/26,WEBINAR-7051,148796,Sagar.Patel,0,0,0,0,0,0,0,0,0,0,0,0,AJagtap,,
WOW - S8 (13 - 26 Apr),2023/04/13,2023/04/26,WEBINAR-7051,148824,Sagar.Patel,3941,5506,103,68,0,0,0,0,0,0,0,0,Sagar.Patel,,"1. [ENT-27978] : Moved set MDC at API level and added other info
2. [ENT-27978] : Moved set MDC at API level and added other info"
WOW - S8 (13 - 26 Apr),2023/04/13,2023/04/26,WEBINAR-7051,148925,Sagar.Patel,0,0,0,0,0,0,0,0,0,0,0,0,AJagtap,,
Sprint Totals,,,,,,PR_ADDED: 21008,PR_REMOVED: 8683,COMMIT_ADDED: 103,COMMIT_REMOVED: 68,APPROVED: 1,COMMENTED: 0,DECLINED: 0,MERGED: 0,OPENED: 0,RESCOPED: 0,UNAPPROVED: 0,UPDATED: 1,,,

Q2 -WOW - S9 (27 - 10 May) -33,2023/04/27,2023/05/10,PROD-166432,148813,Sagar.Patel,0,0,0,0,1,0,0,0,0,0,0,1,AJagtap,,
Q2 -WOW - S9 (27 - 10 May) -33,2023/04/27,2023/05/10,PROD-166432,148824,Sagar.Patel,3941,5506,0,0,0,0,0,1,1,0,0,0,Sagar.Patel,,"1. Pull request #148699: Downmerge from prod  Merge in CVT/c4 from prod to ent-27978  * commit '049222bf2e85e113bdcc42aea744984a1348099e': (509 commits)    Web.Base.config edited online with Bitbucket    Remove binding redirect that might be the reason user editing in cvii is failing.    PROD-165999: removed from ccid-2546 Revert ""Pull request #148489: Src 8557 new""    [prod-163585] : Logic changed to show proper message for MRF created and MRF updated.    Revert ""Revert ""[prod-163585] : Logic changed to show proper message for MRF created and MRF updated.""""    Revert ""[prod-163585] : Logic changed to show proper message for MRF created and MRF updated.""    WEBINAR-7051: add new property named client in bearer token metadata which will hold map for clientName and username    PROD-165373: Resolve conflicts    PROD-165373: Version update    Fix for questions not showing up    WEBINAR-7314: Update resx keys    CSNALL-61056: Updated LU Scripts    PROD-157009: Correcting incorrect password    PROD-166055:ADR and FnB updates for Q2 2023    HUB-96782: add assistant:write permission to bearer token in c4    RND-10648: Update packages to ccid version    WEBINAR-7314: Incorporate review comment    RND-10648: fixes    adding namespace    ENT-28287 retry deleting the portal 3 times when TaskCanceledException is thrown    ..."
Q2 -WOW - S9 (27 - 10 May) -33,2023/04/27,2023/05/10,PROD-166432,148925,Sagar.Patel,0,0,0,0,1,0,0,0,0,0,0,1,AJagtap,,
Q2 -WOW - S9 (27 - 10 May) -33,2023/04/27,2023/05/10,WEBINAR-3714,1167,Sagar.Patel,0,0,39,26,0,0,0,0,0,0,0,0,RupaliS,,"1. [ENT-27956] : Integrated common code for MRF edit link
2. [ENT-27956] : Added v1 to stargate API URL"
Q2 -WOW - S9 (27 - 10 May) -33,2023/04/27,2023/05/10,WEBINAR-3714,1261,Sagar.Patel,131,170,0,0,0,0,0,0,0,0,0,0,Sagar.Patel,,
Q2 -WOW - S9 (27 - 10 May) -33,2023/04/27,2023/05/10,WEBINAR-3714,1296,Sagar.Patel,416,698,0,0,0,0,0,0,0,0,0,0,Sagar.Patel,,
Q2 -WOW - S9 (27 - 10 May) -33,2023/04/27,2023/05/10,WEBINAR-7906,148813,Sagar.Patel,0,0,0,0,0,0,0,0,0,0,0,0,AJagtap,,
Q2 -WOW - S9 (27 - 10 May) -33,2023/04/27,2023/05/10,WEBINAR-7906,148816,Sagar.Patel,0,0,0,0,0,0,0,0,0,0,0,0,AJagtap,,
Q2 -WOW - S9 (27 - 10 May) -33,2023/04/27,2023/05/10,WEBINAR-7906,148824,Sagar.Patel,3941,5506,0,0,0,0,0,0,0,0,0,0,Sagar.Patel,,
Q2 -WOW - S9 (27 - 10 May) -33,2023/04/27,2023/05/10,WEBINAR-7906,148924,Sagar.Patel,0,0,0,0,1,0,0,0,0,0,0,1,AJagtap,,
Q2 -WOW - S9 (27 - 10 May) -33,2023/04/27,2023/05/10,WEBINAR-7906,148925,Sagar.Patel,0,0,0,0,0,0,0,0,0,0,0,0,AJagtap,,
Q2 -WOW - S9 (27 - 10 May) -33,2023/04/27,2023/05/10,WEBINAR-7906,149024,Sagar.Patel,3436,1708,0,0,0,0,0,1,1,0,0,0,Sagar.Patel,,
Q2 -WOW - S9 (27 - 10 May) -33,2023/04/27,2023/05/10,WEBINAR-7982,148816,Sagar.Patel,0,0,0,0,0,0,0,0,0,0,0,0,AJagtap,,
Q2 -WOW - S9 (27 - 10 May) -33,2023/04/27,2023/05/10,WEBINAR-7982,148967,Sagar.Patel,0,0,0,0,1,0,0,0,0,0,0,1,AJagtap,,
Q2 -WOW - S9 (27 - 10 May) -33,2023/04/27,2023/05/10,WEBINAR-7982,148968,Sagar.Patel,0,0,0,0,1,0,0,0,0,0,0,1,AJagtap,,
Q2 -WOW - S9 (27 - 10 May) -33,2023/04/27,2023/05/10,WEBINAR-7982,149024,Sagar.Patel,3436,1708,0,0,0,0,0,0,0,0,0,0,Sagar.Patel,,
Q2 -WOW - S9 (27 - 10 May) -33,2023/04/27,2023/05/10,WEBINAR-8478,148816,Sagar.Patel,0,0,0,0,0,0,0,0,0,0,0,0,AJagtap,,
Q2 -WOW - S9 (27 - 10 May) -33,2023/04/27,2023/05/10,WEBINAR-8478,149024,Sagar.Patel,3436,1708,0,0,0,0,0,0,0,0,0,0,Sagar.Patel,,
Q2 -WOW - S9 (27 - 10 May) -33,2023/04/27,2023/05/10,WEBINAR-8478,149027,Sagar.Patel,0,0,0,0,1,0,0,0,0,0,0,1,AJagtap,,
Q2 -WOW - S9 (27 - 10 May) -33,2023/04/27,2023/05/10,WEBINAR-8478,149028,Sagar.Patel,0,0,0,0,1,0,0,0,0,0,0,1,AJagtap,,
Sprint Totals,,,,,,PR_ADDED: 18737,PR_REMOVED: 17004,COMMIT_ADDED: 39,COMMIT_REMOVED: 26,APPROVED: 7,COMMENTED: 0,DECLINED: 0,MERGED: 2,OPENED: 2,RESCOPED: 0,UNAPPROVED: 0,UPDATED: 7,,,

Q2 - WOW - S10(11 - 24 May) 30,2023/05/11,2023/05/24,PROD-166742,149605,Sagar.Patel,5068,4932,0,0,0,0,0,1,1,0,0,0,Sagar.Patel,,
Q2 - WOW - S10(11 - 24 May) 30,2023/05/11,2023/05/24,PROD-166742,149680,Sagar.Patel,9021,979,0,0,0,0,0,0,0,0,0,0,Sagar.Patel,,
Q2 - WOW - S10(11 - 24 May) 30,2023/05/11,2023/05/24,PROD-166742,149591,Sagar.Patel,0,0,0,0,0,0,0,0,0,0,0,0,SMahale,,"1. Pull request #149162: Downmerge from prod  Merge in CVT/c4 from prod to ent-27956  * commit '539136f3e156ad1bd5b9ec581770a3f706cfaaad': (125 commits)    Move join  to if clause    Adding join on form stub    commit for PROD-167315 reverting commit of PROD-166596 Revert ""Pull request #148974: Prod 166596""    Revert ""Revert ""PROD-166720: removed from ccid-2556 Revert ""Pull request #148954: PROD-166720: Disable off option for onarrival badge designer""""""    HUB-98910: Adding writingAssistantUrl to the props of _CvpCoreUploader    Reverting PROD-166891 from ccid-2556    PROD-166846: Fixed OnsiteQuestions (Registration and CheckIn) 's ""Required"" and ""Optional"" select list item so they effectively change languages when the user profile's language is changed    PROD-166983: default close date removed    PROD-166983: latest resx pull    FLEX-88046: Updating to new cvent.controls    FLEX-88046: Add writing assistant to event creation    HUB-80305: Now hiding OnArrivalNameBadge and NameBadge types from library    PROD-166720: removed from ccid-2556 Revert ""Pull request #148954: PROD-166720: Disable off option for onarrival badge designer""    HUB-80305: Small bug with custom Stocks    PROD-166720: Update phrase keys.    package update by jenkins for Com.Cvent.EventRegistration.Client 10.230504.175149    HUB-97777: Fix configTransform    stud-4601: resolving comments    PROD-161760 : Improved join statement    FLEX-88458 % FLEX-86745: Secret api should be visible if e-commerce is set true    ..."
Q2 - WOW - S10(11 - 24 May) 30,2023/05/11,2023/05/24,WEBINAR-3697,1261,Sagar.Patel,131,170,0,0,0,0,0,0,0,0,0,0,Sagar.Patel,,
Q2 - WOW - S10(11 - 24 May) 30,2023/05/11,2023/05/24,WEBINAR-3697,1296,Sagar.Patel,416,698,0,0,0,0,0,0,0,0,0,0,Sagar.Patel,,
Q2 - WOW - S10(11 - 24 May) 30,2023/05/11,2023/05/24,WEBINAR-7045,149216,Sagar.Patel,0,0,0,0,1,0,0,0,0,0,0,1,AJagtap,,
Q2 - WOW - S10(11 - 24 May) 30,2023/05/11,2023/05/24,WEBINAR-7045,149493,Sagar.Patel,0,0,4971,5029,0,0,0,0,0,0,0,0,APrajapati,,"1. Revert ""reverting PROD-165245 from ccid-2566 Revert ""Pull request #149226: Ent 27503""""  This reverts commit 50685774b4f10fded71091c8bc4c91c245a5c980."
Q2 - WOW - S10(11 - 24 May) 30,2023/05/11,2023/05/24,WEBINAR-7045,149525,Sagar.Patel,8071,1929,0,0,0,0,0,1,1,0,0,0,Sagar.Patel,,
Q2 - WOW - S10(11 - 24 May) 30,2023/05/11,2023/05/24,WEBINAR-7045,149680,Sagar.Patel,9021,979,0,0,0,0,0,0,0,0,0,0,Sagar.Patel,,
Sprint Totals,,,,,,PR_ADDED: 31728,PR_REMOVED: 9687,COMMIT_ADDED: 4971,COMMIT_REMOVED: 5029,APPROVED: 1,COMMENTED: 0,DECLINED: 0,MERGED: 2,OPENED: 2,RESCOPED: 0,UNAPPROVED: 0,UPDATED: 1,,,

Q2 - WOW S11 (25 May-7 Jun),2023/05/25,2023/06/07,PROD-157033,150117,Sagar.Patel,0,0,17,0,0,0,0,0,0,0,0,0,qtpman,,1. ENT-28365 : Restricted to create form once mrf limit reached
Q2 - WOW S11 (25 May-7 Jun),2023/05/25,2023/06/07,PROD-157033,150205,Sagar.Patel,8453,1547,0,0,0,0,0,0,0,0,0,0,Sagar.Patel,,
Q2 - WOW S11 (25 May-7 Jun),2023/05/25,2023/06/07,PROD-157033,150315,Sagar.Patel,0,0,0,0,0,0,0,0,0,0,0,0,AJagtap,,
Q2 - WOW S11 (25 May-7 Jun),2023/05/25,2023/06/07,PROD-157033,149937,Sagar.Patel,0,0,11,11,0,0,0,0,0,0,0,0,Akashdeep.Gupta,,"1. Pull request #149680: Downmerge from prod  Merge in CVT/c4 from prod to ent-27956  * commit '4a0ee61cf587f4c7579385934d40fd43116958d0': (309 commits)    PROD-166776: removed from ccid-2572 Revert ""Pull request #149554: Faq 1.25 4""    PROD-167897: removed from ccid-2571 Revert ""Pull request #149487: Webinar 8433""    PROD-165787: Add flex-mq dev settings to configTransform    fix 2572 by removing Julian's changes only    Commit for PROD-168260 Reverting commit for PROD- 160445 Revert ""Pull request #149397: Prod 160445""    Revert of Revert ""PROD-167780: Removed from CCID-2570 Revert ""Pull request #149436: Prod 167780""""    PROD-167889: Fixed whitespace issue    PROD-166422: protect against xss attacks on response information custom questions section    PROD-166422: protect against xss attacks on response information custom questions section    PROD-166422: protect against xss attacks on response information custom questions section    SMM-50942: updated sp for full name    SMM-51051: added if condition    Reverting PROD-168081 from ccid-2572    PROD-166710: Added sync_from_social_tables flag for attendees having seat assigned    SMM-51051: sp changes to return count for new budget    SMM-50942: added default value for sorting    fix std questions    PROD-167653:SP tuned    PROD-167653:SP tuned    PROD-166710: Changes to not allow edit / delete for the seat assigned from Social Table    ...
2. ENT-27956 : Updated latest package of MeetingRequest.Client and Stargate.Client"
Q2 - WOW S11 (25 May-7 Jun),2023/05/25,2023/06/07,WEBINAR-3715,1167,Sagar.Patel,0,0,8,8,0,0,0,0,0,0,0,0,RupaliS,,"1. ENT-27956 : Updated latest packages
2. Pull request #1261: Downmerge  Merge in CVT/soap-api from master to ent-27956  * commit 'f48f482cc203f441a136e3c3a6f7b470dbceef30':    WEBINAR-3697: Updated SP    WEBINAR-3697: Fixed eventParams name    WEBINAR-3697: Renamed acctId variable in hasWebinar call    WEBINAR-3697: Call HasWebinar method from metadatabuilder instead of APIBase    WEBINAR-3697: Fixed build issue    WEBINAR-3697: Fixed indentation    WEBINAR-3697: Throw exception for webinars in updateEventParameters API    WEBINAR-3714: catch soapexception correctly for sendEmail and not return null if webinar soapEx is thrown    prod-166751 | SOAP Api code clean up    prod-166751 | SOAP Api code clean up    prod-166751 | SOAP Api code clean up    WEBINAR-3714: throw exception for webinars in sendEmail api    prod-166751 | SOAP Api code clean up    prod-166751 | SOAP Api code clean up    prod-166751 | SOAP Api code clean up    prod-166751 | SOAP Api code clean up    PROD-166751  | commented InsertAPICallLog    PROD-166751 | cleaning up InsertAPICallLog    PROD-166751 | SOAP Api code clean up    PROD-166751 |SOAP Api code clean up"
Q2 - WOW S11 (25 May-7 Jun),2023/05/25,2023/06/07,WEBINAR-3715,1296,Sagar.Patel,416,698,0,0,0,0,0,0,0,0,0,0,Sagar.Patel,,
Q2 - WOW S11 (25 May-7 Jun),2023/05/25,2023/06/07,WEBINAR-8615,1296,Sagar.Patel,416,698,0,0,0,0,0,0,0,0,0,0,Sagar.Patel,,
Sprint Totals,,,,,,PR_ADDED: 9285,PR_REMOVED: 2943,COMMIT_ADDED: 36,COMMIT_REMOVED: 19,APPROVED: 0,COMMENTED: 0,DECLINED: 0,MERGED: 0,OPENED: 0,RESCOPED: 0,UNAPPROVED: 0,UPDATED: 0,,,

Q2 - WOW S12 (8 - 21 Jun),2023/06/08,2023/06/21,PROD-167534,150664,Sagar.Patel,3192,1723,0,0,0,0,0,1,1,0,0,0,Sagar.Patel,,
Q2 - WOW S12 (8 - 21 Jun),2023/06/08,2023/06/21,PROD-167534,150933,Sagar.Patel,0,0,6,2,0,0,0,0,0,0,0,0,Kamaldeep.Kaur,,1. ENT-26062 : Implemeted Starting form for Duplicate form
Sprint Totals,,,,,,PR_ADDED: 3192,PR_REMOVED: 1723,COMMIT_ADDED: 6,COMMIT_REMOVED: 2,APPROVED: 0,COMMENTED: 0,DECLINED: 0,MERGED: 1,OPENED: 1,RESCOPED: 0,UNAPPROVED: 0,UPDATED: 0,,,

Overall Totals,,,,,,PR_ADDED: 90585,PR_REMOVED: 42361,COMMIT_ADDED: 5166,COMMIT_REMOVED: 5169,APPROVED: 12,COMMENTED: 0,DECLINED: 0,MERGED: 7,OPENED: 7,RESCOPED: 0,UNAPPROVED: 0,UPDATED: 9,,,
