SPRINT,START_DATE,END_DATE,TICKET,PR_ID,USER,PR_ADDED,PR_REMOVED,COMMIT_ADDED,COMMIT_REMOVED,APPROVED,COMMENTED,DECLINED,MERGED,OPENED,RESCOPED,UNAPPROVED,UPDATED,AUTHOR,COMMENTS,COMMIT_MESSAGES
PP-Gummy Bears,2023/04/04,2023/04/18,HUB-24122,3907,SCahail,0,0,0,0,0,0,0,0,0,0,0,0,JHorvath,,
PP-Gummy Bears,2023/04/04,2023/04/18,HUB-24122,9076,SCahail,0,0,0,0,0,0,0,0,0,0,0,0,KRaparthi,,
PP-Gummy Bears,2023/04/04,2023/04/18,HUB-89390,11101,SCahail,0,0,0,0,0,0,0,0,0,0,0,0,MUllah,,
PP-Gummy Bears,2023/04/04,2023/04/18,HUB-89600,9044,SCahail,0,0,19,3,0,0,0,0,0,0,0,0,CLeech,,"1. HUB-91398: Open create appt panel on My Schedule page when clicking schedule appt button on home screen
2. Applied suggestion
3. Fix lint error
4. Pull request #9025: HUB-91398: Open create appt panel on My Schedule page when clicking schedule appt button on home screen  Merge in AX/attendee-experience-web from hub-91398 to develop  * commit 'c6b24058b04a7667dedf82333c1cd4f4a446b70a':    Fix lint error    Applied suggestion    HUB-91398: Open create appt panel on My Schedule page when clicking schedule appt button on home screen"
PP-Gummy Bears,2023/04/04,2023/04/18,HUB-91398,9025,SCahail,18,2,0,0,0,0,0,1,1,2,0,1,SCahail,,
PP-Gummy Bears,2023/04/04,2023/04/18,HUB-86969,11183,SCahail,0,0,0,0,0,0,0,0,0,0,0,0,KRaparthi,,
Sprint Totals,,,,,,PR_ADDED: 18,PR_REMOVED: 2,COMMIT_ADDED: 19,COMMIT_REMOVED: 3,APPROVED: 0,COMMENTED: 0,DECLINED: 0,MERGED: 1,OPENED: 1,RESCOPED: 2,UNAPPROVED: 0,UPDATED: 1,,,

PP-Ho Hos,2023/04/18,2023/05/02,HUB-86969,11183,SCahail,0,0,0,0,1,0,0,0,0,0,0,0,KRaparthi,,
PP-Ho Hos,2023/04/18,2023/05/02,HUB-95560,10484,SCahail,1,1,1,1,0,0,0,0,1,0,0,0,SCahail,,1. HUB-95560: Update custom appt type description
PP-Ho Hos,2023/04/18,2023/05/02,HUB-95560,11198,SCahail,27,11,28,12,0,0,0,1,1,2,0,0,SCahail,,"1. HUB-95560: Update appt type category descriptions
2. HUB-95560: Reverse logic so tooltip only displays for universal appt events
3. Merge branch 'master' into hub-95560"
PP-Ho Hos,2023/04/18,2023/05/02,HUB-95560,22187,SCahail,1,1,1,1,0,0,0,0,1,0,0,0,SCahail,,1. HUB-95560: Update exhibitor networking appt type description
PP-Ho Hos,2023/04/18,2023/05/02,PROD-164123,9104,SCahail,0,0,0,0,1,0,0,0,0,0,0,0,XWang,,
PP-Ho Hos,2023/04/18,2023/05/02,PROD-165049,3475,SCahail,9,4,14,9,0,0,0,1,1,4,0,0,SCahail,,"1. PROD-165049: Handle attendee list filter choice text with both apostrophes and quotation marks
2. PROD-165049: Condense code, update test snapshot
3. PROD-165049: Update unit test
4. PROD-165049: Minor refactor
5. Merge branch 'develop' into prod-165049"
PP-Ho Hos,2023/04/18,2023/05/02,PROD-165049,3506,SCahail,0,0,0,0,0,0,0,0,0,0,0,0,CEkrut,,"1. Pull request #3475: PROD-165049: Handle attendee list filter choice text with both apostrophes and quotation marks  Merge in AX/attendee-experience-data from prod-165049 to develop  * commit '07bf1e0f7673b0f7476bda579af124991150f32c':    PROD-165049: Minor refactor    PROD-165049: Update unit test    PROD-165049: Condense code, update test snapshot    PROD-165049: Handle attendee list filter choice text with both apostrophes and quotation marks"
PP-Ho Hos,2023/04/18,2023/05/02,PROD-165049,9102,SCahail,9,4,16,11,0,2,0,1,1,5,0,0,SCahail,"1. The bug was reported for quotation marks and apostrophes, but when reproducing the bug there were other special characters that were getting encoded so wanted to do something to cover all special characters. When the internal information question is saved, it is saved as HTML text.  There's a util function in nucleus-widgets that I could use that does this + checks for availability in the server context, but looks like that dependency would need to be added to nexus for attendee hub if I understand correctly?  There's also a FormattedHTML component, but that returns an element instead of a string...I could convert that to a string but seems clunky (the text is going into a Tag component).
2. I meant the text is converted to HTML. I'm now using a decode method that cleans up this implementation a lot that should be safe to use - the HTML is already sanitized when the internal information question choices are saved, but I'm going to push an update to sanitize the text anyway to be extra safe.","1. PROD-165049: Decode HTML character codes in attendee list filters
2. PROD-165049: Simplified HTML character decoding
3. PROD-165049: Sanitize text
4. PROD-165049: Fix ampersand not being decoded
5. PROD-165049: Remove unused import
6. PROD-165049: decode HTML for locale label, fix typo"
PP-Ho Hos,2023/04/18,2023/05/02,HUB-81331,9235,SCahail,0,0,0,0,0,0,0,0,0,0,0,0,KRaparthi,,
PP-Ho Hos,2023/04/18,2023/05/02,HUB-90348,11217,SCahail,0,0,0,0,0,0,0,0,0,0,0,0,JBertrand,,
PP-Ho Hos,2023/04/18,2023/05/02,PROD-165454,11203,SCahail,0,0,0,0,1,0,0,0,0,0,0,0,BRehman,,
Sprint Totals,,,,,,PR_ADDED: 47,PR_REMOVED: 21,COMMIT_ADDED: 60,COMMIT_REMOVED: 34,APPROVED: 3,COMMENTED: 2,DECLINED: 0,MERGED: 3,OPENED: 5,RESCOPED: 11,UNAPPROVED: 0,UPDATED: 0,,,

PP-Idli,2023/05/02,2023/05/16,HUB-90348,11217,SCahail,0,0,0,0,1,0,0,0,0,0,0,0,JBertrand,,
PP-Idli,2023/05/02,2023/05/16,HUB-99139,11224,SCahail,0,0,0,0,1,0,0,0,0,0,0,0,JHorvath,,
PP-Idli,2023/05/02,2023/05/16,PROD-165049,3475,SCahail,9,4,0,0,0,0,0,0,0,0,0,0,SCahail,,
PP-Idli,2023/05/02,2023/05/16,PROD-165049,9102,SCahail,9,4,0,0,0,0,0,0,0,0,0,0,SCahail,,
PP-Idli,2023/05/02,2023/05/16,PROD-165454,11203,SCahail,0,0,0,0,0,0,0,0,0,0,0,0,BRehman,,
PP-Idli,2023/05/02,2023/05/16,PROD-167039,11223,SCahail,0,0,0,0,1,0,0,0,0,0,0,0,CBarad,,
PP-Idli,2023/05/02,2023/05/16,PROD-167039,11225,SCahail,0,0,0,0,1,0,0,0,0,0,0,0,CBarad,,
PP-Idli,2023/05/02,2023/05/16,HUB-81331,9235,SCahail,0,0,0,0,1,0,0,0,0,0,0,0,KRaparthi,,
PP-Idli,2023/05/02,2023/05/16,HUB-99172,1482,SCahail,172,4,172,4,0,0,0,0,1,0,0,0,SCahail,,1. HUB-99172: Use button text label for single internal link custom cards
PP-Idli,2023/05/02,2023/05/16,HUB-99172,9300,SCahail,120,58,71,41,0,0,0,0,1,0,0,0,SCahail,,1. HUB-99172: Update single internal link custom card link to appear as button
Sprint Totals,,,,,,PR_ADDED: 310,PR_REMOVED: 70,COMMIT_ADDED: 243,COMMIT_REMOVED: 45,APPROVED: 5,COMMENTED: 0,DECLINED: 0,MERGED: 0,OPENED: 2,RESCOPED: 0,UNAPPROVED: 0,UPDATED: 0,,,

PP-Jalapeno Poppers,2023/05/16,2023/05/30,HUB-81331,9235,SCahail,0,0,0,0,0,0,0,0,0,0,0,0,KRaparthi,,
PP-Jalapeno Poppers,2023/05/16,2023/05/30,HUB-94186,22407,SCahail,0,0,0,0,1,0,0,0,0,0,0,0,JBertrand,,
PP-Jalapeno Poppers,2023/05/16,2023/05/30,HUB-99172,1482,SCahail,172,4,2,2,0,0,0,1,0,1,0,0,SCahail,,1. HUB-99172: Update unit tests
PP-Jalapeno Poppers,2023/05/16,2023/05/30,HUB-99172,1508,SCahail,0,0,0,0,0,0,0,0,0,0,0,0,TCox,,1. Pull request #1482: HUB-99172: Use button text label for single internal link custom cards  Merge in AX/attendee-experience-builder from hub-99172 to develop  * commit 'f725dd151548abb9e69400845e5bd129a86c641d':    HUB-99172: Update unit tests    HUB-99172: Use button text label for single internal link custom cards
PP-Jalapeno Poppers,2023/05/16,2023/05/30,HUB-99172,9300,SCahail,120,58,103,82,0,2,0,1,0,5,0,0,SCahail,"1. ![Screenshot 2023-05-17 at 8.34.36 AM.png](attachment:18181/21635)
2. Good catch. Now that these are wrapped in conditionals it is redundant. Removed the redundancy.","1. HUB-99172: Fix build issue
2. HUB-99172: Make adjustments per UX review
3. HUB-99172: Code cleanup
4. Merge branch 'develop' into hub-99172
5. HUB-99172: Fix lint errors"
PP-Jalapeno Poppers,2023/05/16,2023/05/30,HUB-99172,9409,SCahail,0,0,6,1,0,0,0,0,0,0,0,0,TCox,,"1. HUB-100792: Remove box shadow on hover for single internal link custom cards
2. Pull request #9383: HUB-100792: Remove box shadow on hover for single internal link custom cards  Merge in AX/attendee-experience-web from hub-99172 to develop  * commit '9c8bfd406e3a5c052584c71be12a51b01f178ae6':    HUB-100792: Remove box shadow on hover for single internal link custom cards"
PP-Jalapeno Poppers,2023/05/16,2023/05/30,HUB-99173,1901,SCahail,0,0,0,0,0,0,0,0,0,0,0,0,JHorvath,,
PP-Jalapeno Poppers,2023/05/16,2023/05/30,HUB-99173,1895,SCahail,0,0,0,0,0,0,0,0,0,0,0,0,JHorvath,,
PP-Jalapeno Poppers,2023/05/16,2023/05/30,HUB-99175,3585,SCahail,325,28,0,0,0,0,0,0,0,0,0,0,SCahail,,
PP-Jalapeno Poppers,2023/05/16,2023/05/30,HUB-99175,3595,SCahail,12,0,0,0,0,0,0,0,0,0,0,0,SCahail,,
PP-Jalapeno Poppers,2023/05/16,2023/05/30,PROD-167232,11285,SCahail,0,0,0,0,0,0,0,0,0,0,0,0,JBertrand,,
PP-Jalapeno Poppers,2023/05/16,2023/05/30,PROD-167232,11287,SCahail,0,0,0,0,0,0,0,0,0,0,0,0,JBertrand,,
Sprint Totals,,,,,,PR_ADDED: 629,PR_REMOVED: 90,COMMIT_ADDED: 111,COMMIT_REMOVED: 85,APPROVED: 1,COMMENTED: 2,DECLINED: 0,MERGED: 2,OPENED: 0,RESCOPED: 6,UNAPPROVED: 0,UPDATED: 0,,,

PP-Kit Kat(05/30-06/13),2023/05/30,2023/06/13,HUB-100957,10638,SCahail,0,0,0,0,1,0,0,0,0,0,0,1,CEkrut,,
PP-Kit Kat(05/30-06/13),2023/05/30,2023/06/13,HUB-82893,3614,SCahail,0,0,515,218,0,0,0,0,0,0,0,0,MGangani,,"1. HUB-99175: Update homeSchedulerConfig to include custom appointment card
2. HUB-99175: Increase test coverage
3. HUB-99175: Code and test cleanup
4. HUB-99175: Refactor to have appointmentCard be of type HomeCard
5. HUB-99175: Add clarifying comment"
PP-Kit Kat(05/30-06/13),2023/05/30,2023/06/13,HUB-99173,1901,SCahail,0,0,0,0,1,0,0,0,0,0,0,1,JHorvath,,
PP-Kit Kat(05/30-06/13),2023/05/30,2023/06/13,HUB-99173,1895,SCahail,0,0,0,0,1,2,0,0,0,0,0,0,JHorvath,"1. How difficult would it be to also check if the event has the attendee list feature enabled in backend? It would be nice to make that check in the back-end instead of front-end when initializing the appointment card (if it doesn't add too much complexity).  If attendees feature is disabled, then if exhibitors is enabled return:  `EventGuideTargetLinkType.SCHEDULE` for staff card and `EventGuideTargetLinkType.EXHIBITORS` for attendee card. otherwise, return `EventGuideTargetLinkType.SCHEDULE` for attendee card.
2. Do we need a getter for getTargetName too?",
PP-Kit Kat(05/30-06/13),2023/05/30,2023/06/13,HUB-99175,3585,SCahail,325,28,0,0,0,5,0,0,1,4,0,0,SCahail,"1. Oops, forgot to clean that up. I'll remove it in the next push.
2. If I decide to modify HomeCardInput to support appointment card variables and nix AppointmentCardInput then we shouldn't - however, we can enforce it in the separate type. I'll try that out.
3. TypeScript didn't like me not doing that, that's the only reason it's there
4. There's some formatting conversion that happens which makes it easier to make it an array even if there's only one appointment card.  I created a separate type for AppointmentCard, but I'm going to play around with making it a HomeCard type and modifying HomeCard to support the appointment card as well.
5. So I was able to use HomeCard type for appointmentCard as well. Something to note is that the appointmentCard is formatted differently than the other cards in falcon-planner which causes some inconsistencies between appointment card and the other cards when formatting for graph or back for falcon-planner. Here's a screenshot of a console.log of the difference when I run ax-data locally: ![Screenshot 2023-06-09 at 5.58.04 PM.png](attachment:19134/22961)   We could reformat the appointmentCard object in falcon-planner to be more similar to the other card formats. But if it's going to add scope to the falcon-planner work let's not do it at this point.",
PP-Kit Kat(05/30-06/13),2023/05/30,2023/06/13,HUB-99175,3595,SCahail,12,0,0,0,0,0,0,0,0,0,0,0,SCahail,,
PP-Kit Kat(05/30-06/13),2023/05/30,2023/06/13,HUB-99176,1530,SCahail,1338,73,0,0,0,0,0,0,0,0,0,0,SCahail,,
PP-Kit Kat(05/30-06/13),2023/05/30,2023/06/13,HUB-100398,9504,SCahail,0,0,0,0,0,0,0,0,0,0,0,0,KRaparthi,,
PP-Kit Kat(05/30-06/13),2023/05/30,2023/06/13,HUB-100398,9542,SCahail,0,0,0,0,0,0,0,0,0,0,0,0,KRaparthi,,
PP-Kit Kat(05/30-06/13),2023/05/30,2023/06/13,HUB-101717,11298,SCahail,0,0,0,0,0,0,0,0,0,0,0,0,Kevin.Gallagher,,
PP-Kit Kat(05/30-06/13),2023/05/30,2023/06/13,HUB-101852,11284,SCahail,0,0,0,0,0,0,0,0,0,0,0,0,MUllah,,
PP-Kit Kat(05/30-06/13),2023/05/30,2023/06/13,HUB-102329,3603,SCahail,0,0,0,0,0,0,0,0,0,0,0,0,JBertrand,,
Sprint Totals,,,,,,PR_ADDED: 1675,PR_REMOVED: 101,COMMIT_ADDED: 515,COMMIT_REMOVED: 218,APPROVED: 3,COMMENTED: 7,DECLINED: 0,MERGED: 0,OPENED: 1,RESCOPED: 4,UNAPPROVED: 0,UPDATED: 2,,,

PP-Lollipop (06/13-06/27),2023/06/13,2023/06/27,HUB-82893,3614,SCahail,0,0,12,0,0,0,0,0,0,0,0,0,MGangani,,"1. Pull request #3585: HUB-99175: Update homeSchedulerConfig to include custom appointment card  Merge in AX/attendee-experience-data from hub-99175 to develop  * commit 'dec9ce78ba6826478e79219e6a59116065502d88':    HUB-99175: Add clarifying comment    HUB-99175: Refactor to have appointmentCard be of type HomeCard    HUB-99175: Code and test cleanup    HUB-99175: Increase test coverage    HUB-99175: Update homeSchedulerConfig to include custom appointment card
2. HUB-99175: Improve backward compatability of update home schedule config call
3. Pull request #3595: HUB-99175: Improve backward compatability of update home schedule config call  Merge in AX/attendee-experience-data from hub-99175 to develop  * commit 'c0cb4bf6eb9b153206a8272e11323a77877f4316':    HUB-99175: Improve backward compatability of update home schedule config call"
PP-Lollipop (06/13-06/27),2023/06/13,2023/06/27,HUB-99173,1901,SCahail,0,0,0,0,0,0,0,0,0,0,0,0,JHorvath,,
PP-Lollipop (06/13-06/27),2023/06/13,2023/06/27,HUB-99173,1895,SCahail,0,0,0,0,0,0,0,0,0,0,0,0,JHorvath,,
PP-Lollipop (06/13-06/27),2023/06/13,2023/06/27,HUB-99175,3585,SCahail,325,28,0,0,0,0,0,1,0,0,0,0,SCahail,,
PP-Lollipop (06/13-06/27),2023/06/13,2023/06/27,HUB-99175,3595,SCahail,12,0,0,0,0,2,0,1,1,0,0,0,SCahail,"1. I tried to not update appointmentCard for newHSSValue if appointmentCard length is 0, but it caused updating the appointment card itself to break.
2. It's possible for a planner to remove the schedule assigned to the card. Therefore, if we get the appointment card it will either be listed in scheduled cards or unscheduled cards. If both lists have empty arrays for appointmentCard then we know to delete the appointmentCard object.",
PP-Lollipop (06/13-06/27),2023/06/13,2023/06/27,HUB-99176,1530,SCahail,1338,73,373,215,0,4,0,1,0,6,0,0,SCahail,"1. I'll keep this for now for reusability, although I agree it would be nice to have this be TS types in the future
2. We want to only turn it on for the CONNECT event for its initial release, so that's why it's custom
3. It's ignoring ""Not all code paths return a value"". This is passed to the Textbox components as a validator function.   I copied this from the LinkContentCard.tsx code - I'll investigate and see if I can fix it instead
4. The validation is built so that if I return anything an error indicator pops up. So I think I have to keep it as-is","1. HUB-99176: Fix show staff card checkbox and use different appt card default image
2. HUB-99176: Phrase pull
3. Merge branch 'develop' into hub-99176
4. HUB-99176: Only show attendee card details when exhibitor management is disabled, cleanup per PR comments
5. HUB-99176: Move Collator outside function
6. HUB-99176: Fix TypeScript errors"
PP-Lollipop (06/13-06/27),2023/06/13,2023/06/27,HUB-99176,1560,SCahail,0,0,191,77,0,0,0,0,0,0,0,0,MGangani,,"1. Pull request #1530: HUB-99176: Add custom appointment card to app builder  Merge in AX/attendee-experience-builder from hub-99176 to develop  * commit 'b49a8f4ac6985e42e3818e626ed1903d88bb968e':    HUB-99176: Fix TypeScript errors    HUB-99176: Move Collator outside function    HUB-99176: Only show attendee card details when exhibitor management is disabled, cleanup per PR comments    HUB-99176: Phrase pull    HUB-99176: Fix show staff card checkbox and use different appt card default image    HUB-99176: Hide custom appointment card from home scheduler when experiment is off    HUB-99176: Add custom appointment card to app builder
2. HUB-103591: Disable update button when appt card name or staff name fields are empty
3. HUB-103600: Do not show staff card fields if staff card data is null when appt card is created
4. HUB-103600: Add unit test
5. Pull request #1547: HUB-103591: Disable update button when appt card name or staff name fields are empty  Merge in AX/attendee-experience-builder from hub-99176 to develop  * commit 'a858ffca5a7e0140d0f8ca319d6abfa2b5414311':    HUB-103600: Add unit test    HUB-103600: Do not show staff card fields if staff card data is null when appt card is created    HUB-103591: Disable update button when appt card name or staff name fields are empty"
PP-Lollipop (06/13-06/27),2023/06/13,2023/06/27,HUB-99177,9522,SCahail,390,51,473,157,0,5,0,1,1,7,0,0,SCahail,"1. Complete TODO
2. This will be removed when HUB-102329 is completed. Just have this here for testing purposes until then. I'll add a comment to remove it so other reviewers know this is temporary - update: I was able to remove it now that the code for that ticket is merged.
3. I moved the ApptCardImage code into CustomCard. Thought it would be easier for other system-turned-custom cards to pass their own default images in the future.
4. The only time the AppointmentCard would be null or empty is if the experiment is off, so this is doable.
5. I moved the notice to the top of the file for better readability","1. HUB-99177: Populate custom appointment card in attendee hub home page
2. HUB-99177: Add analytics tracking
3. Applied suggestion
4. HUB-99177: Update function call in gallery card
5. HUB-99177: Refactored per PR comments
6. HUB-99177: Revert unintended format change
7. HUB-99177: Improve test coverage
8. HUB-99177: Refactor JSON test data import"
PP-Lollipop (06/13-06/27),2023/06/13,2023/06/27,HUB-99177,9551,SCahail,0,0,0,0,0,0,0,0,0,0,0,0,MGangani,,1. Pull request #9522: HUB-99177: Populate custom appointment card in attendee hub home page  Merge in AX/attendee-experience-web from hub-99177 to develop  * commit '10efd46f39a26813c8dbc53631c2072a78d75244':    HUB-99177: Refactor JSON test data import    HUB-99177: Improve test coverage    HUB-99177: Revert unintended format change    HUB-99177: Refactored per PR comments    HUB-99177: Update function call in gallery card    Applied suggestion    HUB-99177: Add analytics tracking    HUB-99177: Populate custom appointment card in attendee hub home page
PP-Lollipop (06/13-06/27),2023/06/13,2023/06/27,HUB-100398,9504,SCahail,0,0,0,0,1,0,0,0,0,0,0,0,KRaparthi,,
PP-Lollipop (06/13-06/27),2023/06/13,2023/06/27,HUB-100398,9542,SCahail,0,0,0,0,1,0,0,0,0,0,0,0,KRaparthi,,
PP-Lollipop (06/13-06/27),2023/06/13,2023/06/27,HUB-101852,11284,SCahail,0,0,0,0,1,0,0,0,0,0,0,0,MUllah,,
PP-Lollipop (06/13-06/27),2023/06/13,2023/06/27,HUB-102329,3603,SCahail,0,0,0,0,1,0,0,0,0,0,0,0,JBertrand,,
PP-Lollipop (06/13-06/27),2023/06/13,2023/06/27,HUB-104098,9618,SCahail,0,0,9,4,0,0,0,0,0,0,0,0,SSimpson,,"1. PROD-170669: Fix misaligned accept button
2. Pull request #9585: PROD-170669: Fix misaligned accept button  Merge in AX/attendee-experience-web from prod-170669 to develop  * commit '5f22613b860a2e225932cc01686de8861dae3352':    PROD-170669: Fix misaligned accept button"
PP-Lollipop (06/13-06/27),2023/06/13,2023/06/27,PROD-167232,11285,SCahail,0,0,0,0,1,0,0,0,0,0,0,0,JBertrand,,
PP-Lollipop (06/13-06/27),2023/06/13,2023/06/27,PROD-167232,11287,SCahail,0,0,0,0,1,0,0,0,0,0,0,0,JBertrand,,
PP-Lollipop (06/13-06/27),2023/06/13,2023/06/27,PROD-169396,11280,SCahail,0,0,0,0,1,0,0,0,0,0,0,0,XWang,,
PP-Lollipop (06/13-06/27),2023/06/13,2023/06/27,PROD-171190,11291,SCahail,0,0,0,0,1,0,0,0,0,0,0,0,KRaparthi,,
PP-Lollipop (06/13-06/27),2023/06/13,2023/06/27,HUB-83264,11294,SCahail,0,0,0,0,1,0,0,0,0,0,0,0,MUllah,,
PP-Lollipop (06/13-06/27),2023/06/13,2023/06/27,HUB-101717,11298,SCahail,0,0,0,0,0,0,0,0,0,0,0,0,Kevin.Gallagher,,
PP-Lollipop (06/13-06/27),2023/06/13,2023/06/27,HUB-101754,11295,SCahail,0,0,0,0,1,0,0,0,0,0,0,0,XWang,,
PP-Lollipop (06/13-06/27),2023/06/13,2023/06/27,PROD-170669,9585,SCahail,9,4,0,0,0,0,0,1,1,0,0,0,SCahail,,
PP-Lollipop (06/13-06/27),2023/06/13,2023/06/27,PROD-170669,9618,SCahail,0,0,0,0,0,0,0,0,0,0,0,0,SSimpson,,
Sprint Totals,,,,,,PR_ADDED: 2074,PR_REMOVED: 156,COMMIT_ADDED: 1058,COMMIT_REMOVED: 453,APPROVED: 10,COMMENTED: 11,DECLINED: 0,MERGED: 5,OPENED: 3,RESCOPED: 13,UNAPPROVED: 0,UPDATED: 0,,,

Overall Totals,,,,,,PR_ADDED: 4753,PR_REMOVED: 440,COMMIT_ADDED: 2006,COMMIT_REMOVED: 838,APPROVED: 22,COMMENTED: 22,DECLINED: 0,MERGED: 11,OPENED: 12,RESCOPED: 36,UNAPPROVED: 0,UPDATED: 3,,,
