SPRINT,START_DATE,END_DATE,TICKET,PR_ID,USER,PR_ADDED,PR_REMOVED,COMMIT_ADDED,COMMIT_REMOVED,APPROVED,COMMENTED,DECLINED,MERGED,OPENED,RESCOPED,UNAPPROVED,UPDATED,AUTHOR,COMMENTS,COMMIT_MESSAGES
PP-Gummy Bears,2023/04/04,2023/04/18,HUB-88741,22127,Aashray.Sharma,9980,20,0,0,0,0,0,0,0,0,0,0,Aashray.Sharma,,
PP-Gummy Bears,2023/04/04,2023/04/18,HUB-88741,22601,Aashray.Sharma,9870,130,0,0,0,0,0,0,0,0,0,0,Aashray.Sharma,,
PP-Gummy Bears,2023/04/04,2023/04/18,HUB-88741,22125,Aashray.Sharma,0,0,0,0,0,0,0,0,0,0,0,0,SKapri,,
Sprint Totals,,,,,,PR_ADDED: 19850,PR_REMOVED: 150,COMMIT_ADDED: 0,COMMIT_REMOVED: 0,APPROVED: 0,COMMENTED: 0,DECLINED: 0,MERGED: 0,OPENED: 0,RESCOPED: 0,UNAPPROVED: 0,UPDATED: 0,,,

PP-Ho Hos,2023/04/18,2023/05/02,HUB-95560,22601,Aashray.Sharma,9870,130,0,0,0,0,0,0,0,0,0,0,Aashray.Sharma,,
PP-Ho Hos,2023/04/18,2023/05/02,HUB-94623,22601,Aashray.Sharma,9870,130,0,0,0,0,0,0,0,0,0,0,Aashray.Sharma,,
Sprint Totals,,,,,,PR_ADDED: 19740,PR_REMOVED: 260,COMMIT_ADDED: 0,COMMIT_REMOVED: 0,APPROVED: 0,COMMENTED: 0,DECLINED: 0,MERGED: 0,OPENED: 0,RESCOPED: 0,UNAPPROVED: 0,UPDATED: 0,,,

PP-Idli,2023/05/02,2023/05/16,HUB-94623,22601,Aashray.Sharma,9870,130,0,0,0,0,0,0,0,0,0,0,Aashray.Sharma,,
Sprint Totals,,,,,,PR_ADDED: 9870,PR_REMOVED: 130,COMMIT_ADDED: 0,COMMIT_REMOVED: 0,APPROVED: 0,COMMENTED: 0,DECLINED: 0,MERGED: 0,OPENED: 0,RESCOPED: 0,UNAPPROVED: 0,UPDATED: 0,,,

PP-Jalapeno Poppers,2023/05/16,2023/05/30,HUB-94186,22601,Aashray.Sharma,9870,130,0,0,0,0,0,0,0,0,0,0,Aashray.Sharma,,
PP-Jalapeno Poppers,2023/05/16,2023/05/30,HUB-94623,22601,Aashray.Sharma,9870,130,0,0,0,0,0,0,0,0,0,0,Aashray.Sharma,,
Sprint Totals,,,,,,PR_ADDED: 19740,PR_REMOVED: 260,COMMIT_ADDED: 0,COMMIT_REMOVED: 0,APPROVED: 0,COMMENTED: 0,DECLINED: 0,MERGED: 0,OPENED: 0,RESCOPED: 0,UNAPPROVED: 0,UPDATED: 0,,,

PP-Kit Kat(05/30-06/13),2023/05/30,2023/06/13,HUB-100957,22601,Aashray.Sharma,9870,130,0,0,0,0,0,1,1,0,0,0,Aashray.Sharma,,
Sprint Totals,,,,,,PR_ADDED: 9870,PR_REMOVED: 130,COMMIT_ADDED: 0,COMMIT_REMOVED: 0,APPROVED: 0,COMMENTED: 0,DECLINED: 0,MERGED: 1,OPENED: 1,RESCOPED: 0,UNAPPROVED: 0,UPDATED: 0,,,

Overall Totals,,,,,,PR_ADDED: 79070,PR_REMOVED: 930,COMMIT_ADDED: 0,COMMIT_REMOVED: 0,APPROVED: 0,COMMENTED: 0,DECLINED: 0,MERGED: 1,OPENED: 1,RESCOPED: 0,UNAPPROVED: 0,UPDATED: 0,,,
