SPRINT,START_DATE,END_DATE,TICKET,PR_ID,USER,PR_ADDED,PR_REMOVED,COMMIT_ADDED,COMMIT_REMOVED,APPROVED,COMMENTED,DECLINED,MERGED,OPENED,RESCOPED,UNAPPROVED,UPDATED,AUTHOR,COMMENTS,COMMIT_MESSAGES
Quasar: H'23 (Apr 13- Apr 26),2023/04/13,2023/04/26,CINT-24431,3,Piyush.Garg,0,0,0,0,0,0,0,0,0,0,0,0,ADhaliwal,,
Quasar: H'23 (Apr 13- Apr 26),2023/04/13,2023/04/26,CINT-24431,8,Piyush.Garg,0,0,0,0,0,0,0,0,0,0,0,0,ADhaliwal,,
Quasar: H'23 (Apr 13- Apr 26),2023/04/13,2023/04/26,CINT-24431,2,Piyush.Garg,9164,836,0,0,0,0,0,0,0,0,0,0,Piyush.Garg,,
Quasar: H'23 (Apr 13- Apr 26),2023/04/13,2023/04/26,CINT-24682,1320,Piyush.Garg,0,0,0,0,1,0,0,0,0,0,0,0,Vandana.Yadav,,
Quasar: H'23 (Apr 13- Apr 26),2023/04/13,2023/04/26,PROD-163670,27,Piyush.Garg,0,0,0,0,1,3,0,0,0,0,0,0,ADhaliwal,"1. https://stash.cvent.net/projects/API/repos/webcast-consumer/pull-requests/27/overview?commentId=3376314
2. It shuld be a constant
3. It shuld be a constant",
Quasar: H'23 (Apr 13- Apr 26),2023/04/13,2023/04/26,WEBINAR-5649,9082,Piyush.Garg,0,0,0,0,1,0,0,0,0,0,0,0,Sukhpreet.Singh,,
Quasar: H'23 (Apr 13- Apr 26),2023/04/13,2023/04/26,WEBINAR-5649,9139,Piyush.Garg,0,0,18367,9270,0,0,0,0,0,0,0,0,ABadlia,,"1. WEBINAR-6104: Updating variable name and adding inline comment
2. WEBINAR-6104: updating cwitch version
3. Merge branch 'develop' of ssh://stash.cvent.net:7999/ax/attendee-experience-web into feature/WEBINAR-6104   Conflicts:  	pnpm-lock.yaml
4. WEBINAR-6104: rebase
5. WEBINAR-6104: updating snap
6. Merge branch 'develop' of ssh://stash.cvent.net:7999/ax/attendee-experience-web into feature/WEBINAR-6104   Conflicts:  	pnpm-lock.yaml
7. WEBINAR-6104: rebase
8. WEBINAR-6104: removing hardcoded sie for indicators
9. WEBINAR-6104: updating snap
10. Pull request #9027: WEBINAR-6104:Handle Recording component resposoviness and timeOverlay Component  Merge in AX/attendee-experience-web from feature/WEBINAR-6104 to release/2.13.0  * commit 'c7860a1129818a00a100fe476a7e1f9752e74f8f':    WEBINAR-6104: updating snap    WEBINAR-6104: removing hardcoded sie for indicators    WEBINAR-6104: rebase    WEBINAR-6104: updating snap    WEBINAR-6104: rebase    WEBINAR-6104: updating cwitch version    WEBINAR-6104: Updating variable name and adding inline comment    WEBINAR-6104:Revert CI testing files and PR comment done    WEBINAR-6104:add cwitch snapshot version    WEBINAR-6104:Fixing the small change    WEBINAR-6104:pnpm lock update    WEBINAR-6104:Fix IT Suite    WEBINAR-6104:PR comment incorporated    WEBINAR-6104:PR comment incorporated    WEBINAR-6104:PR updated with different approach    WEBINAR-6104:Add cwitch CI version and VM URL s606 for CI testing    WEBINAR-6104:Handle Recording component resposoviness and timeOverlay Component"
Quasar: H'23 (Apr 13- Apr 26),2023/04/13,2023/04/26,WEBINAR-5649,9022,Piyush.Garg,389,23,0,0,0,0,0,0,0,0,0,0,Piyush.Garg,,
Quasar: H'23 (Apr 13- Apr 26),2023/04/13,2023/04/26,WEBINAR-5850,9022,Piyush.Garg,389,23,0,0,0,0,0,0,0,0,0,0,Piyush.Garg,,
Quasar: H'23 (Apr 13- Apr 26),2023/04/13,2023/04/26,WEBINAR-6104,265,Piyush.Garg,0,0,7,6,0,1,0,1,0,1,0,0,Gaurav.Kansal,1. `recordingLabelHeightAdjust` is an number as you are reducing the container height,1. WEBINAR-6104: Updating variable name and adding inline comment
Quasar: H'23 (Apr 13- Apr 26),2023/04/13,2023/04/26,WEBINAR-6104,9027,Piyush.Garg,0,0,0,0,0,11,0,1,0,7,0,0,Gaurav.Kansal,"1. We should simply check the value of `timerOverlayComponent` instead of calling the function.
2. will it cause any behaviour change in different devices ?
3. Have you done multi-device testing for ths hard-coding ?  And even if it working fine we should use a constant
4. The variable name was misleading that has been renamed to `indicatorHeightAdjustment` . Added inline doc for the same. The `indicatorHeightAdjustment` is used to identify the adjustment required in the height of the player if indicators are present i.e., recording label, time overlay (when session is not started).  Using this variable we can make the player responsive accodring to the available height in the container.
5. Removed
6. First this variable is changed and renamed to a constant. This represents the height of the indicators if present i.e., recording label, time overlay
7. I have removed the hardcoded size of indicators and made it dynamic so even if the indicator size increases due to any factor it will be dynamically reflected.
8. @SSimpson Passing the presence of time overlay doesn't looks like a suitable option because right now we have have two indicators i.e., recording label, time overlay but the number of indicators can increase in future so taking that into consideration only an indicator height adjustment variabke is being passed.
9. @JCurtis In that case, time overlay and recording both the component needs to be moved in cwitch which is going to be specific to Embedded CVC.  But that will require discussion with other teams because time overlay might be used for other product as this was introduced by another team and moving it won't be that straightforwaard task.  But for now we need to take this change further as this will be a blocker for the recording epic.
10. Passing indicators to cwitch doesn't looks like a good idea because of following reasons:  1) I have removed the hardcoded logic of indicators height and made it completely dynamic, so the adjustable height for indicators will be calculated dynamically and will be passed to cwitch.  2) In future, if there are more indicators then we have to pass all the parameters down there.
11. We will take care of this change in https://jira.cvent.com/browse/WEBINAR-7952",
Quasar: H'23 (Apr 13- Apr 26),2023/04/13,2023/04/26,WEBINAR-6554,1342,Piyush.Garg,0,0,0,0,1,0,0,0,0,0,0,0,Divyam.Kaushik,,
Quasar: H'23 (Apr 13- Apr 26),2023/04/13,2023/04/26,WEBINAR-6554,1352,Piyush.Garg,0,0,0,0,0,0,0,0,0,0,0,0,A.Bawa,,
Quasar: H'23 (Apr 13- Apr 26),2023/04/13,2023/04/26,WEBINAR-4831,150,Piyush.Garg,0,0,0,0,0,0,0,0,0,0,0,0,AKardam,,
Quasar: H'23 (Apr 13- Apr 26),2023/04/13,2023/04/26,WEBINAR-4831,42,Piyush.Garg,0,0,0,0,0,0,0,0,0,0,0,0,AKardam,,
Quasar: H'23 (Apr 13- Apr 26),2023/04/13,2023/04/26,WEBINAR-7016,9043,Piyush.Garg,0,0,6238,3136,1,0,0,0,0,1,1,0,Anshul.Yadav,,"1. Merge branch 'develop' of ssh://stash.cvent.net:7999/ax/attendee-experience-web into webinar-6226   Conflicts:  	pnpm-lock.yaml
2. WEBINAR-6226: rebase branch"
Quasar: H'23 (Apr 13- Apr 26),2023/04/13,2023/04/26,WEBINAR-10658,17510,Piyush.Garg,0,0,0,0,0,0,0,0,0,0,0,0,ADhaliwal,,
Sprint Totals,,,,,,PR_ADDED: 9942,PR_REMOVED: 882,COMMIT_ADDED: 24612,COMMIT_REMOVED: 12412,APPROVED: 5,COMMENTED: 15,DECLINED: 0,MERGED: 2,OPENED: 0,RESCOPED: 9,UNAPPROVED: 1,UPDATED: 0,,,

Quasar: I'23 (Apr 27- May 10),2023/04/27,2023/05/10,CINT-25054,1353,Piyush.Garg,0,0,0,0,1,0,0,0,0,0,0,0,A.Bawa,,
Quasar: I'23 (Apr 27- May 10),2023/04/27,2023/05/10,PROD-163672,8,Piyush.Garg,0,0,1,0,0,0,0,0,0,0,0,0,ADhaliwal,,1. CINT-24431 : ignore unnecesary IT
Quasar: I'23 (Apr 27- May 10),2023/04/27,2023/05/10,PROD-163672,2,Piyush.Garg,9164,836,0,0,0,0,0,0,0,0,0,0,Piyush.Garg,,
Quasar: I'23 (Apr 27- May 10),2023/04/27,2023/05/10,WEBINAR-4831,150,Piyush.Garg,0,0,0,0,0,0,0,0,0,0,0,0,AKardam,,
Quasar: I'23 (Apr 27- May 10),2023/04/27,2023/05/10,WEBINAR-4831,42,Piyush.Garg,0,0,0,0,0,0,0,0,0,0,0,0,AKardam,,
Quasar: I'23 (Apr 27- May 10),2023/04/27,2023/05/10,WEBINAR-9801,1352,Piyush.Garg,0,0,5,0,0,0,0,0,0,0,0,0,A.Bawa,,"1. Merge branch 'master' of ssh://stash.cvent.net:7999/api/universal-webcast into downmerge/master   Conflicts:  	.changeset/old-dragons-hunt.md
2. NA-0: adding changeset
3. Pull request #1344: Downmerge/master  Merge in API/universal-webcast from downmerge/master to develop  * commit '6961005119c552f8132a05410af7782a10a1ec52':    NA-0: adding changeset    RELEASE: universal-webcast@1.35.1    CINT-24980: Fix pool size of postgres db for production in universal-webcast-service CINT-24979: Transitive dependency issue in universal-webcast-java-client"
Quasar: I'23 (Apr 27- May 10),2023/04/27,2023/05/10,WEBINAR-9806,1352,Piyush.Garg,0,0,0,0,0,0,0,0,0,0,0,0,A.Bawa,,
Quasar: I'23 (Apr 27- May 10),2023/04/27,2023/05/10,WEBINAR-10655,1343,Piyush.Garg,22,10,0,0,0,0,0,0,0,0,0,0,Piyush.Garg,,
Quasar: I'23 (Apr 27- May 10),2023/04/27,2023/05/10,WEBINAR-10655,1344,Piyush.Garg,27,5,0,0,0,0,0,1,1,1,0,0,Piyush.Garg,,
Quasar: I'23 (Apr 27- May 10),2023/04/27,2023/05/10,WEBINAR-10656,1343,Piyush.Garg,22,10,0,0,0,0,0,0,0,0,0,0,Piyush.Garg,,
Quasar: I'23 (Apr 27- May 10),2023/04/27,2023/05/10,WEBINAR-10656,1344,Piyush.Garg,27,5,0,0,0,0,0,0,0,0,0,0,Piyush.Garg,,
Quasar: I'23 (Apr 27- May 10),2023/04/27,2023/05/10,WEBINAR-6555,268,Piyush.Garg,6,1,6,1,0,0,0,0,1,0,0,1,Piyush.Garg,,1. WEBINAR-6555: Analysis for 100 active participants (Video & Audio) for Interactive Session
Quasar: I'23 (Apr 27- May 10),2023/04/27,2023/05/10,WEBINAR-6555,9209,Piyush.Garg,5850,2969,11968,6080,0,0,0,0,1,1,0,0,Piyush.Garg,,"1. WEBINAR-6555: Analysis for 100 active participants (Video & Audio) for Interactive Session
2. Merge branch 'develop' of ssh://stash.cvent.net:7999/ax/attendee-experience-web into webinar-6555   Conflicts:  	packages/attendee-experience-web/package.json  	pnpm-lock.yaml
3. WEBINAR-6555: rebase"
Quasar: I'23 (Apr 27- May 10),2023/04/27,2023/05/10,WEBINAR-7016,9043,Piyush.Garg,0,0,0,0,0,0,0,0,0,0,0,0,Anshul.Yadav,,
Quasar: I'23 (Apr 27- May 10),2023/04/27,2023/05/10,WEBINAR-7919,162,Piyush.Garg,0,0,0,0,0,0,0,0,0,0,0,0,Divyam.Kaushik,,
Quasar: I'23 (Apr 27- May 10),2023/04/27,2023/05/10,WEBINAR-10658,17510,Piyush.Garg,0,0,0,0,2,0,0,0,0,0,1,0,ADhaliwal,,
Sprint Totals,,,,,,PR_ADDED: 15118,PR_REMOVED: 3836,COMMIT_ADDED: 11980,COMMIT_REMOVED: 6081,APPROVED: 3,COMMENTED: 0,DECLINED: 0,MERGED: 1,OPENED: 3,RESCOPED: 2,UNAPPROVED: 1,UPDATED: 1,,,

Quasar: J'23 (May 11- May 24),2023/05/11,2023/05/24,PROD-162137,149277,Piyush.Garg,0,0,0,0,1,0,0,0,0,0,0,0,A.Bawa,,
Quasar: J'23 (May 11- May 24),2023/05/11,2023/05/24,PROD-163676,48,Piyush.Garg,0,0,0,0,1,0,0,0,0,0,0,0,Divyam.Kaushik,,
Quasar: J'23 (May 11- May 24),2023/05/11,2023/05/24,PROD-163681,48,Piyush.Garg,0,0,0,0,0,0,0,0,0,0,0,0,Divyam.Kaushik,,
Quasar: J'23 (May 11- May 24),2023/05/11,2023/05/24,PROD-163681,162,Piyush.Garg,0,0,0,0,1,3,0,0,0,0,0,1,Divyam.Kaushik,"1. Please rename the function name to `verifyParticipant`
2. Please add a note here that after removing the support of first name and last name from join meeting mutation remove this check
3. Please add a check here that the attendee.params and attendeeDetails have different name",
Quasar: J'23 (May 11- May 24),2023/05/11,2023/05/24,PROD-163681,163,Piyush.Garg,7,2,7,2,0,0,0,0,1,0,0,0,Piyush.Garg,,"1. PROD-163681: Updated wdio/cli to 7.30.0 in e2e
2. PROD-163681: Updated wdio/cli to 7.30.0 in e2e"
Quasar: J'23 (May 11- May 24),2023/05/11,2023/05/24,PROD-163684,56,Piyush.Garg,0,0,0,0,0,0,0,0,0,0,0,0,Divyam.Kaushik,,
Quasar: J'23 (May 11- May 24),2023/05/11,2023/05/24,WEBINAR-6555,268,Piyush.Garg,6,1,0,0,0,0,1,0,0,0,0,0,Piyush.Garg,,
Quasar: J'23 (May 11- May 24),2023/05/11,2023/05/24,WEBINAR-6555,9209,Piyush.Garg,5850,2969,0,0,0,0,1,0,0,0,0,0,Piyush.Garg,,
Quasar: J'23 (May 11- May 24),2023/05/11,2023/05/24,WEBINAR-7919,162,Piyush.Garg,0,0,0,0,0,0,0,0,0,0,0,0,Divyam.Kaushik,,
Quasar: J'23 (May 11- May 24),2023/05/11,2023/05/24,WEBINAR-7920,9359,Piyush.Garg,0,0,0,0,1,0,0,0,0,0,0,0,Anshul.Yadav,,
Quasar: J'23 (May 11- May 24),2023/05/11,2023/05/24,WEBINAR-8119,1352,Piyush.Garg,0,0,0,0,1,0,0,0,0,0,0,0,A.Bawa,,
Quasar: J'23 (May 11- May 24),2023/05/11,2023/05/24,WEBINAR-8859,270,Piyush.Garg,26,12,28,14,0,0,0,1,1,1,0,1,Piyush.Garg,,"1. WEBINAR-8859: Analyze the behavior when attendee denies video/microphone access
2. WEBINAR-8859: fixing lint issues"
Quasar: J'23 (May 11- May 24),2023/05/11,2023/05/24,WEBINAR-8859,9292,Piyush.Garg,10,5,15,10,0,1,0,1,1,1,0,1,Piyush.Garg,1. Add cwitch version after cwitch merge,"1. WEBINAR-8859: Analyze the behavior when attendee denies video/microphone access
2. WEBINAR-8859: updating cwitch version"
Quasar: J'23 (May 11- May 24),2023/05/11,2023/05/24,WEBINAR-10658,17510,Piyush.Garg,0,0,0,0,0,0,0,0,0,0,0,0,ADhaliwal,,
Quasar: J'23 (May 11- May 24),2023/05/11,2023/05/24,PROD-163680,54,Piyush.Garg,0,0,0,0,0,0,0,0,0,0,0,0,Divyam.Kaushik,,
Quasar: J'23 (May 11- May 24),2023/05/11,2023/05/24,PROD-163680,57,Piyush.Garg,0,0,0,0,0,0,0,0,0,0,0,0,Divyam.Kaushik,,
Quasar: J'23 (May 11- May 24),2023/05/11,2023/05/24,PROD-163685,57,Piyush.Garg,0,0,0,0,0,0,0,0,0,0,0,0,Divyam.Kaushik,,
Quasar: J'23 (May 11- May 24),2023/05/11,2023/05/24,PROD-163685,59,Piyush.Garg,0,0,0,0,0,0,0,0,0,0,0,0,Divyam.Kaushik,,
Quasar: J'23 (May 11- May 24),2023/05/11,2023/05/24,PROD-163685,51,Piyush.Garg,0,0,0,0,0,0,0,0,0,0,0,0,Divyam.Kaushik,,
Sprint Totals,,,,,,PR_ADDED: 5899,PR_REMOVED: 2989,COMMIT_ADDED: 50,COMMIT_REMOVED: 26,APPROVED: 5,COMMENTED: 4,DECLINED: 2,MERGED: 2,OPENED: 3,RESCOPED: 2,UNAPPROVED: 0,UPDATED: 3,,,

Quasar: K'23 (May 25- Jun 07,2023/05/25,2023/06/07,PROD-163680,54,Piyush.Garg,0,0,0,0,0,0,0,0,0,0,0,0,Divyam.Kaushik,,
Quasar: K'23 (May 25- Jun 07,2023/05/25,2023/06/07,PROD-163680,57,Piyush.Garg,0,0,0,0,1,1,0,0,0,0,0,0,Divyam.Kaushik,1. Update the changeset according to ticket   `PROD-163680: Outdated/Vulnerable Library: dicer-0.3.0.tgz`,
Quasar: K'23 (May 25- Jun 07,2023/05/25,2023/06/07,PROD-163683,57,Piyush.Garg,0,0,0,0,0,0,0,0,0,0,0,0,Divyam.Kaushik,,
Quasar: K'23 (May 25- Jun 07,2023/05/25,2023/06/07,PROD-163683,58,Piyush.Garg,0,0,0,0,1,0,0,0,0,0,0,0,Divyam.Kaushik,,
Quasar: K'23 (May 25- Jun 07,2023/05/25,2023/06/07,PROD-163685,57,Piyush.Garg,0,0,0,0,0,0,0,0,0,0,0,0,Divyam.Kaushik,,
Quasar: K'23 (May 25- Jun 07,2023/05/25,2023/06/07,PROD-163685,59,Piyush.Garg,0,0,0,0,1,0,0,0,0,0,0,0,Divyam.Kaushik,,
Quasar: K'23 (May 25- Jun 07,2023/05/25,2023/06/07,PROD-163685,51,Piyush.Garg,0,0,0,0,0,0,0,0,0,0,0,0,Divyam.Kaushik,,
Quasar: K'23 (May 25- Jun 07,2023/05/25,2023/06/07,PROD-163686,61,Piyush.Garg,0,0,0,0,0,0,0,0,0,0,0,0,Divyam.Kaushik,,
Quasar: K'23 (May 25- Jun 07,2023/05/25,2023/06/07,WEBINAR-3421,166,Piyush.Garg,0,0,0,0,0,0,0,0,0,0,0,0,Anshul.Yadav,,
Quasar: K'23 (May 25- Jun 07,2023/05/25,2023/06/07,WEBINAR-9616,17728,Piyush.Garg,0,0,0,0,0,0,0,0,0,0,0,0,Sukhpreet.Singh,,
Quasar: K'23 (May 25- Jun 07,2023/05/25,2023/06/07,WEBINAR-9622,273,Piyush.Garg,548,53,708,186,0,0,0,0,1,1,0,0,Piyush.Garg,,"1. WEBINAR-6922: [100 Active Video tile] - Create the component for priority based downlink policy in cwitch
2. WEBINAR-6922: removing unnecessary code
3. WEBINAR-6922: handling graceful unbinding of tile
4. WEBINAR-9622: Adding support of attendee leave video preference update
5. WEBINAR-9622: resolving lint issues"
Quasar: K'23 (May 25- Jun 07,2023/05/25,2023/06/07,WEBINAR-9623,273,Piyush.Garg,548,53,0,0,0,0,0,0,0,0,0,0,Piyush.Garg,,
Quasar: K'23 (May 25- Jun 07,2023/05/25,2023/06/07,WEBINAR-9651,17800,Piyush.Garg,0,0,0,0,0,0,0,0,0,0,0,0,Anshul.Yadav,,
Quasar: K'23 (May 25- Jun 07,2023/05/25,2023/06/07,WEBINAR-9663,167,Piyush.Garg,0,0,0,0,0,0,0,0,0,0,0,0,Divyam.Kaushik,,
Quasar: K'23 (May 25- Jun 07,2023/05/25,2023/06/07,WEBINAR-9663,169,Piyush.Garg,0,0,0,0,0,0,0,0,0,0,0,0,Sukhpreet.Singh,,
Quasar: K'23 (May 25- Jun 07,2023/05/25,2023/06/07,WEBINAR-9663,171,Piyush.Garg,0,0,0,0,0,0,0,0,0,0,0,0,Divyam.Kaushik,,
Quasar: K'23 (May 25- Jun 07,2023/05/25,2023/06/07,WEBINAR-9663,173,Piyush.Garg,0,0,0,0,0,0,0,0,0,0,0,0,A.Bawa,,
Sprint Totals,,,,,,PR_ADDED: 1096,PR_REMOVED: 106,COMMIT_ADDED: 708,COMMIT_REMOVED: 186,APPROVED: 3,COMMENTED: 1,DECLINED: 0,MERGED: 0,OPENED: 1,RESCOPED: 1,UNAPPROVED: 0,UPDATED: 0,,,

Quasar: L'23 (Jun 08- Jun 21),2023/06/08,2023/06/21,WEBINAR-9653,1377,Piyush.Garg,0,0,0,0,0,0,0,0,0,0,0,0,Sukhpreet.Singh,,
Quasar: L'23 (Jun 08- Jun 21),2023/06/08,2023/06/21,WEBINAR-9656,273,Piyush.Garg,548,53,526,645,0,11,0,0,0,3,0,0,Piyush.Garg,"1. Updated in child PR https://stash.cvent.net/projects/CWITCH/repos/cvent-cwitch/pull-requests/274/overview
2. Updated in child PR https://stash.cvent.net/projects/CWITCH/repos/cvent-cwitch/pull-requests/274/overview
3. The priority starts from 1 to n we have kept 5 as the default for tiles and 1 for content tiles  Ref:  https://stash.cvent.net/projects/CWITCH/repos/cvent-cwitch/pull-requests/274/overview
4. As the value is being used at multiple places, for clarity i have added them as constant for reference
5. Default means `No features enabled, but can be overriden from server side values.` . In this case we can override the configuration from server side metrics
6. From the doc: https://aws.github.io/amazon-chime-sdk-js/modules/prioritybased_downlink_policy.html  `You must pass a complete array of VideoPreference objects each time you call chooseRemoteVideoSources. Each call overrides the behavior defined by any previous call. The AudioVideoController will unsubscribe from any existing video streams associated with attendee IDs that are not present in the new array. Do not modify the provided array after calling this function; for efficiency, the policy object does not clone the array.`  Also, mainiting a list in which concurrent add/removal can happen requires synchronization else race condition issues can happen
7. Updated in child PR https://stash.cvent.net/projects/CWITCH/repos/cvent-cwitch/pull-requests/274/overview
8. Updated in child PR https://stash.cvent.net/projects/CWITCH/repos/cvent-cwitch/pull-requests/274/overview
9. Updated in child PR https://stash.cvent.net/projects/CWITCH/repos/cvent-cwitch/pull-requests/274/overview
10. Updated in child PR https://stash.cvent.net/projects/CWITCH/repos/cvent-cwitch/pull-requests/274/overview
11. It might look similar but both have different check and combining it will make it more complex","1. Merge remote-tracking branch 'origin/master' into webinar-9622
2. WEBINAR-9656: Add the support of content sharing with priority based downlink policy in cwitch
3. WEBINAR-9656: handling 'The body of a for-in should be wrapped in an if statement to filter unwanted properties from the prototype'
4. WEBINAR-9656: Adding Bandwidth probing network setting and reducing unnecessary call to update downlink policy
5. WEBINAR-9656: resolving lint issues
6. WEBINAR-9656: updating video priority bandwidth policy
7. WEBINAR-9656: updating docs for video preference manager
8. WEBINAR-9656: renaming methods to clear functionality
9. WEBINAR-9656: cleaning up subscription of video stream
10. WEBINAR-9656: merging session & non-session related code
11. WEBINAR-9656: handling hook issues
12. WEBINAR-9656: handling lint issues
13. WEBINAR-9656: adding comments
14. WEBINAR-9656: resetting value
15. WEBINAR-9656: handling lint issues
16. Pull request #274: WEBINAR-9656: Add the support of content sharing with priority based downlink policy in cwitch  Merge in CWITCH/cvent-cwitch from WEBINAR-9656 to webinar-9622  * commit '429ed5caa78f9dc7fba79fbcb1f451bcb0f424a0':    WEBINAR-9656: handling lint issues    WEBINAR-9656: resetting value    WEBINAR-9656: adding comments    WEBINAR-9656: handling lint issues    WEBINAR-9656: handling hook issues    WEBINAR-9656: merging session & non-session related code    WEBINAR-9656: cleaning up subscription of video stream    WEBINAR-9656: renaming methods to clear functionality    WEBINAR-9656: updating docs for video preference manager    WEBINAR-9656: updating video priority bandwidth policy    WEBINAR-9656: resolving lint issues    WEBINAR-9656: Adding Bandwidth probing network setting and reducing unnecessary call to update downlink policy    WEBINAR-9656: handling 'The body of a for-in should be wrapped in an if statement to filter unwanted properties from the prototype'    WEBINAR-9656: Add the support of content sharing with priority based downlink policy in cwitch
17. WEBINAR-9622: Keeping isExtendedVideoSupportEnabled by default false"
Quasar: L'23 (Jun 08- Jun 21),2023/06/08,2023/06/21,WEBINAR-9656,274,Piyush.Garg,393,512,0,0,0,4,0,1,1,12,0,0,Piyush.Garg,"1. Actually i am also elimitnating the `isEmbeddedCVCIncreasedChimeEnabled` here because it would be better if we compute this value in web side and pass it here
2. updated
3. added the comment
4. I tried that approach but was not geeting the proper value that's why i adopted this approach",
Quasar: L'23 (Jun 08- Jun 21),2023/06/08,2023/06/21,WEBINAR-9656,9506,Piyush.Garg,13,7,10029,10024,0,1,1,0,1,8,0,0,Piyush.Garg,1. Used this Pr for testing,"1. WEBINAR-9656: handling 'The body of a for-in should be wrapped in an if statement to filter unwanted properties from the prototype'
2. WEBINAR-9656: rebasing pnpm lock file
3. WEBINAR-9656: rebasing pnpm lock file
4. WEBINAR-9656: updating changeset
5. WEBINAR-9656: updating pnpm lock file
6. WEBINAR-9656: updating changeset
7. WEBINAR-9656: updating cwitch dependency
8. WEBINAR-9656: updating cwitch dependency
9. WEBINAR-9656: updating cwitch dependency"
Quasar: L'23 (Jun 08- Jun 21),2023/06/08,2023/06/21,WEBINAR-9663,167,Piyush.Garg,0,0,0,0,1,0,0,0,0,0,0,0,Divyam.Kaushik,,
Quasar: L'23 (Jun 08- Jun 21),2023/06/08,2023/06/21,WEBINAR-9663,169,Piyush.Garg,0,0,0,0,1,0,0,0,0,0,0,0,Sukhpreet.Singh,,
Quasar: L'23 (Jun 08- Jun 21),2023/06/08,2023/06/21,WEBINAR-9663,171,Piyush.Garg,0,0,0,0,1,0,0,0,0,0,0,0,Divyam.Kaushik,,
Quasar: L'23 (Jun 08- Jun 21),2023/06/08,2023/06/21,WEBINAR-9663,173,Piyush.Garg,0,0,0,0,0,0,0,0,0,0,0,0,A.Bawa,,
Quasar: L'23 (Jun 08- Jun 21),2023/06/08,2023/06/21,WEBINAR-10424,273,Piyush.Garg,548,53,0,0,0,0,0,0,0,0,0,0,Piyush.Garg,,
Quasar: L'23 (Jun 08- Jun 21),2023/06/08,2023/06/21,WEBINAR-10424,277,Piyush.Garg,0,0,0,0,1,7,0,0,0,0,0,0,Sukhpreet.Singh,"1. Does it always return the complete list of remote video source?
2. Can you use the videoDownlinkPolicy from cwitch content and use it here
3. can we keep all the cache related logic in a single hook or utility?
4. This check doesn't look backward compatible
5. https://stash.cvent.net/projects/CWITCH/repos/cvent-cwitch/pull-requests/277/overview?commentId=3542898
6. Can `localStorage.getItem` return null or undefined value and if yes passing it into `JSON.parse` can throw exception. Can you check this.
7. 1. Can localStorage.getItem return null or undefined value and if yes passing it into JSON.parse can throw exception. Can you check this.  2. Is it possible that we can get null remote attendees map here and if yes then using map on can throw another exception",
Quasar: L'23 (Jun 08- Jun 21),2023/06/08,2023/06/21,CINT-23852,62,Piyush.Garg,0,0,0,0,1,0,0,0,0,0,0,0,Divyam.Kaushik,,
Quasar: L'23 (Jun 08- Jun 21),2023/06/08,2023/06/21,WEBINAR-10423,281,Piyush.Garg,8,1,0,0,0,0,0,0,0,0,0,0,Piyush.Garg,,
Quasar: L'23 (Jun 08- Jun 21),2023/06/08,2023/06/21,WEBINAR-10423,283,Piyush.Garg,6,3,0,0,0,0,0,0,0,0,0,0,Piyush.Garg,,
Quasar: L'23 (Jun 08- Jun 21),2023/06/08,2023/06/21,WEBINAR-10423,9502,Piyush.Garg,0,0,5,5,1,9,0,0,0,4,0,0,Anshul.Yadav,"1. Please revert
2. revert this
3. @JCurtis As discussed in the coversation we are using webinar navigation to identify whether the session is of type webinar event or contracted event  https://cvent.slack.com/archives/CUAGY0BD2/p1673534510224659
4. 1. There is no difference in functionality/behaviours for webinar or contracted customers.  2. We have kept different experiment for webinar and contracted customers so that the feature can be released to both the webinar and contracted customers independently.  3. We are using WEBINAR_NAVIGATION for identification of event type to check whether experiment is enabled or not for that product.  4. Also, This experiment and webinar both checks will be removed after the feature is 100% released
5. ++ @GDhingra For additional clarification
6. Added in the comment
7. @SSimpson Thanks for raising this, we have already planned removal of two feature flag in our current sprint  https://jira.cvent.com/browse/WEBINAR-10969  Will plan the remaining in the upcoming sprints
8. In ah_embedded_cvc_increased_chime & ah_embedded_cvc_increased_chime_webinar, we increased the limit of total attendees from 250 to 1000, we planned to update the limit of active limits but that was not released due to a blocker.  Now, the limit of active attendees has been increased and will go behind `ah_enable_extended_cvc_video_support` and `ah_enable_extended_cvc_video_support_webinar` experiement
9. If I am understanding correctly tier based flag are used to differentiate features in different tiers for client accounts  The increased limit from 250 to 1000 attendees and active attendee limit from 25 to 250 both part of the same overall functionality of increasing attendee limit. These has been released in phased approach that's different experiment has been used.  ++ @Dhingra, Gagan For additional clarification","1. WEBINAR-10423: temporary pointing to S606 video meeting
2. WEBINAR-10423: temporary pointing to S606 video meeting
3. WEBINAR-10423: removing pointing to S606 video meeting
4. WEBINAR-10423: pointing to S606 video meeting"
Quasar: L'23 (Jun 08- Jun 21),2023/06/08,2023/06/21,WEBINAR-10423,9622,Piyush.Garg,5,5,0,0,0,0,0,0,0,0,0,0,Piyush.Garg,,
Sprint Totals,,,,,,PR_ADDED: 1521,PR_REMOVED: 634,COMMIT_ADDED: 10560,COMMIT_REMOVED: 10674,APPROVED: 6,COMMENTED: 32,DECLINED: 1,MERGED: 1,OPENED: 2,RESCOPED: 27,UNAPPROVED: 0,UPDATED: 0,,,

Overall Totals,,,,,,PR_ADDED: 33576,PR_REMOVED: 8447,COMMIT_ADDED: 47910,COMMIT_REMOVED: 29379,APPROVED: 22,COMMENTED: 52,DECLINED: 3,MERGED: 6,OPENED: 9,RESCOPED: 41,UNAPPROVED: 2,UPDATED: 4,,,
