SPRINT,START_DATE,END_DATE,TICKET,PR_ID,USER,PR_ADDED,PR_REMOVED,COMMIT_ADDED,COMMIT_REMOVED,APPROVED,COMMENTED,DECLINED,MERGED,OPENED,RESCOPED,UNAPPROVED,UPDATED,AUTHOR,COMMENTS,COMMIT_MESSAGES
Q2 2023 - Sprint 3,2023/05/04,2023/05/17,HUB-85259,9293,GStarr,0,0,47,13,0,0,0,0,0,0,0,0,Shea.Sullivan,,"1. Merge remote-tracking branch 'origin/master' into downmerge/2.15.1
2. Pull request #9253: Downmerge/2.15.1  Merge in AX/attendee-experience-web from downmerge/2.15.1 to develop  * commit '756e656152f15df9285642366a7630034c7e7f99':    RELEASING: Releasing 3 package(s)    update dependency arry    HUB-97809: improve session chat auto join
3. HUB-94476: session chat read only for on demand sessions
4. Pull request #9275: HUB-94476: session chat read only for on demand sessions  Merge in AX/attendee-experience-web from HUB-94476 to develop  * commit '84d4a4f0e4c33eb2eb0db1bb109dcbf0ea14b117':    HUB-94476: session chat read only for on demand sessions"
Sprint Totals,,,,,,PR_ADDED: 0,PR_REMOVED: 0,COMMIT_ADDED: 47,COMMIT_REMOVED: 13,APPROVED: 0,COMMENTED: 0,DECLINED: 0,MERGED: 0,OPENED: 0,RESCOPED: 0,UNAPPROVED: 0,UPDATED: 0,,,

Q2 2023 - Sprint 4,2023/05/18,2023/05/31,HUB-39923,9409,GStarr,0,0,6,1,0,0,0,0,0,0,0,0,TCox,,"1. WEBINAR-9517: update session chat read only feature version
2. Pull request #9408: WEBINAR-9517: update session chat read only feature version  Merge in AX/attendee-experience-web from WEBINAR-9517.1 to release/2.18.0  * commit '688c9a03ea4499caf205a9b498f1f73bb0ef13e1':    WEBINAR-9517: update session chat read only feature version"
Sprint Totals,,,,,,PR_ADDED: 0,PR_REMOVED: 0,COMMIT_ADDED: 6,COMMIT_REMOVED: 1,APPROVED: 0,COMMENTED: 0,DECLINED: 0,MERGED: 0,OPENED: 0,RESCOPED: 0,UNAPPROVED: 0,UPDATED: 0,,,

Q2 2023 - Sprint 5,2023/06/01,2023/06/14,HUB-74531,9448,GStarr,0,0,424,29,0,0,0,0,0,0,0,0,ATawfik,,"1. HUB-93213: improve test automation code coverage
2. Pull request #9427: HUB-93213: improve test automation code coverage  Merge in AX/attendee-experience-web from HUB-93213 to develop  * commit 'edcd6bd8477ff099b51467a731f8b9c18cf9c100':    HUB-93213: improve test automation code coverage
3. PROD-169264: fix popup modal not reappear after dismissing it from screen
4. downmerge origin/develop
5. Pull request #9428: PROD-169264: fix popup modal not reappear after dismissing it from screen  Merge in AX/attendee-experience-web from PROD-169264 to develop  * commit '9b5c76f403fbf3f8d5e8d6b57cd3b311081a2089':    PROD-169264: fix popup modal not reappear after dismissing it from screen
6. HUB-100428: auto-join session chat when chat status changes from future to current
7. Pull request #9440: HUB-100428: auto-join session chat when chat status changes from future to current  Merge in AX/attendee-experience-web from HUB-100428 to develop  * commit '6582556535a2093c833e952b5dc9eb60cd2fd7c3':    HUB-100428: auto-join session chat when chat status changes from future to current
8. HUB-100428: skip joining future session chat when clicking from panel
9. Pull request #9446: HUB-100428: skip joining future session chat when clicking from panel  Merge in AX/attendee-experience-web from HUB-100428.1 to develop  * commit '4c854cde12c21227da41b6b72013b573dbce4d38':    HUB-100428: skip joining future session chat when clicking from panel"
Q2 2023 - Sprint 5,2023/06/01,2023/06/14,HUB-97982,9507,GStarr,7586,2414,7,0,0,0,0,0,1,2,0,0,GStarr,,"1. downmerge hotfix/2.19.2 from master
2. HUB-94000: release 2.20.0"
Q2 2023 - Sprint 5,2023/06/01,2023/06/14,HUB-99072,240,GStarr,0,0,5,0,0,0,0,0,0,0,0,0,SBundale,,1. HUB-94000: Update phrase locales
Q2 2023 - Sprint 5,2023/06/01,2023/06/14,HUB-102406,9507,GStarr,7586,2414,0,0,0,0,0,0,0,0,0,0,GStarr,,
Q2 2023 - Sprint 5,2023/06/01,2023/06/14,PROD-167883,1531,GStarr,1790,460,7,0,0,0,0,0,1,1,0,0,GStarr,,1. HUB-94000: release 1.106.0
Q2 2023 - Sprint 5,2023/06/01,2023/06/14,PROD-167883,3593,GStarr,1298,879,7,0,0,0,0,0,1,1,0,0,GStarr,,1. release 2.16.0 changeset
Q2 2023 - Sprint 5,2023/06/01,2023/06/14,HUB-101324,9551,GStarr,0,0,73,33,0,0,0,0,0,0,0,0,MGangani,,1. HUB-96410: migrate Live QA date picker to DatePicker_NEXT
Sprint Totals,,,,,,PR_ADDED: 18260,PR_REMOVED: 6167,COMMIT_ADDED: 523,COMMIT_REMOVED: 62,APPROVED: 0,COMMENTED: 0,DECLINED: 0,MERGED: 0,OPENED: 3,RESCOPED: 4,UNAPPROVED: 0,UPDATED: 0,,,

Q2 2023 - Sprint 6,2023/06/15,2023/06/28,HUB-92821,9551,GStarr,0,0,194,125,0,0,0,0,0,0,0,0,MGangani,,"1. move date-fns locales to hook
2. update date-fns locale import + update valid time range
3. fix outside range + conversion
4. Pull request #9497: HUB-96410: migrate Live QA date picker to DatePicker_NEXT  Merge in AX/attendee-experience-web from HUB-96410 to develop  * commit 'eb695d189befc1c6fbf3fa4c5e466a6466d1206f':    fix outside range + conversion    update date-fns locale import + update valid time range    move date-fns locales to hook    update dates locale    fix lint    add locale to date picker    HUB-96410: migrate Live QA date picker to DatePicker_NEXT
5. Pull request #9530: PROD-167768: fix virtual room landscape view  Merge in AX/attendee-experience-web from PROD-167768 to develop  * commit 'c2140271f89da0bebdff68c40803d118d210371a':    PROD-167768: fix virtual room landscape view"
Q2 2023 - Sprint 6,2023/06/15,2023/06/28,HUB-103100,1560,GStarr,0,0,51,48,0,0,0,0,0,0,0,0,MGangani,,"1. RELEASING: Releasing 3 package(s)  Releases:    @cvent/automation-mobile-app-builder@0.51.0    @cvent/attendee-experience-builder-cdk@1.106.0    @cvent/mobile-app-builder@1.106.0  [skip ci]
2. Pull request #1539: Downmerge/1.106.0  Merge in AX/attendee-experience-builder from downmerge/1.106.0 to develop  * commit '4a1a9bf63bac206889a45b8874aae4f794c42083':    RELEASING: Releasing 3 package(s)    HUB-94000: release 1.106.0"
Sprint Totals,,,,,,PR_ADDED: 0,PR_REMOVED: 0,COMMIT_ADDED: 245,COMMIT_REMOVED: 173,APPROVED: 0,COMMENTED: 0,DECLINED: 0,MERGED: 0,OPENED: 0,RESCOPED: 0,UNAPPROVED: 0,UPDATED: 0,,,

Overall Totals,,,,,,PR_ADDED: 18260,PR_REMOVED: 6167,COMMIT_ADDED: 821,COMMIT_REMOVED: 249,APPROVED: 0,COMMENTED: 0,DECLINED: 0,MERGED: 0,OPENED: 3,RESCOPED: 4,UNAPPROVED: 0,UPDATED: 0,,,
