SPRINT,START_DATE,END_DATE,TICKET,PR_ID,USER,PR_ADDED,PR_REMOVED,COMMIT_ADDED,COMMIT_REMOVED,APPROVED,COMMENTED,DECLINED,MERGED,OPENED,RESCOPED,UNAPPROVED,UPDATED,AUTHOR,COMMENTS,COMMIT_MESSAGES
Quasar: J'23 (May 11- May 24),2023/05/11,2023/05/24,PROD-162137,149648,Krunal.Patni,8798,1202,0,0,0,0,0,0,0,0,0,0,Krunal.Patni,,
Quasar: J'23 (May 11- May 24),2023/05/11,2023/05/24,PROD-162137,150190,Krunal.Patni,0,0,1471,234,0,0,0,0,0,0,0,0,VGadhiya,,"1. PROD-167678 CVII health check.
2. PROD-167678 Cvent2 health check
3. PROD-167678 Cvent2 health check
4. Merge branch 'prod' of ssh://stash:7999/cvt/c4 into prod-167678
5. PROD-167678 health check and routing name change.
6. PROD-167678 health check and routing name change.
7. Merge branch 'prod' of ssh://stash:7999/cvt/c4 into prod-167678  # Conflicts:  #	VSProjects/Cvent.Subscribers.Admin/Cvent.Subscribers.Admin/Cvent.Subscribers.Admin.csproj  #	VSProjects/Cvent/Cvent.Web.Events/Cvent.Web.Events.csproj  #	VSProjects/Cvii/Web/Global.asax.cs
8. PROD-167678 health check
9. PROD-167678 health check
10. Merge branch 'prod' of ssh://stash:7999/cvt/c4 into prod-167678"
Sprint Totals,,,,,,PR_ADDED: 8798,PR_REMOVED: 1202,COMMIT_ADDED: 1471,COMMIT_REMOVED: 234,APPROVED: 0,COMMENTED: 0,DECLINED: 0,MERGED: 0,OPENED: 0,RESCOPED: 0,UNAPPROVED: 0,UPDATED: 0,,,

Overall Totals,,,,,,PR_ADDED: 8798,PR_REMOVED: 1202,COMMIT_ADDED: 1471,COMMIT_REMOVED: 234,APPROVED: 0,COMMENTED: 0,DECLINED: 0,MERGED: 0,OPENED: 0,RESCOPED: 0,UNAPPROVED: 0,UPDATED: 0,,,
