SPRINT,START_DATE,END_DATE,TICKET,PR_ID,USER,PR_ADDED,PR_REMOVED,COMMIT_ADDED,COMMIT_REMOVED,APPROVED,COMMENTED,DECLINED,MERGED,OPENED,RESCOPED,UNAPPROVED,UPDATED,AUTHOR,COMMENTS,COMMIT_MESSAGES
PP-Gummy Bears,2023/04/04,2023/04/18,HUB-86969,11183,Ashish.Mittal,0,0,0,0,0,0,0,0,0,0,0,0,KRaparthi,,
PP-Gummy Bears,2023/04/04,2023/04/18,HUB-93107,11210,Ashish.Mittal,0,0,0,0,0,0,0,0,0,0,0,0,CBarad,,
PP-Gummy Bears,2023/04/04,2023/04/18,HUB-95262,11176,Ashish.Mittal,0,0,0,0,1,2,0,0,0,0,0,0,XWang,"1. Do we need a null check on `accessToken.getAuthorization().getMetadata().get(TOKEN_METADATA_KEY_EXHIBITOR_ID)` before calling .toString()  to have a graceful error handling instead of NPE?
2. please check if this can be removed and we can rely only on context",
PP-Gummy Bears,2023/04/04,2023/04/18,HUB-95262,11208,Ashish.Mittal,0,0,0,0,0,0,0,0,0,0,0,0,XWang,,
Sprint Totals,,,,,,PR_ADDED: 0,PR_REMOVED: 0,COMMIT_ADDED: 0,COMMIT_REMOVED: 0,APPROVED: 1,COMMENTED: 2,DECLINED: 0,MERGED: 0,OPENED: 0,RESCOPED: 0,UNAPPROVED: 0,UPDATED: 0,,,

PP-Ho Hos,2023/04/18,2023/05/02,HUB-86969,11183,Ashish.Mittal,0,0,0,0,1,0,0,0,0,0,0,0,KRaparthi,,
PP-Ho Hos,2023/04/18,2023/05/02,HUB-93107,11210,Ashish.Mittal,0,0,0,0,0,0,0,0,0,0,0,0,CBarad,,
PP-Ho Hos,2023/04/18,2023/05/02,HUB-95262,11176,Ashish.Mittal,0,0,0,0,0,0,0,0,0,0,0,0,XWang,,
PP-Ho Hos,2023/04/18,2023/05/02,HUB-95262,11208,Ashish.Mittal,0,0,0,0,0,0,0,0,0,0,0,0,XWang,,
PP-Ho Hos,2023/04/18,2023/05/02,HUB-74373,11166,Ashish.Mittal,0,0,0,0,0,0,0,0,0,0,0,0,BRehman,,
PP-Ho Hos,2023/04/18,2023/05/02,HUB-88496,11220,Ashish.Mittal,1261,781,0,0,0,0,0,0,0,0,0,0,Ashish.Mittal,,
PP-Ho Hos,2023/04/18,2023/05/02,HUB-90348,11220,Ashish.Mittal,1261,781,0,0,0,0,0,0,0,0,0,0,Ashish.Mittal,,
PP-Ho Hos,2023/04/18,2023/05/02,HUB-91757,11209,Ashish.Mittal,0,0,0,0,0,0,0,0,0,0,0,0,JBertrand,,
PP-Ho Hos,2023/04/18,2023/05/02,HUB-91757,11220,Ashish.Mittal,1261,781,0,0,0,0,0,0,0,0,0,0,Ashish.Mittal,,
PP-Ho Hos,2023/04/18,2023/05/02,HUB-96990,11208,Ashish.Mittal,0,0,0,0,0,0,0,0,0,0,0,0,XWang,,
PP-Ho Hos,2023/04/18,2023/05/02,PROD-163051,11211,Ashish.Mittal,0,0,0,0,0,0,0,0,0,0,0,0,BRehman,,
Sprint Totals,,,,,,PR_ADDED: 3783,PR_REMOVED: 2343,COMMIT_ADDED: 0,COMMIT_REMOVED: 0,APPROVED: 1,COMMENTED: 0,DECLINED: 0,MERGED: 0,OPENED: 0,RESCOPED: 0,UNAPPROVED: 0,UPDATED: 0,,,

PP-Idli,2023/05/02,2023/05/16,HUB-74373,11166,Ashish.Mittal,0,0,0,0,0,0,0,0,0,0,0,0,BRehman,,
PP-Idli,2023/05/02,2023/05/16,HUB-88496,11220,Ashish.Mittal,1261,781,0,0,0,0,0,1,1,0,0,0,Ashish.Mittal,,
PP-Idli,2023/05/02,2023/05/16,HUB-90348,11220,Ashish.Mittal,1261,781,0,0,0,0,0,0,0,0,0,0,Ashish.Mittal,,
PP-Idli,2023/05/02,2023/05/16,HUB-91757,11209,Ashish.Mittal,0,0,0,0,0,0,0,0,0,0,0,0,JBertrand,,
PP-Idli,2023/05/02,2023/05/16,HUB-91757,11220,Ashish.Mittal,1261,781,0,0,0,0,0,0,0,0,0,0,Ashish.Mittal,,
PP-Idli,2023/05/02,2023/05/16,HUB-96990,11208,Ashish.Mittal,0,0,0,0,0,0,0,0,0,0,0,0,XWang,,
PP-Idli,2023/05/02,2023/05/16,PROD-163051,11211,Ashish.Mittal,0,0,0,0,0,0,0,0,0,0,0,0,BRehman,,
PP-Idli,2023/05/02,2023/05/16,HUB-99138,11240,Ashish.Mittal,127,36,0,0,0,0,0,0,0,0,0,0,Ashish.Mittal,,
PP-Idli,2023/05/02,2023/05/16,PROD-156149,11289,Ashish.Mittal,0,0,0,0,0,0,0,0,0,0,0,0,KRaparthi,,
Sprint Totals,,,,,,PR_ADDED: 3910,PR_REMOVED: 2379,COMMIT_ADDED: 0,COMMIT_REMOVED: 0,APPROVED: 0,COMMENTED: 0,DECLINED: 0,MERGED: 1,OPENED: 1,RESCOPED: 0,UNAPPROVED: 0,UPDATED: 0,,,

PP-Jalapeno Poppers,2023/05/16,2023/05/30,HUB-96963,11255,Ashish.Mittal,69,32,0,0,0,0,0,1,1,0,0,0,Ashish.Mittal,,
PP-Jalapeno Poppers,2023/05/16,2023/05/30,HUB-99138,11240,Ashish.Mittal,127,36,0,0,0,0,0,1,1,0,0,0,Ashish.Mittal,,
PP-Jalapeno Poppers,2023/05/16,2023/05/30,HUB-99146,11255,Ashish.Mittal,69,32,0,0,0,0,0,0,0,0,0,0,Ashish.Mittal,,
PP-Jalapeno Poppers,2023/05/16,2023/05/30,PROD-156149,11289,Ashish.Mittal,0,0,0,0,0,0,0,0,0,0,0,0,KRaparthi,,
PP-Jalapeno Poppers,2023/05/16,2023/05/30,PROD-164078,11272,Ashish.Mittal,27,315,0,0,0,0,0,0,0,0,0,0,Ashish.Mittal,,
PP-Jalapeno Poppers,2023/05/16,2023/05/30,PROD-167232,11265,Ashish.Mittal,0,0,0,0,0,0,0,0,0,0,0,0,JBertrand,,
Sprint Totals,,,,,,PR_ADDED: 292,PR_REMOVED: 415,COMMIT_ADDED: 0,COMMIT_REMOVED: 0,APPROVED: 0,COMMENTED: 0,DECLINED: 0,MERGED: 2,OPENED: 2,RESCOPED: 0,UNAPPROVED: 0,UPDATED: 0,,,

PP-Kit Kat(05/30-06/13),2023/05/30,2023/06/13,PROD-164078,11272,Ashish.Mittal,27,315,0,244,0,0,0,0,0,0,0,0,Ashish.Mittal,,1. HUB-101183: Remove entry of S656
PP-Kit Kat(05/30-06/13),2023/05/30,2023/06/13,HUB-99174,11281,Ashish.Mittal,661,197,0,0,0,0,0,0,0,0,0,0,Ashish.Mittal,,
PP-Kit Kat(05/30-06/13),2023/05/30,2023/06/13,HUB-101852,11271,Ashish.Mittal,0,0,0,0,0,0,0,0,0,0,0,0,MUllah,,
PP-Kit Kat(05/30-06/13),2023/05/30,2023/06/13,PROD-167673,11281,Ashish.Mittal,661,197,0,0,0,0,0,0,0,0,0,0,Ashish.Mittal,,
Sprint Totals,,,,,,PR_ADDED: 1349,PR_REMOVED: 709,COMMIT_ADDED: 0,COMMIT_REMOVED: 244,APPROVED: 0,COMMENTED: 0,DECLINED: 0,MERGED: 0,OPENED: 0,RESCOPED: 0,UNAPPROVED: 0,UPDATED: 0,,,

PP-Lollipop (06/13-06/27),2023/06/13,2023/06/27,HUB-99174,11281,Ashish.Mittal,661,197,10,10,0,0,0,0,1,0,0,0,Ashish.Mittal,,"1. NA-0: Update codeowners for team Krypto
2. Pull request #11262: HUB-100506: Added attendeeActions to create update and handleUserAction API  Merge in APPT/appointments from hub-100506 to master  * commit '8a57d94a235f4a06f9c96da4860c6d76c4d81132':    HUB-100506: Updated javadoc    HUB-100506: Added attendeeActions to create update and handleUserAction API
3. Pull request #11243: HUB-91473: Add support of contact-stub in GDPR search and obfuscate endpoints  Merge in APPT/appointments from hub-91473 to master  * commit '962de5787343b3f0a3d0c29d934cff123e77aac9':    HUB-91473: Updated error message    HUB-91473: We don't support multiple contact in single request, updated request to support single contactStub    HUB-91473: Added empty check on email address    HUB-91473: Added support of contactStubs in GDPR search and obfuscate endpoint
4. Pull request #11261: HUB-100127: Updated visibility to Requestable by default  Merge in APPT/appointments from hub-100127 to master  * commit 'f0b5259fe629c5eb542a8b23dc50c4f928c70944':    HUB-100127: Fixed imports    HUB-100127: Fixed IT to put attendees in group to view other user answers    Update WebSite config tests    [TEST PENDING] HUB-100127: Updated visibility to Requestable by default
5. Merge branch 'master' of ssh://stash.cvent.net:7999/appt/appointments into prod-170457
6. NA-0: Updated version to 2.78.920-SNAPSHOT since nexus already has 2.78.919
7. Pull request #11279: Prod 170457  Merge in APPT/appointments from prod-170457 to master  * commit '35ee83fe9876c2361e5865bbb96bc475b5e3c883':    NA-0: Updated version to 2.78.920-SNAPSHOT since nexus already has 2.78.919    NA-0: Update codeowners for team Krypto    PROD-170457: Added error handling    HUB-170457: Fixed checkstyle    PROD-170457: Updated test to reflect new behaviour where staff is allowed to search for staff of other exhibitors    PROD-170457: Allow booth staff to search staff of other exhibitors    PROD-170457: Booth staff can search for staff of other exhibitors"
PP-Lollipop (06/13-06/27),2023/06/13,2023/06/27,HUB-101852,11271,Ashish.Mittal,0,0,0,0,1,1,0,0,0,0,0,0,MUllah,1. We need it to skip making API calls to universal-webcast service,
PP-Lollipop (06/13-06/27),2023/06/13,2023/06/27,PROD-167232,11265,Ashish.Mittal,0,0,0,0,0,0,0,0,0,0,0,0,JBertrand,,
PP-Lollipop (06/13-06/27),2023/06/13,2023/06/27,PROD-167673,11281,Ashish.Mittal,661,197,0,0,0,0,0,0,0,0,0,0,Ashish.Mittal,,
PP-Lollipop (06/13-06/27),2023/06/13,2023/06/27,PROD-169396,11280,Ashish.Mittal,0,0,0,0,1,0,0,0,0,0,0,0,XWang,,
PP-Lollipop (06/13-06/27),2023/06/13,2023/06/27,HUB-83264,11288,Ashish.Mittal,0,0,0,0,1,1,0,0,0,0,0,0,MUllah,"1. Changes looks fine, but why only a patch upgrade? Should we update to latest version 36.3.1 ?",
PP-Lollipop (06/13-06/27),2023/06/13,2023/06/27,PROD-156149,11289,Ashish.Mittal,0,0,0,0,1,0,0,0,0,0,0,0,KRaparthi,,
Sprint Totals,,,,,,PR_ADDED: 1322,PR_REMOVED: 394,COMMIT_ADDED: 10,COMMIT_REMOVED: 10,APPROVED: 4,COMMENTED: 2,DECLINED: 0,MERGED: 0,OPENED: 1,RESCOPED: 0,UNAPPROVED: 0,UPDATED: 0,,,

Overall Totals,,,,,,PR_ADDED: 10656,PR_REMOVED: 6240,COMMIT_ADDED: 10,COMMIT_REMOVED: 254,APPROVED: 6,COMMENTED: 4,DECLINED: 0,MERGED: 3,OPENED: 4,RESCOPED: 0,UNAPPROVED: 0,UPDATED: 0,,,
