SPRINT,START_DATE,END_DATE,TICKET,PR_ID,USER,PR_ADDED,PR_REMOVED,COMMIT_ADDED,COMMIT_REMOVED,APPROVED,COMMENTED,DECLINED,MERGED,OPENED,RESCOPED,UNAPPROVED,UPDATED,AUTHOR,COMMENTS,COMMIT_MESSAGES
Sprint Hagen Daz,2023/04/11,2023/04/25,HUB-91000,9219,Subratkumar.Sahoo,6017,3983,0,0,0,0,0,0,0,0,0,0,Subratkumar.Sahoo,,
Sprint Totals,,,,,,PR_ADDED: 6017,PR_REMOVED: 3983,COMMIT_ADDED: 0,COMMIT_REMOVED: 0,APPROVED: 0,COMMENTED: 0,DECLINED: 0,MERGED: 0,OPENED: 0,RESCOPED: 0,UNAPPROVED: 0,UPDATED: 0,,,

Sprint Ice Cream,2023/04/25,2023/05/09,HUB-87782,9219,Subratkumar.Sahoo,6017,3983,0,0,0,0,0,0,0,0,0,0,Subratkumar.Sahoo,,
Sprint Ice Cream,2023/04/25,2023/05/09,HUB-91000,9219,Subratkumar.Sahoo,6017,3983,0,0,0,0,0,0,0,0,0,0,Subratkumar.Sahoo,,
Sprint Ice Cream,2023/04/25,2023/05/09,HUB-96475,9219,Subratkumar.Sahoo,6017,3983,0,0,0,0,0,0,0,0,0,0,Subratkumar.Sahoo,,
Sprint Ice Cream,2023/04/25,2023/05/09,HUB-97117,9219,Subratkumar.Sahoo,6017,3983,0,0,0,0,0,0,0,0,0,0,Subratkumar.Sahoo,,
Sprint Totals,,,,,,PR_ADDED: 24068,PR_REMOVED: 15932,COMMIT_ADDED: 0,COMMIT_REMOVED: 0,APPROVED: 0,COMMENTED: 0,DECLINED: 0,MERGED: 0,OPENED: 0,RESCOPED: 0,UNAPPROVED: 0,UPDATED: 0,,,

Wizards - Sprint Jalebi,2023/05/09,2023/05/23,HUB-93092,1481,Subratkumar.Sahoo,0,0,7,0,0,0,0,0,0,0,0,0,Shea.Sullivan,,"1. Merge remote-tracking branch 'origin/master' into downmerge/1.101.0
2. HUB-96417: downmerge release 1.101.0"
Wizards - Sprint Jalebi,2023/05/09,2023/05/23,HUB-93091,240,Subratkumar.Sahoo,0,0,5,0,0,0,0,0,0,0,0,0,SBundale,,"1. HUB-96417: Added release changeset
2. Pull request #219: HUB-96417: phraseapp changes  Merge in AX/language-management from hub-96417-phraseapp to master  * commit '7c4d44d1bea7af0e4a9f1eb555bc3108b83b0881':    HUB-96417: Added release changeset    HUB-96417: phraseapp changes"
Sprint Totals,,,,,,PR_ADDED: 0,PR_REMOVED: 0,COMMIT_ADDED: 12,COMMIT_REMOVED: 0,APPROVED: 0,COMMENTED: 0,DECLINED: 0,MERGED: 0,OPENED: 0,RESCOPED: 0,UNAPPROVED: 0,UPDATED: 0,,,

Wizards - Sprint Muffin,2023/06/20,2023/07/05,HUB-100703,1583,Subratkumar.Sahoo,0,0,39,97,0,0,0,0,0,0,0,0,SSimpson,,"1. CMOBL-152343: Removed `customCardExhibitorAttribution` feature flag
2. Pull request #1564: CMOBL-152343: Removed `customCardExhibitorAttribution` feature flag  Merge in AX/attendee-experience-builder from CMOBL-152343 to develop  * commit '2a2e3eb6e2af7e1d38c6496b85ba9eab522c6e93':    CMOBL-152343: Removed `customCardExhibitorAttribution` feature flag"
Sprint Totals,,,,,,PR_ADDED: 0,PR_REMOVED: 0,COMMIT_ADDED: 39,COMMIT_REMOVED: 97,APPROVED: 0,COMMENTED: 0,DECLINED: 0,MERGED: 0,OPENED: 0,RESCOPED: 0,UNAPPROVED: 0,UPDATED: 0,,,

Overall Totals,,,,,,PR_ADDED: 30085,PR_REMOVED: 19915,COMMIT_ADDED: 51,COMMIT_REMOVED: 97,APPROVED: 0,COMMENTED: 0,DECLINED: 0,MERGED: 0,OPENED: 0,RESCOPED: 0,UNAPPROVED: 0,UPDATED: 0,,,
