SPRINT,START_DATE,END_DATE,TICKET,PR_ID,USER,PR_ADDED,PR_REMOVED,COMMIT_ADDED,COMMIT_REMOVED,APPROVED,COMMENTED,DECLINED,MERGED,OPENED,RESCOPED,UNAPPROVED,UPDATED,AUTHOR,COMMENTS,COMMIT_MESSAGES
Yellow-ish - Gollum,2023/04/06,2023/04/20,HUB-87431,626,Bogdan.Libotean,0,0,0,0,0,0,0,0,0,0,0,0,Alok.Raj,,
Yellow-ish - Gollum,2023/04/06,2023/04/20,WEBINAR-5989,2986,Bogdan.Libotean,0,0,0,0,1,0,0,0,0,0,0,0,SCotewilkins,,
Yellow-ish - Gollum,2023/04/06,2023/04/20,WEBINAR-6465,2986,Bogdan.Libotean,0,0,0,0,0,0,0,0,0,0,0,0,SCotewilkins,,
Yellow-ish - Gollum,2023/04/06,2023/04/20,WEBINAR-6479,9032,Bogdan.Libotean,165,68,219,122,0,4,0,1,1,4,0,1,Bogdan.Libotean,"1. got some UX feedback, updated the screenshots
2. hm yea I'm trying to get it verified by UX rn, looks like it matches the colors of the icons on the right hand side
3. I think it would look better if the background inside the clock was white
4. updated based on UX feedback and screenshots are updates as well","1. WEBINAR-6479: added moods to JoinSessionWatchIcon
2. changeset
3. WEBINAR-6479: fixed lint issues
4. WEBINAR-6479: applied background collor to banner and removed border
5. WEBINAR-6479: applied card styles from useCardStyles"
Yellow-ish - Gollum,2023/04/06,2023/04/20,WEBINAR-6535,3021,Bogdan.Libotean,0,0,1126,427,0,0,0,0,0,0,0,0,MPeters,,"1. WEBINAR-6535: moved alt text selector into a modal
2. WEBINAR-6535: fixed tests
3. WEBINAR-6535: fixed closing the modal
4. Merge branch 'master' into WEBINAR-6535
5. changeset
6. WEBINAR-6535: fixed modal save behaviour
7. WIP"
Yellow-ish - Gollum,2023/04/06,2023/04/20,WEBINAR-6535,2993,Bogdan.Libotean,272,145,0,0,0,3,1,0,1,3,0,0,Bogdan.Libotean,"1. ![image.png](attachment:18208/19878) ![image.png](attachment:18208/19879) ![image.png](attachment:18208/19880) ![image.png](attachment:18208/19881)
2. yea I meant to close this PR, UX has changed for this so I'm re-implementing it, it's a lot cleaner now
3. closing PR as UX has changed so will adjust to the new designs",
Sprint Totals,,,,,,PR_ADDED: 437,PR_REMOVED: 213,COMMIT_ADDED: 1345,COMMIT_REMOVED: 549,APPROVED: 1,COMMENTED: 7,DECLINED: 1,MERGED: 1,OPENED: 2,RESCOPED: 7,UNAPPROVED: 0,UPDATED: 1,,,

Yellow-ish - HolywoodHulkHogan,2023/04/20,2023/05/04,CMOBL-153482,9159,Bogdan.Libotean,0,0,0,0,1,0,0,0,0,0,0,1,LCurtis,,
Yellow-ish - HolywoodHulkHogan,2023/04/20,2023/05/04,HUB-95591,3055,Bogdan.Libotean,0,0,0,0,1,0,0,0,0,0,0,0,LCurtis,,
Yellow-ish - HolywoodHulkHogan,2023/04/20,2023/05/04,WEBINAR-6535,2993,Bogdan.Libotean,272,145,0,0,0,0,0,0,0,0,0,0,Bogdan.Libotean,,
Yellow-ish - HolywoodHulkHogan,2023/04/20,2023/05/04,WEBINAR-7090,93,Bogdan.Libotean,0,0,0,0,1,1,0,0,0,0,0,0,MPeters,1. 💯,
Yellow-ish - HolywoodHulkHogan,2023/04/20,2023/05/04,HUB-63461,1229,Bogdan.Libotean,0,0,0,0,0,0,0,0,0,0,0,0,RMunera,,
Yellow-ish - HolywoodHulkHogan,2023/04/20,2023/05/04,HUB-88431,3509,Bogdan.Libotean,10,5,37,23,0,0,1,1,1,7,0,0,Bogdan.Libotean,,"1. HUB-88431: removed @ts-expect-error
2. downmerge
3. changeset
4. Applied suggestion
5. HUB-88431: fixed import
6. HUB-88431: lowered warning treshhold
7. downmerge
8. Merge branch 'develop' into HUB-88431"
Yellow-ish - HolywoodHulkHogan,2023/04/20,2023/05/04,HUB-88431,3529,Bogdan.Libotean,0,0,0,0,0,0,0,0,0,0,0,0,Subratkumar.Sahoo,,1. Pull request #3509: HUB-88431: removed @ts-expect-error  Merge in AX/attendee-experience-data from HUB-88431 to develop  * commit '2953b24bddabb7575c689f9bdc37d0cc39ee4ca6':    HUB-88431: lowered warning treshhold    HUB-88431: fixed import    Applied suggestion    changeset    HUB-88431: removed @ts-expect-error
Yellow-ish - HolywoodHulkHogan,2023/04/20,2023/05/04,PROD-163525,1238,Bogdan.Libotean,0,0,0,0,0,0,0,0,0,0,0,0,CLeech,,
Yellow-ish - HolywoodHulkHogan,2023/04/20,2023/05/04,WEBINAR-7143,357,Bogdan.Libotean,0,0,0,0,1,0,0,0,0,0,1,1,Alok.Raj,,
Yellow-ish - HolywoodHulkHogan,2023/04/20,2023/05/04,WEBINAR-7143,1280,Bogdan.Libotean,0,0,0,0,1,0,0,0,0,0,0,1,Alok.Raj,,
Yellow-ish - HolywoodHulkHogan,2023/04/20,2023/05/04,WEBINAR-7505,9180,Bogdan.Libotean,276,2,265,23,0,8,0,0,1,3,0,0,Bogdan.Libotean,"1. done
2. gotcha, okay yea I'll remove this prop
3. done
4. done
5. done
6. fixed
7. yea sure I can do that, none of the logic is different in terms of what's rendered just css but technically display:'none' would not render on the UI and that is css so I can add some for sure
8. speaking of which since I made the footer a prop I'm gonna test if that renders too when we pass it in","1. WEBINAR-7505: Implemented Virtual Room Page
2. changeset
3. WEBINAR-7505: moved footer to be prop driven, fixed a couple typos, added video thumbnail as the content
4. Merge branch 'develop' into WEBINAR-7505"
Yellow-ish - HolywoodHulkHogan,2023/04/20,2023/05/04,WEBINAR-7722,885,Bogdan.Libotean,0,0,0,0,0,0,0,0,0,0,0,0,DMcCurry,,
Yellow-ish - HolywoodHulkHogan,2023/04/20,2023/05/04,WEBINAR-7722,2757,Bogdan.Libotean,0,0,0,0,0,0,0,0,0,0,0,0,DMcCurry,,
Sprint Totals,,,,,,PR_ADDED: 558,PR_REMOVED: 152,COMMIT_ADDED: 302,COMMIT_REMOVED: 46,APPROVED: 5,COMMENTED: 9,DECLINED: 1,MERGED: 1,OPENED: 2,RESCOPED: 10,UNAPPROVED: 1,UPDATED: 3,,,

Yellow-ish - Immortan Joe,2023/05/05,2023/05/18,HUB-63461,1229,Bogdan.Libotean,0,0,0,0,1,0,0,0,0,0,0,1,RMunera,,
Yellow-ish - Immortan Joe,2023/05/05,2023/05/18,HUB-88431,3509,Bogdan.Libotean,10,5,0,0,0,0,0,0,0,0,0,0,Bogdan.Libotean,,
Yellow-ish - Immortan Joe,2023/05/05,2023/05/18,HUB-98176,3110,Bogdan.Libotean,20,11,0,0,0,0,0,0,0,0,0,0,Bogdan.Libotean,,
Yellow-ish - Immortan Joe,2023/05/05,2023/05/18,WEBINAR-7143,357,Bogdan.Libotean,0,0,0,0,0,0,0,0,0,0,0,0,Alok.Raj,,
Yellow-ish - Immortan Joe,2023/05/05,2023/05/18,WEBINAR-7143,1280,Bogdan.Libotean,0,0,0,0,0,0,0,0,0,0,0,0,Alok.Raj,,
Yellow-ish - Immortan Joe,2023/05/05,2023/05/18,WEBINAR-7505,9180,Bogdan.Libotean,276,2,21,53,0,1,0,1,0,1,0,0,Bogdan.Libotean,1. done,1. WEBINAR-7505: refacrtor 3 its inside a test into an it.each()
Yellow-ish - Immortan Joe,2023/05/05,2023/05/18,WEBINAR-7722,885,Bogdan.Libotean,0,0,0,0,0,0,0,0,0,0,0,0,DMcCurry,,
Yellow-ish - Immortan Joe,2023/05/05,2023/05/18,WEBINAR-7722,2757,Bogdan.Libotean,0,0,0,0,0,0,0,0,0,0,0,0,DMcCurry,,
Yellow-ish - Immortan Joe,2023/05/05,2023/05/18,HUB-96309,9274,Bogdan.Libotean,138,18,469,345,0,4,0,0,1,3,0,0,Bogdan.Libotean,"1. ~~sure~~ done
2. not 100% familiar with this feature but it looks like this only checks for moderator (and moderator specific roles) https://stash.cvent.net/projects/AX/repos/attendee-experience-web/browse/packages/attendee-experience-web/src/hooks/useSessionDetails.tsx#580 which calls https://stash.cvent.net/projects/AX/repos/attendee-experience-web/browse/packages/attendee-experience-web/src/hooks/useAuthorization.js#28
3. sure can
4. took a second look at the code and it looks like I had it duplicated, only need to define this logic once, I adjusted the code","1. HUB-96309: give spekers/host/moderator the ability to access an attendee's POV for a session
2. HUB-96309: typo
3. HUB-96309: cretaed follow up ticket to write more exshaustive unit tests
4. HUB-96309: typo
5. HUB-96309: changeset
6. HUB-96309: adjusted comment on the featureFlag to inclide the follow up ticket
7. HUB-96309: typo"
Yellow-ish - Immortan Joe,2023/05/05,2023/05/18,HUB-96309,9364,Bogdan.Libotean,11,1,0,0,0,0,0,0,0,0,0,0,Bogdan.Libotean,,
Yellow-ish - Immortan Joe,2023/05/05,2023/05/18,HUB-96309,9387,Bogdan.Libotean,6,3,0,0,0,0,0,0,0,0,0,0,Bogdan.Libotean,,
Yellow-ish - Immortan Joe,2023/05/05,2023/05/18,PROD-163525,1238,Bogdan.Libotean,0,0,0,0,0,0,0,0,0,0,0,0,CLeech,,
Yellow-ish - Immortan Joe,2023/05/05,2023/05/18,WEBINAR-7251,9367,Bogdan.Libotean,0,0,0,0,0,0,0,0,0,0,0,0,Alok.Raj,,
Yellow-ish - Immortan Joe,2023/05/05,2023/05/18,WEBINAR-7251,17826,Bogdan.Libotean,0,0,0,0,0,0,0,0,0,0,0,0,LCurtis,,
Sprint Totals,,,,,,PR_ADDED: 461,PR_REMOVED: 40,COMMIT_ADDED: 490,COMMIT_REMOVED: 398,APPROVED: 1,COMMENTED: 5,DECLINED: 0,MERGED: 1,OPENED: 1,RESCOPED: 4,UNAPPROVED: 0,UPDATED: 1,,,

Yellow-ish - Joker,2023/05/18,2023/06/01,HUB-94719,10764,Bogdan.Libotean,0,0,0,0,1,0,0,0,0,0,0,0,LCurtis,,
Yellow-ish - Joker,2023/05/18,2023/06/01,HUB-96309,9274,Bogdan.Libotean,138,18,12,16,0,0,0,1,0,3,0,0,Bogdan.Libotean,,"1. HUB-96309: downmerge
2. HUB-96309: removed duplicate code check definition  and passed throught props instead
3. Merge branch 'develop' into HUB-96309"
Yellow-ish - Joker,2023/05/18,2023/06/01,HUB-96309,9364,Bogdan.Libotean,11,1,11,1,0,0,0,1,1,1,0,0,Bogdan.Libotean,,"1. HUB-96309: fixed dependency array
2. HUB-96309: changeset"
Yellow-ish - Joker,2023/05/18,2023/06/01,HUB-96309,9387,Bogdan.Libotean,6,3,7,4,0,3,0,1,1,2,0,0,Bogdan.Libotean,"1. removed passing this prop down earlier but not its usage so it was always false
2. fixed both + PR title
3. sure, yea it was discovered during the tce","1. HUB-96309: follow up clean up
2. HUB-96309: Removed usage of a deprecated prop of SessionDetailsCard"
Yellow-ish - Joker,2023/05/18,2023/06/01,HUB-96309,9409,Bogdan.Libotean,0,0,0,0,0,0,0,0,0,0,0,0,TCox,,1. Pull request #9387: HUB-96309: Removed usage of a deprecated prop of SessionDetailsCard  Merge in AX/attendee-experience-web from HUB-96309-b to develop  * commit 'd6666c0c69751c314fac5ac5eb64303351ec8f89':    HUB-96309: Removed usage of a deprecated prop of SessionDetailsCard    HUB-96309: follow up clean up
Yellow-ish - Joker,2023/05/18,2023/06/01,HUB-99629,3555,Bogdan.Libotean,0,0,0,0,1,0,0,0,0,0,0,0,ZDavidson,,
Yellow-ish - Joker,2023/05/18,2023/06/01,HUB-101036,637,Bogdan.Libotean,0,0,0,0,1,0,0,0,0,0,0,0,LCurtis,,
Yellow-ish - Joker,2023/05/18,2023/06/01,PROD-163525,1238,Bogdan.Libotean,0,0,0,0,1,0,0,0,0,0,0,0,CLeech,,
Yellow-ish - Joker,2023/05/18,2023/06/01,PROD-167740,9328,Bogdan.Libotean,0,0,0,0,1,0,0,0,0,0,0,0,MPeters,,
Yellow-ish - Joker,2023/05/18,2023/06/01,HUB-94455,639,Bogdan.Libotean,73,58,55,31,0,0,0,0,1,1,0,0,Bogdan.Libotean,,"1. HUB-94455: upgraded @cvent/sli-nextjs-metrics to mach ax-web version
2. changeset
3. HUB-94455: cleaned up CODEWONERS file
4. HUB-94455: clean up
5. HUB-94455: clean up"
Yellow-ish - Joker,2023/05/18,2023/06/01,HUB-94455,9454,Bogdan.Libotean,6,1,0,0,0,0,0,0,0,0,0,0,Bogdan.Libotean,,
Yellow-ish - Joker,2023/05/18,2023/06/01,HUB-94455,634,Bogdan.Libotean,18,11,18,11,0,0,1,0,1,0,0,0,Bogdan.Libotean,,"1. HUB-94455: upgraded @cvent/sli-nextjs-metrics to mach ax-web version
2. changeset"
Yellow-ish - Joker,2023/05/18,2023/06/01,HUB-97949,638,Bogdan.Libotean,0,0,0,0,1,0,0,0,0,0,0,0,CLeech,,
Yellow-ish - Joker,2023/05/18,2023/06/01,HUB-97949,645,Bogdan.Libotean,0,0,0,0,0,0,0,0,0,0,0,0,LCurtis,,
Yellow-ish - Joker,2023/05/18,2023/06/01,WEBINAR-7251,9367,Bogdan.Libotean,0,0,0,0,0,1,0,0,0,0,0,0,Alok.Raj,1. how come we added these in here?,
Yellow-ish - Joker,2023/05/18,2023/06/01,WEBINAR-7251,17826,Bogdan.Libotean,0,0,0,0,0,0,0,0,0,0,0,0,LCurtis,,
Yellow-ish - Joker,2023/05/18,2023/06/01,WEBINAR-8589,3198,Bogdan.Libotean,0,0,0,0,1,0,0,0,0,0,0,0,LCurtis,,
Sprint Totals,,,,,,PR_ADDED: 252,PR_REMOVED: 92,COMMIT_ADDED: 103,COMMIT_REMOVED: 63,APPROVED: 7,COMMENTED: 4,DECLINED: 1,MERGED: 3,OPENED: 4,RESCOPED: 7,UNAPPROVED: 0,UPDATED: 0,,,

Yellow-ish - Karen,2023/06/02,2023/06/15,HUB-94455,639,Bogdan.Libotean,73,58,28,35,0,2,1,1,0,4,0,0,Bogdan.Libotean,"1. ~~heads up we pass this into `ErrorBoundary` from `cvent/sli-nextjs-metrics` which expects sliData to be of type any ~~  nvm
2. yea you're right, I'll fix it","1. HUB-94455: moved errorBoundryComponent into it's own react component and refactored it as it was using some out of date fucntions
2. Merge branch 'master' into HUB-94455-b
3. HUB-94455: fixed a type
4. Merge branch 'master' into HUB-94455-b"
Yellow-ish - Karen,2023/06/02,2023/06/15,HUB-94455,9454,Bogdan.Libotean,6,1,7,2,0,0,0,1,1,1,0,1,Bogdan.Libotean,,"1. HUB-94455: update enableJoinSessionEarly feature version
2. changeset
3. HUB-94455: moved featureflag to ready for release section"
Yellow-ish - Karen,2023/06/02,2023/06/15,HUB-94455,634,Bogdan.Libotean,18,11,0,0,0,0,0,0,0,0,0,0,Bogdan.Libotean,,
Yellow-ish - Karen,2023/06/02,2023/06/15,HUB-97949,638,Bogdan.Libotean,0,0,0,0,0,0,0,0,0,0,0,0,CLeech,,
Yellow-ish - Karen,2023/06/02,2023/06/15,HUB-97949,645,Bogdan.Libotean,0,0,0,0,1,0,0,0,0,0,0,0,LCurtis,,
Yellow-ish - Karen,2023/06/02,2023/06/15,HUB-102882,9551,Bogdan.Libotean,0,0,0,0,0,0,0,0,0,0,0,0,MGangani,,
Yellow-ish - Karen,2023/06/02,2023/06/15,PROD-166558,9512,Bogdan.Libotean,0,0,0,0,1,0,0,0,0,0,0,0,CLeech,,
Yellow-ish - Karen,2023/06/02,2023/06/15,PROD-166558,9551,Bogdan.Libotean,0,0,0,0,0,0,0,0,0,0,0,0,MGangani,,
Yellow-ish - Karen,2023/06/02,2023/06/15,PROD-166694,3576,Bogdan.Libotean,0,0,0,0,1,0,0,0,0,0,0,1,LCurtis,,
Yellow-ish - Karen,2023/06/02,2023/06/15,WEBINAR-7251,9367,Bogdan.Libotean,0,0,0,0,0,0,0,0,0,0,0,0,Alok.Raj,,
Yellow-ish - Karen,2023/06/02,2023/06/15,WEBINAR-7251,17826,Bogdan.Libotean,0,0,0,0,1,0,0,0,0,0,0,0,LCurtis,,
Yellow-ish - Karen,2023/06/02,2023/06/15,WEBINAR-8589,3198,Bogdan.Libotean,0,0,0,0,0,0,0,0,0,0,0,0,LCurtis,,
Yellow-ish - Karen,2023/06/02,2023/06/15,WEBINAR-9971,9454,Bogdan.Libotean,6,1,0,0,0,0,0,0,0,0,0,0,Bogdan.Libotean,,
Yellow-ish - Karen,2023/06/02,2023/06/15,WEBINAR-9971,9475,Bogdan.Libotean,6,1,6,1,0,0,0,1,1,0,0,0,Bogdan.Libotean,,1. WEBINAR-9971: follow up - changed feature version from 74 to 73
Sprint Totals,,,,,,PR_ADDED: 109,PR_REMOVED: 72,COMMIT_ADDED: 41,COMMIT_REMOVED: 38,APPROVED: 4,COMMENTED: 2,DECLINED: 1,MERGED: 3,OPENED: 2,RESCOPED: 5,UNAPPROVED: 0,UPDATED: 2,,,

Yellow-ish - Lucifer,2023/06/16,2023/06/29,HUB-104073,3616,Bogdan.Libotean,0,0,0,0,1,0,0,0,0,0,0,0,MPeters,,
Yellow-ish - Lucifer,2023/06/16,2023/06/29,HUB-104482,688,Bogdan.Libotean,0,0,0,0,1,0,0,0,0,0,0,1,RMunera,,
Yellow-ish - Lucifer,2023/06/16,2023/06/29,HUB-104490,3623,Bogdan.Libotean,0,0,0,0,1,0,0,0,0,0,0,0,MPeters,,
Yellow-ish - Lucifer,2023/06/16,2023/06/29,PROD-168293,9535,Bogdan.Libotean,41,1,52,12,0,2,0,1,1,4,0,0,Bogdan.Libotean,"1. there isn't another test that is rendering the same thing in this file but I can adjust the other 2 points you have
2. fixed","1. PROD-168293: showing disable join session button for regular attendees for live upcoming far away sessions
2. PROD-168293: typos
3. PROD-168293: added unit test
4. changeset
5. PROD-168293: getting button selector via roles not cvent-data-id
6. Applied suggestion"
Yellow-ish - Lucifer,2023/06/16,2023/06/29,PROD-168570,681,Bogdan.Libotean,92,0,0,0,0,0,0,1,0,1,0,0,Bogdan.Libotean,,1. Merge branch 'master' into PROD-168570
Yellow-ish - Lucifer,2023/06/16,2023/06/29,PROD-168962,1548,Bogdan.Libotean,0,0,0,0,1,0,0,0,0,0,0,1,Alok.Raj,,
Yellow-ish - Lucifer,2023/06/16,2023/06/29,PROD-170128,1257,Bogdan.Libotean,0,0,0,0,0,0,0,0,0,0,0,0,RMunera,,
Yellow-ish - Lucifer,2023/06/16,2023/06/29,PROD-170128,1258,Bogdan.Libotean,0,0,0,0,0,0,0,0,0,0,0,0,RMunera,,
Yellow-ish - Lucifer,2023/06/16,2023/06/29,PROD-170128,1263,Bogdan.Libotean,0,0,0,0,1,0,0,0,0,0,0,1,RMunera,,
Yellow-ish - Lucifer,2023/06/16,2023/06/29,PROD-170128,17849,Bogdan.Libotean,0,0,0,0,0,0,0,0,0,0,0,0,RMunera,,
Yellow-ish - Lucifer,2023/06/16,2023/06/29,PROD-170128,17875,Bogdan.Libotean,0,0,0,0,1,0,0,0,0,0,0,1,RMunera,,
Yellow-ish - Lucifer,2023/06/16,2023/06/29,WEBINAR-6458,9521,Bogdan.Libotean,0,0,0,0,0,0,0,0,0,0,0,0,LCurtis,,
Yellow-ish - Lucifer,2023/06/16,2023/06/29,WEBINAR-6458,9551,Bogdan.Libotean,0,0,0,0,1,0,0,0,0,0,0,0,MGangani,,
Yellow-ish - Lucifer,2023/06/16,2023/06/29,WEBINAR-6461,649,Bogdan.Libotean,0,0,0,0,0,0,0,0,0,0,0,0,LCurtis,,
Yellow-ish - Lucifer,2023/06/16,2023/06/29,WEBINAR-6461,653,Bogdan.Libotean,0,0,0,0,0,0,0,0,0,0,0,0,LCurtis,,
Yellow-ish - Lucifer,2023/06/16,2023/06/29,WEBINAR-7527,3280,Bogdan.Libotean,0,0,0,0,2,1,0,0,0,0,1,1,Alok.Raj,1. could we use translations keys here to get this selector instead of test Ids,
Yellow-ish - Lucifer,2023/06/16,2023/06/29,WEBINAR-7529,3255,Bogdan.Libotean,0,0,0,0,0,0,0,0,0,0,0,0,MPeters,,
Yellow-ish - Lucifer,2023/06/16,2023/06/29,WEBINAR-9208,1623,Bogdan.Libotean,0,0,0,0,1,0,0,0,0,0,0,0,MPeters,,
Yellow-ish - Lucifer,2023/06/16,2023/06/29,WEBINAR-9969,3292,Bogdan.Libotean,0,0,0,0,1,2,0,0,0,0,0,0,ZDavidson,"1. is this right? seems like we are trying to apply a font size to the fontFamily css attribute
2. Hm I think the issue here is that fontFamily expects a string and we pass in a number",
Yellow-ish - Lucifer,2023/06/16,2023/06/29,WEBINAR-10707,9531,Bogdan.Libotean,0,0,0,0,1,1,0,0,0,0,0,0,CLeech,"1. is there a case where this comes back as null / undefined / empty string and we pass that into FooterWithImage, or is this null safe inside FooterWithImage already?",
Yellow-ish - Lucifer,2023/06/16,2023/06/29,WEBINAR-10707,9551,Bogdan.Libotean,0,0,0,0,0,0,0,0,0,0,0,0,MGangani,,
Yellow-ish - Lucifer,2023/06/16,2023/06/29,WEBINAR-10864,9549,Bogdan.Libotean,0,0,0,0,0,4,0,0,0,0,0,0,Alok.Raj,"1. hm looks like we have some duplication here, we have this code https://stash.cvent.net/projects/AX/repos/attendee-experience-web/browse/packages/attendee-experience-web/src/server/eventErrorPageHandling.ts#31-39 which is used https://stash.cvent.net/projects/AX/repos/attendee-experience-web/browse/packages/attendee-experience-web/src/pages/events/%5BeventId%5D/landing.tsx#243
2. I don't think the ordering of this makes sense, by handling isEventInfoError here https://stash.cvent.net/projects/AX/repos/attendee-experience-web/browse/packages/attendee-experience-web/src/pages/events/%5BeventId%5D/landing.tsx#240 it means this code will never get hit https://stash.cvent.net/projects/AX/repos/attendee-experience-web/browse/packages/attendee-experience-web/src/server/eventErrorPageHandling.ts#31-49 because https://stash.cvent.net/projects/AX/repos/attendee-experience-web/browse/packages/attendee-experience-web/src/server/eventErrorPageHandling.ts#27 will always be true
3. right so this ( https://stash.cvent.net/projects/AX/repos/attendee-experience-web/browse/packages/attendee-experience-web/src/pages/events/%5BeventId%5D/landing.tsx#240) will never be true for an archived / unpublished event cause it will never have the error property in eventInfo, I'm wondering if we need to call this here since eventErrorPageHandling() already checks for that / takes care of it, unless we have extra steps in landing.tsx :thinking_face:
4. this makes me wonder if the published error page isn't working either, from the look of this code it doesn't seem like it is",
Yellow-ish - Lucifer,2023/06/16,2023/06/29,WEBINAR-11178,656,Bogdan.Libotean,0,0,0,0,1,0,0,0,0,0,0,0,LCurtis,,
Sprint Totals,,,,,,PR_ADDED: 133,PR_REMOVED: 1,COMMIT_ADDED: 52,COMMIT_REMOVED: 12,APPROVED: 13,COMMENTED: 10,DECLINED: 0,MERGED: 2,OPENED: 1,RESCOPED: 5,UNAPPROVED: 1,UPDATED: 5,,,

Overall Totals,,,,,,PR_ADDED: 1950,PR_REMOVED: 570,COMMIT_ADDED: 2333,COMMIT_REMOVED: 1106,APPROVED: 31,COMMENTED: 37,DECLINED: 4,MERGED: 11,OPENED: 12,RESCOPED: 38,UNAPPROVED: 2,UPDATED: 12,,,
