SPRINT,START_DATE,END_DATE,TICKET,PR_ID,USER,PR_ADDED,PR_REMOVED,COMMIT_ADDED,COMMIT_REMOVED,APPROVED,COMMENTED,DECLINED,MERGED,OPENED,RESCOPED,UNAPPROVED,UPDATED,AUTHOR,COMMENTS,COMMIT_MESSAGES
Quasar: J'23 (May 11- May 24),2023/05/11,2023/05/24,PROD-162137,149410,SSao,0,0,0,0,1,0,0,0,0,0,0,1,SMahale,,
Quasar: J'23 (May 11- May 24),2023/05/11,2023/05/24,PROD-162137,149428,SSao,8944,1056,0,0,0,0,0,1,1,0,0,0,SSao,,
Quasar: J'23 (May 11- May 24),2023/05/11,2023/05/24,PROD-162137,149559,SSao,0,0,30,24,0,0,0,0,0,0,0,0,P.Ahuja,,"1. PROD-167900 | Cross-Site Scripting (XSS) - Events > [Event Name] > General > Event Information
2. PROD-167900 | Cross-Site Scripting (XSS) - Events > [Event Name] > General > Event Information
3. Pull request #149428: Prod  Merge in CVT/c4 from prod to prod-167900  * commit '2a215b4ce6f26ad6e0b9019b661842a94b35af12': (129 commits)    PROD-167316: Commit for PROD-167939 Revert for PROD-167316 Revert ""Pull request #149293: Prod 167316""    PROD-166776: removed from ccid-2566 Revert ""Pull request #149301: [PROD-148017] : Updated the changes for Event Questions tag""    PROD-167352 | Acct_id binding missing in up_cvnt_Event_CopyInvitationDetail    reverting PROD-165245 from ccid-2566 Revert ""Pull request #149226: Ent 27503""    [PROD-148017] : Updated the changes for Event Questions tag    CMOBL-151754: Create new field for OA Settings    PROD-167352: removed from ccid-2566 Revert ""Pull request #149232: PROD-167352 | Acct_id binding missing in up_cvnt_Event_CopyInvitationDetail""    fix a typo    SRC-9166:Update all field lengths to match DB exactly    SRC-9166: Bump Session Desc to max amount of charecters to match DB    WEBINAR-7980: Remove unwanted import    WEBINAR-7980: use ajaxredirect    CSNALL-66510:Add column    WEBINAR-7980: Redirect user if there is conflict    ENT-27503: Added column names which are missed while resolving conflicts.    Revert ""PROD-165245: removed from ccid-2564 Revert ""Pull request #149193: Ent 27503""""    PROD-165245: removed from ccid-2564 Revert ""Pull request #149193: Ent 27503""    PROD-167198: removed from ccid-2564 Revert ""Pull request #149178: Cmobl 153828""    small change    Hubspot flag typo fix    ...
4. Pull request #149462: PROD-157009: Correcting SOA Redis Cache password used in dev/silo environments  Merge in CVT/c4 from prod to prod-167900  * commit '89f7483421e0d288ee518d8061582af25a3f6b65':    PROD-157009: Correcting SOA Redis Cache password used in dev/silo environments"
Quasar: J'23 (May 11- May 24),2023/05/11,2023/05/24,PROD-162137,149599,SSao,0,0,0,0,1,0,0,0,0,0,0,1,VGadhiya,,
Quasar: J'23 (May 11- May 24),2023/05/11,2023/05/24,PROD-162137,149791,SSao,0,0,0,0,0,0,0,0,0,0,0,0,SMahale,,
Quasar: J'23 (May 11- May 24),2023/05/11,2023/05/24,PROD-162137,149792,SSao,0,0,0,0,0,0,0,0,0,0,0,0,SMahale,,
Quasar: J'23 (May 11- May 24),2023/05/11,2023/05/24,PROD-162137,149794,SSao,0,0,0,0,0,0,0,0,0,0,0,0,SMahale,,
Quasar: J'23 (May 11- May 24),2023/05/11,2023/05/24,PROD-162137,150190,SSao,0,0,0,0,0,0,0,0,0,0,0,0,VGadhiya,,
Quasar: J'23 (May 11- May 24),2023/05/11,2023/05/24,WEBINAR-8857,149732,SSao,9372,628,0,0,0,0,0,0,0,0,0,0,SSao,,
Quasar: J'23 (May 11- May 24),2023/05/11,2023/05/24,WEBINAR-8857,150584,SSao,5024,2919,0,0,0,0,0,0,0,0,0,0,SSao,,
Quasar: J'23 (May 11- May 24),2023/05/11,2023/05/24,WEBINAR-8857,150606,SSao,8260,1740,0,0,0,0,0,0,0,0,0,0,SSao,,
Quasar: J'23 (May 11- May 24),2023/05/11,2023/05/24,WEBINAR-8857,150662,SSao,8181,1819,0,0,0,0,0,0,0,0,0,0,SSao,,
Quasar: J'23 (May 11- May 24),2023/05/11,2023/05/24,WEBINAR-8857,150666,SSao,8475,1525,0,0,0,0,0,0,0,0,0,0,SSao,,
Sprint Totals,,,,,,PR_ADDED: 48256,PR_REMOVED: 9687,COMMIT_ADDED: 30,COMMIT_REMOVED: 24,APPROVED: 2,COMMENTED: 0,DECLINED: 0,MERGED: 1,OPENED: 1,RESCOPED: 0,UNAPPROVED: 0,UPDATED: 2,,,

Overall Totals,,,,,,PR_ADDED: 48256,PR_REMOVED: 9687,COMMIT_ADDED: 30,COMMIT_REMOVED: 24,APPROVED: 2,COMMENTED: 0,DECLINED: 0,MERGED: 1,OPENED: 1,RESCOPED: 0,UNAPPROVED: 0,UPDATED: 2,,,
