SPRINT,START_DATE,END_DATE,TICKET,PR_ID,USER,PR_ADDED,PR_REMOVED,COMMIT_ADDED,COMMIT_REMOVED,APPROVED,COMMENTED,DECLINED,MERGED,OPENED,RESCOPED,UNAPPROVED,UPDATED,AUTHOR,COMMENTS,COMMIT_MESSAGES
Q2 2023 - Sprint 2,2023/04/20,2023/05/03,PROD-165057,3486,David.Collins,0,0,0,0,0,0,0,0,0,0,0,0,ABadlia,,1. Pull request #3455: HUB-93605: Infer eventId from metadata instead of argument when fetching attendee profile completion data  Merge in AX/attendee-experience-data from hub-93605 to develop  * commit '17fda7e1951d906d8dd16767ebf770754c5e8e52':    remove optional eventId arg    deprecate existing query and create new one    Update types    HUB-93605: Infer eventId from metadata instead of argument when fetching attendee profile completion data
Sprint Totals,,,,,,PR_ADDED: 0,PR_REMOVED: 0,COMMIT_ADDED: 0,COMMIT_REMOVED: 0,APPROVED: 0,COMMENTED: 0,DECLINED: 0,MERGED: 0,OPENED: 0,RESCOPED: 0,UNAPPROVED: 0,UPDATED: 0,,,

Q2 2023 - Sprint 3,2023/05/04,2023/05/17,HUB-98016,1880,David.Collins,0,0,0,0,1,1,0,0,0,0,0,0,Pratik.Yadav,1. Has this icon already been added to falcon-icons? Otherwise we might get an error,
Q2 2023 - Sprint 3,2023/05/04,2023/05/17,HUB-98016,3546,David.Collins,0,0,18,4,0,0,0,0,0,0,0,0,Shea.Sullivan,,"1. Na-0: Update attendee messaging integration tests to work properly for every environment
2. Pull request #3534: Na-0: Update attendee messaging integration tests to work properly for every environment  Merge in AX/attendee-experience-data from fix-messaging-test-env to develop  * commit '688d358f518ec013f1c3e647a4f1012b8110bae9':    Na-0: Update attendee messaging integration tests to work properly for every environment"
Q2 2023 - Sprint 3,2023/05/04,2023/05/17,HUB-98258,3554,David.Collins,0,0,515,132,0,0,0,0,0,0,0,0,IArgyle,,"1. Merge branch 'develop' of ssh://stash.cvent.net:7999/ax/attendee-experience-data into hub-98072
2. Pull request #3512: HUB-98072: Remove community page from home screen scheduler  Merge in AX/attendee-experience-data from hub-98072 to develop  * commit '02e4ebcba67d86410b1e5276ebeb804f81b5cb1f':    HUB-98072: Remove community page from home screen scheduler
3. HUB-98390: Expose mutations for adding members and leaving group messaging channels
4. Pull request #3541: HUB-98390: Expose mutations for adding members and leaving group messaging channels  Merge in AX/attendee-experience-data from hub-98390 to develop  * commit '061c65d11be2bdea4a10db7581c1f2732cd13ba0':    HUB-98390: Expose mutations for adding members and leaving group messaging channels"
Sprint Totals,,,,,,PR_ADDED: 0,PR_REMOVED: 0,COMMIT_ADDED: 533,COMMIT_REMOVED: 136,APPROVED: 1,COMMENTED: 1,DECLINED: 0,MERGED: 0,OPENED: 0,RESCOPED: 0,UNAPPROVED: 0,UPDATED: 0,,,

Q2 2023 - Sprint 4,2023/05/18,2023/05/31,HUB-81906,800,David.Collins,0,0,1942,1152,0,0,0,0,0,0,0,0,SBundale,,"1. HUB-99293: Expose endpoint for sending messaging notification
2. PROD-167423: Allowing deleting schedule notification which has NOT_SENT status
3. PROD-167423: Allowing deleting schedule notification which has NOT_SENT status
4. HUB-98833: expose get, save, delete endpoints for attendee push tokens  RELEASE: notifications@1.4.2   PROD-167423: added UTs
5. RELEASE: notifications@1.4.3
6. Merge branch 'master' of ssh://stash.cvent.net:7999/fal/notifications into hub-99293-2  # Conflicts:  #	pom.xml
7. fix conflicts
8. Merge branch 'master' of ssh://stash.cvent.net:7999/fal/notifications into hub-99293-2  # Conflicts:  #	pom.xml
9. update messagingnotification object, remove unneccessary batch props
10. Merge branch 'master' of ssh://stash.cvent.net:7999/fal/notifications into hub-99293-2  # Conflicts:  #	pom.xml
11. Fix ITs
12. remove unused props from returned batch
13. Fix configs"
Q2 2023 - Sprint 4,2023/05/18,2023/05/31,HUB-97864,1495,David.Collins,0,0,63,75,0,0,0,0,0,0,0,0,JMcGough,,1. fix lockfile
Q2 2023 - Sprint 4,2023/05/18,2023/05/31,HUB-98327,1884,David.Collins,0,0,0,0,1,0,0,0,0,0,0,0,Pratik.Yadav,,
Q2 2023 - Sprint 4,2023/05/18,2023/05/31,PROD-167423,768,David.Collins,847,71,0,0,0,12,0,0,1,5,0,0,David.Collins,"1. No I do not think we need it in this case then
2. yeah that was copied over and can be removed
3. Do not merge until openapi specs have been merged and brought in
4. In that case I do not think it would be necessary to store notifications here with planner-side notifications
5. This endpoint will be called by a lambda which will be interfacing with stream. As stream messages come in they will not contain the account-id of the event in the metadata but it will have the account mapping id. Slack convo for more context: https://cvent.slack.com/archives/C011D5D1Z39/p1684351948452969
6. Yeah that would make sense
7. Since we are not storing it in notification-service db then I suppose not, could use sender and target as identifiers here instead for troubleshooting
8. We are using it as a subidentifier in the returned batch object though so might be good to keep in
9. ~~For 1:1 messaging, we are not able to discern the stream channel id from and passed in UUIDs so I thought passing it here would help, but after discussion with @""Vidul.Kumar"" we will move this to `linkedContent` instead~~ We will still need to pass this here I believe as we need to send this channel id to pubnub so that the app knows which messaging channel to load when clicking on the notification
10. On further looking into this, I think we should keep this here because it doesn't look like the LinkedContent is inserted anywhere else in the batch object and that channel id will be needed by the mobile app to link back to the messaging channel where the notification came from
11. In the case can we also remove the `setEmailTemplateCallBackUrl` in this function as well?
12. Is there a reason none of these ITs are run in CI? Seems to skip them all when trying to run locally as well?",
Sprint Totals,,,,,,PR_ADDED: 847,PR_REMOVED: 71,COMMIT_ADDED: 2005,COMMIT_REMOVED: 1227,APPROVED: 1,COMMENTED: 12,DECLINED: 0,MERGED: 0,OPENED: 1,RESCOPED: 5,UNAPPROVED: 0,UPDATED: 0,,,

Q2 2023 - Sprint 5,2023/06/01,2023/06/14,HUB-93099,800,David.Collins,0,0,143,71,0,0,0,0,0,0,0,0,SBundale,,"1. Set template object
2. clean up
3. Include basic datatags data which is required by messaging-api
4. Update openapi spec version
5. Merge branch 'master' of ssh://stash.cvent.net:7999/fal/notifications into hub-99293-2  # Conflicts:  #	pom.xml
6. Add role to endpoint
7. Pull request #768: HUB-99293: Expose endpoint for sending messaging notification  Merge in FAL/notifications from hub-99293-2 to master  * commit 'e6eb4ae0a97281666cc7d6643d4cc5212fb00ce6':    Add role to endpoint    Update openapi spec version    Include basic datatags data which is required by messaging-api    clean up    Set template object    Fix configs    remove unused props from returned batch    Fix ITs    update messagingnotification object, remove unneccessary batch props    fix conflicts    RELEASE: notifications@1.4.3    HUB-98833: expose get, save, delete endpoints for attendee push tokens    PROD-167423: Allowing deleting schedule notification which has NOT_SENT status    PROD-167423: Allowing deleting schedule notification which has NOT_SENT status    HUB-99293: Expose endpoint for sending messaging notification"
Q2 2023 - Sprint 5,2023/06/01,2023/06/14,PROD-167883,3593,David.Collins,0,0,116,5,0,0,0,0,0,0,0,0,GStarr,,"1. HUB-102703: Fix check for field compleition when field contains object with all empty values
2. lint fix
3. fix typo
4. Pull request #3589: HUB-102703: Fix check for field compleition when field contains object with all empty values  Merge in AX/attendee-experience-data from hub-102703 to develop  * commit '7f9ad0af31c5c77462b0ce6cf5122cb7573e9ec1':    fix typo    lint fix    HUB-102703: Fix check for field compleition when field contains object with all empty values"
Sprint Totals,,,,,,PR_ADDED: 0,PR_REMOVED: 0,COMMIT_ADDED: 259,COMMIT_REMOVED: 76,APPROVED: 0,COMMENTED: 0,DECLINED: 0,MERGED: 0,OPENED: 0,RESCOPED: 0,UNAPPROVED: 0,UPDATED: 0,,,

Q2 2023 - Sprint 6,2023/06/15,2023/06/28,HUB-99210,3635,David.Collins,0,0,10,2,0,0,0,0,0,0,0,0,SSimpson,,1. compile types
Sprint Totals,,,,,,PR_ADDED: 0,PR_REMOVED: 0,COMMIT_ADDED: 10,COMMIT_REMOVED: 2,APPROVED: 0,COMMENTED: 0,DECLINED: 0,MERGED: 0,OPENED: 0,RESCOPED: 0,UNAPPROVED: 0,UPDATED: 0,,,

Overall Totals,,,,,,PR_ADDED: 847,PR_REMOVED: 71,COMMIT_ADDED: 2807,COMMIT_REMOVED: 1441,APPROVED: 2,COMMENTED: 13,DECLINED: 0,MERGED: 0,OPENED: 1,RESCOPED: 5,UNAPPROVED: 0,UPDATED: 0,,,
