SPRINT,START_DATE,END_DATE,TICKET,PR_ID,USER,PR_ADDED,PR_REMOVED,COMMIT_ADDED,COMMIT_REMOVED,APPROVED,COMMENTED,DECLINED,MERGED,OPENED,RESCOPED,UNAPPROVED,UPDATED,AUTHOR,COMMENTS,COMMIT_MESSAGES
Snx-Haaldersbroekerdwarsstraat,2023/04/13,2023/04/26,HUB-75721,1443,ABadlia,0,0,0,0,0,0,0,0,0,0,0,0,Vivek.Bharti,,
Snx-Haaldersbroekerdwarsstraat,2023/04/13,2023/04/26,HUB-75721,1441,ABadlia,4925,864,0,0,0,0,0,0,0,0,0,0,ABadlia,,
Snx-Haaldersbroekerdwarsstraat,2023/04/13,2023/04/26,HUB-75721,1442,ABadlia,4925,864,0,0,0,0,0,0,0,0,0,0,ABadlia,,
Snx-Haaldersbroekerdwarsstraat,2023/04/13,2023/04/26,HUB-85544,3486,ABadlia,4348,1267,0,0,0,0,0,0,0,0,0,0,ABadlia,,
Snx-Haaldersbroekerdwarsstraat,2023/04/13,2023/04/26,HUB-89725,9139,ABadlia,6309,3691,0,0,0,0,0,0,0,0,0,0,ABadlia,,
Snx-Haaldersbroekerdwarsstraat,2023/04/13,2023/04/26,HUB-91553,9139,ABadlia,6309,3691,0,0,0,0,0,0,0,0,0,0,ABadlia,,
Snx-Haaldersbroekerdwarsstraat,2023/04/13,2023/04/26,HUB-91554,1443,ABadlia,0,0,0,0,0,0,0,0,0,0,0,0,Vivek.Bharti,,
Snx-Haaldersbroekerdwarsstraat,2023/04/13,2023/04/26,HUB-91554,1441,ABadlia,4925,864,0,0,0,0,0,0,0,0,0,0,ABadlia,,
Snx-Haaldersbroekerdwarsstraat,2023/04/13,2023/04/26,HUB-91554,1442,ABadlia,4925,864,0,0,0,0,0,0,0,0,0,0,ABadlia,,
Snx-Haaldersbroekerdwarsstraat,2023/04/13,2023/04/26,HUB-91612,9139,ABadlia,6309,3691,0,0,0,0,0,0,0,0,0,0,ABadlia,,
Snx-Haaldersbroekerdwarsstraat,2023/04/13,2023/04/26,HUB-92482,3486,ABadlia,4348,1267,0,0,0,0,0,0,0,0,0,0,ABadlia,,
Snx-Haaldersbroekerdwarsstraat,2023/04/13,2023/04/26,HUB-92740,9139,ABadlia,6309,3691,0,0,0,0,0,0,0,0,0,0,ABadlia,,
Snx-Haaldersbroekerdwarsstraat,2023/04/13,2023/04/26,HUB-94831,9139,ABadlia,6309,3691,0,0,0,0,0,0,0,0,0,0,ABadlia,,
Snx-Haaldersbroekerdwarsstraat,2023/04/13,2023/04/26,HUB-94833,9139,ABadlia,6309,3691,0,0,0,0,0,0,0,0,0,0,ABadlia,,
Snx-Haaldersbroekerdwarsstraat,2023/04/13,2023/04/26,HUB-95589,3486,ABadlia,4348,1267,0,0,0,0,0,0,0,0,0,0,ABadlia,,
Snx-Haaldersbroekerdwarsstraat,2023/04/13,2023/04/26,HUB-95884,9139,ABadlia,6309,3691,0,0,0,0,0,0,0,0,0,0,ABadlia,,
Snx-Haaldersbroekerdwarsstraat,2023/04/13,2023/04/26,HUB-95596,3486,ABadlia,4348,1267,0,0,0,0,0,0,0,0,0,0,ABadlia,,
Sprint Totals,,,,,,PR_ADDED: 81255,PR_REMOVED: 34361,COMMIT_ADDED: 0,COMMIT_REMOVED: 0,APPROVED: 0,COMMENTED: 0,DECLINED: 0,MERGED: 0,OPENED: 0,RESCOPED: 0,UNAPPROVED: 0,UPDATED: 0,,,

Snax - Idiotville (4/27-5/10),2023/04/27,2023/05/10,HUB-95596,3486,ABadlia,4348,1267,0,0,0,0,0,1,0,0,0,0,ABadlia,,
Sprint Totals,,,,,,PR_ADDED: 4348,PR_REMOVED: 1267,COMMIT_ADDED: 0,COMMIT_REMOVED: 0,APPROVED: 0,COMMENTED: 0,DECLINED: 0,MERGED: 1,OPENED: 0,RESCOPED: 0,UNAPPROVED: 0,UPDATED: 0,,,

Snax - Jerrys Nose (5/11-5/24),2023/05/11,2023/05/25,HUB-50072,9293,ABadlia,0,0,0,0,0,0,0,0,0,0,0,0,Shea.Sullivan,,1. Pull request #9285: PROD-167412 | max cookie limit for locale  Merge in AX/attendee-experience-web from PROD-167412 to develop  * commit '136419d3db5859ead536110c6d1c0e00e385ae33':    PROD-167412: fix UT's    PROD-167412 | Update unit test    PROD-167412 | changeset max cookie limit for locale
Sprint Totals,,,,,,PR_ADDED: 0,PR_REMOVED: 0,COMMIT_ADDED: 0,COMMIT_REMOVED: 0,APPROVED: 0,COMMENTED: 0,DECLINED: 0,MERGED: 0,OPENED: 0,RESCOPED: 0,UNAPPROVED: 0,UPDATED: 0,,,

Overall Totals,,,,,,PR_ADDED: 85603,PR_REMOVED: 35628,COMMIT_ADDED: 0,COMMIT_REMOVED: 0,APPROVED: 0,COMMENTED: 0,DECLINED: 0,MERGED: 1,OPENED: 0,RESCOPED: 0,UNAPPROVED: 0,UPDATED: 0,,,
