SPRINT,START_DATE,END_DATE,TICKET,PR_ID,USER,PR_ADDED,PR_REMOVED,COMMIT_ADDED,COMMIT_REMOVED,APPROVED,COMMENTED,DECLINED,MERGED,OPENED,RESCOPED,UNAPPROVED,UPDATED,AUTHOR,COMMENTS,COMMIT_MESSAGES
Quasar: H'23 (Apr 13- Apr 26),2023/04/13,2023/04/26,CINT-24586,1334,SSimpson,0,0,0,0,1,0,0,0,0,0,0,0,A.Bawa,,
Quasar: H'23 (Apr 13- Apr 26),2023/04/13,2023/04/26,CINT-24586,1337,SSimpson,0,0,0,0,1,0,0,0,0,0,0,0,Sukhpreet.Singh,,
Quasar: H'23 (Apr 13- Apr 26),2023/04/13,2023/04/26,CINT-24678,1334,SSimpson,0,0,0,0,0,0,0,0,0,0,0,0,A.Bawa,,
Quasar: H'23 (Apr 13- Apr 26),2023/04/13,2023/04/26,CINT-24678,1337,SSimpson,0,0,0,0,0,0,0,0,0,0,0,0,Sukhpreet.Singh,,
Quasar: H'23 (Apr 13- Apr 26),2023/04/13,2023/04/26,CINT-24682,1320,SSimpson,0,0,0,0,0,0,0,0,0,0,0,0,Vandana.Yadav,,
Quasar: H'23 (Apr 13- Apr 26),2023/04/13,2023/04/26,CINT-24682,1321,SSimpson,0,0,0,0,0,0,0,0,0,0,0,0,BKaster,,
Quasar: H'23 (Apr 13- Apr 26),2023/04/13,2023/04/26,CINT-24682,1337,SSimpson,0,0,0,0,0,0,0,0,0,0,0,0,Sukhpreet.Singh,,
Quasar: H'23 (Apr 13- Apr 26),2023/04/13,2023/04/26,WEBINAR-5649,9082,SSimpson,0,0,0,0,1,7,0,0,0,0,0,0,Sukhpreet.Singh,"1. Do you only want to do this for hosts?
2. Probably should tighten this up in case that logic changes
3. No, we would want to display the overlay in that case
4. Unit test?
5. Don't we need to check for ""host"" role as well.?.? Is this working correctly for non-hosts?
6. Should test the same solution type, yeah.?.?  ```suggestion            solutionType={SolutionType.EMBEDDED_CVC}            onJoinVirtualRoomComplete={mockOnJoinVirtualRoomComplete}  ```
7. Sweet, one less condition!",
Quasar: H'23 (Apr 13- Apr 26),2023/04/13,2023/04/26,WEBINAR-5649,9139,SSimpson,0,0,0,0,0,0,0,0,0,0,0,0,ABadlia,,"1. Pull request #9132: PROD-166009: updated attendee profile route for internal link custom cards  Merge in AX/attendee-experience-web from bugfix/PROD-166009 to release/2.13.0  * commit '13d51674f6a06f1900554e3f3ced7c13b827ed67':    PROD-166009: updated attendee profile route for internal link custom cards
2. Pull request #9135: HUB-96602: Set DD RUM defaultPrivacyLevel config value to mask-user-input  Merge in AX/attendee-experience-web from HUB-96602-release to release/2.13.0  * commit 'bc0da467df4904b204c2b709db0cfaa64614c466':    HUB-96602: Set DD RUM defaultPrivacyLevel config value to mask-user-input"
Quasar: H'23 (Apr 13- Apr 26),2023/04/13,2023/04/26,WEBINAR-5649,9022,SSimpson,0,0,0,0,0,0,0,0,0,0,0,0,Piyush.Garg,,
Quasar: H'23 (Apr 13- Apr 26),2023/04/13,2023/04/26,WEBINAR-5850,9022,SSimpson,0,0,0,0,0,0,0,0,0,0,0,0,Piyush.Garg,,
Quasar: H'23 (Apr 13- Apr 26),2023/04/13,2023/04/26,WEBINAR-6104,1326,SSimpson,0,0,0,0,1,0,0,0,0,0,0,0,Gaurav.Kansal,,
Quasar: H'23 (Apr 13- Apr 26),2023/04/13,2023/04/26,WEBINAR-6104,1337,SSimpson,0,0,0,0,0,0,0,0,0,0,0,0,Sukhpreet.Singh,,
Quasar: H'23 (Apr 13- Apr 26),2023/04/13,2023/04/26,WEBINAR-6104,9027,SSimpson,0,0,0,0,1,4,0,0,0,0,0,0,Gaurav.Kansal,"1. A bit confused about what is happening here. Why are we feeding this into Cwitch? Looks like we are already sending recording status.  What is the purpose of `recordingLabelHeightAdjust`? At least, needs to be documented
2. As mentioned in my earlier comment, what is this doing exactly? What is the problem you are trying to solve?
3. Instead of passing a specific pixel value, I'd suggest to pass logic to determine if the timer overlay is being displayed. As mentioned earlier, the recording status is already being passed to cwitch
4. Should we log a ticket to refactor this?",
Quasar: H'23 (Apr 13- Apr 26),2023/04/13,2023/04/26,WEBINAR-6104,9139,SSimpson,0,0,0,0,0,0,0,0,0,0,0,0,ABadlia,,
Quasar: H'23 (Apr 13- Apr 26),2023/04/13,2023/04/26,WEBINAR-6104,9152,SSimpson,0,0,0,0,0,0,0,0,0,0,0,0,Vivek.Bharti,,
Quasar: H'23 (Apr 13- Apr 26),2023/04/13,2023/04/26,WEBINAR-6230,9021,SSimpson,0,0,0,0,1,2,0,0,0,0,0,0,Deepak.Goyal,"1. It's a maintenance point if someone changes the text
2. Umm, you just added the same dependency on text here",
Quasar: H'23 (Apr 13- Apr 26),2023/04/13,2023/04/26,WEBINAR-6230,9177,SSimpson,0,0,0,0,0,0,0,0,0,0,0,0,BRehman,,
Quasar: H'23 (Apr 13- Apr 26),2023/04/13,2023/04/26,WEBINAR-6552,1337,SSimpson,0,0,0,0,0,0,0,0,0,0,0,0,Sukhpreet.Singh,,
Quasar: H'23 (Apr 13- Apr 26),2023/04/13,2023/04/26,WEBINAR-6552,1340,SSimpson,0,0,0,0,1,0,0,0,0,0,0,0,Sukhpreet.Singh,,
Quasar: H'23 (Apr 13- Apr 26),2023/04/13,2023/04/26,WEBINAR-6554,1342,SSimpson,0,0,0,0,1,4,0,0,0,0,1,0,Divyam.Kaushik,"1. ```suggestion  WEBINAR-6554: Update IVS Deactivation flow for Embedded CVC  ```
2. This doesn't look correct...shouldn't this be sessionEndTime plus 30 minutes for 'Embedded CVC'. This shouldn't change for other solutions. Can you add an 'Embedded CVC' specific test?
3. I think you can just return `null` here and the existing scheduled task (end + 30 mins) won't be modified
4. Correct. By default, the deactivation callback is scheduled for session end + 30 mins. As mentioned in the wiki, I would just skip rescheduling the callback and leave it to the default",
Quasar: H'23 (Apr 13- Apr 26),2023/04/13,2023/04/26,WEBINAR-6554,1352,SSimpson,0,0,0,0,0,0,0,0,0,0,0,0,A.Bawa,,
Quasar: H'23 (Apr 13- Apr 26),2023/04/13,2023/04/26,WEBINAR-6554,1360,SSimpson,0,0,0,0,0,0,0,0,0,0,0,0,LCarrero,,
Quasar: H'23 (Apr 13- Apr 26),2023/04/13,2023/04/26,WEBINAR-9804,1338,SSimpson,0,0,0,0,1,1,0,0,0,0,0,0,Anshul.Yadav,1. ```suggestion       * Generates and returns server-to-server auth for calling Zoom  ```,
Quasar: H'23 (Apr 13- Apr 26),2023/04/13,2023/04/26,WEBINAR-3011,9258,SSimpson,0,0,0,0,0,0,0,0,0,0,0,0,Anshul.Yadav,,
Quasar: H'23 (Apr 13- Apr 26),2023/04/13,2023/04/26,WEBINAR-7016,9043,SSimpson,0,0,0,0,0,0,0,0,0,0,0,0,Anshul.Yadav,,
Sprint Totals,,,,,,PR_ADDED: 0,PR_REMOVED: 0,COMMIT_ADDED: 0,COMMIT_REMOVED: 0,APPROVED: 9,COMMENTED: 18,DECLINED: 0,MERGED: 0,OPENED: 0,RESCOPED: 0,UNAPPROVED: 1,UPDATED: 0,,,

Quasar: I'23 (Apr 27- May 10),2023/04/27,2023/05/10,CINT-25054,1353,SSimpson,0,0,0,0,1,2,0,0,0,0,0,0,A.Bawa,"1. This is a public service method, so you should resolve any passed environment with the service's default. Use the `resolveEnvironment` helper method
2. Well, that is a true statement when access persistent storage. I'm not sure that this `getAccountId` does...it should probably support an optional environment as well",
Quasar: I'23 (Apr 27- May 10),2023/04/27,2023/05/10,WEBINAR-9801,1347,SSimpson,0,0,0,0,1,0,0,0,0,0,0,0,A.Bawa,,
Quasar: I'23 (Apr 27- May 10),2023/04/27,2023/05/10,WEBINAR-9801,1352,SSimpson,0,0,0,0,1,0,0,0,0,0,0,0,A.Bawa,,
Quasar: I'23 (Apr 27- May 10),2023/04/27,2023/05/10,WEBINAR-9801,1360,SSimpson,0,0,0,0,0,0,0,0,0,0,0,0,LCarrero,,
Quasar: I'23 (Apr 27- May 10),2023/04/27,2023/05/10,WEBINAR-9806,1346,SSimpson,0,0,0,0,1,0,0,0,0,0,0,0,Anshul.Yadav,,
Quasar: I'23 (Apr 27- May 10),2023/04/27,2023/05/10,WEBINAR-9806,1352,SSimpson,0,0,0,0,0,0,0,0,0,0,0,0,A.Bawa,,
Quasar: I'23 (Apr 27- May 10),2023/04/27,2023/05/10,WEBINAR-9808,58,SSimpson,0,0,0,0,1,2,0,0,0,0,0,0,Sukhpreet.Singh,"1. ```suggestion      // Need SSM permission for video-notification-lambda to also access secrets in parameter store      // as the credentials are used as part of Zoom's webhook endpoint validation  ```
2. ```suggestion        // Server to server app is utilizing basic auth, so it will differentiate  ```",
Quasar: I'23 (Apr 27- May 10),2023/04/27,2023/05/10,WEBINAR-10655,1343,SSimpson,0,0,0,0,0,0,0,0,0,0,0,0,Piyush.Garg,,
Quasar: I'23 (Apr 27- May 10),2023/04/27,2023/05/10,WEBINAR-10655,1344,SSimpson,0,0,0,0,1,1,0,0,0,0,0,0,Piyush.Garg,"1. For a hotfix, you can just rev the patch. Either way, not a big deal. Multiple `minor` changesets are normalized to one",
Quasar: I'23 (Apr 27- May 10),2023/04/27,2023/05/10,WEBINAR-10656,1343,SSimpson,0,0,0,0,0,0,0,0,0,0,0,0,Piyush.Garg,,
Quasar: I'23 (Apr 27- May 10),2023/04/27,2023/05/10,WEBINAR-10656,1344,SSimpson,0,0,0,0,0,0,0,0,0,0,0,0,Piyush.Garg,,
Quasar: I'23 (Apr 27- May 10),2023/04/27,2023/05/10,WEBINAR-3011,9258,SSimpson,0,0,0,0,0,0,0,0,0,0,0,0,Anshul.Yadav,,
Quasar: I'23 (Apr 27- May 10),2023/04/27,2023/05/10,WEBINAR-7016,9043,SSimpson,0,0,0,0,0,0,0,0,0,0,0,0,Anshul.Yadav,,
Sprint Totals,,,,,,PR_ADDED: 0,PR_REMOVED: 0,COMMIT_ADDED: 0,COMMIT_REMOVED: 0,APPROVED: 6,COMMENTED: 5,DECLINED: 0,MERGED: 0,OPENED: 0,RESCOPED: 0,UNAPPROVED: 0,UPDATED: 0,,,

Quasar: J'23 (May 11- May 24),2023/05/11,2023/05/24,WEBINAR-7920,9359,SSimpson,0,0,0,0,1,0,0,0,0,0,0,0,Anshul.Yadav,,
Quasar: J'23 (May 11- May 24),2023/05/11,2023/05/24,WEBINAR-8119,1352,SSimpson,0,0,0,0,0,0,0,0,0,0,0,0,A.Bawa,,
Quasar: J'23 (May 11- May 24),2023/05/11,2023/05/24,WEBINAR-8119,1360,SSimpson,0,0,0,0,1,0,0,0,0,0,0,0,LCarrero,,1. Pull request #1359: PROD-167810: Continue deactivation flow if call to stop stream fails with channel not broadcasting error  Merge in API/universal-webcast from hotfix/PROD-167810 to master  * commit '2aeeb97190b7981af9b554330d988af4219218f3':    RELEASE: universal-webcast@1.36.2    PROD-167810: Continue deactivation flow if call to stop stream fails with channel not broadcasting error
Quasar: J'23 (May 11- May 24),2023/05/11,2023/05/24,WEBINAR-8859,9292,SSimpson,0,0,0,0,1,0,0,0,0,0,0,0,Piyush.Garg,,
Quasar: J'23 (May 11- May 24),2023/05/11,2023/05/24,WEBINAR-8859,9409,SSimpson,0,0,0,0,0,0,0,0,0,0,0,0,TCox,,
Quasar: J'23 (May 11- May 24),2023/05/11,2023/05/24,WEBINAR-3011,9258,SSimpson,0,0,0,0,1,1,0,0,0,0,0,0,Anshul.Yadav,1. Fix before merging,
Quasar: J'23 (May 11- May 24),2023/05/11,2023/05/24,WEBINAR-10952,1365,SSimpson,0,0,0,0,0,0,0,0,0,0,0,0,ADhaliwal,,
Sprint Totals,,,,,,PR_ADDED: 0,PR_REMOVED: 0,COMMIT_ADDED: 0,COMMIT_REMOVED: 0,APPROVED: 4,COMMENTED: 1,DECLINED: 0,MERGED: 0,OPENED: 0,RESCOPED: 0,UNAPPROVED: 0,UPDATED: 0,,,

Quasar: K'23 (May 25- Jun 07,2023/05/25,2023/06/07,WEBINAR-614,9401,SSimpson,0,0,0,0,1,0,0,0,0,0,0,0,Sukhpreet.Singh,,
Quasar: K'23 (May 25- Jun 07,2023/05/25,2023/06/07,WEBINAR-614,9432,SSimpson,0,0,0,0,1,3,0,0,0,0,0,0,Sukhpreet.Singh,"1. I'm curious: Is this the action for which we move a participant between Chime meetings? (I forget the terminology...)
2. So, moving between Chime meetings is a different process...after this one completes. Is that correct?
3. Yup, that's the one",
Quasar: K'23 (May 25- Jun 07,2023/05/25,2023/06/07,WEBINAR-614,9507,SSimpson,0,0,0,0,0,0,0,0,0,0,0,0,GStarr,,
Quasar: K'23 (May 25- Jun 07,2023/05/25,2023/06/07,WEBINAR-9372,9401,SSimpson,0,0,0,0,0,0,0,0,0,0,0,0,Sukhpreet.Singh,,
Quasar: K'23 (May 25- Jun 07,2023/05/25,2023/06/07,WEBINAR-9372,9507,SSimpson,0,0,0,0,0,0,0,0,0,0,0,0,GStarr,,
Quasar: K'23 (May 25- Jun 07,2023/05/25,2023/06/07,WEBINAR-9614,104,SSimpson,0,0,0,0,1,6,0,0,0,0,0,0,Divyam.Kaushik,"1. ```suggestion  WEBINAR-9614: Added Application Account Id and account type grant  ```
2. Why do we need to add this additional data? The linked wiki has too much obsolete information, so it's not clear
3. What account id is this? Cvent, 3rd party or what?
4. Can you provide more information? We are trying to keep this service generic. What account id is this? Cvent, 3rd party or what?
5. ok, that makes sense...I'll propose some new wording
6. ```suggestion       * @return Vendor's account id associated with the application  ```",
Quasar: K'23 (May 25- Jun 07,2023/05/25,2023/06/07,WEBINAR-9615,105,SSimpson,0,0,0,0,1,7,0,0,0,0,0,0,A.Bawa,"1. Should we leave the `authorization_code` flow in case we need it?
2. Remove?
3. It's been a long time since I've been in this code, but I'm pretty sure this is already handled generically when you pass a particular query parameter
4. Not sure I follow. The ""refresh authorization"" in this case would be to roll over to the new index. We'd need to update the validation logic you identified above to include the expiration window.  From my recollection, that would be the more general approach as opposed to adding this custom logic to the adapter layer. Thoughts?
5. That is not the recommended approach. You should store the `authorizationId` somewhere.  This is already setup in the `universal-webcast` service. Here is the helper class: https://stash.cvent.net/projects/API/repos/universal-webcast/browse/universal-webcast-service/src/main/java/com/cvent/universalwebcast/services/wax/OauthProxyService.java#36  For Brightcove, we always call `getAuthorization` with a `REFRESH` action because their tokens are short lived.  As mentioned earlier, I'd recommend calling `getAuthorization` with a `VALIDATE` action to refresh (or rollover to the next index) when the expiration is approaching
6. Should add logic here to rollover to the next index as well
7. ok, sounds good!",
Quasar: K'23 (May 25- Jun 07,2023/05/25,2023/06/07,WEBINAR-9616,59,SSimpson,0,0,0,0,1,1,0,0,0,0,0,0,Sukhpreet.Singh,1. Intentional?,
Quasar: K'23 (May 25- Jun 07,2023/05/25,2023/06/07,WEBINAR-9651,1365,SSimpson,0,0,0,0,0,9,0,0,0,0,0,0,ADhaliwal,"1. Please delete unused code
2. :+1:
3. This is using the service's default environment. Is this going to work for multi-env?
4. Looks like all of these calls are from this resource: https://stash.cvent.net/projects/API/repos/universal-webcast/pull-requests/1365/diff#universal-webcast-service/src/main/java/com/cvent/universalwebcast/resources/UniversalWebcastResource.java  You should adjust this logic to use the provided `environment` param when available.
5. Can you provide more information about this?
6. Pretty sure, we are already looking up account information as part of the background clean-up jobs. I'll have to take a look at the code
7. For Brightcove, we look at an internal table to map from accountNum to accountId here: https://stash.cvent.net/projects/API/repos/universal-webcast/browse/universal-webcast-service/src/main/java/com/cvent/universalwebcast/services/wax/LiveStreamJobService.java#1019  You should be able to do the same to grab the accountMappingId
8. For IVS, we started including the `accountId` as a tag to eliminate the lookup described for Brightcove. I'd do two things.  1. Start including `accountMappingId` as a tag for IVS channels  2. Optionally, use that tag when available. For backward compatibility, use the same lookup that we do for Brightcove
9. I'm concerned that this is going to mask an issue that will be difficult to track down",
Quasar: K'23 (May 25- Jun 07,2023/05/25,2023/06/07,WEBINAR-3011,9258,SSimpson,0,0,0,0,0,0,0,0,0,0,0,0,Anshul.Yadav,,
Quasar: K'23 (May 25- Jun 07,2023/05/25,2023/06/07,WEBINAR-9665,1369,SSimpson,0,0,0,0,0,0,0,0,0,0,0,0,ADhaliwal,,
Quasar: K'23 (May 25- Jun 07,2023/05/25,2023/06/07,WEBINAR-10952,1365,SSimpson,0,0,0,0,0,0,0,0,0,0,0,0,ADhaliwal,,
Sprint Totals,,,,,,PR_ADDED: 0,PR_REMOVED: 0,COMMIT_ADDED: 0,COMMIT_REMOVED: 0,APPROVED: 5,COMMENTED: 26,DECLINED: 0,MERGED: 0,OPENED: 0,RESCOPED: 0,UNAPPROVED: 0,UPDATED: 0,,,

Quasar: L'23 (Jun 08- Jun 21),2023/06/08,2023/06/21,WEBINAR-9652,106,SSimpson,0,0,0,0,1,1,0,0,0,0,0,0,A.Bawa,1. Nice!,
Quasar: L'23 (Jun 08- Jun 21),2023/06/08,2023/06/21,WEBINAR-9653,1377,SSimpson,0,0,0,0,0,0,0,0,0,0,0,0,Sukhpreet.Singh,,
Quasar: L'23 (Jun 08- Jun 21),2023/06/08,2023/06/21,WEBINAR-9665,1369,SSimpson,0,0,0,0,1,4,0,0,0,0,0,0,ADhaliwal,"1. Please adjust all of these logging levels to `INFO` as it appears to be input validation
2. If this input validation, this should not be logged as an ERROR
3. Here is some good reference material: https://wiki.cvent.com/display/TechHome/Java+Logging+Best+Practices
4. The associated ticket is not useful, so I'm not sure what you are trying to do. If you want to see this logs in Splunk, you'll want to change the default logging level here: https://stash.cvent.net/projects/API/repos/universal-webcast/browse/universal-webcast-service/configs/template.yaml#488",
Quasar: L'23 (Jun 08- Jun 21),2023/06/08,2023/06/21,WEBINAR-3422,1373,SSimpson,0,0,0,0,0,0,0,0,0,0,0,0,ADhaliwal,,
Quasar: L'23 (Jun 08- Jun 21),2023/06/08,2023/06/21,WEBINAR-10423,9502,SSimpson,0,0,0,0,0,4,0,0,0,0,0,0,Anshul.Yadav,"1. How is this different from `ah_embedded_cvc_increased_chime` and `ah_embedded_cvc_increased_chime_webinar`?
2. Need a ticket to clean up experiments
3. Quasar has seven, yes seven, feature flag experiments that need to be cleaned / removed from the codebase. Can we get an ETA for that?
4. ok, please do so...we've noticed a lack of focus across multiple teams in this space recently. Thanks!",
Quasar: L'23 (Jun 08- Jun 21),2023/06/08,2023/06/21,WEBINAR-10423,9618,SSimpson,5593,4407,0,0,0,0,0,0,0,0,0,0,SSimpson,,
Quasar: L'23 (Jun 08- Jun 21),2023/06/08,2023/06/21,WEBINAR-10423,9644,SSimpson,0,0,0,0,0,0,0,0,0,0,0,0,MQian,,
Quasar: L'23 (Jun 08- Jun 21),2023/06/08,2023/06/21,WEBINAR-10423,9611,SSimpson,0,0,0,0,0,0,0,0,0,0,0,0,MQian,,
Quasar: L'23 (Jun 08- Jun 21),2023/06/08,2023/06/21,WEBINAR-10423,9617,SSimpson,5598,4402,0,0,0,0,0,0,0,0,0,0,SSimpson,,
Sprint Totals,,,,,,PR_ADDED: 11191,PR_REMOVED: 8809,COMMIT_ADDED: 0,COMMIT_REMOVED: 0,APPROVED: 2,COMMENTED: 9,DECLINED: 0,MERGED: 0,OPENED: 0,RESCOPED: 0,UNAPPROVED: 0,UPDATED: 0,,,

Overall Totals,,,,,,PR_ADDED: 11191,PR_REMOVED: 8809,COMMIT_ADDED: 0,COMMIT_REMOVED: 0,APPROVED: 26,COMMENTED: 59,DECLINED: 0,MERGED: 0,OPENED: 0,RESCOPED: 0,UNAPPROVED: 1,UPDATED: 0,,,
