SPRINT,START_DATE,END_DATE,TICKET,PR_ID,USER,PR_ADDED,PR_REMOVED,COMMIT_ADDED,COMMIT_REMOVED,APPROVED,COMMENTED,DECLINED,MERGED,OPENED,RESCOPED,UNAPPROVED,UPDATED,AUTHOR,COMMENTS,COMMIT_MESSAGES
Q2 - WOW S12 (8 - 21 Jun),2023/06/08,2023/06/21,PROD-166871,3264,CGarg,16,34,20,38,0,3,0,1,1,4,0,0,CGarg,"1. Earlier the answers key which were not in the map was also pushed to updated choices, hence the deleted answers were also pushed to the updatedchoices.  Removed this whole logic now  Now the choices === updatedChoices
2. changed the logic
3. Changed the logic and the comment","1. PROD-166871 Deleted value of CEF is coming into the copied event from the parent event.
2. PROD-166871 UT`S Fix.
3. PROD-166871 UT`S Fix.
4. PROD-166871 UT`S Fix.
5. PROD-166871 Refactoring comments."
Q2 - WOW S12 (8 - 21 Jun),2023/06/08,2023/06/21,PROD-168888,1614,CGarg,145,4,383,242,0,5,0,1,1,9,0,0,CGarg,"1. We can verify the expected behaviour from the tests written here
2. Yes  Refactored
3. `StringEscapeUtils.unescapeHtml` is used so that the characters like ' ` @ are not escaped and converted to their html representation
4. Refactored the logic
5. Refactored the logic","1. PROD-168888-A4 - Auto remove the script tags from Webinar Title
2. PROD-168888-Refactored UT`s
3. PROD-168888-Refactored UT`s CheckStyle
4. PROD-168888-Refactored UT`s CheckStyle
5. PROD-168888-Refactored UT`s CheckStyle
6. PROD-168888-Refactored UT`s CheckStyle
7. PROD-168888-Refactoring comments to move the logic to service class
8. Merge branch 'master' of ssh://stash.cvent.net:7999/ec/planner-events into PROD-168888
9. PROD-168888-Refactoring comments to move the logic to service class
10. PROD-168888-Refactoring comments to move the logic to service class"
Q2 - WOW S12 (8 - 21 Jun),2023/06/08,2023/06/21,WEBINAR-8334,49,CGarg,570,1,0,0,0,0,0,0,0,0,0,0,CGarg,,
Q2 - WOW S12 (8 - 21 Jun),2023/06/08,2023/06/21,WEBINAR-8334,1613,CGarg,66,50,93,77,0,0,0,1,1,4,0,0,CGarg,,"1. WEBINAR-8334-Refactor webinar register attendee code to throw exceptions instead of directly returning jxrs responses
2. WEBINAR-8334-Refactoring comments
3. WEBINAR-8334-Refactoring comments
4. Merge branch 'master' of ssh://stash.cvent.net:7999/ec/planner-events into WEBINAR-8334
5. WEBINAR-8334-Refactoring comments"
Sprint Totals,,,,,,PR_ADDED: 797,PR_REMOVED: 89,COMMIT_ADDED: 496,COMMIT_REMOVED: 357,APPROVED: 0,COMMENTED: 8,DECLINED: 0,MERGED: 3,OPENED: 3,RESCOPED: 17,UNAPPROVED: 0,UPDATED: 0,,,

Overall Totals,,,,,,PR_ADDED: 797,PR_REMOVED: 89,COMMIT_ADDED: 496,COMMIT_REMOVED: 357,APPROVED: 0,COMMENTED: 8,DECLINED: 0,MERGED: 3,OPENED: 3,RESCOPED: 17,UNAPPROVED: 0,UPDATED: 0,,,
