SPRINT,START_DATE,END_DATE,TICKET,PR_ID,USER,PR_ADDED,PR_REMOVED,COMMIT_ADDED,COMMIT_REMOVED,APPROVED,COMMENTED,DECLINED,MERGED,OPENED,RESCOPED,UNAPPROVED,UPDATED,AUTHOR,COMMENTS,COMMIT_MESSAGES
Quasar: J'23 (May 11- May 24),2023/05/11,2023/05/24,PROD-162137,149424,Manteg.Singh,9102,898,0,0,0,0,1,0,1,0,0,0,Manteg.Singh,,
Quasar: J'23 (May 11- May 24),2023/05/11,2023/05/24,PROD-162137,149460,Manteg.Singh,9102,898,0,0,0,0,0,0,1,0,0,0,Manteg.Singh,,
Sprint Totals,,,,,,PR_ADDED: 18204,PR_REMOVED: 1796,COMMIT_ADDED: 0,COMMIT_REMOVED: 0,APPROVED: 0,COMMENTED: 0,DECLINED: 1,MERGED: 0,OPENED: 2,RESCOPED: 0,UNAPPROVED: 0,UPDATED: 0,,,

Overall Totals,,,,,,PR_ADDED: 18204,PR_REMOVED: 1796,COMMIT_ADDED: 0,COMMIT_REMOVED: 0,APPROVED: 0,COMMENTED: 0,DECLINED: 1,MERGED: 0,OPENED: 2,RESCOPED: 0,UNAPPROVED: 0,UPDATED: 0,,,
