SPRINT,START_DATE,END_DATE,TICKET,PR_ID,USER,PR_ADDED,PR_REMOVED,COMMIT_ADDED,COMMIT_REMOVED,APPROVED,COMMENTED,DECLINED,MERGED,OPENED,RESCOPED,UNAPPROVED,UPDATED,AUTHOR,COMMENTS,COMMIT_MESSAGES
Q2 2023 - Sprint 2,2023/04/20,2023/05/03,PROD-165670,148440,DeeptiS,2973,705,0,0,0,0,0,1,1,0,0,0,DeeptiS,,
Q2 2023 - Sprint 2,2023/04/20,2023/05/03,HUB-97991,149087,DeeptiS,0,0,0,0,0,0,0,0,0,0,0,0,Arvind.Negi,,
Sprint Totals,,,,,,PR_ADDED: 2973,PR_REMOVED: 705,COMMIT_ADDED: 0,COMMIT_REMOVED: 0,APPROVED: 0,COMMENTED: 0,DECLINED: 0,MERGED: 1,OPENED: 1,RESCOPED: 0,UNAPPROVED: 0,UPDATED: 0,,,

Q2 2023 - Sprint 3,2023/05/04,2023/05/17,HUB-97991,149087,DeeptiS,0,0,0,0,0,0,0,1,0,0,0,0,Arvind.Negi,,
Sprint Totals,,,,,,PR_ADDED: 0,PR_REMOVED: 0,COMMIT_ADDED: 0,COMMIT_REMOVED: 0,APPROVED: 0,COMMENTED: 0,DECLINED: 0,MERGED: 1,OPENED: 0,RESCOPED: 0,UNAPPROVED: 0,UPDATED: 0,,,

Overall Totals,,,,,,PR_ADDED: 2973,PR_REMOVED: 705,COMMIT_ADDED: 0,COMMIT_REMOVED: 0,APPROVED: 0,COMMENTED: 0,DECLINED: 0,MERGED: 2,OPENED: 1,RESCOPED: 0,UNAPPROVED: 0,UPDATED: 0,,,
