SPRINT,START_DATE,END_DATE,TICKET,PR_ID,USER,PR_ADDED,PR_REMOVED,COMMIT_ADDED,COMMIT_REMOVED,APPROVED,COMMENTED,DECLINED,MERGED,OPENED,RESCOPED,UNAPPROVED,UPDATED,AUTHOR,COMMENTS,COMMIT_MESSAGES
Snx-Haaldersbroekerdwarsstraat,2023/04/13,2023/04/26,HUB-75721,1443,ATawfik,0,0,143,83,0,0,0,0,0,0,0,0,Vivek.Bharti,,"1. HUB-82255: Fix naming conventions and apply PR comments
2. Pull request #1428: HUB-82255: Create new Professional Interests page  Merge in AX/attendee-experience-builder from HUB-82255 to develop  * commit 'bbf5841ed7428ff08cf04ee330da5ce514c45e50':    HUB-82255: Fix naming conventions and apply PR comments    HUB-82255: Create new Professional Interests page"
Snx-Haaldersbroekerdwarsstraat,2023/04/13,2023/04/26,HUB-85544,3486,ATawfik,0,0,418,129,0,0,0,0,0,0,0,0,ABadlia,,"1. HUB-83415: Add UT to updateProfessionalInterests
2. HUB-83415: Code cleanup, and typo fixes
3. HUB-83415: Move updateProfessionalInterests mutation to attendees and update IT
4. HUB-83415: Move updateProfessionalInterests mutation to eventResolver
5. downmerge develop into HUB-83415
6. HUB-83415: Remove the updateProfessionalInterests function comment
7. Pull request #3439: HUB-83415 Add updateProfessionalInterests mutation - UC5  Merge in AX/attendee-experience-data from HUB-83415 to develop  * commit '2b8d3cd7ebdd18fe17c5137ef8f8f8e83b3c2419':    HUB-83415: Remove the updateProfessionalInterests function comment    HUB-83415: Move updateProfessionalInterests mutation to eventResolver    HUB-83415: Move updateProfessionalInterests mutation to attendees and update IT    HUB-83415: Code cleanup, and typo fixes    HUB-83415: Add UT to updateProfessionalInterests    HUB-83415: Add ITs and check if the attendee interest feature is enabled before run the mutation    HUB-83415: Add updateProfessionalInterests mutation - UC5"
Snx-Haaldersbroekerdwarsstraat,2023/04/13,2023/04/26,HUB-80486,9219,ATawfik,0,0,0,0,0,0,0,0,0,0,0,0,Subratkumar.Sahoo,,
Sprint Totals,,,,,,PR_ADDED: 0,PR_REMOVED: 0,COMMIT_ADDED: 561,COMMIT_REMOVED: 212,APPROVED: 0,COMMENTED: 0,DECLINED: 0,MERGED: 0,OPENED: 0,RESCOPED: 0,UNAPPROVED: 0,UPDATED: 0,,,

Snax - Idiotville (4/27-5/10),2023/04/27,2023/05/10,HUB-80480,9219,ATawfik,0,0,0,0,1,0,0,0,0,0,0,0,Subratkumar.Sahoo,,
Snax - Idiotville (4/27-5/10),2023/04/27,2023/05/10,HUB-80486,9219,ATawfik,0,0,0,0,0,0,0,0,0,0,0,0,Subratkumar.Sahoo,,
Snax - Idiotville (4/27-5/10),2023/04/27,2023/05/10,HUB-95469,3529,ATawfik,0,0,0,0,1,0,0,0,0,0,0,0,Subratkumar.Sahoo,,
Snax - Idiotville (4/27-5/10),2023/04/27,2023/05/10,HUB-95593,9219,ATawfik,0,0,0,0,0,0,0,0,0,0,0,0,Subratkumar.Sahoo,,
Snax - Idiotville (4/27-5/10),2023/04/27,2023/05/10,HUB-97171,9219,ATawfik,0,0,0,0,0,0,0,0,0,0,0,0,Subratkumar.Sahoo,,
Snax - Idiotville (4/27-5/10),2023/04/27,2023/05/10,HUB-80485,9354,ATawfik,0,0,0,0,0,0,0,0,0,0,0,0,JMcGough,,
Snax - Idiotville (4/27-5/10),2023/04/27,2023/05/10,HUB-89175,9354,ATawfik,0,0,0,0,0,0,0,0,0,0,0,0,JMcGough,,
Snax - Idiotville (4/27-5/10),2023/04/27,2023/05/10,HUB-90847,3546,ATawfik,0,0,255,391,0,0,0,0,0,0,0,0,Shea.Sullivan,,"1. HUB-98387: Add changeset and revert launch.json
2. HUB-98387: Renamed get/update ProfessionalAttendeeInterestChoices to get/update ProfessionalInterestChoices
3. Pull request #3525: HUB-98387  Merge in AX/attendee-experience-data from HUB-98387 to develop  * commit '0ff8627687887006035018da11d4ca1f295dbb35':    HUB-98387: Renamed get/update ProfessionalAttendeeInterestChoices to get/update ProfessionalInterestChoices    HUB-98387: Add changeset and revert launch.json    HUB-98387: Deprecate updateAttendeeInterestChoices mutation and add updateProfessionalAttedneeInterestChoices instead    HUB-98387: Deprecate getAttendeeInterestChoices query and add getProfessionalAttedneeInterestChoices instead
4. HUB-98387: Deprecate deletetAttendeeInterestChoices mutation and replace with deleteProfessionalInterestChoices
5. HUB-98387: Add more unit tests to appBuilderResolver.spec.ts to increase the code coverage
6. Merge branch 'develop' into HUB-98387
7. HUB-98387: Ignore the deprecated files from the code coverage scope
8. HUB-98387: cleanup and removing obsolete code
9. HUB-98387: Update appBuilderResolver to combine the case statement for get/update/delete AttendeeInterestChoices and get/update/delete ProfessionalinterestChoices
10. Pull request #3531: HUB-98387 Deprecate deleteAttendeeInterestChoices mutation and replace with deleteProfessionalInterestChoices  Merge in AX/attendee-experience-data from HUB-98387 to develop  * commit '57470c39fa8a31c2395c398a747cf4d21c228670':    HUB-98387: Update appBuilderResolver to combine the case statement for get/update/delete AttendeeInterestChoices and get/update/delete ProfessionalinterestChoices    HUB-98387: cleanup and removing obsolete code    HUB-98387: Ignore the deprecated files from the code coverage scope    HUB-98387: Add more unit tests to appBuilderResolver.spec.ts to increase the code coverage    HUB-98387: Deprecate deletetAttendeeInterestChoices mutation and replace with deleteProfessionalInterestChoices"
Sprint Totals,,,,,,PR_ADDED: 0,PR_REMOVED: 0,COMMIT_ADDED: 255,COMMIT_REMOVED: 391,APPROVED: 2,COMMENTED: 0,DECLINED: 0,MERGED: 0,OPENED: 0,RESCOPED: 0,UNAPPROVED: 0,UPDATED: 0,,,

Snax - Jerrys Nose (5/11-5/24),2023/05/11,2023/05/25,HUB-80485,9354,ATawfik,0,0,0,0,1,0,0,0,0,0,0,0,JMcGough,,
Snax - Jerrys Nose (5/11-5/24),2023/05/11,2023/05/25,HUB-89175,9354,ATawfik,0,0,0,0,0,0,0,0,0,0,0,0,JMcGough,,
Snax - Jerrys Nose (5/11-5/24),2023/05/11,2023/05/25,HUB-90847,3546,ATawfik,0,0,0,0,1,0,0,0,0,0,0,0,Shea.Sullivan,,
Snax - Jerrys Nose (5/11-5/24),2023/05/11,2023/05/25,HUB-98202,3566,ATawfik,0,0,0,0,0,0,0,0,0,0,0,0,TCox,,
Snax - Jerrys Nose (5/11-5/24),2023/05/11,2023/05/25,HUB-98245,9354,ATawfik,0,0,0,0,0,0,0,0,0,0,0,0,JMcGough,,
Snax - Jerrys Nose (5/11-5/24),2023/05/11,2023/05/25,HUB-98690,9354,ATawfik,0,0,0,0,0,0,0,0,0,0,0,0,JMcGough,,
Snax - Jerrys Nose (5/11-5/24),2023/05/11,2023/05/25,HUB-98783,9354,ATawfik,0,0,0,0,0,0,0,0,0,0,0,0,JMcGough,,
Snax - Jerrys Nose (5/11-5/24),2023/05/11,2023/05/25,HUB-98820,3554,ATawfik,0,0,0,0,1,0,0,0,0,0,0,0,IArgyle,,
Snax - Jerrys Nose (5/11-5/24),2023/05/11,2023/05/25,HUB-99466,9354,ATawfik,0,0,0,0,0,0,0,0,0,0,0,0,JMcGough,,
Snax - Jerrys Nose (5/11-5/24),2023/05/11,2023/05/25,HUB-99646,9354,ATawfik,0,0,0,0,0,0,0,0,0,0,0,0,JMcGough,,
Snax - Jerrys Nose (5/11-5/24),2023/05/11,2023/05/25,HUB-100164,9354,ATawfik,0,0,0,0,0,0,0,0,0,0,0,0,JMcGough,,
Snax - Jerrys Nose (5/11-5/24),2023/05/11,2023/05/25,PROD-165206,9354,ATawfik,0,0,0,0,0,0,0,0,0,0,0,0,JMcGough,,
Snax - Jerrys Nose (5/11-5/24),2023/05/11,2023/05/25,PROD-165206,9388,ATawfik,0,0,0,0,0,0,0,0,0,0,0,0,JMcGough,,
Snax - Jerrys Nose (5/11-5/24),2023/05/11,2023/05/25,PROD-166085,9354,ATawfik,0,0,0,0,0,0,0,0,0,0,0,0,JMcGough,,
Snax - Jerrys Nose (5/11-5/24),2023/05/11,2023/05/25,HUB-97882,3573,ATawfik,2171,1332,0,0,0,0,0,0,0,0,0,0,ATawfik,,
Snax - Jerrys Nose (5/11-5/24),2023/05/11,2023/05/25,HUB-97882,3571,ATawfik,2189,1352,0,0,0,0,0,0,0,0,0,0,ATawfik,,
Sprint Totals,,,,,,PR_ADDED: 4360,PR_REMOVED: 2684,COMMIT_ADDED: 0,COMMIT_REMOVED: 0,APPROVED: 3,COMMENTED: 0,DECLINED: 0,MERGED: 0,OPENED: 0,RESCOPED: 0,UNAPPROVED: 0,UPDATED: 0,,,

Snax - Sprint Kickapoo,2023/05/25,2023/06/07,HUB-48548,1518,ATawfik,3126,2595,12,4,0,0,0,1,1,1,0,0,ATawfik,,"1. HUB-101443: Add changeset for 1.105.0 release
2. HUB-101443: Fix sessionFilters automation test"
Snax - Sprint Kickapoo,2023/05/25,2023/06/07,HUB-73304,1518,ATawfik,3126,2595,0,0,0,0,0,0,0,0,0,0,ATawfik,,
Snax - Sprint Kickapoo,2023/05/25,2023/06/07,HUB-73304,1531,ATawfik,0,0,0,0,0,0,0,0,0,0,0,0,GStarr,,
Snax - Sprint Kickapoo,2023/05/25,2023/06/07,HUB-90848,1518,ATawfik,3126,2595,0,0,0,0,0,0,0,0,0,0,ATawfik,,
Snax - Sprint Kickapoo,2023/05/25,2023/06/07,HUB-90849,3573,ATawfik,2171,1332,10,3,0,1,0,1,1,1,0,0,ATawfik,1. updated to `minor`,"1. merge master in release/2.15.0 branch
2. HUB-101443: Add changeset for 2.15.0 release
3. HUB-101443: Fix the  changeset for 2.15.0 release to minor instead of major"
Snax - Sprint Kickapoo,2023/05/25,2023/06/07,HUB-90849,3571,ATawfik,2189,1352,0,0,0,1,1,0,1,0,0,0,ATawfik,1. declining this PR based on the FAQ here https://wiki.cvent.com/display/WAX/Weekly+AH+Deployment+FAQ#WeeklyAHDeploymentFAQ-Q.MyreleasePRhasmergeconflictsforchangesetfiles.DidIbreaksomething?  A new PR will be created after downmerging master into release branch and fix merge conflicts,
Snax - Sprint Kickapoo,2023/05/25,2023/06/07,HUB-93998,240,ATawfik,0,0,5,0,0,0,0,0,0,0,0,0,SBundale,,"1. HUB-101443 Update phrase locales
2. Pull request #228: Hub 101443 phraseapp  Merge in AX/language-management from hub-101443-phraseapp to master  * commit '05caec35737094267a31da52f9a71e6afa6fc6a2':    HUB-101443 Update phrase locales    HUB-101443: phraseapp changes"
Snax - Sprint Kickapoo,2023/05/25,2023/06/07,HUB-97220,1518,ATawfik,3126,2595,0,0,0,0,0,0,0,0,0,0,ATawfik,,
Snax - Sprint Kickapoo,2023/05/25,2023/06/07,HUB-97882,3573,ATawfik,2171,1332,0,0,0,0,0,0,0,0,0,0,ATawfik,,
Snax - Sprint Kickapoo,2023/05/25,2023/06/07,HUB-97882,3571,ATawfik,2189,1352,0,0,0,0,0,0,0,0,0,0,ATawfik,,
Snax - Sprint Kickapoo,2023/05/25,2023/06/07,HUB-99645,9507,ATawfik,0,0,0,0,0,0,0,0,0,0,0,0,GStarr,,
Snax - Sprint Kickapoo,2023/05/25,2023/06/07,HUB-99661,3573,ATawfik,2171,1332,0,0,0,0,0,0,0,0,0,0,ATawfik,,
Snax - Sprint Kickapoo,2023/05/25,2023/06/07,HUB-99661,3571,ATawfik,2189,1352,0,0,0,0,0,0,0,0,0,0,ATawfik,,
Snax - Sprint Kickapoo,2023/05/25,2023/06/07,HUB-101227,9448,ATawfik,5454,4546,10,3,0,0,0,1,1,0,0,0,ATawfik,,"1. HUB-101443: Add changeset for 2.19.0 release
2. HUB-101443: Update appFeatures.js to move 70 to the released section
3. Merge branch 'develop' into release/2.19.0"
Snax - Sprint Kickapoo,2023/05/25,2023/06/07,PROD-166506,1518,ATawfik,3126,2595,0,0,0,0,0,0,0,0,0,0,ATawfik,,
Snax - Sprint Kickapoo,2023/05/25,2023/06/07,HUB-87193,9507,ATawfik,0,0,0,0,0,0,0,0,0,0,0,0,GStarr,,
Snax - Sprint Kickapoo,2023/05/25,2023/06/07,HUB-87486,9507,ATawfik,0,0,0,0,0,0,0,0,0,0,0,0,GStarr,,
Snax - Sprint Kickapoo,2023/05/25,2023/06/07,HUB-90176,9507,ATawfik,0,0,0,0,0,0,0,0,0,0,0,0,GStarr,,
Snax - Sprint Kickapoo,2023/05/25,2023/06/07,HUB-101238,9507,ATawfik,0,0,0,0,0,0,0,0,0,0,0,0,GStarr,,
Snax - Sprint Kickapoo,2023/05/25,2023/06/07,HUB-101238,9551,ATawfik,0,0,0,0,0,0,0,0,0,0,0,0,MGangani,,
Snax - Sprint Kickapoo,2023/05/25,2023/06/07,HUB-101239,3593,ATawfik,0,0,0,0,0,0,0,0,0,0,0,0,GStarr,,
Snax - Sprint Kickapoo,2023/05/25,2023/06/07,PROD-166496,9507,ATawfik,0,0,0,0,0,0,0,0,0,0,0,0,GStarr,,
Sprint Totals,,,,,,PR_ADDED: 34164,PR_REMOVED: 25573,COMMIT_ADDED: 37,COMMIT_REMOVED: 10,APPROVED: 0,COMMENTED: 2,DECLINED: 1,MERGED: 3,OPENED: 4,RESCOPED: 2,UNAPPROVED: 0,UPDATED: 0,,,

Snax - Las Vegas,2023/06/08,2023/06/22,HUB-87193,9507,ATawfik,0,0,0,0,1,0,0,0,0,0,0,0,GStarr,,
Snax - Las Vegas,2023/06/08,2023/06/22,HUB-87486,9507,ATawfik,0,0,0,0,0,0,0,0,0,0,0,0,GStarr,,
Snax - Las Vegas,2023/06/08,2023/06/22,HUB-90176,9507,ATawfik,0,0,0,0,0,0,0,0,0,0,0,0,GStarr,,
Snax - Las Vegas,2023/06/08,2023/06/22,HUB-97887,3614,ATawfik,0,0,0,0,1,0,0,0,0,0,0,0,MGangani,,
Snax - Las Vegas,2023/06/08,2023/06/22,HUB-97887,3613,ATawfik,0,0,0,0,0,1,0,0,0,0,0,0,MGangani,"1. https://wiki.cvent.com/pages/viewpage.action?spaceKey=WAX&title=Weekly+AH+Deployment+FAQ#WeeklyAHDeploymentFAQ-Q.MyreleasePRhasmergeconflictsforchangesetfiles.DidIbreaksomething?  Q. My release PR has merge conflicts for changeset files. Did I break something?  A. No. We occasionally see this issue. It appears that changeset's repeated use of the same file names causes 'git' to get confused. The appropriate solution is to downmerge 'master' into your release branch; however, we also need to provision a new Jenkins (build) workspace.  To resolve this issue, perform the following steps:  Decline the existing release PR  Downmerge 'master' to your release branch and resolve conflicts  Commit those changes (remember to include a new changeset with all packages modified as 'patch')  Push changes to remote  Create new release PR  A few items to note:  The second PR needs to be a new PR (not declining and re-opening the existing PR)  If you didn't decline the original PR first, that failed PR build will still show up in the new PR (same commit), which will block merges. Contact an AH architect to by-pass the merge conflict.",
Snax - Las Vegas,2023/06/08,2023/06/22,HUB-97970,1583,ATawfik,0,0,2255,635,0,0,0,0,0,0,0,0,SSimpson,,"1. HUB-77732_HUB-91779: initial functionality implementation
2. Merge branch 'HUB-77732_HUB-91779' of ssh://stash.cvent.net:7999/ax/attendee-experience-builder into HUB-77732_HUB-91779
3. HUB-77732_HUB-91779: Add fetchMore and cache to the tagesForElementsType query to get all existing tags
4. HUB-91779: Add the confirmation modal and alert message when excedding 100 seelcted interests
5. Merge branch 'develop' into HUB-77732_HUB-91779
6. HUB-77732_HUB-91779: Add Changeset
7. HUB-77732_HUB-91779: Fix Unit Tests by adding a mock for tagsForElementTypes query
8. HUB-77732_HUB-91779: Add localization and phrase keys
9. HUB-77732_HUB-91779: Update accessibility aria labels as required
10. HUB-77732_HUB-91779: Update Unit tests and add Test Ids
11. HUB-77732_HUB-91779: Move the conditions to the parent instead of the component wrapper
12. Merge branch 'develop' into HUB-77732_HUB-91779
13. HUB-77732_HUB-91779: Add more unit test coverage
14. HUB-77732_HUB-91779: Update the existing tags refetchMore logic to not force pull the cache
15. HUB-77732_HUB-91779: Update the syncExistingTags styles to match the UX design
16. HUB-77732_HUB-91779: Add IT and logic to cover edge case of deleted choices
17. HUB-77732_HUB-91779: Add Loading spinner for the page as well as reading the cache for the existing tags filter loginc
18. HUB-77732_HUB-91779: Cleanup comments and added few descriptive comments for a complicated logic flow
19. HUB-77732: Update styles and removed unnecessary method based on PR comments
20. Merge branch 'develop' into HUB-77732_HUB-91779
21. HUB-101291: Update the interests combobox input to support emojis and other charcs
22. Pull request #1537: HUB-77732 HUB-91779 Add sync existing tags feature to Interests page  Merge in AX/attendee-experience-builder from HUB-77732_HUB-91779 to develop  * commit 'b21f402796e8a2eef87a63b74b8a243d010cdbe2':    HUB-101291: Update the interests combobox input to support emojis and other charcs    HUB-77732: Update styles and removed unnecessary method based on PR comments    HUB-77732_HUB-91779: Cleanup comments and added few descriptive comments for a complicated logic flow    HUB-77732_HUB-91779: Add Loading spinner for the page as well as reading the cache for the existing tags filter loginc    HUB-77732_HUB-91779: Add IT and logic to cover edge case of deleted choices    HUB-77732_HUB-91779: Update the syncExistingTags styles to match the UX design    HUB-77732_HUB-91779: Update the existing tags refetchMore logic to not force pull the cache    HUB-77732_HUB-91779: Add more unit test coverage    HUB-77732_HUB-91779: Move the conditions to the parent instead of the component wrapper    HUB-77732_HUB-91779: Update Unit tests and add Test Ids    HUB-77732_HUB-91779: Update accessibility aria labels as required    HUB-77732_HUB-91779: Add localization and phrase keys    HUB-77732_HUB-91779: Fix Unit Tests by adding a mock for tagsForElementTypes query    HUB-77732_HUB-91779: Add Changeset    HUB-91779: Add the confirmation modal and alert message when excedding 100 seelcted interests    HUB-77732_HUB-91779: Add fetchMore and cache to the tagesForElementsType query to get all existing tags    HUB-77732_HUB-91779: initial functionality implementation    HUB-77732_HuUB-91779: intial functionality implementation
23. HUB-77732_HUB-91779: Update professional interests pages to use CSSObject for styles
24. Pull request #1569: HUB-77732_HUB-91779: Update professional interests pages to use CSSObject for styles  Merge in AX/attendee-experience-builder from HUB-77732_HUB-91779 to develop  * commit '151fc81902bcd2028962358aefc718e568019b7c':    HUB-77732_HUB-91779: Update professional interests pages to use CSSObject for styles"
Snax - Las Vegas,2023/06/08,2023/06/22,HUB-101226,9507,ATawfik,0,0,0,0,0,0,0,0,0,0,0,0,GStarr,,
Snax - Las Vegas,2023/06/08,2023/06/22,HUB-101238,9507,ATawfik,0,0,0,0,0,0,0,0,0,0,0,0,GStarr,,
Snax - Las Vegas,2023/06/08,2023/06/22,HUB-101238,9551,ATawfik,0,0,0,0,1,0,0,0,0,0,0,0,MGangani,,
Snax - Las Vegas,2023/06/08,2023/06/22,HUB-101239,3593,ATawfik,0,0,0,0,1,0,0,0,0,0,0,0,GStarr,,
Snax - Las Vegas,2023/06/08,2023/06/22,HUB-101309,3614,ATawfik,0,0,0,0,0,0,0,0,0,0,0,0,MGangani,,
Snax - Las Vegas,2023/06/08,2023/06/22,HUB-101309,3613,ATawfik,0,0,0,0,0,0,0,0,0,0,0,0,MGangani,,
Snax - Las Vegas,2023/06/08,2023/06/22,HUB-101440,9618,ATawfik,0,0,0,0,0,0,0,0,0,0,0,0,SSimpson,,
Snax - Las Vegas,2023/06/08,2023/06/22,HUB-102403,9618,ATawfik,0,0,0,0,0,0,0,0,0,0,0,0,SSimpson,,
Snax - Las Vegas,2023/06/08,2023/06/22,HUB-102551,9507,ATawfik,0,0,0,0,0,0,0,0,0,0,0,0,GStarr,,
Snax - Las Vegas,2023/06/08,2023/06/22,HUB-103041,3635,ATawfik,0,0,0,0,0,0,0,0,0,0,0,0,SSimpson,,
Snax - Las Vegas,2023/06/08,2023/06/22,HUB-103566,3635,ATawfik,0,0,0,0,0,0,0,0,0,0,0,0,SSimpson,,
Snax - Las Vegas,2023/06/08,2023/06/22,PROD-166496,9507,ATawfik,0,0,0,0,0,0,0,0,0,0,0,0,GStarr,,
Snax - Las Vegas,2023/06/08,2023/06/22,PROD-168946,1583,ATawfik,0,0,0,0,0,0,0,0,0,0,0,0,SSimpson,,
Snax - Las Vegas,2023/06/08,2023/06/22,HUB-101099,9551,ATawfik,0,0,0,0,0,0,0,0,0,0,0,0,MGangani,,
Snax - Las Vegas,2023/06/08,2023/06/22,HUB-101099,9618,ATawfik,0,0,0,0,0,0,0,0,0,0,0,0,SSimpson,,
Snax - Las Vegas,2023/06/08,2023/06/22,HUB-103907,9618,ATawfik,0,0,0,0,0,0,0,0,0,0,0,0,SSimpson,,
Sprint Totals,,,,,,PR_ADDED: 0,PR_REMOVED: 0,COMMIT_ADDED: 2255,COMMIT_REMOVED: 635,APPROVED: 4,COMMENTED: 1,DECLINED: 0,MERGED: 0,OPENED: 0,RESCOPED: 0,UNAPPROVED: 0,UPDATED: 0,,,

Overall Totals,,,,,,PR_ADDED: 38524,PR_REMOVED: 28257,COMMIT_ADDED: 3108,COMMIT_REMOVED: 1248,APPROVED: 9,COMMENTED: 3,DECLINED: 1,MERGED: 3,OPENED: 4,RESCOPED: 2,UNAPPROVED: 0,UPDATED: 0,,,
