SPRINT,START_DATE,END_DATE,TICKET,PR_ID,USER,PR_ADDED,PR_REMOVED,COMMIT_ADDED,COMMIT_REMOVED,APPROVED,COMMENTED,DECLINED,MERGED,OPENED,RESCOPED,UNAPPROVED,UPDATED,AUTHOR,COMMENTS,COMMIT_MESSAGES
Krypto Q2 23' S2 (10w 1d),2023/04/19,2023/05/03,PROD-165626,148210,AJagtap,0,0,9,6,0,0,0,0,0,0,0,0,Vinodkumar.Yadav,,"1. Revert ""[prod-163585] : Logic changed to show proper message for MRF created and MRF updated.""  This reverts commit 3602f761f84f04308bc13bffdc14db2d482e672f.
2. Revert ""Revert ""[prod-163585] : Logic changed to show proper message for MRF created and MRF updated.""""  This reverts commit 05e46a074c2eed1d15a1daa9ba1226c7abc0867e.
3. Merge branch 'prod' of ssh://stash.cvent.net:7999/cvt/c4 into prod-163585
4. [prod-163585] : Logic changed to show proper message for MRF created and MRF updated."
Krypto Q2 23' S2 (10w 1d),2023/04/19,2023/05/03,PROD-165626,148485,AJagtap,0,0,0,0,1,0,0,0,0,0,0,1,AArankeri,,
Krypto Q2 23' S2 (10w 1d),2023/04/19,2023/05/03,PROD-165626,148504,AJagtap,7807,2193,0,0,0,0,0,1,1,0,0,0,AJagtap,,
Krypto Q2 23' S2 (10w 1d),2023/04/19,2023/05/03,PROD-165626,148608,AJagtap,0,0,4,1,0,0,0,0,0,0,0,0,SBandekar,,"1. Pull request #148313: down merge Prod  Merge in CVT/c4 from prod to prod-163585  * commit '877987522cb1068317daf2f580c0a39af8511368': (35 commits)    fix rollback script    reverting PROD-156244 from ccid-2536 Revert ""Pull request #148142: Prod 156244""    PROD-164836 move scripts to the right folder    PROD-164493:added rfp check    PROD-162762 :Fix for Create proposal failing on step2 for italian locale    PROD-162762 :Fix for Create proposal failing on step2 for italian locale    Revert """"Reverting PROD-164493 from ccid-2531"" Revert ""Pull request #147924: Prod 164493""""    PROD-162762 :Fix for Create proposal failing on step2 for italian locale    PROD-162762 :Fix for Create proposal failing on step2 for italian locale    Lu script for service broker queue    Create service broker queue    PROD-165308: Solution Auditor fixes    PROD-165308: Updated to release version of Cvent.Controls    PROD-165308: Update Cvent.Controls to silo version.    PROD-162687: add indices    [FLEX-87788]: Add rollback file to lu table    [FLEX-87788]: Move sql file to correct LU_Table directory    WEBINAR-6311: Removed unnecessary padding.    WEBINAR-6311: Changed name of class to avoid clashes with same named class in other css files.    WEBINAR-6311: Phrase pull.    ...
2. [prod-163585] : Logic changed to show proper message for MRF created and MRF updated."
Krypto Q2 23' S2 (10w 1d),2023/04/19,2023/05/03,PROD-165626,148796,AJagtap,8453,1547,0,0,0,0,0,1,1,0,0,0,AJagtap,,
Krypto Q2 23' S2 (10w 1d),2023/04/19,2023/05/03,PROD-165626,149030,AJagtap,0,0,0,0,0,0,0,0,0,0,0,0,ALakshkar,,"1. Pull request #148796: down merge Prod  Merge in CVT/c4 from prod to prod-165249  * commit '049222bf2e85e113bdcc42aea744984a1348099e': (510 commits)    Web.Base.config edited online with Bitbucket    Remove binding redirect that might be the reason user editing in cvii is failing.    PROD-165999: removed from ccid-2546 Revert ""Pull request #148489: Src 8557 new""    [prod-163585] : Logic changed to show proper message for MRF created and MRF updated.    Revert ""Revert ""[prod-163585] : Logic changed to show proper message for MRF created and MRF updated.""""    Revert ""[prod-163585] : Logic changed to show proper message for MRF created and MRF updated.""    WEBINAR-7051: add new property named client in bearer token metadata which will hold map for clientName and username    PROD-165373: Resolve conflicts    PROD-165373: Version update    Fix for questions not showing up    WEBINAR-7314: Update resx keys    CSNALL-61056: Updated LU Scripts    PROD-157009: Correcting incorrect password    PROD-166055:ADR and FnB updates for Q2 2023    HUB-96782: add assistant:write permission to bearer token in c4    RND-10648: Update packages to ccid version    WEBINAR-7314: Incorporate review comment    RND-10648: fixes    adding namespace    ENT-28287 retry deleting the portal 3 times when TaskCanceledException is thrown    ..."
Sprint Totals,,,,,,PR_ADDED: 16260,PR_REMOVED: 3740,COMMIT_ADDED: 13,COMMIT_REMOVED: 7,APPROVED: 1,COMMENTED: 0,DECLINED: 0,MERGED: 2,OPENED: 2,RESCOPED: 0,UNAPPROVED: 0,UPDATED: 1,,,

Overall Totals,,,,,,PR_ADDED: 16260,PR_REMOVED: 3740,COMMIT_ADDED: 13,COMMIT_REMOVED: 7,APPROVED: 1,COMMENTED: 0,DECLINED: 0,MERGED: 2,OPENED: 2,RESCOPED: 0,UNAPPROVED: 0,UPDATED: 1,,,
