SPRINT,START_DATE,END_DATE,TICKET,PR_ID,USER,PR_ADDED,PR_REMOVED,COMMIT_ADDED,COMMIT_REMOVED,APPROVED,COMMENTED,DECLINED,MERGED,OPENED,RESCOPED,UNAPPROVED,UPDATED,AUTHOR,COMMENTS,COMMIT_MESSAGES
Q2 23' S4,2023/05/09,2023/05/23,HUB-90744,12716,Mohitkumar.Shah,875,127,204,143,0,0,0,0,0,0,0,0,Mohitkumar.Shah,,"1. HUB-98200: Change Default Sort Criteria
2. HUB-98200: Change Default Sort Criteria
3. Merge branch 'master' into feature/HUB-98200
4. Merge branch 'master' into feature/HUB-98200
5. HUB-98200: attendeehub-monthly-registration-usage-detail.json
6. HUB-98200: attendeehub-monthly-registration-usage-detail.json
7. HUB-98200: updated sorting order
8. Merge branch 'master' into feature/HUB-98200
9. Merge remote-tracking branch 'origin/devsilo606' into feature/HUB-98200  # Conflicts:  #	content/reports/crossevent-attendee-hub-usage-tracking-v1.json
10. HUB-98200: updated sorting order
11. Pull request #12650: HUB-98200: Change Default Sort Criteria to Reflect Chronology  Merge in REP/reporting-content from feature/HUB-98200 to devsilo606  * commit '1a1cf48ff21d89f65edf5a183493182b6677c19b':    HUB-98200: updated sorting order    HUB-98200: updated sorting order    HUB-98200: attendeehub-monthly-registration-usage-detail.json    HUB-98200: attendeehub-monthly-registration-usage-detail.json    HUB-98200: Change Default Sort Criteria    HUB-98200: Change Default Sort Criteria
12. Revert ""Pull request #12650: HUB-98200: Change Default Sort Criteria to Reflect Chronology""  This reverts commit 2ed50500c0cc48a0203b3b8ba8353107468dfd78, reversing  changes made to 6016c1560f3d8ecea092f687017a2959da86e13c.
13. Revert ""HUB-98200: updated sorting order""  This reverts commit 911095c2726310ca3d3e53fe3669bbb88e722e45.
14. Revert ""HUB-98200: attendeehub-monthly-registration-usage-detail.json""  This reverts commit 2c4680716dec516a13fc15a0a8a91220cb953594.
15. Pull request #12678: Hub-98200: reverts hub-98200 changes  Merge in REP/reporting-content from devsilo606-hub-98200 to devsilo606  * commit '39e5274b8af7ce712aac507a56019b32fffa7441':    Revert ""HUB-98200: attendeehub-monthly-registration-usage-detail.json""    Revert ""HUB-98200: updated sorting order""    Revert ""Pull request #12650: HUB-98200: Change Default Sort Criteria to Reflect Chronology""
16. HUB-98200: Change Default Sort Criteria
17. HUB-98200: Change Default Sort Criteria
18. HUB-98200: attendeehub-monthly-registration-usage-detail.json
19. HUB-98200: attendeehub-monthly-registration-usage-detail.json
20. HUB-98200: updated sorting order
21. HUB-98200: updated sorting order
22. Merge branch 'feature/backup-hub-98200' into feature/HUB-98200-Sort  # Conflicts:  #	content/reports/crossevent-attendee-hub-usage-tracking-v1.json"
Q2 23' S4,2023/05/09,2023/05/23,HUB-90745,12716,Mohitkumar.Shah,875,127,0,0,0,0,0,0,0,0,0,0,Mohitkumar.Shah,,
Sprint Totals,,,,,,PR_ADDED: 1750,PR_REMOVED: 254,COMMIT_ADDED: 204,COMMIT_REMOVED: 143,APPROVED: 0,COMMENTED: 0,DECLINED: 0,MERGED: 0,OPENED: 0,RESCOPED: 0,UNAPPROVED: 0,UPDATED: 0,,,

Overall Totals,,,,,,PR_ADDED: 1750,PR_REMOVED: 254,COMMIT_ADDED: 204,COMMIT_REMOVED: 143,APPROVED: 0,COMMENTED: 0,DECLINED: 0,MERGED: 0,OPENED: 0,RESCOPED: 0,UNAPPROVED: 0,UPDATED: 0,,,
