SPRINT,START_DATE,END_DATE,TICKET,PR_ID,USER,PR_ADDED,PR_REMOVED,COMMIT_ADDED,COMMIT_REMOVED,APPROVED,COMMENTED,DECLINED,MERGED,OPENED,RESCOPED,UNAPPROVED,UPDATED,AUTHOR,COMMENTS,COMMIT_MESSAGES
Q2 2023 - Sprint 2,2023/04/20,2023/05/03,PROD-165670,148309,APrajapati,0,0,0,0,0,0,0,0,0,0,0,0,VGadhiya,,"1. Pull request #148314: Prod  Merge in CVT/c4 from prod to alpha-kr  * commit '877987522cb1068317daf2f580c0a39af8511368': (35 commits)    fix rollback script    reverting PROD-156244 from ccid-2536 Revert ""Pull request #148142: Prod 156244""    PROD-164836 move scripts to the right folder    PROD-164493:added rfp check    PROD-162762 :Fix for Create proposal failing on step2 for italian locale    PROD-162762 :Fix for Create proposal failing on step2 for italian locale    Revert """"Reverting PROD-164493 from ccid-2531"" Revert ""Pull request #147924: Prod 164493""""    PROD-162762 :Fix for Create proposal failing on step2 for italian locale    PROD-162762 :Fix for Create proposal failing on step2 for italian locale    Lu script for service broker queue    Create service broker queue    PROD-165308: Solution Auditor fixes    PROD-165308: Updated to release version of Cvent.Controls    PROD-165308: Update Cvent.Controls to silo version.    PROD-162687: add indices    [FLEX-87788]: Add rollback file to lu table    [FLEX-87788]: Move sql file to correct LU_Table directory    WEBINAR-6311: Removed unnecessary padding.    WEBINAR-6311: Changed name of class to avoid clashes with same named class in other css files.    WEBINAR-6311: Phrase pull.    ..."
Q2 2023 - Sprint 2,2023/04/20,2023/05/03,PROD-165670,148822,APrajapati,8157,1843,0,0,0,0,0,0,0,0,0,0,APrajapati,,
Q2 2023 - Sprint 2,2023/04/20,2023/05/03,PROD-165670,149115,APrajapati,0,0,16,4,0,0,0,0,0,0,0,0,SMahale,,1. SURVEY-68120: survey close date related changes
Q2 2023 - Sprint 2,2023/04/20,2023/05/03,PROD-165670,149327,APrajapati,0,0,0,0,0,0,0,0,0,0,0,0,THarsh,,
Q2 2023 - Sprint 2,2023/04/20,2023/05/03,HUB-97991,149108,APrajapati,2759,1441,0,0,0,0,0,0,0,0,0,0,APrajapati,,
Q2 2023 - Sprint 2,2023/04/20,2023/05/03,HUB-97991,149117,APrajapati,2492,1029,0,0,0,0,0,0,0,0,0,0,APrajapati,,
Q2 2023 - Sprint 2,2023/04/20,2023/05/03,HUB-97991,149327,APrajapati,0,0,0,0,0,0,0,0,0,0,0,0,THarsh,,
Sprint Totals,,,,,,PR_ADDED: 13408,PR_REMOVED: 4313,COMMIT_ADDED: 16,COMMIT_REMOVED: 4,APPROVED: 0,COMMENTED: 0,DECLINED: 0,MERGED: 0,OPENED: 0,RESCOPED: 0,UNAPPROVED: 0,UPDATED: 0,,,

Q2 2023 - Sprint 3,2023/05/04,2023/05/17,HUB-97991,148309,APrajapati,0,0,166,492,0,0,0,0,0,0,0,0,VGadhiya,,"1. ALPHA-PROD-CONFLICT: conflict merge
2. Pull request #148888: PROD-164728: removed from ccid-2550 Revert ""Pull request #148726: PROD-164728 : Adding entry for surveys and package upgrade""  Merge in CVT/c4 from alpha-prod-conflict to alpha-kr  * commit 'cbcc46bdb70db8c6ebfefaa88adcf38d5096a233': (61 commits)    PROD-164728: removed from ccid-2550 Revert ""Pull request #148726: PROD-164728 : Adding entry for surveys and package upgrade""    PROD-166293: removed from ccid-2550 Revert ""Pull request #148718: PROD-166293: Release of Logging of History tables""    PROD-166515: latest resx pull    PROD-166515: resx string added    PROD-166515: event soa package updated    PROD-164728 : Adding entry for surveys and package upgrade    WEBINAR-6051: fix typo in merge    SURVEY-67879: conflict merge while cherry-pick    FLEX-88383: Inject writing assitant URL into designers    FLEX-88383: Inject writing assitant URL into designers    PROD-166487: Make accountMappingId searchable in all regions    FLEX-88383: Inject writing assitant URL into designers    FLEX-88046: Add key for writing assistant endpoint    RND:10782: Remove commented out code    HUB-97903: Modified based on PR feedback    HUB-97903: Modified based on PR feedback , to split string with instance of  ':' separator    HUB-97903: Add a new null delimiter ""\0"" for username and password    EINT-9946: DM DBCR    WEBINAR-875: Simplify conditional check    WEBINAR-875: Incorporate review comments    ...
3. NA-0: conflict merge
4. PROD-166581: latest resx pull
5. PROD-166581: duplicate entry removed
6. PROD-166581: latest resx"
Q2 2023 - Sprint 3,2023/05/04,2023/05/17,HUB-97991,149030,APrajapati,0,0,0,12,0,0,0,0,0,0,0,0,ALakshkar,,1. PROD-166983: default close date removed
Q2 2023 - Sprint 3,2023/05/04,2023/05/17,HUB-97991,149108,APrajapati,2759,1441,132,0,0,0,0,1,1,0,0,0,APrajapati,,"1. Merge branch 'prod' of ssh://stash.cvent.net:7999/cvt/c4 into survey-68120
2. PROD-166983: latest resx pull"
Q2 2023 - Sprint 3,2023/05/04,2023/05/17,HUB-97991,149117,APrajapati,2492,1029,0,0,0,0,0,1,1,0,0,0,APrajapati,,1. ALPHA-PROD-CONFLICT: resx conflict resolved
Q2 2023 - Sprint 3,2023/05/04,2023/05/17,HUB-97991,149327,APrajapati,0,0,0,0,0,0,0,0,0,0,0,0,THarsh,,
Sprint Totals,,,,,,PR_ADDED: 5251,PR_REMOVED: 2470,COMMIT_ADDED: 298,COMMIT_REMOVED: 504,APPROVED: 0,COMMENTED: 0,DECLINED: 0,MERGED: 2,OPENED: 2,RESCOPED: 0,UNAPPROVED: 0,UPDATED: 0,,,

Q2 2023 - Sprint 4,2023/05/18,2023/05/31,HUB-84318,11973,APrajapati,0,0,4,3,0,0,0,0,0,0,0,0,Ridhi.Handa,,"1. ALPHA-DEV606: exhibitor custom email name related update
2. ALPHA-DEV606: namespace ref update
3. Pull request #11900: Alpha dev606  Merge in SOA/event from alpha-dev606 to dev606  * commit 'ef2793bdd5db2945f494b80e40e8fdaaaca4ba0f':    ALPHA-DEV606: namespace ref update    ALPHA-DEV606: exhibitor custom email name related update"
Sprint Totals,,,,,,PR_ADDED: 0,PR_REMOVED: 0,COMMIT_ADDED: 4,COMMIT_REMOVED: 3,APPROVED: 0,COMMENTED: 0,DECLINED: 0,MERGED: 0,OPENED: 0,RESCOPED: 0,UNAPPROVED: 0,UPDATED: 0,,,

Q2 2023 - Sprint 5,2023/06/01,2023/06/14,HUB-84318,11973,APrajapati,0,0,1,0,0,0,0,0,0,0,0,0,Ridhi.Handa,,"1. SURVEY-68346: custom emailType added in dictionary
2. Pull request #11905: SURVEY-68346: emailHistory report issue fixed  Merge in SOA/event from alpha-dev606 to dev606  * commit '2fd42be362704ab6865d767cdc2ad002bbefb6bf':    ALPHA-DEV606: emailHistory report issue fixed
3. Merge branch 'dev606' of ssh://stash.cvent.net:7999/soa/event into alpha-dev606
4. Scanning.  Merge in SOA/event from alpha-dev606 to dev606  * commit '3f417313b4b040f256a64d485ca2fc45d348b731':    SURVEY-68346: custom emailType added in dictionary"
Q2 2023 - Sprint 5,2023/06/01,2023/06/14,PROD-168082,150473,APrajapati,8583,1417,0,16,0,0,0,0,0,0,0,0,APrajapati,,1. PROD-168997: dup entries removed
Q2 2023 - Sprint 5,2023/06/01,2023/06/14,PROD-168082,150542,APrajapati,0,0,6,7,0,0,0,0,0,0,0,0,Kritika.Gupta,,"1. SURVEY-68436: custom email section added
2. Scanning  Merge in CVT/c4 from survey-68436 to alpha-kr  * commit '13a5650a99edb7eca4fce6d4b0dfc8443a778d09':    SURVEY-68436: custom email section added"
Q2 2023 - Sprint 5,2023/06/01,2023/06/14,PROD-168082,150702,APrajapati,0,0,0,0,0,0,0,0,0,0,0,0,THarsh,,
Sprint Totals,,,,,,PR_ADDED: 8583,PR_REMOVED: 1417,COMMIT_ADDED: 7,COMMIT_REMOVED: 23,APPROVED: 0,COMMENTED: 0,DECLINED: 0,MERGED: 0,OPENED: 0,RESCOPED: 0,UNAPPROVED: 0,UPDATED: 0,,,

Overall Totals,,,,,,PR_ADDED: 27242,PR_REMOVED: 8200,COMMIT_ADDED: 325,COMMIT_REMOVED: 534,APPROVED: 0,COMMENTED: 0,DECLINED: 0,MERGED: 2,OPENED: 2,RESCOPED: 0,UNAPPROVED: 0,UPDATED: 0,,,
