SPRINT,START_DATE,END_DATE,TICKET,PR_ID,USER,PR_ADDED,PR_REMOVED,COMMIT_ADDED,COMMIT_REMOVED,APPROVED,COMMENTED,DECLINED,MERGED,OPENED,RESCOPED,UNAPPROVED,UPDATED,AUTHOR,COMMENTS,COMMIT_MESSAGES
Q2 2023 - Sprint 2,2023/04/20,2023/05/03,PROD-165670,142461,Ridhi.Handa,0,0,0,0,0,0,0,0,0,0,0,0,"Verma, Tushar",,
Q2 2023 - Sprint 2,2023/04/20,2023/05/03,PROD-165670,143061,Ridhi.Handa,0,0,0,0,0,0,0,0,0,0,0,0,Ayesha.Khan,,
Q2 2023 - Sprint 2,2023/04/20,2023/05/03,PROD-165670,144525,Ridhi.Handa,0,0,0,0,0,0,0,0,0,0,0,0,spujara,,
Q2 2023 - Sprint 2,2023/04/20,2023/05/03,PROD-165670,148894,Ridhi.Handa,0,0,0,0,0,0,0,0,0,0,0,0,SNitin,,
Q2 2023 - Sprint 2,2023/04/20,2023/05/03,PROD-165670,148210,Ridhi.Handa,0,0,65,292,0,0,0,0,0,0,0,0,Vinodkumar.Yadav,,"1. Pull request #148489: Src 8557 new  Merge in CVT/c4 from src-8557-new to ccid-2546  * commit '1be4aa9463a972209eb5d207203ffa324b02d8df':    phrase pull and minor changes    Moved changes to new branch
2. Pull request #148525: Rnd 10648 clean  Merge in CVT/c4 from rnd-10648-clean to ccid-2546  * commit 'ccb0c2b759d3e5a2ea6d5ae9f93e266f4946a3fd':    RND-10648: Update packages to ccid version    RND-10648: fixes    RND-10648: Update Packages    END-10648: remove NestedEntity from Subscribers.Admin    RND-10628: update Cvent.Event.client    RND-10648: Update Cvent.Event.DomainEntityt
3. Pull request #148562: Prod 164441  Merge in CVT/c4 from prod-164441 to ccid-2547  * commit '9b085798374e5d56bac5f3a4239881971ee30ace':    PROD-164441: added the file    PROD-164441 : added the filed    added the file : prod-164441
4. Pull request #148582: Prod 163585  Merge in CVT/c4 from prod-163585 to ccid-2547  * commit 'cc4350d448d50f8b6f56a6f07dccab5a4b404bab':    [prod-163585] : Logic changed to show proper message for MRF created and MRF updated.    Revert ""Revert ""[prod-163585] : Logic changed to show proper message for MRF created and MRF updated.""""    Revert ""[prod-163585] : Logic changed to show proper message for MRF created and MRF updated.""
5. PROD-165999: removed from ccid-2546 Revert ""Pull request #148489: Src 8557 new""  This reverts commit d619f22a7d095964414b7061c2a8e25157ab40bd, reversing  changes made to a5f1416c8e8d001fc07b7cbf57e2a80e342e39d0."
Q2 2023 - Sprint 2,2023/04/20,2023/05/03,PROD-165670,148502,Ridhi.Handa,0,0,0,0,0,0,0,0,0,0,0,0,SMahale,,1. Pull request #148410: planner phrase updates  Merge in CVT/c4 from 2544-phrase-update to ccid-2544  * commit '59926a5ff2cfa957784b9492fd5c25900598af89':    planner phrase updates
Q2 2023 - Sprint 2,2023/04/20,2023/05/03,PROD-165670,148570,Ridhi.Handa,0,0,976,458,0,0,0,0,0,0,0,0,UBansal,,"1. Pull request #148447: Prod 165663  Merge in CVT/c4 from prod-165663 to ccid-2545  * commit '267a2f366c37f57bc5d79bf399e51e9084ada96c': (38 commits)    NA-0: Updated resources    NA-0: Fixed conflict issue    NA-0: Reverted soa-event package update    PROD-148776: Column added    package update by jenkins for Cvent.Entities 1.230424.94107    NA-0: Updated resources    NA-0: Updated resources    EINT-9678: Added Card Dashboard permission for Event Role    EINT-9854:Moved SP call in SMMDAO    EINT-10031:Fix script    EINT-9854:Review Comments Fixed    EINT-9854:Updated SP    EINT-9854:Legacy to New budget migration    EINT-9830:Formatting    EINT-9830:Code formatting    EINT-9830:Null handling for Budget column    EINT-10030:Remove space    EINT-9830:Review Comment fixed    NA-0: Updated resources    EINT-9830:Review Comment Fixed    ...
2. Pull request #148451: PROD-165481: Updated handeler for video conference client  Merge in CVT/c4 from prod-165481 to ccid-2545  * commit 'cea27d0de38b3657556a6d2324bef19cb9867405':    PROD-165481: Updated handeler for video conference client
3. Pull request #148443: PROD-146888: package update for Cvent.Accounts.Client to 1.230419.130320  Merge in CVT/c4 from prod-146888-1 to ccid-2545  * commit 'ea4ae977a6043b9e5d383aeea524d52e871db129':    PROD-146888: package update for Cvent.Accounts.Client to 1.230419.130320
4. PROD-165470: removed from ccid-2545 Revert ""Pull request #148430: PROD-165470: Remove crowd compass""  This reverts commit 47f81f6030a02d37fbc091353360f0bcb6c234af, reversing  changes made to 89c3aea0cec637e087b8c0b15c8f098b8384c4d6.
5. PROD-165786: removed from ccid-2545 Revert ""Pull request #148461: Prod 165786""  This reverts commit 6467c39a92c2f8d836c3561db68453c2ea608c76, reversing  changes made to 1ffcc716465735ed388eac1adb78c0fb4c9806c2.
6. Pull request #148477: PROD-165786: removed from ccid-2545 Revert ""Pull request #148461: Prod 165786""  Merge in CVT/c4 from ccid-2545-2 to ccid-2545  * commit 'ce18bbf209318a7fe2212eed2ec46d850bf54a95':    PROD-165786: removed from ccid-2545 Revert ""Pull request #148461: Prod 165786"""
Q2 2023 - Sprint 2,2023/04/20,2023/05/03,PROD-165670,148608,Ridhi.Handa,0,0,0,0,0,0,0,0,0,0,0,0,SBandekar,,1. Pull request #148445: Flex 86744  Merge in CVT/c4 from flex-86744 to ccid-2545  * commit 'b8116aca0d457ebcab8af52d236b065dcf98c733':    FLEX-86744: Updating default value    FLEX-86744: Adding default value to secret key
Q2 2023 - Sprint 2,2023/04/20,2023/05/03,PROD-165670,148822,Ridhi.Handa,0,0,0,0,0,0,0,0,0,0,0,0,APrajapati,,"1. Pull request #148641: Prod 159811  Merge in CVT/c4 from prod-159811 to ccid-2548  * commit 'ed08cbb286d20cae5beb2a196d70472402532e37':    PROD-159811: fixed timezone 110 mapping for windows so it properly returns the offset    PROD-159811: fixed timezone 110 to be correct ""Europe/Lisbon"" instead of ""Europe/Berlin""
2. Pull request #148644: Ccid 2547  Merge in CVT/c4 from ccid-2547 to ccid-2548  * commit 'd764bb506f30ce8200208a2f74f1993bb8e4153c':"
Q2 2023 - Sprint 2,2023/04/20,2023/05/03,HUB-97991,142461,Ridhi.Handa,0,0,0,0,0,0,0,0,0,0,0,0,"Verma, Tushar",,
Q2 2023 - Sprint 2,2023/04/20,2023/05/03,HUB-97991,143061,Ridhi.Handa,0,0,0,0,0,0,0,0,0,0,0,0,Ayesha.Khan,,
Q2 2023 - Sprint 2,2023/04/20,2023/05/03,HUB-97991,144525,Ridhi.Handa,0,0,0,0,0,0,0,0,0,0,0,0,spujara,,
Q2 2023 - Sprint 2,2023/04/20,2023/05/03,HUB-97991,148894,Ridhi.Handa,0,0,0,0,0,0,0,0,0,0,0,0,SNitin,,
Q2 2023 - Sprint 2,2023/04/20,2023/05/03,HUB-97991,148852,Ridhi.Handa,4,0,0,0,0,0,0,0,0,0,0,0,Ridhi.Handa,,
Q2 2023 - Sprint 2,2023/04/20,2023/05/03,HUB-97991,148901,Ridhi.Handa,0,0,0,0,0,0,0,0,0,0,0,0,PPednekar,,
Q2 2023 - Sprint 2,2023/04/20,2023/05/03,HUB-97991,148902,Ridhi.Handa,0,0,0,0,0,0,0,0,0,0,0,0,PPednekar,,
Q2 2023 - Sprint 2,2023/04/20,2023/05/03,PROD-166104,1470,Ridhi.Handa,8,8,0,0,0,0,0,0,1,0,0,0,Ridhi.Handa,,
Q2 2023 - Sprint 2,2023/04/20,2023/05/03,PROD-166104,1482,Ridhi.Handa,1357,279,0,0,0,0,0,0,0,0,0,0,Ridhi.Handa,,
Q2 2023 - Sprint 2,2023/04/20,2023/05/03,PROD-166104,1478,Ridhi.Handa,0,0,0,0,0,0,0,0,0,0,0,0,Vidul.Kumar,,
Sprint Totals,,,,,,PR_ADDED: 1369,PR_REMOVED: 287,COMMIT_ADDED: 1041,COMMIT_REMOVED: 750,APPROVED: 0,COMMENTED: 0,DECLINED: 0,MERGED: 0,OPENED: 1,RESCOPED: 0,UNAPPROVED: 0,UPDATED: 0,,,

Q2 2023 - Sprint 3,2023/05/04,2023/05/17,HUB-97991,142461,Ridhi.Handa,0,0,0,0,0,0,0,0,0,0,0,0,"Verma, Tushar",,
Q2 2023 - Sprint 3,2023/05/04,2023/05/17,HUB-97991,143061,Ridhi.Handa,0,0,0,0,0,0,0,0,0,0,0,0,Ayesha.Khan,,
Q2 2023 - Sprint 3,2023/05/04,2023/05/17,HUB-97991,144525,Ridhi.Handa,0,0,0,0,0,0,0,0,0,0,0,0,spujara,,
Q2 2023 - Sprint 3,2023/05/04,2023/05/17,HUB-97991,148309,Ridhi.Handa,0,0,0,0,0,0,0,0,0,0,0,0,VGadhiya,,"1. Pull request #148902: Webinar 7982  Merge in CVT/c4 from webinar-7982 to ccid-2553  * commit 'b39596a4a8d033bdf2913ab927ad6cb18319f43d':    HUB-97991: added writing assistant url in appbuilder properties    WEBINAR-7982: Add account id in the logs    WEBINAR-7982: Change the order of the account flag change call    WEBINAR-7982: Hook up event license type change endpoint with CVII when event license is changed from self serve to professional or enterprise    [PROD:148017] : Update the changes for Event Questions Tag    FLEX-82830 Update paths for custom widget admin    FLEX-82830 Add Custom admin widgets menu item, and remove account code widgets menu item
2. Pull request #148910: Webinar 8478  Merge in CVT/c4 from webinar-8478 to ccid-2555  * commit 'd3e5119aac8d6e24155c0ac924586dd91cb8629e':    WEBINAR-8478: correct condition to auto enable cvent video player    WEBINAR-8478: place cvent video player turning on at correct place    WEBINAR-8478: append cvent video player flag correctly in xml    WEBINAR-8478: enable cvent video player if we enabled webianr management falg
3. Pull request #148911: PROD-166752: Integrate webinars downgrade for free tier admin user notify endpoint  Merge in CVT/c4 from prod-166752 to ccid-2555  * commit 'ae06fb1d8d4dd5b8dfa04aef700aa3f818d78ee4':    PROD-166752: Integrate webinars downgrade for free tier admin user notify endpoint
4. Pull request #148913: Prod 166717  Merge in CVT/c4 from prod-166717 to ccid-2555  * commit 'deeafd8dda67f2bb8cfc53d4ad9d9a1e12e06f85':    HUB-80307: re-add Print Badge with OnArrival to search list    HUB-80307: missed a section in details list to allow OA Badge Printing    HUB-80307: allow badge printing with OnArrival    HUB-80307: remove TODO comment    HUB-80307: remove TODO comment    HUB-80307: add logic for disabling Guest printing with NxBadgeDesigner    HUB-80307: Tweak logic for Print Badge action buttons    HUB-80307: Add checks for NxBadgeDesigner enabled around invitee printing
5. Pull request #148914: Prod 166581  Merge in CVT/c4 from prod-166581 to ccid-2555  * commit '2ad0ff4907191317ade4b0609ecc2bfe0d8691cd':    PROD-166581: duplicate entry removed    PROD-166581: latest resx pull    reverting PROD-148017 from ccid-2553 Revert ""Pull request #148857: [PROD:148017] : Update the changes for Event Questions Tag""    ALPHA-PROD-CONFLICT: latest event soa package updated    SURVEY-68200 : targetFramework updated    SURVEY-68200 : .net version updated    SURVEY-68200 : Package version update for logic domain entities    SURVEY-67714:removed redundent packages    SURVEY-67714:removed redundent packages    SURVEY-67714:removed redundent packages    CSNALL-67230: Remove ibk admin check for manage bookings page    SURVEY-67714:changes for qna nuget package    CSNALL-67230: Add cventPlannerAppDns to ibk manage bookings    SURVEY-67714:changes for qna version update    SURVEY-67879: event soa package updated    SURVEY-67879: conflict merge while cherry-pick    SURVEY-66892: email type update    SURVEY-66892: redundant code removed    SURVEY-66892: code clean    SURVEY-66892: exhibitor email copy code saved"
Q2 2023 - Sprint 3,2023/05/04,2023/05/17,HUB-97991,148894,Ridhi.Handa,0,0,0,0,0,0,0,0,0,0,0,0,SNitin,,
Q2 2023 - Sprint 3,2023/05/04,2023/05/17,HUB-97991,148852,Ridhi.Handa,4,0,0,0,0,0,0,0,0,0,0,0,Ridhi.Handa,,
Q2 2023 - Sprint 3,2023/05/04,2023/05/17,HUB-97991,148901,Ridhi.Handa,0,0,0,0,0,0,0,1,0,0,0,0,PPednekar,,
Q2 2023 - Sprint 3,2023/05/04,2023/05/17,HUB-97991,148902,Ridhi.Handa,0,0,0,0,1,0,0,1,0,7,0,0,PPednekar,,
Q2 2023 - Sprint 3,2023/05/04,2023/05/17,HUB-97991,148928,Ridhi.Handa,0,0,0,0,0,0,0,0,0,0,0,0,qtpman,,"1. Pull request #148909: Prod 165470  Merge in CVT/c4 from prod-165470 to ccid-2553  * commit 'b57890a90eb8204f9592028ee70a4f43a5801fc8':    Import package for TriggerType    PROD-165470: Remove code for cc    PROD-165470: Remove code for cc    PROD-165470: Set session config to use account config that the event config is using    PROD-165470: Update Cvent.Connectors version
2. Pull request #148908: Prod 165897  Merge in CVT/c4 from prod-165897 to ccid-2553  * commit '338c93ee72a30c8b15b7ba10b1018fbd06034183':    PROD-165897: phraseapp pull for event and admin    Revert ""PROD-165897: phraseapp pull for event and admin""    PROD-165897: phraseapp pull for event and admin    PROD-165897: handle changes to skip the cancelled session in session import    PROD-165897: Updating import error code    PROD-165897: Adding skip reason for session import
3. Pull request #148907: PROD-162646 :Create proposal fix for spanish language if checkout date is wednesday or check in date tuesday  Merge in CVT/c4 from prod-166246 to ccid-2553  * commit 'bacc80f85fd583348bfcc342869dc6fce4c70938':    PROD-162646 :Create proposal fix for spanish language if checkout date is wednesday or check in date tuesday
4. Pull request #148906: up_cvnt_Session_AwardCreditsBySessionEndDate.sql edited online with Bitbucket  Merge in CVT/c4 from prod-166567 to ccid-2553  * commit '133115ab83ff701d56e285b9c43e8d12683ab843':    up_cvnt_Session_AwardCreditsBySessionEndDate.sql edited online with Bitbucket
5. Pull request #148905: Webinar 5308  Merge in CVT/c4 from webinar-5308 to ccid-2553  * commit 'bc727ea6ff6ab10fcafeae5a768e187a8ce09bb2':    WEBINAR-5308: Removed planner dot net client version in cvii module    WEBINAR:5308: Updated client registration    WEBINAR-5308: Updated resx keys again    Revert ""WEBINAR-5308:Added resx keys""    WEBINAR-5408:Added resx keys    WEBINAR-5308: Updated planner event dot net client and model versions in c4    WEBINAR-5308: Updated csproj file    WEBINAR-5308: Minor changes    WEBINAR-5308: Added error message when error is thrown    WEBINAR-5308: Added bulk owner change endpoint to webinar owner change popup
6. Pull request #148904: PROD-166639:Implementation of review comments  Merge in CVT/c4 from prod-166639 to ccid-2553  * commit '6fdb6b00328c81c2df112bbb8b4c7c6089ab0447':    PROD-166639:Implementation of review comments
7. Pull request #148903: Prod 166655  Merge in CVT/c4 from prod-166655 to ccid-2553  * commit '5987c349704b27ea17d2e0ba7ad9b352bd1dcbb3':    HUB-97131: Whitespace changes fixed.    HUB-97131: Removed unwanted changes.    HUB-97131: Added code to send in cvent-video-editor-url to Shared upload library component for rendering text track editors."
Q2 2023 - Sprint 3,2023/05/04,2023/05/17,HUB-97991,149030,Ridhi.Handa,0,0,0,0,0,0,0,0,0,0,0,0,ALakshkar,,"1. Pull request #148996: PROD-166891: Update Cvent.Framework.Tracing in C4 to 1.230417.104929  Merge in CVT/c4 from prod-166891-ccid-2556 to ccid-2556  * commit 'a18bcaa71e041b5e2517413b28319009fc47277b':    HUB-97777: Fix configTransform    HUB-97777: Updated Cvent.BackendAuth to the release version.    HUB-97777: Added Cvent.BackendAuth (Silo) and Cvent.Controls (release)    HUB-97777: Cvent.Controls update (silo version)    HUB-97777: Updated Cvent.Framework.Tracing
2. Pull request #149003: Prod 164150  Merge in CVT/c4 from prod-164150 to ccid-2556  * commit '2e25cf307dd9b853eefc062d1d1969ff8a1e0fad':    PROD-164150 : Adding the Non Cluster Index for temptable    PROD-164150 : Consolidated the Order Details as per the Invitee and Guest    PROD-164150 : Adding Changes in SP for particular scenario    PROD-164150 : Return the Invitee and Guest Order and Payment Information    PROD-164150 : Change in SP for display Invitee and Guest order details individually. Also correct the Cancel order scenario    PROD-164150 : Return Guest Order details Individually.    PROD-164150 : Return the Guest Order Details individually    PROD-164150 : Also Return Freeloader Order Details
3. Pull request #148989: Flex 86745  Merge in CVT/c4 from flex-86745 to ccid-2556  * commit '90ab3f0557914bf8d1346fa813c2677c24cb2bd6':    FLEX-88458 % FLEX-86745: Secret api should be visible if e-commerce is set true    FLEX-88458 & FLEX-86745: Fixed handling of ""G-"" in front of measurement id    FLEX-88458 & FLEX-86745: Fixed measurementID summary    FLEX-88458 & FLEX-86745: Changing SP where measurement Id is fetched from    FLEX-86745: Fixed script    FLEX-86745: Adding measurement Id for GA4
4. Pull request #149011: package update by jenkins for Com.Cvent.EventRegistration.Client 10.230504.175149  Merge in CVT/c4 from prod-jenkins-dot-net-update-package-2988 to ccid-2556  * commit '3ba47153e33753d2ffda4d61898f13cfccf91236':    package update by jenkins for Com.Cvent.EventRegistration.Client 10.230504.175149
5. Pull request #149022: Flex 88046  Merge in CVT/c4 from flex-88046 to ccid-2558  * commit 'e2c8cf6a605dfd1d5a439fdfac74b1874223600e':    FLEX-88046: Updating to new cvent.controls    FLEX-88046: Add writing assistant to event creation    FLEX-88046: Config updates    FLEX-88046: Updates to put the writing assistant behind an experiment    FLEX-88046: Reverting incorrect changes to the package    FLEX-88046: Update packages to use the new cvent.controls    FLEX-88046: Use the new assisted rich text box
6. Pull request #149060: PROD-166846: Fixed OnsiteQuestions (Registration and CheckIn) 's ""Required"" and ""Optional"" select list item so they effectively change languages when the user profile's language is changed  Merge in CVT/c4 from prod-166846 to ccid-2558  * commit '055b8ecafb9bf08f563f37def9cc55be49bd30da':    PROD-166846: Fixed OnsiteQuestions (Registration and CheckIn) 's ""Required"" and ""Optional"" select list item so they effectively change languages when the user profile's language is changed
7. Pull request #149061: Revert ""Revert ""PROD-166720: removed from ccid-2556 Revert ""Pull request #148954: PROD-166720: Disable off option for onarrival badge designer""""""  Merge in CVT/c4 from prod-166720 to ccid-2558  * commit '34c570159fe6f9c815aa44b1031de791353f46e3':    Revert ""Revert ""PROD-166720: removed from ccid-2556 Revert ""Pull request #148954: PROD-166720: Disable off option for onarrival badge designer""""""
8. Pull request #149091: Prod  Merge in CVT/c4 from prod to ccid-2558  * commit '5e91764e795243bd5cdf4377b69ef93b1ee15753':
9. Pull request #149099: Prod 167414  Merge in CVT/c4 from prod-167414 to ccid-2558  * commit '007237b41cc3062b0316add2620a97f86c34c18c':    Move join  to if clause    Adding join on form stub"
Q2 2023 - Sprint 3,2023/05/04,2023/05/17,HUB-97991,149087,Ridhi.Handa,0,0,0,0,0,0,0,0,0,0,0,0,Arvind.Negi,,"1. Pull request #149088: PROD-167165: Sp changes for release  Merge in CVT/c4 from prod-167165 to ccid-2562  * commit '6ff8a6f15bc1694574497052efa4dfc5f5902dc5':    PROD-167165: Sp changes for release
2. Pull request #149081: Src 9161  Merge in CVT/c4 from src-9161 to ccid-2562  * commit '67f01b515afe9f81224ef5e32b11a0afaf251fe8':    SRC-9161 - Adding event tests to the package updates for consistency.    SRC-9161 - fixing the privacy setting.    SRC-9161 - Fixing up the solution directory for the packages.    SRC-9161 - tearing out the config values that have already been added by previous work.    SRC-9161 - updating packages to newest to fix overflow issues.    SRC-9161 - Updating cvent.controls package to bump to latest stable.    SRC-9161 - Adding configuration setting.    SRC-9161 - Removing unnecessary experiment stuff.    SRC-9161 - Fixing up the packages path.    SRC-9161 - adding package and .csproj for visibility.    SRC-9161 - First Commit.
3. Pull request #149093: Revert ""Revert ""Revert ""PROD-166720: removed from ccid-2556 Revert ""Pull request #148954: PROD-166720: Disable off option for onarrival badge designer""""""""  Merge in CVT/c4 from prod-166720-ccid-2558 to ccid-2562  * commit '616fc56bd13291a09524579daebaa5ea73a6ff33':    Revert ""Revert ""Revert ""PROD-166720: removed from ccid-2556 Revert ""Pull request #148954: PROD-166720: Disable off option for onarrival badge designer"""""""""
Q2 2023 - Sprint 3,2023/05/04,2023/05/17,HUB-97991,149325,Ridhi.Handa,0,0,0,0,0,0,0,0,0,0,0,0,THarsh,,1. Pull request #149123: Prod 166962  Merge in CVT/c4 from prod-166962 to ccid-2563  * commit '6050f5c5930770415e374fca8d485d481a2877f3':    PROD-166962 : update quetion folder angular file version    PROD-166962 : Angular version update to 1.8.3
Q2 2023 - Sprint 3,2023/05/04,2023/05/17,PROD-166104,1470,Ridhi.Handa,8,8,0,0,0,0,0,0,0,0,0,0,Ridhi.Handa,,
Q2 2023 - Sprint 3,2023/05/04,2023/05/17,PROD-166104,1482,Ridhi.Handa,1357,279,0,0,0,0,0,0,1,0,0,0,Ridhi.Handa,,
Q2 2023 - Sprint 3,2023/05/04,2023/05/17,PROD-166104,1508,Ridhi.Handa,0,0,0,0,0,0,0,0,0,0,0,0,S.Chawla,,1. Pull request #1476: Fix/prod 161569  Merge in CSA/imports.async.service from fix/prod-161569 to ccid-2556  * commit 'f4698024dd2a4e0ddc6e930893bd39c07b768206':    PROD-161569: fix session types resolve across    PROD-161569: fix session type resx    PROD-161569: common static function update    PROD-161569: minor locale update    PROD-161569: imports handling by utilising locale    PROD-161569: soln return    PROD-161569: temp resx output check    PROD-161569: localisation initial integration    PROD-161569: localisation initial integration
Q2 2023 - Sprint 3,2023/05/04,2023/05/17,PROD-166104,1478,Ridhi.Handa,0,0,0,0,0,0,1,0,0,0,0,1,Vidul.Kumar,,
Sprint Totals,,,,,,PR_ADDED: 1369,PR_REMOVED: 287,COMMIT_ADDED: 0,COMMIT_REMOVED: 0,APPROVED: 1,COMMENTED: 0,DECLINED: 1,MERGED: 2,OPENED: 1,RESCOPED: 7,UNAPPROVED: 0,UPDATED: 1,,,

Q2 2023 - Sprint 4,2023/05/18,2023/05/31,HUB-84318,12005,Ridhi.Handa,0,0,0,0,0,0,0,0,0,0,0,0,PPednekar,,
Q2 2023 - Sprint 4,2023/05/18,2023/05/31,HUB-84318,11973,Ridhi.Handa,1105,138,0,0,0,0,0,0,0,0,0,0,Ridhi.Handa,,
Q2 2023 - Sprint 4,2023/05/18,2023/05/31,PROD-166215,11973,Ridhi.Handa,1105,138,0,0,0,0,0,0,0,0,0,0,Ridhi.Handa,,
Sprint Totals,,,,,,PR_ADDED: 2210,PR_REMOVED: 276,COMMIT_ADDED: 0,COMMIT_REMOVED: 0,APPROVED: 0,COMMENTED: 0,DECLINED: 0,MERGED: 0,OPENED: 0,RESCOPED: 0,UNAPPROVED: 0,UPDATED: 0,,,

Q2 2023 - Sprint 5,2023/06/01,2023/06/14,HUB-84318,12005,Ridhi.Handa,0,0,0,0,0,0,0,0,0,0,0,0,PPednekar,,
Q2 2023 - Sprint 5,2023/06/01,2023/06/14,HUB-84318,11973,Ridhi.Handa,1105,138,0,0,0,0,1,0,1,0,0,0,Ridhi.Handa,,
Q2 2023 - Sprint 5,2023/06/01,2023/06/14,PROD-166215,11997,Ridhi.Handa,0,0,0,0,0,0,0,0,0,0,0,0,SBundale,,"1. Pull request #11980: Prod 167447  Merge in SOA/event from prod-167447 to ccid-2597  * commit 'ef5ed3bc8dc88cf71121499902e5cf2236fa95aa':    PROD-167447: Updated package Cvent.Event.Flex.GuestResourceStrings    PROD-167447: Update package of guestResourceStrings    PROD-167447: Update package of guestResourceStrings    PROD-167447: added resx for firstName, LastName and emailAddress for attendeeHub under languageManagement"
Q2 2023 - Sprint 5,2023/06/01,2023/06/14,PROD-166215,11973,Ridhi.Handa,1105,138,0,0,0,0,0,0,0,0,0,0,Ridhi.Handa,,
Q2 2023 - Sprint 5,2023/06/01,2023/06/14,PROD-168082,142461,Ridhi.Handa,0,0,0,0,0,0,0,0,0,1,0,0,"Verma, Tushar",,
Q2 2023 - Sprint 5,2023/06/01,2023/06/14,PROD-168082,143061,Ridhi.Handa,0,0,0,0,0,0,0,0,0,1,0,0,Ayesha.Khan,,
Q2 2023 - Sprint 5,2023/06/01,2023/06/14,PROD-168082,144525,Ridhi.Handa,0,0,0,0,0,0,0,0,0,1,0,0,spujara,,
Q2 2023 - Sprint 5,2023/06/01,2023/06/14,PROD-168082,148894,Ridhi.Handa,0,0,0,0,0,0,0,0,0,1,0,0,SNitin,,
Q2 2023 - Sprint 5,2023/06/01,2023/06/14,PROD-168082,149732,Ridhi.Handa,0,0,0,0,0,0,0,0,0,1,0,0,SSao,,
Q2 2023 - Sprint 5,2023/06/01,2023/06/14,PROD-168082,150378,Ridhi.Handa,6,5,0,0,0,0,0,0,1,0,0,0,Ridhi.Handa,,
Q2 2023 - Sprint 5,2023/06/01,2023/06/14,PROD-168082,150459,Ridhi.Handa,0,0,305,342,0,0,0,0,0,0,0,0,qtpman,,"1. Pull request #150380: PROD-168960: fixing name for owner change popup  Merge in CVT/c4 from prod-168960-forward-fix to ccid-2596  * commit '4cb2fa7966e7bd21761f4fcf9f7994df6e61d5c8':    Renamed popup for webinar owner change    Revert ""Reverting PROD-168960 from ccid-2595""    PROD-168960: fixing name for owner change popup
2. Pull request #150363: package update by jenkins for Cvent.Controls 3.230612.110743  Merge in CVT/c4 from prod-169029 to ccid-2596  * commit 'd81b26746fe58e4c5be9eb29359f6ff7e4c8428c':    package update by jenkins for Cvent.Controls 3.230612.110743
3. PROD-169029: removed from ccid-2596 Revert ""Pull request #150363: package update by jenkins for Cvent.Controls 3.230612.110743""  This reverts commit 654353dcaed175db688dc0f897e85f2c60d141d4, reversing  changes made to 971117da524dda4c47c36d6a164353152a918872."
Q2 2023 - Sprint 5,2023/06/01,2023/06/14,PROD-168082,150473,Ridhi.Handa,0,0,0,0,0,0,0,0,0,0,0,0,APrajapati,,1. Pull request #150311: Prod 167284.1 copy  Merge in CVT/c4 from prod-167284.1-copy to ccid-2595  * commit '9091e884f463e77c513f172d65bb7227e6a75bb8':
Q2 2023 - Sprint 5,2023/06/01,2023/06/14,PROD-168082,150499,Ridhi.Handa,0,0,18,40,0,0,0,0,0,0,0,0,Dhruti.Shah,,"1. Pull request #150414: Prod 169029  Merge in CVT/c4 from prod-169029 to ccid-2597  * commit 'eba417c87facfc7ddf72979cd3acc9e4d27ce3fc':    PROD-169029: Reverted Cvent.Antivirus package changes    PROD-169029: Reverted Cvent.Antivirus package changes    PROD-169029: Reverted Cvent.Antivirus package changes    Revert ""PROD-169029: removed from ccid-2596 Revert ""Pull request #150363: package update by jenkins for Cvent.Controls 3.230612.110743""""
2. Pull request #150431: Add speaker_flag column to CONTACT  Merge in CVT/c4 from prod-170249 to ccid-2597  * commit '636090d1d9877d615165c109f4c3cb8672741f89':    Add speaker_flag column to CONTACT
3. Pull request #150440: Flex 87170  Merge in CVT/c4 from flex-87170 to ccid-2597  * commit 'ae7d7fc44b4629e7214485efa94b938c0fa1b028':    FLEX-87170:Phrase app pull    FLEX-87170: Removed event feature flag    FLEX-87170:Adjust to not rely on event flag    FLEX-87170: Remove code added for running locally    FLEX-87170: Phrase app pull    FLEX-87170: Added Summary Description to new method    FLEX-87170: Fixed gating on AGP link    FLEX-87170: Added Gate For Account Feature    FLEX-87170: Updated to skip link generation if AGP is off in the event    FLEX-87170: Minor fix to existing event    FLEX-87170: Got AGP Link creation working    FLEX-87170:Added Weblink Controller
4. Pull request #150441: FLEX-86204: updated usage of updateResource function  Merge in CVT/c4 from flex-86204-2 to ccid-2597  * commit 'd9de63038b0695cdcccc548d68350be26a1a9175':    FLEX-86204: updated usage of updateResource function
5. PROD-169684: removed from ccid-2597 Revert ""Pull request #150441: FLEX-86204: updated usage of updateResource function""  This reverts commit 3ad125fc1e1413aca64bec5496f8683d427fb7a6, reversing  changes made to 4c63a58b12294779ac16f2013da630ce9d8efb78."
Q2 2023 - Sprint 5,2023/06/01,2023/06/14,PROD-168082,150073,Ridhi.Handa,0,0,0,0,0,0,0,0,0,1,0,0,AJagtap,,
Sprint Totals,,,,,,PR_ADDED: 2216,PR_REMOVED: 281,COMMIT_ADDED: 323,COMMIT_REMOVED: 382,APPROVED: 0,COMMENTED: 0,DECLINED: 1,MERGED: 0,OPENED: 2,RESCOPED: 6,UNAPPROVED: 0,UPDATED: 0,,,

Overall Totals,,,,,,PR_ADDED: 7164,PR_REMOVED: 1131,COMMIT_ADDED: 1364,COMMIT_REMOVED: 1132,APPROVED: 1,COMMENTED: 0,DECLINED: 2,MERGED: 2,OPENED: 4,RESCOPED: 13,UNAPPROVED: 0,UPDATED: 1,,,
