SPRINT,START_DATE,END_DATE,TICKET,PR_ID,USER,PR_ADDED,PR_REMOVED,COMMIT_ADDED,COMMIT_REMOVED,APPROVED,COMMENTED,DECLINED,MERGED,OPENED,RESCOPED,UNAPPROVED,UPDATED,AUTHOR,COMMENTS,COMMIT_MESSAGES
Q2 2023 - Sprint 2,2023/04/20,2023/05/03,PROD-165670,142461,PPednekar,0,0,0,0,0,0,0,0,0,2,0,0,"Verma, Tushar",,
Q2 2023 - Sprint 2,2023/04/20,2023/05/03,PROD-165670,143061,PPednekar,0,0,0,0,0,0,0,0,0,2,0,0,Ayesha.Khan,,
Q2 2023 - Sprint 2,2023/04/20,2023/05/03,PROD-165670,144525,PPednekar,0,0,0,0,0,0,0,0,0,2,0,0,spujara,,
Q2 2023 - Sprint 2,2023/04/20,2023/05/03,PROD-165670,148894,PPednekar,0,0,0,0,0,0,0,0,0,0,0,0,SNitin,,
Q2 2023 - Sprint 2,2023/04/20,2023/05/03,PROD-165670,148210,PPednekar,0,0,0,0,0,0,0,0,0,2,0,0,Vinodkumar.Yadav,,"1. Pull request #148520: Ent 28287 prod  Merge in CVT/c4 from ent-28287-prod to ccid-2546  * commit '9c107771dac9b16be78e3a4b6d02e61bb8cd1394':    adding namespace    ENT-28287 retry deleting the portal 3 times when TaskCanceledException is thrown
2. Pull request #148518: Prod 165958  Merge in CVT/c4 from prod-165958 to ccid-2546  * commit '87ee2d3fcadc31f7916fc962303fb8d4bdc9c109':    CMOBL-151134: Modified to avoid duplicate code    CMOBL-151134: Updated with nolock    CMOBL-151134: Missing type    CMOBL-151134: Modified to get the correct total records of events    CMOBL-151134: Modified based on PR feedback    CMOBL-151134: Modified absed on PR feedback    CMOBL-151134: Modified absed on PR feedback    cmobl-151134: Add parameter to exclude webinar events
3. Pull request #148516: Prod 165075  Merge in CVT/c4 from prod-165075 to ccid-2546  * commit '457228ff00a8a819ad869c2dbf20b2c60cfc67cd':    FLEX-87941 Drop table    FLEX:87942 Drop Table
4. Pull request #148517: Prod 159561  Merge in CVT/c4 from prod-159561 to ccid-2546  * commit '918ba8952fffacb9991c6fc13d00e03bc14a0f5f':    PROD-159561: modified the files    prod-159561: added the files
5. Pull request #148521: Add Order as an allowed sort to enable sorting by order on the Speaker List with pagination  Merge in CVT/c4 from src-9131 to ccid-2546  * commit '1874e97f01f39a772e8e207090d38a58ae459c59':    Add Order as an allowed sort to enable sorting by order on the Speaker List with pagination
6. Pull request #148577: WEBINAR-7051: add new property named client in bearer token metadata which will hold map for clientName and username  Merge in CVT/c4 from webinar-7051-2 to ccid-2547  * commit '430c13a40676794dcc2bf2c1eaa12a3f4df2f8ee':    WEBINAR-7051: add new property named client in bearer token metadata which will hold map for clientName and username
7. Pull request #148579: Webinar 5307  Merge in CVT/c4 from webinar-5307 to ccid-2547  * commit '3e66cecae17695242800f597f7087dab3c665734':    WEBINAR-5307: Converted ToString    Fixed Syntax error    WEBINAR-5307: Replaced Literals with Enum Constants    WEBINAR-5307: Added CRiteria for Excluding Processing and Deleted webinars
8. Pull request #148576: Webinar 871  Merge in CVT/c4 from webinar-871 to ccid-2547  * commit '9dbb7d587aad5cfca6c8f56f465060551b107349':    WEBINAR-871:Fix test cases    WEBINAR-871:PR comments    WEBINAR-871:allow user on paid license to upgrade to resolve conflict
9. Pull request #148575: Webinar 7314  Merge in CVT/c4 from webinar-7314 to ccid-2547  * commit '2e98104e17719df23c3bc6fe11a01d8a7634a04c':    WEBINAR-7314: Update resx keys    WEBINAR-7314: Incorporate review comment    WEBINAR-7314: Fix type in tooltip    WEBINAR-7314: Remove license while deleting user from users grid page    WEBINAR-7314: Update constructor calls    WEBINAR-7314: Incorporate review comments    WEBINAR-7314: Update variant check for contracted webinars experiment    WEBINAR-7314: Disable and remove delete button if user is a webinar owner    WEBINAR-7314: add resx key for delete user tool tip    WEBINAR-7314: Disable delete option if the users is a webinar owner
10. Pull request #148625: Ccid 2549  Merge in CVT/c4 from ccid-2549 to prod  * commit '4d88b4ea81edbab4e5b5f4cf12f0424460ee2f16': (32 commits)    PROD-165999: removed from ccid-2546 Revert ""Pull request #148489: Src 8557 new""    RND-10648: Update packages to ccid version    RND-10648: fixes    adding namespace    ENT-28287 retry deleting the portal 3 times when TaskCanceledException is thrown    PROD-159561: modified the files    PROD-165955: Added LU script    PROD-165404: adding sql script for HMC and OG    RND-10648: Update Packages    Add Order as an allowed sort to enable sorting by order on the Speaker List with pagination    CMOBL-151134: Modified to avoid duplicate code    CMOBL-151134: Updated with nolock    HUB-95914: LU_Tool changes for cvii AIWritingAssistent flag    END-10648: remove NestedEntity from Subscribers.Admin    PROD-165460:file upload changed to s3    PROD-165460:file upload changed to s3    RND-10628: update Cvent.Event.client    RND-10648: Update Cvent.Event.DomainEntityt    CMOBL-151134: Missing type    CMOBL-151134: Modified to get the correct total records of events    ..."
Q2 2023 - Sprint 2,2023/04/20,2023/05/03,PROD-165670,148351,PPednekar,937,20,0,0,0,0,1,1,1,0,0,0,PPednekar,,
Q2 2023 - Sprint 2,2023/04/20,2023/05/03,PROD-165670,148416,PPednekar,0,0,0,0,1,0,0,0,0,0,0,1,qtpman,,1. Pull request #148351: Prod 165670  Merge in CVT/c4 from prod-165670 to ccid-2540  * commit '4df0bd7f8686c5cf9b07baeee64b78d49e8bf586':    PROD-165670: phrase pull    HUB-94227: adjust warning icon style    HUB-92840: add try catch statement in getNotifications  method    HUB-94227: add new lines and break longer lines and add test ids    HUB-94277: remove unecessary change and add condition for empty text in segment grid    HUB-94227: add impacted notifications popup    HUB-92840: remove redundant method param and rename segmentsMap    HUB-92840: HUB-92906: add link to flash warning and flash warning on noitifications grid page for impacted notificaions.    HUB-92842: put count in else condition    HUB-92842: add count of attendee segment in warning message
Q2 2023 - Sprint 2,2023/04/20,2023/05/03,PROD-165670,148437,PPednekar,0,0,0,0,0,0,0,0,0,0,0,0,SMahale,,1. Pull request #148356: Prod  Merge in CVT/c4 from prod to ccid-2538  * commit '68d829c0385f17fa0781090bc3f49fdfa8a73d9f':
Q2 2023 - Sprint 2,2023/04/20,2023/05/03,PROD-165670,148494,PPednekar,0,0,0,0,0,0,0,0,0,0,0,0,SSao,,1. Pull request #148349: Ccid 2542  Merge in CVT/c4 from ccid-2542 to prod  * commit 'cbcad10a37d4ad4cdc849861767f95b42d065b08':    PROD-165669: changes for adding condition in joins to map the indexes created on the table
Q2 2023 - Sprint 2,2023/04/20,2023/05/03,PROD-165670,148502,PPednekar,0,0,0,0,0,0,0,0,0,0,0,0,SMahale,,"1. Pull request #148404: Prod 165671  Merge in CVT/c4 from prod-165671 to ccid-2544  * commit 'e8abbd80bc279f94da99b6fb9ffe481dd5324ecc':    PROD-165671: Reverting bad commit    PROD-165671: Resolving conflicts    CINT-24410: Phrase pull    CINT-24410: Adding entry to sitemap.xml as well    CINT-24410: Adding menu item for integrations apps admin page
2. Pull request #148406: added DELETED_FILE_AUDIT to LU_DATA_ARCHIVE_EXEMPTED_TABLE_LIST  Merge in CVT/c4 from prod-165213-2 to ccid-2544  * commit '7452e74b1cbe104fda15544045f619ea8998328c':    added DELETED_FILE_AUDIT to LU_DATA_ARCHIVE_EXEMPTED_TABLE_LIST"
Q2 2023 - Sprint 2,2023/04/20,2023/05/03,PROD-165670,148570,PPednekar,0,0,0,0,0,0,0,0,0,0,0,0,UBansal,,"1. Pull request #148460: PROD-164422 : Changes to Update Invitee_reg_Pack with new contact stub during substitution  Merge in CVT/c4 from prod-164422 to ccid-2545  * commit '434894da62123f28a60bf41eb304131a13345a98':    PROD-164422 : Changes to Update Invitee_reg_Pack with new contact stub during substitution
2. Pull request #148464: SRC-9114: Adjust Store procedure to return empty string instead of default value to match consumer  Merge in CVT/c4 from src-9114 to ccid-2545  * commit '9ef3a8fc705c230e4055d62c3da06b83b4984a63':    SRC-9114: Adjust Store procedure to return empty string instead of default value to match consumer
3. Pull request #148461: Prod 165786  Merge in CVT/c4 from prod-165786 to ccid-2545  * commit '1e38fdf684da898a476647682578ac3b2459f4d8':    BILLING-87: cleaned up comment    HUb-95982:Delete Usage & Limits section from CVII Account Settings LU_ACCOUNT_CONFIG EU & US    HUb-95982:Delete Usage & Limits section from CVII Account Settings LU_ACCOUNT_SETTINGS_SECTION    HUB-95987:Delete Usage & Limits section from CVII Account Settings    HUB-95987:Delete Usage & Limits section from CVII Account Settings    BILLING-87: removed Usage & Limits section (still need DBCRs to remove the records from the LU related tables)
4. Pull request #148468: PROD-165735:Lu changes  Merge in CVT/c4 from prod-165735 to ccid-2545  * commit '298b18bec08b9e34e26f79dbb01762f42e0fd17f':    PROD-165735:Lu changes
5. Pull request #148466: Prod 161612  Merge in CVT/c4 from prod-161612 to ccid-2545  * commit 'c9ee35d4c8110fc6194853b64183a9d8a198449a':    PROD-161612: Added a fix for existing hotel requst with empty.guid BIs    PROD-161612: Updated csproj file    PROD-161612: Fix for assign bi exception when a bi exception assigned for all reg type ids    PROD-161612: Added the change in csproj file for new bi folder    PROD-161612: Assigning correct billing instruction on the grid and on save bulk edit"
Q2 2023 - Sprint 2,2023/04/20,2023/05/03,PROD-165670,148822,PPednekar,0,0,0,0,0,0,0,0,0,0,0,0,APrajapati,,"1. Pull request #148637: PROD-164372: Added SB code  Merge in CVT/c4 from prod-164371 to ccid-2548  * commit '01581da15c323e2b6bb34587c82a59125729193c':    PROD-164372: Added SB code
2. Pull request #148636: WEBINAR-6514:updated cent control version  Merge in CVT/c4 from webinar-6514-ccid-2548 to ccid-2548  * commit '003ac63d5fff1f2f2ceb07cccb30c32f89c3f371':    WEBINAR-6514:updated cent control version
3. Pull request #148632: Webinar 7314 fix  Merge in CVT/c4 from webinar-7314_fix to ccid-2548  * commit '34f77872709bd9b23db478425e3c415e2a3880d5':    WEBINAR-7314: Keep delete single record async    WEBINAR-7314: Fix padding issue on users grid page
4. Pull request #148638: CMOBL-153150: Update data in attendee read endpoints to support new OA badge designer  Merge in CVT/c4 from prod-166070 to ccid-2548  * commit 'ee6ecadadee52a89074ed750c44dc93a23dd1787':    CMOBL-153150: Update data in attendee read endpoints to support new OA badge designer
5. Pull request #148681: Webinar 7906  Merge in CVT/c4 from webinar-7906 to ccid-2548  * commit '220971ab7e3edcf8cd23447983bed1f6ae40e60d':    WEBINAR-7906: Fixed Updation for allow_webinars for selfServiceAccount    WEBINAR-7906: Fetched allow_webinars key from LU_ACCOINT_CONFIG in spited of visible_flag is off
6. Pull request #148634: CSNALL-66575: Get latest resourceString version in c4  Merge in CVT/c4 from release/prod-166093 to ccid-2548  * commit '3482f59bdcfabad63bd4e23bd04259bc9ca1a645':    PROD-166093: Removed duplicate entries after merge conflict fix    CSNALL-66575: Get latest resourceString version in c4
7. Pull request #148684: PROD-166145 : ccid forward fix  Merge in CVT/c4 from prod-166145-forward-fix to ccid-2548  * commit 'c3fdd7cdb791cd266166e111766de7c22952e9c4':    PROD-166145 : ccid forward fix"
Q2 2023 - Sprint 2,2023/04/20,2023/05/03,HUB-97991,142461,PPednekar,0,0,0,0,0,0,0,0,0,0,0,0,"Verma, Tushar",,
Q2 2023 - Sprint 2,2023/04/20,2023/05/03,HUB-97991,143061,PPednekar,0,0,0,0,0,0,0,0,0,0,0,0,Ayesha.Khan,,
Q2 2023 - Sprint 2,2023/04/20,2023/05/03,HUB-97991,144525,PPednekar,0,0,0,0,0,0,0,0,0,0,0,0,spujara,,
Q2 2023 - Sprint 2,2023/04/20,2023/05/03,HUB-97991,148894,PPednekar,0,0,0,0,0,0,0,0,0,0,0,0,SNitin,,
Q2 2023 - Sprint 2,2023/04/20,2023/05/03,HUB-97991,148852,PPednekar,0,0,0,0,0,0,0,0,0,0,0,0,Ridhi.Handa,,
Q2 2023 - Sprint 2,2023/04/20,2023/05/03,HUB-97991,148901,PPednekar,4,0,0,0,0,0,0,0,0,0,0,0,PPednekar,,
Q2 2023 - Sprint 2,2023/04/20,2023/05/03,HUB-97991,148902,PPednekar,2127,866,0,0,0,0,0,0,0,0,0,0,PPednekar,,
Q2 2023 - Sprint 2,2023/04/20,2023/05/03,HUB-97991,148934,PPednekar,0,0,0,0,0,0,0,0,0,0,0,0,AJagtap,,"1. Pull request #148806: Prod  Merge in CVT/c4 from prod to ccid-2550  * commit 'bd6004259e3487d64b88bcbc0cee4bf730b8c92a':
2. Pull request #148807: Ccid 2550  Merge in CVT/c4 from ccid-2550 to ccid-2551  * commit 'aa23a19e426f192b77670530188a400508a5c5bd':
3. Pull request #148808: Prod 165095  Merge in CVT/c4 from prod-165095 to ccid-2551  * commit '73565d5b18f31f11349a2749e3127998ca300c8e':    PROD-165095:SP updated    PROD-165095:modified SP"
Sprint Totals,,,,,,PR_ADDED: 3068,PR_REMOVED: 886,COMMIT_ADDED: 0,COMMIT_REMOVED: 0,APPROVED: 1,COMMENTED: 0,DECLINED: 1,MERGED: 1,OPENED: 1,RESCOPED: 8,UNAPPROVED: 0,UPDATED: 1,,,

Q2 2023 - Sprint 3,2023/05/04,2023/05/17,HUB-97991,142461,PPednekar,0,0,0,0,0,0,0,0,0,0,0,0,"Verma, Tushar",,
Q2 2023 - Sprint 3,2023/05/04,2023/05/17,HUB-97991,143061,PPednekar,0,0,0,0,0,0,0,0,0,0,0,0,Ayesha.Khan,,
Q2 2023 - Sprint 3,2023/05/04,2023/05/17,HUB-97991,144525,PPednekar,0,0,0,0,0,0,0,0,0,0,0,0,spujara,,
Q2 2023 - Sprint 3,2023/05/04,2023/05/17,HUB-97991,148894,PPednekar,0,0,0,0,0,0,0,0,0,0,0,0,SNitin,,
Q2 2023 - Sprint 3,2023/05/04,2023/05/17,HUB-97991,148852,PPednekar,0,0,0,0,0,0,0,0,0,0,0,0,Ridhi.Handa,,
Q2 2023 - Sprint 3,2023/05/04,2023/05/17,HUB-97991,148901,PPednekar,4,0,0,0,0,0,0,0,1,0,0,0,PPednekar,,
Q2 2023 - Sprint 3,2023/05/04,2023/05/17,HUB-97991,148902,PPednekar,2127,866,0,0,0,0,0,0,1,0,0,0,PPednekar,,
Q2 2023 - Sprint 3,2023/05/04,2023/05/17,PROD-166104,1508,PPednekar,0,0,0,0,0,0,0,0,0,0,0,0,S.Chawla,,1. Pull request #1484: Prod 166477  Merge in CSA/imports.async.service from prod-166477 to ccid-2566  * commit '29cfeb0815f8947f3dda7878315cecc5fb01d682':    PROD-166477: update package    PROD-166477: Add commented code back    PROD-166477: temp change    PROD-166477: update url for acct-map-api    PROD-166477: update appsettings.template for DD    PROD-166477:package updates    PROD-166477: add DataDog to monitor performance    PROD-166477: Update Framework.Localizaton package    PROD-166477: fix hint paths    PROD-166477: create correct experiment configuration    PROD-166477: package updates necessary to update cvent.framework.localization to the version with cached appresources
Sprint Totals,,,,,,PR_ADDED: 2131,PR_REMOVED: 866,COMMIT_ADDED: 0,COMMIT_REMOVED: 0,APPROVED: 0,COMMENTED: 0,DECLINED: 0,MERGED: 0,OPENED: 2,RESCOPED: 0,UNAPPROVED: 0,UPDATED: 0,,,

Q2 2023 - Sprint 4,2023/05/18,2023/05/31,HUB-84318,12005,PPednekar,160,12,0,0,0,0,0,0,0,0,0,0,PPednekar,,
Sprint Totals,,,,,,PR_ADDED: 160,PR_REMOVED: 12,COMMIT_ADDED: 0,COMMIT_REMOVED: 0,APPROVED: 0,COMMENTED: 0,DECLINED: 0,MERGED: 0,OPENED: 0,RESCOPED: 0,UNAPPROVED: 0,UPDATED: 0,,,

Q2 2023 - Sprint 5,2023/06/01,2023/06/14,HUB-84318,12005,PPednekar,160,12,0,0,0,0,0,0,0,0,0,0,PPednekar,,
Q2 2023 - Sprint 5,2023/06/01,2023/06/14,PROD-168082,142461,PPednekar,0,0,0,0,0,0,0,0,0,0,0,0,"Verma, Tushar",,
Q2 2023 - Sprint 5,2023/06/01,2023/06/14,PROD-168082,143061,PPednekar,0,0,0,0,0,0,0,0,0,0,0,0,Ayesha.Khan,,
Q2 2023 - Sprint 5,2023/06/01,2023/06/14,PROD-168082,144525,PPednekar,0,0,0,0,0,0,0,0,0,0,0,0,spujara,,
Q2 2023 - Sprint 5,2023/06/01,2023/06/14,PROD-168082,148894,PPednekar,0,0,0,0,0,0,0,0,0,0,0,0,SNitin,,
Q2 2023 - Sprint 5,2023/06/01,2023/06/14,PROD-168082,150378,PPednekar,0,0,0,0,0,0,0,1,0,0,0,0,Ridhi.Handa,,
Q2 2023 - Sprint 5,2023/06/01,2023/06/14,PROD-168082,150459,PPednekar,0,0,0,0,0,0,0,0,0,0,0,0,qtpman,,"1. Pull request #150375: CSNALL-63669: Do not throw validation if there are no active templates; Make template dropdownlist disabled  Merge in CVT/c4 from prod-168417 to ccid-2596  * commit 'c240bc45612fb6a0f20f33e5d8bb31736b15660c':    CSNALL-63669: Do not throw validation if there are no active templates; Make template dropdownlist disabled    CSNALL-68280: Use new key to show no template selected text    CSNALL-68280: Get latest resourcestring package    CSNALL-63669: update localization helper to LocalizationGuestHelper.GetResourceString    CSNALL-63669: Require template selection for SCP - Native Proposal
2. Pull request #150381: Webinar 8507  Merge in CVT/c4 from webinar-8507 to ccid-2596  * commit 'a2e556490055fba23525a484dd38851e27920e41':    WEBINAR-5607: Updated polling logic.    WEBINAR-8507: Updated the Polling to only wait till Initial Phase Completed Status.    WEBINAR-8507: Removed accidental commits.    WEBINAR-8507: Update planner events client & model version    WEBINAR-8507: Fixed the Redirection Issue.    WEBINAR-8507: Added check for Admin Users during License Removal.
3. Pull request #150373: PROD-169603 : Create new sp for fetching data using the temp table  Merge in CVT/c4 from prod-169603 to ccid-2596  * commit '520df0ad69372034f5c9ff07a4e108aac40a18c1':    PROD-169603 : Create new sp for fetching data using the temp table
4. Pull request #150374: PROD-169097: Changes for skipping the redirection flow to phoenix when we are on promotion hub  Merge in CVT/c4 from prod-169097-new to ccid-2596  * commit '7a2591a999acbdc37e46283f50542dd71f40376a':    PROD-169097: Changes for skipping the redirection flow to phoenix when we are on promotion hub
5. Pull request #150378: Prod 168082  Merge in CVT/c4 from prod-168082 to ccid-2596  * commit '43abd441cf7c3067c1186c729944cc2e3f0a4536':    PROD-168082: make getAttendeeSegments pascal cased    PROD-168082: fetch segments in loop    PROD-168082: increase segment limit from 50 to 200
6. Pull request #150364: Prod 167702  Merge in CVT/c4 from prod-167702 to ccid-2596  * commit 'c76533ee6e6e0566325bf6b1cee6e7539c8f58b9':    PROD-167702: Reducing iterations    PROD-167702: Adding validations for other    PROD-167702: Removed css styles    PROD-167702: Fixing comments    PROD-167702: Combining other answers on edit    PROD-167702: Making other answers editable for Matrix Questions"
Q2 2023 - Sprint 5,2023/06/01,2023/06/14,PROD-168082,150473,PPednekar,0,0,0,0,0,0,0,0,0,0,0,0,APrajapati,,"1. Pull request #150321: Webinar 882  Merge in CVT/c4 from webinar-882 to ccid-2595  * commit '26702ed5bd8fc7fd1111263d1e32c3ad8d9d65b3':    Updated Checks for handling users with no webinar    Added Pagination check    WEBINAR-882 Updated checks for cases where webinar owner change popup not to be shown    WEBINAR-882: Resolved PR comments    WEBINAR-882: Added Delete popup in User Grid    Updated Modal on user grid    WEBINAR-882: Applied checks for variant 2
2. Pull request #150323: Prod 165807  Merge in CVT/c4 from prod-165807 to ccid-2595  * commit '530e3c0384b5c5031a68a52d72ea1c55488b0e04':    PROD-165807: move 300 to const    PROD-165807: truncate custom field choice string if longer than 300
3. Pull request #150330: PROD-170011: Adding a default route to MobilePass that will rediriect to Apple Wallet  Merge in CVT/c4 from prod-170011 to ccid-2595  * commit '801838087be20904f9e6600b81befc79e5f93326':    PROD-170011: Adding a default route to MobilePass that will rediriect to Apple Wallet
4. Pull request #150331: Prod 168591  Merge in CVT/c4 from prod-168591 to ccid-2595  * commit '80fb3d371eedd58df4a0d93ccda17caf44b1e00f':    PROD-168591: Marking parameter as ready for retirement    PROD-168591: WIP: Migrating code to Cvent.Imports.Async    PROD-168591: WIP: Working on moving the PreProcessor (and dependencies) objects to Cvent.Imports.Async and marking code as obsolete    PROD-168591: WIP: Working on porting Cvent.Import functionality to Cvent.Imports.Async"
Sprint Totals,,,,,,PR_ADDED: 160,PR_REMOVED: 12,COMMIT_ADDED: 0,COMMIT_REMOVED: 0,APPROVED: 0,COMMENTED: 0,DECLINED: 0,MERGED: 1,OPENED: 0,RESCOPED: 0,UNAPPROVED: 0,UPDATED: 0,,,

Overall Totals,,,,,,PR_ADDED: 5519,PR_REMOVED: 1776,COMMIT_ADDED: 0,COMMIT_REMOVED: 0,APPROVED: 1,COMMENTED: 0,DECLINED: 1,MERGED: 2,OPENED: 3,RESCOPED: 8,UNAPPROVED: 0,UPDATED: 1,,,
