SPRINT,START_DATE,END_DATE,TICKET,PR_ID,USER,PR_ADDED,PR_REMOVED,COMMIT_ADDED,COMMIT_REMOVED,APPROVED,COMMENTED,DECLINED,MERGED,OPENED,RESCOPED,UNAPPROVED,UPDATED,AUTHOR,COMMENTS,COMMIT_MESSAGES
Sprint Hagen Daz,2023/04/11,2023/04/25,HUB-84883,9086,SSimpson,0,0,0,0,1,0,0,0,0,0,0,0,TDee,,
Sprint Hagen Daz,2023/04/11,2023/04/25,HUB-84883,9139,SSimpson,0,0,0,0,0,0,0,0,0,0,0,0,ABadlia,,
Sprint Hagen Daz,2023/04/11,2023/04/25,HUB-87209,9071,SSimpson,0,0,0,0,1,0,0,0,0,0,0,0,TCox,,
Sprint Hagen Daz,2023/04/11,2023/04/25,HUB-87209,9087,SSimpson,0,0,0,0,1,0,0,0,0,0,0,0,ACheng,,1. Pull request #9064: Downmerge/2.11.1  Merge in AX/attendee-experience-web from downmerge/2.11.1 to develop  * commit 'eec427830cca0a9d2d347c24db9161735c3db637':    RELEASING: Releasing 3 package(s)    Update changeset for all packages    PROD-165136: Harden a couple other places    PROD-165136: Harden livepolling code to account for possible 'null' questions    RELEASING: Releasing 3 package(s)    HUB-95801: fix Live Polling panel UI switched to attendee view after refreshing session details page
Sprint Hagen Daz,2023/04/11,2023/04/25,HUB-91358,9062,SSimpson,0,0,0,0,1,0,0,0,0,0,0,0,PGartner,,
Sprint Hagen Daz,2023/04/11,2023/04/25,HUB-91358,9139,SSimpson,0,0,0,0,0,0,0,0,0,0,0,0,ABadlia,,
Sprint Hagen Daz,2023/04/11,2023/04/25,HUB-93087,805,SSimpson,0,0,0,0,0,0,0,0,0,0,0,0,JMeza,,
Sprint Hagen Daz,2023/04/11,2023/04/25,HUB-93087,839,SSimpson,0,0,0,0,0,0,0,0,0,0,0,0,Brayden.Wood,,
Sprint Hagen Daz,2023/04/11,2023/04/25,HUB-94736,3434,SSimpson,0,0,0,0,1,2,0,0,0,0,0,0,TCox,"1. This is a functional change. If we don't need the `errorHandler`, please remove it entirely. We will need to catch and inspect this status code though.
2. Looks like @MPeters added this logic, so you might touchbase with him: https://stash.cvent.net/projects/AX/repos/attendee-experience-data/commits/549cebccbbb174dbfa9a59689d33475613ffe6e7#packages/attendee-hub-graph/src/lib/speed-networking/SpeedNetworkingClient.ts",
Sprint Hagen Daz,2023/04/11,2023/04/25,HUB-94736,3450,SSimpson,0,0,0,0,1,1,0,1,0,0,0,0,ACheng,1. By-passed merge checks due to failing build for previous PR,1. Pull request #3433: Downmerge/2.7.1  Merge in AX/attendee-experience-data from downmerge/2.7.1 to develop  * commit '1ce28d3a274064abda2c517f1b3f4c5913becafe':    RELEASING: Releasing 3 package(s)    PROD-165161: Guarantee attendeeId is in the args for getGame function when called by getAttendee    RELEASING: Releasing 3 package(s)
Sprint Hagen Daz,2023/04/11,2023/04/25,HUB-94736,3448,SSimpson,0,0,0,0,1,1,0,0,0,0,0,0,ACheng,1. You'll need to downmerge `master` into the release branch and resolve the changeset conflict,
Sprint Hagen Daz,2023/04/11,2023/04/25,HUB-84998,9154,SSimpson,0,0,0,0,0,0,0,0,0,0,0,0,DScott,,
Sprint Hagen Daz,2023/04/11,2023/04/25,HUB-84998,9177,SSimpson,0,0,0,0,0,0,0,0,0,0,0,0,BRehman,,
Sprint Hagen Daz,2023/04/11,2023/04/25,HUB-91000,9202,SSimpson,0,0,0,0,0,0,0,0,0,0,0,0,DDimercurio,,
Sprint Hagen Daz,2023/04/11,2023/04/25,HUB-91000,9219,SSimpson,0,0,0,0,0,0,0,0,0,0,0,0,Subratkumar.Sahoo,,
Sprint Hagen Daz,2023/04/11,2023/04/25,PROD-165535,9097,SSimpson,0,0,0,0,1,0,0,0,0,0,0,0,TCox,,
Sprint Hagen Daz,2023/04/11,2023/04/25,PROD-165535,9139,SSimpson,0,0,0,0,0,0,0,0,0,0,0,0,ABadlia,,
Sprint Totals,,,,,,PR_ADDED: 0,PR_REMOVED: 0,COMMIT_ADDED: 0,COMMIT_REMOVED: 0,APPROVED: 8,COMMENTED: 4,DECLINED: 0,MERGED: 1,OPENED: 0,RESCOPED: 0,UNAPPROVED: 0,UPDATED: 0,,,

Sprint Ice Cream,2023/04/25,2023/05/09,HUB-47777,9155,SSimpson,0,0,0,0,1,0,0,0,0,0,0,0,TDee,,
Sprint Ice Cream,2023/04/25,2023/05/09,HUB-47777,9177,SSimpson,0,0,65,64,1,0,0,0,0,0,0,0,BRehman,,"1. Fix downmerge issue
2. Pull request #9152: Downmerge/2.13.0  Merge in AX/attendee-experience-web from downmerge/2.13.0 to develop  * commit '46b8ee6b7ca784331d457125a830ac981ad12648': (23 commits)    Fix downmerge issue    RELEASING: Releasing 3 package(s)    release/2.13.0: updating appFeature file as a part of release activity    HUB-96602: Set DD RUM defaultPrivacyLevel config value to mask-user-input    PROD-165328: Updated ProfileCardEdit component to match profile picture styles of ProfileCard component    PROD-166009: updated attendee profile route for internal link custom cards    WEBINAR-6104: updating snap    WEBINAR-6104: removing hardcoded sie for indicators    WEBINAR-6104: rebase    WEBINAR-6104: updating snap    WEBINAR-6104: rebase    WEBINAR-6104: updating cwitch version    WEBINAR-6104: Updating variable name and adding inline comment    WEBINAR-6104:Revert CI testing files and PR comment done    WEBINAR-6104:add cwitch snapshot version    WEBINAR-6104:Fixing the small change    WEBINAR-6104:pnpm lock update    WEBINAR-6104:Fix IT Suite    WEBINAR-6104:PR comment incorporated    WEBINAR-6104:PR comment incorporated    ..."
Sprint Ice Cream,2023/04/25,2023/05/09,HUB-84998,9154,SSimpson,0,0,0,0,1,0,0,0,0,0,0,0,DScott,,
Sprint Ice Cream,2023/04/25,2023/05/09,HUB-84998,9177,SSimpson,0,0,0,0,0,0,0,0,0,0,0,0,BRehman,,
Sprint Ice Cream,2023/04/25,2023/05/09,HUB-87782,9181,SSimpson,0,0,0,0,1,0,0,0,0,0,0,0,TCox,,
Sprint Ice Cream,2023/04/25,2023/05/09,HUB-87782,9219,SSimpson,0,0,0,0,0,0,0,0,0,0,0,0,Subratkumar.Sahoo,,
Sprint Ice Cream,2023/04/25,2023/05/09,HUB-91000,9202,SSimpson,0,0,0,0,1,0,0,0,0,0,0,0,DDimercurio,,
Sprint Ice Cream,2023/04/25,2023/05/09,HUB-91000,9219,SSimpson,0,0,0,0,0,0,0,0,0,0,0,0,Subratkumar.Sahoo,,
Sprint Ice Cream,2023/04/25,2023/05/09,HUB-96475,9188,SSimpson,0,0,0,0,1,0,0,0,0,0,0,0,GMa,,
Sprint Ice Cream,2023/04/25,2023/05/09,HUB-96475,9211,SSimpson,0,0,0,0,1,1,0,0,0,0,0,0,GMa,"1. When you feel you need to explain logic to reviewers, it's a pretty good sign that this should be a code comment. That way we remember why it was done this way down-the-road.",
Sprint Ice Cream,2023/04/25,2023/05/09,HUB-96475,9219,SSimpson,0,0,0,0,0,0,0,0,0,0,0,0,Subratkumar.Sahoo,,
Sprint Ice Cream,2023/04/25,2023/05/09,HUB-97117,9176,SSimpson,0,0,0,0,1,0,0,0,0,0,0,0,DScott,,
Sprint Ice Cream,2023/04/25,2023/05/09,HUB-97117,9219,SSimpson,0,0,0,0,0,0,0,0,0,0,0,0,Subratkumar.Sahoo,,
Sprint Ice Cream,2023/04/25,2023/05/09,HUB-97118,9213,SSimpson,0,0,0,0,0,0,0,0,0,0,0,0,DScott,,
Sprint Ice Cream,2023/04/25,2023/05/09,HUB-97118,9296,SSimpson,0,0,0,0,0,0,0,0,0,0,0,0,GDionne,,
Sprint Ice Cream,2023/04/25,2023/05/09,HUB-97118,9354,SSimpson,0,0,0,0,0,0,0,0,0,0,0,0,JMcGough,,
Sprint Ice Cream,2023/04/25,2023/05/09,HUB-98223,9251,SSimpson,0,0,0,0,0,0,0,0,0,0,0,0,PGartner,,
Sprint Ice Cream,2023/04/25,2023/05/09,HUB-98223,9293,SSimpson,0,0,0,0,0,0,0,0,0,0,0,0,Shea.Sullivan,,
Sprint Ice Cream,2023/04/25,2023/05/09,HUB-98838,1481,SSimpson,0,0,0,0,0,0,0,0,0,0,0,0,Shea.Sullivan,,
Sprint Ice Cream,2023/04/25,2023/05/09,PROD-164880,9036,SSimpson,0,0,0,0,0,0,0,0,0,0,0,0,PGartner,,
Sprint Ice Cream,2023/04/25,2023/05/09,PROD-164880,9087,SSimpson,0,0,0,0,0,0,0,0,0,0,0,0,ACheng,,
Sprint Ice Cream,2023/04/25,2023/05/09,PROD-165535,9097,SSimpson,0,0,0,0,0,0,0,0,0,0,0,0,TCox,,
Sprint Ice Cream,2023/04/25,2023/05/09,PROD-165535,9139,SSimpson,0,0,0,0,1,0,0,0,0,0,0,0,ABadlia,,"1. Pull request #9132: PROD-166009: updated attendee profile route for internal link custom cards  Merge in AX/attendee-experience-web from bugfix/PROD-166009 to release/2.13.0  * commit '13d51674f6a06f1900554e3f3ced7c13b827ed67':    PROD-166009: updated attendee profile route for internal link custom cards
2. Pull request #9135: HUB-96602: Set DD RUM defaultPrivacyLevel config value to mask-user-input  Merge in AX/attendee-experience-web from HUB-96602-release to release/2.13.0  * commit 'bc0da467df4904b204c2b709db0cfaa64614c466':    HUB-96602: Set DD RUM defaultPrivacyLevel config value to mask-user-input"
Sprint Totals,,,,,,PR_ADDED: 0,PR_REMOVED: 0,COMMIT_ADDED: 65,COMMIT_REMOVED: 64,APPROVED: 9,COMMENTED: 1,DECLINED: 0,MERGED: 0,OPENED: 0,RESCOPED: 0,UNAPPROVED: 0,UPDATED: 0,,,

Wizards - Sprint Jalebi,2023/05/09,2023/05/23,HUB-93092,1472,SSimpson,0,0,0,0,1,0,0,0,0,0,0,0,GMa,,
Wizards - Sprint Jalebi,2023/05/09,2023/05/23,HUB-93092,1481,SSimpson,0,0,0,0,1,0,0,0,0,0,0,0,Shea.Sullivan,,1. Pull request #1473: Downmerge/1.101.0  Merge in AX/attendee-experience-builder from downmerge/1.101.0 to develop  * commit '4237c4aa0427a0158185e4b9edaff7a37c9b6c97':    HUB-96417: downmerge release 1.101.0    RELEASING: Releasing 3 package(s)    HUB-96417: added changeset    release/1.101.0: updating appFeature file as a part of release activity
Wizards - Sprint Jalebi,2023/05/09,2023/05/23,HUB-97118,9213,SSimpson,0,0,0,0,1,0,0,0,0,0,0,0,DScott,,
Wizards - Sprint Jalebi,2023/05/09,2023/05/23,HUB-97118,9296,SSimpson,0,0,0,0,1,2,0,0,0,0,0,0,GDionne,"1. Unit test?
2. Unit test?",
Wizards - Sprint Jalebi,2023/05/09,2023/05/23,HUB-97118,9354,SSimpson,0,0,0,0,0,0,0,0,0,0,0,0,JMcGough,,
Wizards - Sprint Jalebi,2023/05/09,2023/05/23,HUB-98051,9309,SSimpson,0,0,0,0,1,0,0,0,0,0,0,0,PGartner,,
Wizards - Sprint Jalebi,2023/05/09,2023/05/23,HUB-98051,9354,SSimpson,0,0,0,0,0,0,0,0,0,0,0,0,JMcGough,,
Wizards - Sprint Jalebi,2023/05/09,2023/05/23,HUB-98056,9295,SSimpson,0,0,0,0,1,0,0,0,0,0,0,0,TCox,,
Wizards - Sprint Jalebi,2023/05/09,2023/05/23,HUB-98056,9296,SSimpson,0,0,0,0,0,0,0,0,0,0,0,0,GDionne,,
Wizards - Sprint Jalebi,2023/05/09,2023/05/23,HUB-98056,9354,SSimpson,0,0,0,0,0,0,0,0,0,0,0,0,JMcGough,,
Wizards - Sprint Jalebi,2023/05/09,2023/05/23,HUB-98223,9251,SSimpson,0,0,0,0,1,0,0,0,0,0,0,0,PGartner,,
Wizards - Sprint Jalebi,2023/05/09,2023/05/23,HUB-98223,9293,SSimpson,0,0,26,14,1,0,0,1,0,1,0,0,Shea.Sullivan,,"1. Fix 'speed-networking' and 'videoDiscussions' proxy endpoints after nextjs upgrade
2. Pull request #9332: Fix 'speed-networking' and 'videoDiscussions' proxy endpoints after nextjs upgrade  Merge in AX/attendee-experience-web from bugfix/proxy to release/2.16.0  * commit '16b7c73c9da47cd3a2ed5988717a55001cc0f17f':    Fix 'speed-networking' and 'videoDiscussions' proxy endpoints after nextjs upgrade"
Wizards - Sprint Jalebi,2023/05/09,2023/05/23,HUB-98838,1481,SSimpson,0,0,0,0,0,0,0,0,0,0,0,0,Shea.Sullivan,,
Wizards - Sprint Jalebi,2023/05/09,2023/05/23,PROD-165535,9097,SSimpson,0,0,0,0,0,0,0,0,0,0,0,0,TCox,,
Wizards - Sprint Jalebi,2023/05/09,2023/05/23,PROD-165535,9139,SSimpson,0,0,0,0,0,0,0,0,0,0,0,0,ABadlia,,
Wizards - Sprint Jalebi,2023/05/09,2023/05/23,PROD-164880,9036,SSimpson,0,0,0,0,0,0,0,0,0,0,0,0,PGartner,,
Wizards - Sprint Jalebi,2023/05/09,2023/05/23,PROD-164880,9087,SSimpson,0,0,0,0,0,0,0,0,0,0,0,0,ACheng,,
Sprint Totals,,,,,,PR_ADDED: 0,PR_REMOVED: 0,COMMIT_ADDED: 26,COMMIT_REMOVED: 14,APPROVED: 8,COMMENTED: 2,DECLINED: 0,MERGED: 1,OPENED: 0,RESCOPED: 1,UNAPPROVED: 0,UPDATED: 0,,,

Wizards - Sprint Kinder Joy,2023/05/23,2023/06/06,HUB-97245,9424,SSimpson,0,0,0,0,1,2,0,0,0,0,0,0,JBertrand,"1. Should use a text key like this: https://stash.cvent.net/projects/AX/repos/attendee-experience-web/browse/packages/attendee-experience-web/locales/en-US.json#1790  Instead of appending a number
2. What's up with `test`?",
Wizards - Sprint Kinder Joy,2023/05/23,2023/06/06,HUB-97245,9507,SSimpson,0,0,0,0,0,0,0,0,0,0,0,0,GStarr,,
Wizards - Sprint Kinder Joy,2023/05/23,2023/06/06,HUB-99871,1508,SSimpson,0,0,0,0,1,0,0,0,0,0,0,0,TCox,,
Wizards - Sprint Kinder Joy,2023/05/23,2023/06/06,HUB-101092,226,SSimpson,0,0,0,0,1,0,0,0,0,0,0,0,TCox,,
Wizards - Sprint Kinder Joy,2023/05/23,2023/06/06,PROD-164880,9036,SSimpson,0,0,0,0,0,0,0,0,0,0,0,0,PGartner,,
Wizards - Sprint Kinder Joy,2023/05/23,2023/06/06,PROD-164880,9087,SSimpson,0,0,0,0,0,0,0,0,0,0,0,0,ACheng,,
Wizards - Sprint Kinder Joy,2023/05/23,2023/06/06,PROD-165457,9380,SSimpson,0,0,0,0,1,0,0,0,0,0,0,0,DDimercurio,,
Wizards - Sprint Kinder Joy,2023/05/23,2023/06/06,PROD-165457,9409,SSimpson,0,0,0,0,1,0,0,0,0,0,0,0,TCox,,
Wizards - Sprint Kinder Joy,2023/05/23,2023/06/06,HUB-98062,9464,SSimpson,0,0,0,0,0,0,0,0,0,0,0,0,DScott,,
Wizards - Sprint Kinder Joy,2023/05/23,2023/06/06,HUB-98062,9507,SSimpson,0,0,0,0,0,0,0,0,0,0,0,0,GStarr,,
Wizards - Sprint Kinder Joy,2023/05/23,2023/06/06,PROD-158351,9377,SSimpson,0,0,0,0,1,0,0,0,0,0,0,0,PGartner,,
Wizards - Sprint Kinder Joy,2023/05/23,2023/06/06,PROD-158351,9409,SSimpson,0,0,0,0,0,0,0,0,0,0,0,0,TCox,,
Wizards - Sprint Kinder Joy,2023/05/23,2023/06/06,PROD-165503,9477,SSimpson,0,0,0,0,0,0,0,0,0,0,0,0,DScott,,
Wizards - Sprint Kinder Joy,2023/05/23,2023/06/06,PROD-165503,9551,SSimpson,0,0,0,0,0,0,0,0,0,0,0,0,MGangani,,
Wizards - Sprint Kinder Joy,2023/05/23,2023/06/06,PROD-167754,9469,SSimpson,0,0,0,0,0,0,0,0,0,0,0,0,GMa,,
Wizards - Sprint Kinder Joy,2023/05/23,2023/06/06,PROD-167754,9507,SSimpson,0,0,0,0,0,0,0,0,0,0,0,0,GStarr,,
Sprint Totals,,,,,,PR_ADDED: 0,PR_REMOVED: 0,COMMIT_ADDED: 0,COMMIT_REMOVED: 0,APPROVED: 6,COMMENTED: 2,DECLINED: 0,MERGED: 0,OPENED: 0,RESCOPED: 0,UNAPPROVED: 0,UPDATED: 0,,,

Wizards - Sprint Leche Flan,2023/06/06,2023/06/20,HUB-98062,9464,SSimpson,0,0,0,0,1,0,0,0,0,0,0,0,DScott,,
Wizards - Sprint Leche Flan,2023/06/06,2023/06/20,HUB-98062,9507,SSimpson,0,0,0,0,1,0,0,0,0,0,0,0,GStarr,,
Wizards - Sprint Leche Flan,2023/06/06,2023/06/20,HUB-99805,9468,SSimpson,0,0,0,0,1,0,0,0,0,0,0,0,TCox,,
Wizards - Sprint Leche Flan,2023/06/06,2023/06/20,HUB-99805,9496,SSimpson,0,0,0,0,1,0,0,0,0,0,0,0,TCox,,
Wizards - Sprint Leche Flan,2023/06/06,2023/06/20,HUB-99805,9507,SSimpson,0,0,0,0,0,0,0,0,0,0,0,0,GStarr,,
Wizards - Sprint Leche Flan,2023/06/06,2023/06/20,HUB-99842,1529,SSimpson,0,0,0,0,1,0,0,0,0,0,0,0,DDimercurio,,
Wizards - Sprint Leche Flan,2023/06/06,2023/06/20,HUB-99842,1560,SSimpson,0,0,0,0,0,0,0,0,0,0,0,0,MGangani,,
Wizards - Sprint Leche Flan,2023/06/06,2023/06/20,HUB-99844,1541,SSimpson,0,0,0,0,1,0,0,0,0,0,0,0,TCox,,
Wizards - Sprint Leche Flan,2023/06/06,2023/06/20,HUB-99844,1560,SSimpson,0,0,0,0,0,0,0,0,0,0,0,0,MGangani,,
Wizards - Sprint Leche Flan,2023/06/06,2023/06/20,HUB-99845,1538,SSimpson,0,0,0,0,1,0,0,0,0,0,0,0,GMa,,
Wizards - Sprint Leche Flan,2023/06/06,2023/06/20,HUB-99845,1560,SSimpson,0,0,0,0,0,0,0,0,0,0,0,0,MGangani,,
Wizards - Sprint Leche Flan,2023/06/06,2023/06/20,HUB-99976,9458,SSimpson,0,0,0,0,1,0,0,0,0,0,0,0,DDimercurio,,
Wizards - Sprint Leche Flan,2023/06/06,2023/06/20,HUB-99976,9507,SSimpson,0,0,0,0,0,0,0,0,0,0,0,0,GStarr,,
Wizards - Sprint Leche Flan,2023/06/06,2023/06/20,HUB-101507,1527,SSimpson,0,0,0,0,1,1,0,0,0,0,0,0,PGartner,1. Should we create this in TS instead?,
Wizards - Sprint Leche Flan,2023/06/06,2023/06/20,HUB-101507,1560,SSimpson,0,0,0,0,0,0,0,0,0,0,0,0,MGangani,,
Wizards - Sprint Leche Flan,2023/06/06,2023/06/20,HUB-101749,9474,SSimpson,0,0,0,0,1,0,0,0,0,0,0,0,Sanjay.Gorur,,
Wizards - Sprint Leche Flan,2023/06/06,2023/06/20,HUB-103393,9551,SSimpson,0,0,0,0,0,0,0,0,0,0,0,0,MGangani,,
Wizards - Sprint Leche Flan,2023/06/06,2023/06/20,HUB-96357,9553,SSimpson,0,0,0,0,0,0,0,0,0,0,0,0,DScott,,
Wizards - Sprint Leche Flan,2023/06/06,2023/06/20,HUB-100703,1583,SSimpson,5473,2390,0,0,0,0,0,0,0,0,0,0,SSimpson,,
Wizards - Sprint Leche Flan,2023/06/06,2023/06/20,HUB-100703,1581,SSimpson,0,0,0,0,0,0,0,0,0,0,0,0,MQian,,
Wizards - Sprint Leche Flan,2023/06/06,2023/06/20,HUB-101506,1559,SSimpson,0,0,0,0,0,0,0,0,0,0,0,0,GMa,,
Wizards - Sprint Leche Flan,2023/06/06,2023/06/20,HUB-101506,1583,SSimpson,5473,2390,0,0,0,0,0,0,0,0,0,0,SSimpson,,
Wizards - Sprint Leche Flan,2023/06/06,2023/06/20,HUB-101506,1581,SSimpson,0,0,0,0,0,0,0,0,0,0,0,0,MQian,,
Wizards - Sprint Leche Flan,2023/06/06,2023/06/20,PROD-158351,9377,SSimpson,0,0,0,0,0,0,0,0,0,0,0,0,PGartner,,
Wizards - Sprint Leche Flan,2023/06/06,2023/06/20,PROD-158351,9409,SSimpson,0,0,0,0,0,0,0,0,0,0,0,0,TCox,,
Wizards - Sprint Leche Flan,2023/06/06,2023/06/20,PROD-165503,9477,SSimpson,0,0,0,0,1,0,0,0,0,0,0,0,DScott,,
Wizards - Sprint Leche Flan,2023/06/06,2023/06/20,PROD-165503,9551,SSimpson,0,0,0,0,0,0,0,0,0,0,0,0,MGangani,,
Wizards - Sprint Leche Flan,2023/06/06,2023/06/20,PROD-166071,9551,SSimpson,0,0,0,0,0,0,0,0,0,0,0,0,MGangani,,
Wizards - Sprint Leche Flan,2023/06/06,2023/06/20,PROD-167754,9469,SSimpson,0,0,0,0,1,3,0,0,0,0,0,0,GMa,"1. Same magic number here
2. Let's create a const
3. Magic number?",
Wizards - Sprint Leche Flan,2023/06/06,2023/06/20,PROD-167754,9507,SSimpson,0,0,0,0,0,0,0,0,0,0,0,0,GStarr,,
Sprint Totals,,,,,,PR_ADDED: 10946,PR_REMOVED: 4780,COMMIT_ADDED: 0,COMMIT_REMOVED: 0,APPROVED: 12,COMMENTED: 4,DECLINED: 0,MERGED: 0,OPENED: 0,RESCOPED: 0,UNAPPROVED: 0,UPDATED: 0,,,

Wizards - Sprint Muffin,2023/06/20,2023/07/05,HUB-81364,9615,SSimpson,0,0,0,0,1,0,0,0,0,0,0,0,Sanjay.Gorur,,
Wizards - Sprint Muffin,2023/06/20,2023/07/05,HUB-88755,9598,SSimpson,0,0,0,0,1,0,0,0,0,0,0,0,Sanjay.Gorur,,
Wizards - Sprint Muffin,2023/06/20,2023/07/05,HUB-100703,1583,SSimpson,5473,2390,7,0,0,0,0,0,1,1,0,0,SSimpson,,1. NA-0: Prepare for release
Wizards - Sprint Muffin,2023/06/20,2023/07/05,HUB-100703,1581,SSimpson,0,0,0,0,1,1,1,0,0,0,0,0,MQian,1. We are going to re-do the release branch,
Wizards - Sprint Muffin,2023/06/20,2023/07/05,HUB-101506,1559,SSimpson,0,0,0,0,1,0,0,0,0,0,0,0,GMa,,
Wizards - Sprint Muffin,2023/06/20,2023/07/05,HUB-101506,1583,SSimpson,5473,2390,0,0,0,0,0,0,0,0,0,0,SSimpson,,
Wizards - Sprint Muffin,2023/06/20,2023/07/05,HUB-101506,1581,SSimpson,0,0,0,0,0,0,0,0,0,0,0,0,MQian,,
Wizards - Sprint Muffin,2023/06/20,2023/07/05,HUB-101508,1571,SSimpson,0,0,0,0,1,0,0,0,0,0,0,0,GMa,,
Wizards - Sprint Muffin,2023/06/20,2023/07/05,HUB-101508,1583,SSimpson,5473,2390,0,0,0,0,0,0,0,0,0,0,SSimpson,,
Wizards - Sprint Muffin,2023/06/20,2023/07/05,HUB-101508,1581,SSimpson,0,0,0,0,0,0,0,0,0,0,0,0,MQian,,
Wizards - Sprint Muffin,2023/06/20,2023/07/05,HUB-103623,9667,SSimpson,0,0,0,0,1,0,0,0,0,0,0,0,ZDavidson,,"1. Pull request #9644: Downmerge/2.22.0  Merge in AX/attendee-experience-web from downmerge/2.22.0 to develop  * commit 'c818b9cdf49a51738dd2fb4bdf17c6e19ec60d63':    RELEASING: Releasing 3 package(s)    HUB-103406: Added skip to AGENDA_DATES until preferredTimezone is fetched.    PROD-171619: Fix custom card fact    PROD-171619: Add changeset    PROD-171619: Fix custom card facts    WEBINAR-10423: Updating log level to error for video priority based policy for embedded collab session    NA-0: Rev 'minor' version number for all packages    remove file    NA-0: update feature flag with value less than min to true    HUB-104019: Updated DiscussionsDetailsPage.spec.tsx, ExhibitorVirtualBoothPage.spec.js, Privacy.spec.js to not include includeInterests variable when calling UPDATE_PROFILE_SECURED mutation    WEBINAR-8963: update cwitch for video icon fix    NA-0: Prepare for release"
Wizards - Sprint Muffin,2023/06/20,2023/07/05,HUB-103623,9604,SSimpson,0,0,0,0,1,0,0,0,0,0,0,0,TDee,,
Wizards - Sprint Muffin,2023/06/20,2023/07/05,HUB-103623,9621,SSimpson,0,0,0,0,1,0,0,0,0,0,0,0,TDee,,
Wizards - Sprint Muffin,2023/06/20,2023/07/05,HUB-103624,9581,SSimpson,0,0,0,0,1,0,0,0,0,0,0,0,TCox,,
Wizards - Sprint Muffin,2023/06/20,2023/07/05,HUB-103624,9618,SSimpson,5593,4407,28,7,0,1,0,0,1,2,0,0,SSimpson,1. Intentional?,"1. Merge branch 'master' of ssh://stash.cvent.net:7999/ax/attendee-experience-web into release/2.21.0
2. NA-0: Prepare for release
3. WEBINAR-8963: update cwitch for video icon fix
4. NA-0: Rev 'minor' version number for all packages
5. Pull request #9630: HUB-103406: Added skip to AGENDA_DATES until preferredTimezone is fetched.  Merge in AX/attendee-experience-web from hub-103406-release to release/2.22.0  * commit 'cb8caf4f4b61776e6cc45dad4048f14bd88ba7ab':    HUB-103406: Added skip to AGENDA_DATES until preferredTimezone is fetched."
Wizards - Sprint Muffin,2023/06/20,2023/07/05,HUB-103624,9611,SSimpson,0,0,0,0,0,4,1,0,0,0,0,0,MQian,"1. This doesn't look correct to me. How did you create this branch? Given you didn't wait on downmerge, you might want to try downmerging `master` into this branch
2. What does ""checked out from the downmerge branch"" mean? The branch should be created from `develop` ...the steps are in the deployment checklists
3. Yeah, this isn't correct. I'd recommend to start over and follow the directions in the checklist
4. Discussed with Mark...we are going to need to start this again.",
Wizards - Sprint Muffin,2023/06/20,2023/07/05,HUB-103624,9617,SSimpson,5598,4402,0,0,0,1,1,0,1,2,0,0,SSimpson,"1. Crap, wrong version...",
Wizards - Sprint Muffin,2023/06/20,2023/07/05,HUB-103866,9576,SSimpson,0,0,0,0,1,0,0,0,0,0,0,0,Sanjay.Gorur,,
Wizards - Sprint Muffin,2023/06/20,2023/07/05,HUB-104506,9667,SSimpson,0,0,0,0,0,0,0,0,0,0,0,0,ZDavidson,,
Wizards - Sprint Muffin,2023/06/20,2023/07/05,HUB-104506,9593,SSimpson,0,0,0,0,1,0,0,0,0,0,0,0,PGartner,,
Wizards - Sprint Muffin,2023/06/20,2023/07/05,HUB-104506,9610,SSimpson,0,0,0,0,1,0,0,0,0,0,0,0,PGartner,,
Wizards - Sprint Muffin,2023/06/20,2023/07/05,HUB-104506,9618,SSimpson,5593,4407,0,0,0,0,0,0,0,0,0,0,SSimpson,,
Wizards - Sprint Muffin,2023/06/20,2023/07/05,HUB-104506,9611,SSimpson,0,0,0,0,0,0,0,0,0,0,0,0,MQian,,
Wizards - Sprint Muffin,2023/06/20,2023/07/05,HUB-104506,9617,SSimpson,5598,4402,0,0,0,0,0,0,0,0,0,0,SSimpson,,
Wizards - Sprint Muffin,2023/06/20,2023/07/05,HUB-105106,9629,SSimpson,0,0,0,0,1,0,0,0,0,0,0,0,Sanjay.Gorur,,
Wizards - Sprint Muffin,2023/06/20,2023/07/05,PROD-165503,9477,SSimpson,0,0,0,0,0,0,0,0,0,0,0,0,DScott,,
Wizards - Sprint Muffin,2023/06/20,2023/07/05,PROD-165503,9551,SSimpson,0,0,0,0,1,0,0,1,0,0,0,0,MGangani,,
Wizards - Sprint Muffin,2023/06/20,2023/07/05,PROD-166071,9551,SSimpson,0,0,0,0,0,0,0,0,0,0,0,0,MGangani,,
Wizards - Sprint Muffin,2023/06/20,2023/07/05,PROD-167754,9469,SSimpson,0,0,0,0,0,0,0,0,0,0,0,0,GMa,,
Wizards - Sprint Muffin,2023/06/20,2023/07/05,PROD-167754,9507,SSimpson,0,0,0,0,0,0,0,0,0,0,0,0,GStarr,,
Wizards - Sprint Muffin,2023/06/20,2023/07/05,HUB-96357,9553,SSimpson,0,0,0,0,1,0,0,0,0,0,0,0,DScott,,
Wizards - Sprint Muffin,2023/06/20,2023/07/05,HUB-103302,9602,SSimpson,0,0,0,0,1,0,0,0,0,0,0,0,DScott,,
Wizards - Sprint Muffin,2023/06/20,2023/07/05,PROD-158351,9377,SSimpson,0,0,0,0,0,0,0,0,0,0,0,0,PGartner,,
Wizards - Sprint Muffin,2023/06/20,2023/07/05,PROD-158351,9409,SSimpson,0,0,0,0,0,0,0,0,0,0,0,0,TCox,,
Wizards - Sprint Muffin,2023/06/20,2023/07/05,PROD-170831,9667,SSimpson,0,0,0,0,0,0,0,0,0,0,0,0,ZDavidson,,
Wizards - Sprint Muffin,2023/06/20,2023/07/05,PROD-170831,9580,SSimpson,0,0,0,0,1,0,0,0,0,0,0,0,PGartner,,
Sprint Totals,,,,,,PR_ADDED: 38801,PR_REMOVED: 24788,COMMIT_ADDED: 35,COMMIT_REMOVED: 7,APPROVED: 17,COMMENTED: 7,DECLINED: 3,MERGED: 1,OPENED: 3,RESCOPED: 5,UNAPPROVED: 0,UPDATED: 0,,,

Overall Totals,,,,,,PR_ADDED: 49747,PR_REMOVED: 29568,COMMIT_ADDED: 126,COMMIT_REMOVED: 85,APPROVED: 60,COMMENTED: 20,DECLINED: 3,MERGED: 3,OPENED: 3,RESCOPED: 6,UNAPPROVED: 0,UPDATED: 0,,,
