SPRINT,START_DATE,END_DATE,TICKET,PR_ID,USER,PR_ADDED,PR_REMOVED,COMMIT_ADDED,COMMIT_REMOVED,APPROVED,COMMENTED,DECLINED,MERGED,OPENED,RESCOPED,UNAPPROVED,UPDATED,AUTHOR,COMMENTS,COMMIT_MESSAGES
Sprint Hagen Daz,2023/04/11,2023/04/25,HUB-87209,9087,JMcGough,0,0,365,306,0,0,0,0,0,0,0,0,ACheng,,"1. HUB-80482: Rename event card files
2. HUB-80482: TS conversion for event card files
3. HUB-80482: changeset
4. HUB-80482: Small changes from comments
5. Pull request #9052: HUB-80482: TS conversion for event card files  Merge in AX/attendee-experience-web from HUB-80482 to develop  * commit '2b3c0a6102c802a02e3b240a1a7ca9e0e3c94702':    HUB-80482: Small changes from comments    HUB-80482: changeset    HUB-80482: TS conversion for event card files    HUB-80482: Rename event card files"
Sprint Totals,,,,,,PR_ADDED: 0,PR_REMOVED: 0,COMMIT_ADDED: 365,COMMIT_REMOVED: 306,APPROVED: 0,COMMENTED: 0,DECLINED: 0,MERGED: 0,OPENED: 0,RESCOPED: 0,UNAPPROVED: 0,UPDATED: 0,,,

Sprint Ice Cream,2023/04/25,2023/05/09,HUB-47777,9177,JMcGough,0,0,56,14,0,0,0,0,0,0,0,0,BRehman,,"1. HUB-97554: Hide replay/session ended behind feature flag
2. HUB-97554: changeset
3. HUB-97554: Correct logic for hiding session ended
4. HUB-97554: Fix tests
5. Pull request #9163: HUB-97554: Hide replay/session ended behind feature flag  Merge in AX/attendee-experience-web from HUB-97554 to develop  * commit 'b85893303fcc01f20065276dbaa44544133f9554':    HUB-97554: Fix tests    HUB-97554: Correct logic for hiding session ended    HUB-97554: changeset    HUB-97554: Hide replay/session ended behind feature flag"
Sprint Ice Cream,2023/04/25,2023/05/09,HUB-87782,9219,JMcGough,0,0,261,229,0,0,0,0,0,0,0,0,Subratkumar.Sahoo,,"1. Merge branch 'develop' of ssh://stash.cvent.net:7999/ax/attendee-experience-web into HUB-80486
2. HUB-80486: Full MyEvent TS conversion
3. HUB-80486: disable false hook rule error
4. HUB-80486: changeset
5. Merge branch 'develop' of ssh://stash.cvent.net:7999/ax/attendee-experience-web into HUB-80486
6. HUB-80486: Fix MyEventPage typing
7. Merge branch 'develop' of ssh://stash.cvent.net:7999/ax/attendee-experience-web into HUB-80486
8. HUB-80486: Fixes from comments + jest upgrade fixes
9. Pull request #9153: HUB-80486: TS conversion for MyEvent  Merge in AX/attendee-experience-web from HUB-80486 to develop  * commit '38f49c4a2e71306e688fd35552e59f9a7cc17005':    HUB-80486: Fixes from comments + jest upgrade fixes    HUB-80486: Fix MyEventPage typing    HUB-80486: changeset    HUB-80486: disable false hook rule error    HUB-80486: Full MyEvent TS conversion    HUB-80486: rename MyEvent spec    HUB-80486: TS conversion for MyEvent    HUB-80486: Rename MyEvent"
Sprint Ice Cream,2023/04/25,2023/05/09,HUB-97118,9354,JMcGough,9640,360,0,0,0,0,0,0,0,0,0,0,JMcGough,,
Sprint Ice Cream,2023/04/25,2023/05/09,HUB-98223,9293,JMcGough,0,0,0,0,0,0,0,0,0,0,0,0,Shea.Sullivan,,
Sprint Totals,,,,,,PR_ADDED: 9640,PR_REMOVED: 360,COMMIT_ADDED: 317,COMMIT_REMOVED: 243,APPROVED: 0,COMMENTED: 0,DECLINED: 0,MERGED: 0,OPENED: 0,RESCOPED: 0,UNAPPROVED: 0,UPDATED: 0,,,

Wizards - Sprint Jalebi,2023/05/09,2023/05/23,HUB-97118,9354,JMcGough,9640,360,0,0,0,0,0,0,0,0,0,0,JMcGough,,
Wizards - Sprint Jalebi,2023/05/09,2023/05/23,HUB-98051,9354,JMcGough,9640,360,0,0,0,0,0,0,0,0,0,0,JMcGough,,
Wizards - Sprint Jalebi,2023/05/09,2023/05/23,HUB-98056,9354,JMcGough,9640,360,0,0,0,0,0,0,0,0,0,0,JMcGough,,
Wizards - Sprint Jalebi,2023/05/09,2023/05/23,HUB-98223,9293,JMcGough,0,0,36,38,0,0,0,0,0,1,0,0,Shea.Sullivan,,"1. HUB-81950: update ticket comment
2. Merge branch 'develop' of ssh://stash.cvent.net:7999/ax/attendee-experience-web into HUB-81950
3. Pull request #9237: HUB-81950: Clean up Snax tests  Merge in AX/attendee-experience-web from HUB-81950 to develop  * commit '270edabc96fc240a40fe82f2ab85310025da8503':    HUB-81950: update ticket comment    HUB-81950: changeset    HUB-81950: Clean up Snax tests
4. PROD-166714: Event card sizing and spacing fixes
5. PROD-166714: changeset
6. PROD-166714: Fix system cards
7. Pull request #9298: PROD-166714: Event card sizing and spacing fixes  Merge in AX/attendee-experience-web from PROD-166714 to release/2.16.0  * commit '9dfcde8539e2b220b6997417816f9ff541fc57f4':    PROD-166714: Fix system cards    PROD-166714: changeset    PROD-166714: Event card sizing and spacing fixes"
Sprint Totals,,,,,,PR_ADDED: 28920,PR_REMOVED: 1080,COMMIT_ADDED: 36,COMMIT_REMOVED: 38,APPROVED: 0,COMMENTED: 0,DECLINED: 0,MERGED: 0,OPENED: 0,RESCOPED: 1,UNAPPROVED: 0,UPDATED: 0,,,

Wizards - Sprint Kinder Joy,2023/05/23,2023/06/06,HUB-99871,1508,JMcGough,0,0,0,0,0,0,0,0,0,0,0,0,TCox,,"1. Pull request #1490: NA-0: Skip flaky video card tests  Merge in AX/attendee-experience-builder from editSingleVideoCard to develop  * commit 'b53799a04f6530c666744bd379adb09437f899fc':    NA-0: fix prettier issue    NA-0: Use xdescribe + update codeowners    NA-0: changeset    NA-0: Skip flaky video card tests
2. Merge remote-tracking branch 'origin/master' into downmerge/1.103.0
3. Pull request #1503: Downmerge/1.103.0  Merge in AX/attendee-experience-builder from downmerge/1.103.0 to develop  * commit '1851f22a22e0576c6bbe093b8f6bf265c5d1478b':    RELEASING: Releasing 3 package(s)    Move retired app features    changeset    Bump packages for build"
Wizards - Sprint Kinder Joy,2023/05/23,2023/06/06,PROD-165457,9409,JMcGough,0,0,0,0,0,0,0,0,0,0,0,0,TCox,,"1. Merge remote-tracking branch 'origin/master' into downmerge/2.17.0
2. Pull request #9388: Downmerge/2.17.0  Merge in AX/attendee-experience-web from downmerge/2.17.0 to develop  * commit '527afdf4bb8c192931e1550ae19c0d2af7a9db17':    RELEASING: Releasing 3 package(s)    PROD-165206 Remove commented code    PROD-165206 Control flyout visibility with prop    changeset    Bump packages for build"
Sprint Totals,,,,,,PR_ADDED: 0,PR_REMOVED: 0,COMMIT_ADDED: 0,COMMIT_REMOVED: 0,APPROVED: 0,COMMENTED: 0,DECLINED: 0,MERGED: 0,OPENED: 0,RESCOPED: 0,UNAPPROVED: 0,UPDATED: 0,,,

Wizards - Sprint Leche Flan,2023/06/06,2023/06/20,HUB-98062,9507,JMcGough,0,0,50,31,0,0,0,0,0,0,0,0,GStarr,,"1. HUB-90176: Move icon button for v2 mobile session card
2. Merge branch 'develop' of ssh://stash.cvent.net:7999/ax/attendee-experience-web into HUB-90176
3. Pull request #9479: HUB-90176: Move icon button for v2 mobile session card  Merge in AX/attendee-experience-web from HUB-90176 to develop  * commit 'b83d020871c58f5b7678cdf7c31754b9c27a31ba':    HUB-90176: Move icon button for v2 mobile session card"
Wizards - Sprint Leche Flan,2023/06/06,2023/06/20,HUB-100703,1583,JMcGough,0,0,282,79,0,0,0,0,0,0,0,0,SSimpson,,"1. HUB-97970: Filter multi-select component
2. Merge branch 'develop' of ssh://stash.cvent.net:7999/ax/attendee-experience-builder into HUB-97970
3. HUB-97970: Locales + more reusable component"
Sprint Totals,,,,,,PR_ADDED: 0,PR_REMOVED: 0,COMMIT_ADDED: 332,COMMIT_REMOVED: 110,APPROVED: 0,COMMENTED: 0,DECLINED: 0,MERGED: 0,OPENED: 0,RESCOPED: 0,UNAPPROVED: 0,UPDATED: 0,,,

Wizards - Sprint Muffin,2023/06/20,2023/07/05,HUB-100703,1583,JMcGough,0,0,138,73,0,0,0,0,0,0,0,0,SSimpson,,"1. HUB-97970: Locales + more reusable component
2. HUB-97970: merge conflict
3. Pull request #1543: HUB-97970: Filter multi-select component  Merge in AX/attendee-experience-builder from HUB-97970 to develop  * commit '7e1b45310be5fe3dde9136a2935fbdf978c7d4ac':    HUB-97970: Locales + more reusable component    HUB-97970: Locales + more reusable component    HUB-97970: Filter multi-select component"
Wizards - Sprint Muffin,2023/06/20,2023/07/05,HUB-103623,9667,JMcGough,0,0,9,34,0,0,0,0,0,0,0,0,ZDavidson,,"1. HUB-101248: Update snax e2e
2. HUB-101248: changeset
3. Pull request #9646: HUB-101248: Update snax e2e  Merge in AX/attendee-experience-web from HUB-101248 to develop  * commit '574f67b34a43fddeab71c92978975486bc31b5d1':    HUB-101248: changeset    HUB-101248: Update snax e2e"
Sprint Totals,,,,,,PR_ADDED: 0,PR_REMOVED: 0,COMMIT_ADDED: 147,COMMIT_REMOVED: 107,APPROVED: 0,COMMENTED: 0,DECLINED: 0,MERGED: 0,OPENED: 0,RESCOPED: 0,UNAPPROVED: 0,UPDATED: 0,,,

Overall Totals,,,,,,PR_ADDED: 38560,PR_REMOVED: 1440,COMMIT_ADDED: 1197,COMMIT_REMOVED: 804,APPROVED: 0,COMMENTED: 0,DECLINED: 0,MERGED: 0,OPENED: 0,RESCOPED: 1,UNAPPROVED: 0,UPDATED: 0,,,
