SPRINT,START_DATE,END_DATE,TICKET,PR_ID,USER,PR_ADDED,PR_REMOVED,COMMIT_ADDED,COMMIT_REMOVED,APPROVED,COMMENTED,DECLINED,MERGED,OPENED,RESCOPED,UNAPPROVED,UPDATED,AUTHOR,COMMENTS,COMMIT_MESSAGES
Q2 2023 - Sprint 2,2023/04/20,2023/05/03,HUB-97991,1495,TCox,0,0,0,0,0,0,0,0,0,0,0,0,JMcGough,,
Sprint Totals,,,,,,PR_ADDED: 0,PR_REMOVED: 0,COMMIT_ADDED: 0,COMMIT_REMOVED: 0,APPROVED: 0,COMMENTED: 0,DECLINED: 0,MERGED: 0,OPENED: 0,RESCOPED: 0,UNAPPROVED: 0,UPDATED: 0,,,

Q2 2023 - Sprint 3,2023/05/04,2023/05/17,HUB-85259,9293,TCox,0,0,0,0,1,0,0,0,0,0,0,0,Shea.Sullivan,,
Q2 2023 - Sprint 3,2023/05/04,2023/05/17,HUB-87585,9293,TCox,0,0,0,0,0,0,0,0,0,0,0,0,Shea.Sullivan,,
Q2 2023 - Sprint 3,2023/05/04,2023/05/17,HUB-91763,9354,TCox,0,0,0,0,0,0,0,0,0,0,0,0,JMcGough,,
Q2 2023 - Sprint 3,2023/05/04,2023/05/17,HUB-94106,9293,TCox,0,0,0,0,0,0,0,0,0,0,0,0,Shea.Sullivan,,
Q2 2023 - Sprint 3,2023/05/04,2023/05/17,HUB-97991,1495,TCox,0,0,0,0,0,0,0,0,0,0,0,0,JMcGough,,
Q2 2023 - Sprint 3,2023/05/04,2023/05/17,HUB-98053,9293,TCox,0,0,0,0,0,0,0,0,0,0,0,0,Shea.Sullivan,,
Q2 2023 - Sprint 3,2023/05/04,2023/05/17,HUB-98258,9354,TCox,0,0,0,0,0,0,0,0,0,0,0,0,JMcGough,,
Q2 2023 - Sprint 3,2023/05/04,2023/05/17,PROD-165205,9219,TCox,0,0,0,0,1,0,0,0,0,0,0,0,Subratkumar.Sahoo,,1. Pull request #9181: HUB-87782: Remove featuredDiscussions feature flag  Merge in AX/attendee-experience-web from HUB-87782 to develop  * commit '844e720c9f44893d5baeccd1a452fea2a66aedc0':    HUB-87782: Remove MockedProvider and repace discussions.json fixture with updated discussions    HUB-87782: Remove featuredDiscussions feature flag
Q2 2023 - Sprint 3,2023/05/04,2023/05/17,PROD-164120,1495,TCox,0,0,0,0,0,0,0,0,0,0,0,0,JMcGough,,
Sprint Totals,,,,,,PR_ADDED: 0,PR_REMOVED: 0,COMMIT_ADDED: 0,COMMIT_REMOVED: 0,APPROVED: 2,COMMENTED: 0,DECLINED: 0,MERGED: 0,OPENED: 0,RESCOPED: 0,UNAPPROVED: 0,UPDATED: 0,,,

Q2 2023 - Sprint 4,2023/05/18,2023/05/31,HUB-39923,9409,TCox,4380,5620,0,0,0,0,0,1,1,0,0,0,TCox,,
Q2 2023 - Sprint 4,2023/05/18,2023/05/31,HUB-89140,9409,TCox,4380,5620,0,0,0,0,0,0,0,0,0,0,TCox,,
Q2 2023 - Sprint 4,2023/05/18,2023/05/31,HUB-93102,9448,TCox,0,0,0,0,0,0,0,0,0,0,0,0,ATawfik,,
Q2 2023 - Sprint 4,2023/05/18,2023/05/31,HUB-94412,1508,TCox,1097,465,0,0,0,0,0,1,1,0,0,0,TCox,,
Q2 2023 - Sprint 4,2023/05/18,2023/05/31,HUB-95866,9448,TCox,0,0,0,0,0,0,0,0,0,0,0,0,ATawfik,,
Q2 2023 - Sprint 4,2023/05/18,2023/05/31,HUB-97864,1495,TCox,0,0,0,0,1,0,0,0,0,0,0,0,JMcGough,,
Q2 2023 - Sprint 4,2023/05/18,2023/05/31,HUB-98327,1495,TCox,0,0,0,0,0,0,0,0,0,0,0,0,JMcGough,,
Q2 2023 - Sprint 4,2023/05/18,2023/05/31,PROD-164120,1495,TCox,0,0,0,0,0,0,0,0,0,0,0,0,JMcGough,,
Q2 2023 - Sprint 4,2023/05/18,2023/05/31,HUB-74531,9448,TCox,0,0,0,0,0,0,0,0,0,0,0,0,ATawfik,,
Q2 2023 - Sprint 4,2023/05/18,2023/05/31,HUB-74533,9409,TCox,4380,5620,0,0,0,0,0,0,0,0,0,0,TCox,,
Q2 2023 - Sprint 4,2023/05/18,2023/05/31,HUB-99072,224,TCox,0,0,0,0,0,0,0,0,0,0,0,0,Vidul.Kumar,,
Q2 2023 - Sprint 4,2023/05/18,2023/05/31,HUB-99072,240,TCox,0,0,5,0,0,0,0,0,0,0,0,0,SBundale,,"1. HUB-101092: Phrase app changes changeset
2. HUB-101092: phrase app changes  Merge in AX/language-management from hub-101092-phraseapp to master  * commit 'bff9aa6b9347bc9f6579418e87256e4c9e08b42c':    HUB-101092: Phrase app changes changeset    HUB-101092: phraseapp changes"
Q2 2023 - Sprint 4,2023/05/18,2023/05/31,HUB-99072,3566,TCox,1023,128,0,0,0,0,0,1,1,0,0,0,TCox,,
Q2 2023 - Sprint 4,2023/05/18,2023/05/31,HUB-99508,9448,TCox,0,0,0,0,0,0,0,0,0,0,0,0,ATawfik,,
Sprint Totals,,,,,,PR_ADDED: 15260,PR_REMOVED: 17453,COMMIT_ADDED: 5,COMMIT_REMOVED: 0,APPROVED: 1,COMMENTED: 0,DECLINED: 0,MERGED: 3,OPENED: 3,RESCOPED: 0,UNAPPROVED: 0,UPDATED: 0,,,

Q2 2023 - Sprint 5,2023/06/01,2023/06/14,HUB-74531,9448,TCox,0,0,0,0,1,0,0,0,0,0,0,0,ATawfik,,
Q2 2023 - Sprint 5,2023/06/01,2023/06/14,HUB-74533,9409,TCox,4380,5620,0,0,0,0,0,0,0,0,0,0,TCox,,
Q2 2023 - Sprint 5,2023/06/01,2023/06/14,HUB-97982,9507,TCox,0,0,73,79,1,0,0,0,0,0,0,0,GStarr,,"1. HUB-99805: Update useDiscussionsData unit test to handle new graph call
2. Pull request #9490: HUB-99805: Update useDiscussionsData unit test to handle new graph call  Merge in AX/attendee-experience-web from HUB-99805-update-test to develop  * commit 'f4fe96abb10b3b432a1bf764a903a01af60163bb':    HUB-99805: Update useDiscussionsData unit test to handle new graph call
3. HUB-99805: Provide data mock instead of mocking the hook for getAttendeeHubConfig
4. Pull request #9496: HUB-99805: Provide data mock instead of mocking the hook for useAttendeeHubConfig  Merge in AX/attendee-experience-web from HUB-99805-mock-config-query to develop  * commit '58f9fe027dd308e1d14ac75e2595d50a883ed945':    HUB-99805: Provide data mock instead of mocking the hook for getAttendeeHubConfig"
Q2 2023 - Sprint 5,2023/06/01,2023/06/14,HUB-99072,224,TCox,0,0,0,0,1,0,0,0,0,0,0,0,Vidul.Kumar,,
Q2 2023 - Sprint 5,2023/06/01,2023/06/14,HUB-99072,3566,TCox,1023,128,0,0,0,0,0,0,0,0,0,0,TCox,,
Q2 2023 - Sprint 5,2023/06/01,2023/06/14,HUB-99508,9448,TCox,0,0,0,0,0,0,0,0,0,0,0,0,ATawfik,,
Q2 2023 - Sprint 5,2023/06/01,2023/06/14,HUB-102406,9507,TCox,0,0,0,0,0,0,0,0,0,0,0,0,GStarr,,
Sprint Totals,,,,,,PR_ADDED: 5403,PR_REMOVED: 5748,COMMIT_ADDED: 73,COMMIT_REMOVED: 79,APPROVED: 3,COMMENTED: 0,DECLINED: 0,MERGED: 0,OPENED: 0,RESCOPED: 0,UNAPPROVED: 0,UPDATED: 0,,,

Q2 2023 - Sprint 6,2023/06/15,2023/06/28,HUB-101324,9618,TCox,0,0,450,71,0,0,0,0,0,0,0,0,SSimpson,,"1. HUB-103624: Add empty content state to storybook for resolved reports page
2. HUB-103624: Update _error unit test to look for text key instead of string
3. Pull request #9581: HUB-103624: Add empty content state to storybook for resolved reports page  Merge in AX/attendee-experience-web from HUB-103624-resolved-report-empty-state to develop  * commit 'ccb1771a377c23ffe2c61f9db6e32c9816f5c9e6':    HUB-103624: Update _error unit test to look for text key instead of string    HUB-103624: Add empty content state to storybook for resolved reports page"
Q2 2023 - Sprint 6,2023/06/15,2023/06/28,HUB-103100,1560,TCox,0,0,65,204,0,0,0,0,0,0,0,0,MGangani,,"1. HUB-99844: use interface from constant file
2. Merge branch 'develop' into HUB-99844
3. HUB-99844: clean up props and unit test
4. Pull request #1541: HUB-99844: Add back button to custom page naming modal  Merge in AX/attendee-experience-builder from HUB-99844 to develop  * commit '0b420e427625de193746640bc72f0e42f571d763':    HUB-99844: clean up props and unit test    HUB-99844: use interface from constant file    HUB-99844: Add unit test to check for disbaled button    HUB-99844: Wire up the back button on CustomPageName modal to go back to CustomPageTypeSelection modal    HUB-99844: Add back button to custom page name modal"
Q2 2023 - Sprint 6,2023/06/15,2023/06/28,PROD-169805,9639,TCox,0,0,0,0,0,0,0,0,0,0,0,0,Vidul.Kumar,,
Sprint Totals,,,,,,PR_ADDED: 0,PR_REMOVED: 0,COMMIT_ADDED: 515,COMMIT_REMOVED: 275,APPROVED: 0,COMMENTED: 0,DECLINED: 0,MERGED: 0,OPENED: 0,RESCOPED: 0,UNAPPROVED: 0,UPDATED: 0,,,

Overall Totals,,,,,,PR_ADDED: 20663,PR_REMOVED: 23201,COMMIT_ADDED: 593,COMMIT_REMOVED: 354,APPROVED: 6,COMMENTED: 0,DECLINED: 0,MERGED: 3,OPENED: 3,RESCOPED: 0,UNAPPROVED: 0,UPDATED: 0,,,
