SPRINT,START_DATE,END_DATE,TICKET,PR_ID,USER,PR_ADDED,PR_REMOVED,COMMIT_ADDED,COMMIT_REMOVED,APPROVED,COMMENTED,DECLINED,MERGED,OPENED,RESCOPED,UNAPPROVED,UPDATED,AUTHOR,COMMENTS,COMMIT_MESSAGES
PP-Gummy Bears,2023/04/04,2023/04/18,HUB-86951,11127,XWang,0,0,0,0,0,0,0,0,0,0,0,0,CBarad,,
PP-Gummy Bears,2023/04/04,2023/04/18,HUB-86951,11137,XWang,0,0,0,0,0,0,0,0,0,0,0,0,CBarad,,
PP-Gummy Bears,2023/04/04,2023/04/18,HUB-86956,11137,XWang,0,0,0,0,0,0,0,0,0,0,0,0,CBarad,,
PP-Gummy Bears,2023/04/04,2023/04/18,HUB-86956,11144,XWang,0,0,0,0,0,0,0,0,0,0,0,0,CBarad,,
PP-Gummy Bears,2023/04/04,2023/04/18,HUB-88486,11145,XWang,0,0,0,0,0,0,0,0,0,0,0,0,JBertrand,,
PP-Gummy Bears,2023/04/04,2023/04/18,HUB-88486,11163,XWang,0,0,0,0,1,0,0,0,0,0,0,0,JBertrand,,
PP-Gummy Bears,2023/04/04,2023/04/18,HUB-89214,11148,XWang,481,8,0,0,0,0,0,0,0,0,0,0,XWang,,
PP-Gummy Bears,2023/04/04,2023/04/18,HUB-89214,11159,XWang,71,1,71,1,0,0,0,1,1,0,0,0,XWang,,1. HUB-89214: BE -  endpoint to find list of mutually available booth staff
PP-Gummy Bears,2023/04/04,2023/04/18,HUB-89214,11160,XWang,88,6,91,9,0,0,0,1,1,0,0,0,XWang,,"1. HUB-89214: BE -  endpoint to find list of mutually available booth staff
2. Merge branch 'silo606' into HUB-89214
3. HUB-89214: BE -  endpoint to find list of mutually available booth staff
4. HUB-89214: BE -  endpoint to find list of mutually available booth staff"
PP-Gummy Bears,2023/04/04,2023/04/18,HUB-89214,11161,XWang,466,8,470,12,0,0,0,1,1,2,0,0,XWang,,"1. HUB-89214: BE -  endpoint to find list of mutually available booth staff
2. Merge branch 'master' into HUB-89214_m
3. HUB-89214: BE - endpoint to find list of mutually available booth staff"
PP-Gummy Bears,2023/04/04,2023/04/18,HUB-89214,11167,XWang,201,4,201,4,0,0,0,1,1,0,0,0,XWang,,1. HUB-89214: BE - endpoint to find list of mutually available booth staff
PP-Gummy Bears,2023/04/04,2023/04/18,HUB-89390,11101,XWang,0,0,0,0,0,0,0,0,0,0,0,0,MUllah,,
PP-Gummy Bears,2023/04/04,2023/04/18,HUB-89390,11136,XWang,0,0,0,0,0,0,0,0,0,0,0,0,MUllah,,
PP-Gummy Bears,2023/04/04,2023/04/18,PROD-163163,11164,XWang,0,0,0,0,1,0,0,0,0,0,0,0,JBertrand,,
PP-Gummy Bears,2023/04/04,2023/04/18,PROD-163163,11172,XWang,0,0,0,0,1,0,0,0,0,0,0,0,JBertrand,,
PP-Gummy Bears,2023/04/04,2023/04/18,HUB-86969,11183,XWang,0,0,0,0,0,0,0,0,0,0,0,0,KRaparthi,,
PP-Gummy Bears,2023/04/04,2023/04/18,HUB-86969,11207,XWang,0,0,0,0,0,0,0,0,0,0,0,0,KRaparthi,,
PP-Gummy Bears,2023/04/04,2023/04/18,HUB-89212,11165,XWang,0,0,0,0,1,0,0,0,0,0,0,0,JHorvath,,
PP-Gummy Bears,2023/04/04,2023/04/18,HUB-89212,11150,XWang,0,0,0,0,0,0,0,0,0,0,0,0,JHorvath,,
PP-Gummy Bears,2023/04/04,2023/04/18,HUB-89213,11178,XWang,0,0,0,0,1,1,0,0,0,0,0,0,JHorvath,1. Can the exhibitor admin be able to edit an EN appt in which whom is not a requester?,
PP-Gummy Bears,2023/04/04,2023/04/18,HUB-92044,11188,XWang,0,0,0,0,0,0,0,0,0,0,0,0,MUllah,,
PP-Gummy Bears,2023/04/04,2023/04/18,HUB-92044,11199,XWang,0,0,0,0,0,0,0,0,0,0,0,0,MUllah,,
PP-Gummy Bears,2023/04/04,2023/04/18,HUB-93107,11200,XWang,0,0,0,0,0,0,0,0,0,0,0,0,CBarad,,
PP-Gummy Bears,2023/04/04,2023/04/18,HUB-93107,11210,XWang,0,0,0,0,0,0,0,0,0,0,0,0,CBarad,,
PP-Gummy Bears,2023/04/04,2023/04/18,HUB-95262,11176,XWang,261,6,345,75,0,16,0,0,1,8,0,0,XWang,"1. Let's review and discuss this after today's refinement.
2. The exhibitorID in the token meta data could prove it's an exhibitor admin account.
3. That's good suggestion.
4. Not sure what you mean? or why the @readonly is required here?
5. The `status` is still there. The `requester` is conditional, since it's allowed to passing new requesters for EN type by exhibitor admin, but keep what it was for other appt types.
6. Yes, no matter what you passed in the request, it's always replaced with the original requesters.
7. That should be handled in the Validations
8. Yes, the `requesters` is always replaced by either path variable or original appt hosts.
9. It's ignored previously because the value of `requesters` was always overridden by the current request user (when creating appt) or original appt host (when editing appt) - so it won't have any problem as far as I have tested.
10. It's unnecessary for create because it will be failed by appt type rule check if the requester is not a exhibitor booth staff.
11. When creating an appt, the requester was always replaced with the current user no matter what it's passed in the request, so I feel it's unnecessary - since it's handled by the type rules checker if creating with a user who is not an exhibitor staff.  When editing an appt, the requesters are passed from the request, which could be anything, so it's better to validate the questers before moving forward.   And found `ExhibitorApptRequestersAreValid` did the similar job, so I removed it.
12. I don't think that could be happening, it's acceptable by taking as 500 error even it's happened.
13. The token metadata wasn't passed from user request or setup from our code, usually it comes from the auth dependency - that's why I said 500 was acceptable.
14. ![image.png](attachment:3132/20020)
15. Sorry, this was broken when fixing the conflict.
16. Just fixed.","1. HUB-95262: BE - Allow exhibitor admin to create and edit
2. HUB-95262: BE - Allow exhibitor admin to create and edit
3. HUB-95262: BE - Allow exhibitor admin to create and edit
4. HUB-95262: BE - Allow exhibitor admin to create and edit
5. HUB-95262: BE - Allow exhibitor admin to create and edit
6. Revert ""HUB-95262: BE - Allow exhibitor admin to create and edit""  This reverts commit ac106a491d05a0e2d991c8bd078fd257496f4f40, reversing  changes made to f7f8bceea4a9f42dde336f9bbbedd3b2ac277527.
7. HUB-95262: BE - Allow exhibitor admin to create and edit
8. HUB-95262: BE - Allow exhibitor admin to create and edit
9. HUB-95262: BE - Allow exhibitor admin to create and edit"
PP-Gummy Bears,2023/04/04,2023/04/18,HUB-95262,11182,XWang,406,11,0,0,0,0,0,0,0,0,0,0,XWang,,
PP-Gummy Bears,2023/04/04,2023/04/18,HUB-95262,11206,XWang,176,55,0,0,0,0,0,0,0,0,0,0,XWang,,
PP-Gummy Bears,2023/04/04,2023/04/18,HUB-95262,11208,XWang,176,55,0,0,0,0,0,0,0,0,0,0,XWang,,
Sprint Totals,,,,,,PR_ADDED: 2326,PR_REMOVED: 154,COMMIT_ADDED: 1178,COMMIT_REMOVED: 101,APPROVED: 5,COMMENTED: 17,DECLINED: 0,MERGED: 4,OPENED: 5,RESCOPED: 10,UNAPPROVED: 0,UPDATED: 0,,,

PP-Ho Hos,2023/04/18,2023/05/02,HUB-86969,11183,XWang,0,0,0,0,1,0,0,0,0,0,0,0,KRaparthi,,
PP-Ho Hos,2023/04/18,2023/05/02,HUB-86969,11207,XWang,0,0,0,0,1,0,0,0,0,0,0,0,KRaparthi,,
PP-Ho Hos,2023/04/18,2023/05/02,HUB-89212,11165,XWang,0,0,0,0,0,0,0,0,0,0,0,0,JHorvath,,
PP-Ho Hos,2023/04/18,2023/05/02,HUB-89212,11150,XWang,0,0,0,0,0,0,0,0,0,0,0,0,JHorvath,,
PP-Ho Hos,2023/04/18,2023/05/02,HUB-89213,11178,XWang,0,0,0,0,0,0,0,0,0,0,0,0,JHorvath,,
PP-Ho Hos,2023/04/18,2023/05/02,HUB-92044,11188,XWang,0,0,0,0,1,0,0,0,0,0,0,0,MUllah,,
PP-Ho Hos,2023/04/18,2023/05/02,HUB-92044,11199,XWang,0,0,0,0,1,0,0,0,0,0,0,0,MUllah,,
PP-Ho Hos,2023/04/18,2023/05/02,HUB-92297,9139,XWang,0,0,80,16,0,0,0,0,0,0,0,0,ABadlia,,"1. PROD-164123: errors 'Event not found error' - considerable jump around appointments webview
2. PROD-164123: errors 'Event not found error' - considerable jump around appointments webview
3. PROD-164123: errors 'Event not found error' - considerable jump around appointments webview
4. PROD-164123: errors 'Event not found error' - considerable jump around appointments webview
5. PROD-164123: errors 'Event not found error' - considerable jump around appointments webview
6. Pull request #9104: PROD-164123: errors 'Event not found error' - considerable jump around appointments webview  Merge in AX/attendee-experience-web from PROD-164123 to develop  * commit 'd8e4cca78271e379c01e272ff601cc75fa842d0b':    PROD-164123: errors 'Event not found error' - considerable jump around appointments webview    PROD-164123: errors 'Event not found error' - considerable jump around appointments webview    PROD-164123: errors 'Event not found error' - considerable jump around appointments webview    PROD-164123: errors 'Event not found error' - considerable jump around appointments webview    PROD-164123: errors 'Event not found error' - considerable jump around appointments webview"
PP-Ho Hos,2023/04/18,2023/05/02,HUB-93107,11200,XWang,0,0,0,0,1,0,0,0,0,0,0,0,CBarad,,
PP-Ho Hos,2023/04/18,2023/05/02,HUB-93107,11210,XWang,0,0,0,0,0,0,0,0,0,0,0,0,CBarad,,
PP-Ho Hos,2023/04/18,2023/05/02,HUB-95262,11176,XWang,261,6,136,144,0,0,0,1,0,4,0,0,XWang,,"1. HUB-95262: BE - Allow exhibitor admin to create and edit
2. HUB-95262: BE - Allow exhibitor admin to create and edit
3. HUB-95262: BE - Allow exhibitor admin to create and edit
4. HUB-95262: BE - Allow exhibitor admin to create and edit
5. HUB-95262: BE - Allow exhibitor admin to create and edit"
PP-Ho Hos,2023/04/18,2023/05/02,HUB-95262,11182,XWang,406,11,424,29,0,0,0,1,1,1,0,0,XWang,,"1. HUB-95262: BE - Allow exhibitor admin to create and edit
2. HUB-95262: BE - Allow exhibitor admin to create and edit"
PP-Ho Hos,2023/04/18,2023/05/02,HUB-95262,11206,XWang,176,55,176,55,0,0,0,0,1,0,0,0,XWang,,1. HUB-95262: BE - Allow exhibitor admin to create and edit
PP-Ho Hos,2023/04/18,2023/05/02,HUB-95262,11208,XWang,176,55,0,0,0,2,0,0,1,0,0,0,XWang,"1. Here's the place to build the `AppointmentRequest` for guest API with `actingAs` user, we need to make sure the correct request be setup here.   We can definitely moving it into the validation steps, but have to make sure it's put at the beginning to prevent other steps get an incorrect requesters by calling `request.getRequesters()` .
2. This(`HUB-95262`) was just added in the current sprint and we found it's necessary to improve during testing. The purpose of this changing was to prevent:  1. not allow to update the appt host for any other types except EN.  2. not change the hosts if the requesters isn't passing in the request.",
PP-Ho Hos,2023/04/18,2023/05/02,HUB-95558,11190,XWang,0,0,0,0,1,0,0,0,0,0,0,0,JHorvath,,
PP-Ho Hos,2023/04/18,2023/05/02,HUB-95560,10484,XWang,0,0,0,0,0,0,0,0,0,0,0,0,SCahail,,
PP-Ho Hos,2023/04/18,2023/05/02,HUB-95560,22187,XWang,0,0,0,0,0,0,0,0,0,0,0,0,SCahail,,
PP-Ho Hos,2023/04/18,2023/05/02,PROD-164123,9104,XWang,65,1,0,0,0,0,0,1,1,2,0,0,XWang,,
PP-Ho Hos,2023/04/18,2023/05/02,HUB-74373,11166,XWang,0,0,0,0,0,0,0,0,0,0,0,0,BRehman,,
PP-Ho Hos,2023/04/18,2023/05/02,HUB-74373,11192,XWang,0,0,0,0,1,0,0,0,0,0,0,0,BRehman,,
PP-Ho Hos,2023/04/18,2023/05/02,HUB-74373,11237,XWang,0,0,0,0,0,0,0,0,0,0,0,0,CBarad,,
PP-Ho Hos,2023/04/18,2023/05/02,HUB-81331,9235,XWang,0,0,0,0,0,0,0,0,0,0,0,0,KRaparthi,,
PP-Ho Hos,2023/04/18,2023/05/02,HUB-88496,11201,XWang,0,0,0,0,1,0,0,0,0,0,0,0,JHorvath,,
PP-Ho Hos,2023/04/18,2023/05/02,HUB-91757,11209,XWang,0,0,0,0,1,0,0,0,0,0,0,0,JBertrand,,
PP-Ho Hos,2023/04/18,2023/05/02,HUB-94623,10566,XWang,0,0,0,0,0,0,0,0,0,0,0,0,CEkrut,,
PP-Ho Hos,2023/04/18,2023/05/02,HUB-94623,22382,XWang,0,0,0,0,0,0,0,0,0,0,0,0,CEkrut,,
PP-Ho Hos,2023/04/18,2023/05/02,HUB-96990,11206,XWang,176,55,0,0,0,0,0,0,0,0,0,0,XWang,,
PP-Ho Hos,2023/04/18,2023/05/02,HUB-96990,11208,XWang,176,55,0,0,0,0,0,0,0,0,0,0,XWang,,
PP-Ho Hos,2023/04/18,2023/05/02,PROD-163051,11202,XWang,0,0,0,0,1,0,0,0,0,0,0,0,BRehman,,
PP-Ho Hos,2023/04/18,2023/05/02,PROD-165454,11203,XWang,0,0,0,0,1,0,0,0,0,0,0,0,BRehman,,
PP-Ho Hos,2023/04/18,2023/05/02,PROD-165454,11215,XWang,0,0,0,0,0,0,0,0,0,0,0,0,BRehman,,
Sprint Totals,,,,,,PR_ADDED: 1436,PR_REMOVED: 238,COMMIT_ADDED: 816,COMMIT_REMOVED: 244,APPROVED: 11,COMMENTED: 2,DECLINED: 0,MERGED: 3,OPENED: 4,RESCOPED: 7,UNAPPROVED: 0,UPDATED: 0,,,

PP-Idli,2023/05/02,2023/05/16,HUB-74373,11166,XWang,0,0,0,0,0,0,0,0,0,0,0,0,BRehman,,
PP-Idli,2023/05/02,2023/05/16,HUB-74373,11192,XWang,0,0,0,0,0,0,0,0,0,0,0,0,BRehman,,
PP-Idli,2023/05/02,2023/05/16,HUB-74373,11237,XWang,0,0,0,0,0,0,0,0,0,0,0,0,CBarad,,
PP-Idli,2023/05/02,2023/05/16,HUB-88496,11201,XWang,0,0,0,0,0,0,0,0,0,0,0,0,JHorvath,,
PP-Idli,2023/05/02,2023/05/16,HUB-91757,11209,XWang,0,0,0,0,0,0,0,0,0,0,0,0,JBertrand,,
PP-Idli,2023/05/02,2023/05/16,HUB-96990,11206,XWang,176,55,0,0,0,0,0,0,0,0,0,0,XWang,,
PP-Idli,2023/05/02,2023/05/16,HUB-96990,11208,XWang,176,55,0,0,0,0,0,0,0,0,0,0,XWang,,
PP-Idli,2023/05/02,2023/05/16,HUB-98025,216,XWang,0,0,0,0,0,0,0,0,0,0,0,0,CEkrut,,
PP-Idli,2023/05/02,2023/05/16,PROD-163051,11202,XWang,0,0,0,0,0,0,0,0,0,0,0,0,BRehman,,
PP-Idli,2023/05/02,2023/05/16,PROD-165454,11203,XWang,0,0,0,0,0,0,0,0,0,0,0,0,BRehman,,
PP-Idli,2023/05/02,2023/05/16,PROD-165454,11215,XWang,0,0,0,0,0,0,0,0,0,0,0,0,BRehman,,
PP-Idli,2023/05/02,2023/05/16,PROD-167039,11230,XWang,0,0,0,0,1,0,0,0,0,0,0,0,CBarad,,
PP-Idli,2023/05/02,2023/05/16,HUB-81331,9235,XWang,0,0,0,0,1,0,0,0,0,0,0,0,KRaparthi,,
PP-Idli,2023/05/02,2023/05/16,HUB-94623,10566,XWang,0,0,0,0,1,0,0,0,0,0,0,0,CEkrut,,
PP-Idli,2023/05/02,2023/05/16,HUB-94623,22382,XWang,0,0,0,0,0,0,0,0,0,0,0,0,CEkrut,,
PP-Idli,2023/05/02,2023/05/16,HUB-99138,11231,XWang,92,4,93,5,0,2,0,1,1,1,0,0,XWang,"1. Yes, Setting to Pending that's done from [SetAttendeesToPending.java](https://stash.cvent.net/projects/APPT/repos/appointments/browse/appointments-service-common/src/main/java/com/cvent/appointments/logic/actionSteps/SetAttendeesToPending.java?at=HUB-99138), and this one (setting attendee creator to confirmed) overrides it since [it comes after SetAttendeesToPending.java](https://stash.cvent.net/projects/APPT/repos/appointments/browse/appointments-service-common/src/main/java/com/cvent/appointments/logic/BusinessOperationFactory.java?at=HUB-99138#350-352).
2. Added more.","1. HUB-99138: [Adopted] Attendee status not moving back to pending when the date/time is updated on behalf of booth staff for E.N. appt type
2. HUB-99138: [Adopted] Attendee status not moving back to pending when the date/time is updated on behalf of booth staff for E.N. appt type"
PP-Idli,2023/05/02,2023/05/16,HUB-99138,11233,XWang,93,5,95,7,0,1,0,1,1,1,0,0,XWang,"1. Agree, but it depends on how you understand it.","1. HUB-99138: [Adopted] Attendee status not moving back to pending when the date/time is updated on behalf of booth staff for E.N. appt type
2. HUB-99138: [Adopted] Attendee status not moving back to pending when the date/time is updated on behalf of booth staff for E.N. appt type"
PP-Idli,2023/05/02,2023/05/16,HUB-99138,11239,XWang,1,1,0,0,0,0,0,0,0,0,0,0,XWang,,
PP-Idli,2023/05/02,2023/05/16,HUB-99138,11240,XWang,0,0,0,0,0,0,0,0,0,0,0,0,Ashish.Mittal,,1. Pull request #11233: HUB-99138: [Adopted] Attendee status not moving back to pending when the date/time is updated on behalf of booth staff for E.N.  Merge in APPT/appointments from HUB-99138_m to master  * commit '1595c1191703f5e51ede2917e65a43ee4df43d8c':    HUB-99138: [Adopted] Attendee status not moving back to pending when the date/time is updated on behalf of booth staff for E.N. appt type    HUB-99138: [Adopted] Attendee status not moving back to pending when the date/time is updated on behalf of booth staff for E.N. appt type
PP-Idli,2023/05/02,2023/05/16,HUB-99150,11234,XWang,0,0,0,0,0,1,0,0,0,0,0,0,MUllah,1. Can you please add a test for it? which could guarantee the same issue won't be happened again.,
PP-Idli,2023/05/02,2023/05/16,HUB-99150,11242,XWang,0,0,0,0,0,0,0,0,0,0,0,0,MUllah,,
PP-Idli,2023/05/02,2023/05/16,HUB-99172,1482,XWang,0,0,0,0,0,0,0,0,0,0,0,0,SCahail,,
PP-Idli,2023/05/02,2023/05/16,HUB-99172,9300,XWang,0,0,0,0,0,0,0,0,0,0,0,0,SCahail,,
PP-Idli,2023/05/02,2023/05/16,PROD-156149,11289,XWang,0,0,0,0,0,0,0,0,0,0,0,0,KRaparthi,,
PP-Idli,2023/05/02,2023/05/16,PROD-163041,11229,XWang,0,0,0,0,0,1,0,0,0,0,0,0,BRehman,"1. If so, should we create a separate API for flex guest?",
PP-Idli,2023/05/02,2023/05/16,PROD-165603,9249,XWang,0,0,0,0,0,0,0,0,0,0,0,0,JHorvath,,
Sprint Totals,,,,,,PR_ADDED: 538,PR_REMOVED: 120,COMMIT_ADDED: 188,COMMIT_REMOVED: 12,APPROVED: 3,COMMENTED: 5,DECLINED: 0,MERGED: 2,OPENED: 2,RESCOPED: 2,UNAPPROVED: 0,UPDATED: 0,,,

PP-Jalapeno Poppers,2023/05/16,2023/05/30,HUB-81331,9235,XWang,0,0,0,0,0,0,0,0,0,0,0,0,KRaparthi,,
PP-Jalapeno Poppers,2023/05/16,2023/05/30,HUB-94623,10566,XWang,0,0,0,0,0,0,0,0,0,0,0,0,CEkrut,,
PP-Jalapeno Poppers,2023/05/16,2023/05/30,HUB-94623,22382,XWang,0,0,0,0,1,0,0,0,0,0,0,0,CEkrut,,
PP-Jalapeno Poppers,2023/05/16,2023/05/30,HUB-99138,11231,XWang,92,4,0,0,0,0,0,0,0,0,0,0,XWang,,
PP-Jalapeno Poppers,2023/05/16,2023/05/30,HUB-99138,11233,XWang,93,5,0,0,0,0,0,0,0,0,0,0,XWang,,
PP-Jalapeno Poppers,2023/05/16,2023/05/30,HUB-99138,11239,XWang,1,1,1,1,0,0,0,1,1,0,0,0,XWang,,1. HUB-99138: IT fix for ExternalResourceV2UpdateExhibitorAppointmentTestIT-> updateAppointmentWithTimeslotWithSublocationsAsAttendee
PP-Jalapeno Poppers,2023/05/16,2023/05/30,HUB-99138,11240,XWang,0,0,0,0,0,0,0,0,0,0,0,0,Ashish.Mittal,,1. Pull request #11239: HUB-99138: IT fix for ExternalResourceV2UpdateExhibitorAppointmentTestIT-> updateAppointmentWithTimeslotWithSublocationsAsAttendee  Merge in APPT/appointments from HUB-99138_m to master  * commit 'b535110c1fc2164e4155f7488a3c9a5b88a93ebf':    HUB-99138: IT fix for ExternalResourceV2UpdateExhibitorAppointmentTestIT-> updateAppointmentWithTimeslotWithSublocationsAsAttendee
PP-Jalapeno Poppers,2023/05/16,2023/05/30,HUB-99150,11234,XWang,0,0,0,0,0,0,0,0,0,0,0,0,MUllah,,
PP-Jalapeno Poppers,2023/05/16,2023/05/30,HUB-99150,11242,XWang,0,0,0,0,1,0,0,0,0,0,0,0,MUllah,,
PP-Jalapeno Poppers,2023/05/16,2023/05/30,HUB-99172,1482,XWang,0,0,0,0,1,0,0,0,0,0,0,0,SCahail,,
PP-Jalapeno Poppers,2023/05/16,2023/05/30,HUB-99172,9300,XWang,0,0,0,0,1,0,0,0,0,0,0,0,SCahail,,
PP-Jalapeno Poppers,2023/05/16,2023/05/30,PROD-165603,9249,XWang,0,0,0,0,1,0,0,0,0,0,0,0,JHorvath,,
PP-Jalapeno Poppers,2023/05/16,2023/05/30,HUB-99173,1895,XWang,0,0,629,10,0,0,0,0,0,0,0,0,JHorvath,,"1. HUB-99173: Update falcon planner to generate default settings
2. HUB-99173: Update falcon planner to generate default settings"
PP-Jalapeno Poppers,2023/05/16,2023/05/30,HUB-99175,3585,XWang,0,0,0,0,0,0,0,0,0,0,0,0,SCahail,,
PP-Jalapeno Poppers,2023/05/16,2023/05/30,HUB-99543,11253,XWang,0,0,0,0,0,0,0,0,0,0,0,0,MUllah,,
PP-Jalapeno Poppers,2023/05/16,2023/05/30,PROD-156149,11289,XWang,0,0,0,0,0,0,0,0,0,0,0,0,KRaparthi,,
PP-Jalapeno Poppers,2023/05/16,2023/05/30,PROD-164078,11256,XWang,0,0,0,0,0,0,0,0,0,0,0,0,MUllah,,
PP-Jalapeno Poppers,2023/05/16,2023/05/30,PROD-167232,58,XWang,0,0,0,0,0,0,0,0,0,0,0,0,JBertrand,,
PP-Jalapeno Poppers,2023/05/16,2023/05/30,PROD-167232,11265,XWang,0,0,0,0,0,0,0,0,0,0,0,0,JBertrand,,
Sprint Totals,,,,,,PR_ADDED: 186,PR_REMOVED: 10,COMMIT_ADDED: 630,COMMIT_REMOVED: 11,APPROVED: 5,COMMENTED: 0,DECLINED: 0,MERGED: 1,OPENED: 1,RESCOPED: 0,UNAPPROVED: 0,UPDATED: 0,,,

PP-Kit Kat(05/30-06/13),2023/05/30,2023/06/13,HUB-99543,11253,XWang,0,0,0,0,1,0,0,0,0,0,0,0,MUllah,,
PP-Kit Kat(05/30-06/13),2023/05/30,2023/06/13,PROD-164078,11256,XWang,0,0,0,0,0,2,0,0,0,0,0,0,MUllah,"1. Please format this line by leaving some space in front of `//`
2. Looks the only difference between the `if...else..` blocks is `.isDefault(true)`, if so we can make the code more clean by doing things like `.isDefault(apptType.getName().equals(ApptEventCreateHandler.DEFAULT_EXHIBITOR_APPOINTMENT_TYPE_NAME) ? true : fromApptType.isDefault())`",
PP-Kit Kat(05/30-06/13),2023/05/30,2023/06/13,HUB-82893,3587,XWang,9,2,10,3,0,0,0,0,1,1,0,0,XWang,,"1. HUB-82893: [ax-data] planner-service-cache-registration-questions item size exceeds maximum allowed size
2. HUB-82893: [ax-data] planner-service-cache-registration-questions item size exceeds maximum allowed size
3. HUB-82893: [ax-data] planner-service-cache-registration-questions item size exceeds maximum allowed size
4. HUB-82893: update the related tests
5. Applied suggestion"
PP-Kit Kat(05/30-06/13),2023/05/30,2023/06/13,HUB-99173,1895,XWang,0,0,0,0,1,0,0,0,0,0,0,0,JHorvath,,
PP-Kit Kat(05/30-06/13),2023/05/30,2023/06/13,HUB-99174,11260,XWang,145,51,282,112,0,6,0,0,1,6,0,0,XWang,"1. I agree with @JBertrand, try to make the change in this PR.
2. I'd like to make it with a different PR and don't want to waste reviewer's time, since there are many files changed due to renaming.
3. Renamed
4. Sorry I can't remember the fire what you mean, but just put debug level log to the start and end of the call.
5. Nice to have the audit log for such an operation, I can add it later. Right now it should be logged in Splunk and traced by Datadag.
6. My understanding for @ShubhamR is to add an audit log in the DB, then we can check if this appointment card creating action is successfully done or not. Since it doesn't do anything(planner isn't aware of it at all) currently if it's failed besides checking the Splunk log Datadog.   That's true the planner isn't aware of the failure, as we discussed the solution was that letting planner call app support to manually call the API to create it again.","1. HUB-99174: update appointments service to generate default card
2. HUB-99174: update appointments service to generate default card
3. HUB-99174: update appointments service to generate default card
4. HUB-99174: update appointments service to generate default card
5. HUB-99174: update appointments service to generate default card
6. Applied suggestion
7. PROD-167673: Appointment Schedule Filters are not Working with ""Other"" Answer
8. HUB-99174: rename FeatureSettingsService to AttendeeHubSettingsService"
PP-Kit Kat(05/30-06/13),2023/05/30,2023/06/13,HUB-99174,11268,XWang,159,8,211,60,0,3,0,0,1,5,0,0,XWang,"1. Agree, will add.
2. Actually not. Since the category of ""Not Applicable"" is also `Other` and the filed is different.
3. The `filed` argument represents the type of data to filter, and the target is the data entry.  when filtering for Other answer, the field is ""Other""  when filtering for Not Applicable answer, the field is """"  when filtering for user custom answer, the filed is other words.  let's put more comment and rename the viriables in the coming commit with tests.","1. PROD-167673: Appointment Schedule Filters are not Working with ""Other"" Answer
2. PROD-167673: Appointment Schedule Filters are not Working with ""Other"" Answer
3. Merge remote-tracking branch 'origin/PROD-167673' into PROD-167673
4. PROD-167673: Appointment Schedule Filters are not Working with ""Other"" Answer
5. PROD-167673: Appointment Schedule Filters are not Working with ""Other"" Answer
6. PROD-167673: Appointment Schedule Filters are not Working with ""Other"" Answer
7. PROD-167673: Appointment Schedule Filters are not Working with ""Other"" Answer
8. HUB-99174: update appointments service to generate default card
9. Revert ""HUB-99174: update appointments service to generate default card""  This reverts commit 7e1e7da6e7bc7439ac1f83d103ee33bf6130b689.
10. PROD-167673: add test for GuestDataServiceUtility.java"
PP-Kit Kat(05/30-06/13),2023/05/30,2023/06/13,HUB-99174,11274,XWang,155,52,0,0,0,0,0,0,0,0,0,0,XWang,,
PP-Kit Kat(05/30-06/13),2023/05/30,2023/06/13,HUB-99175,3585,XWang,0,0,0,0,0,0,0,0,0,0,0,0,SCahail,,
PP-Kit Kat(05/30-06/13),2023/05/30,2023/06/13,HUB-100392,9436,XWang,0,0,0,0,0,0,0,0,0,0,0,0,KRaparthi,,
PP-Kit Kat(05/30-06/13),2023/05/30,2023/06/13,HUB-100398,9542,XWang,0,0,0,0,0,0,0,0,0,0,0,0,KRaparthi,,
PP-Kit Kat(05/30-06/13),2023/05/30,2023/06/13,HUB-101852,11284,XWang,0,0,0,0,0,0,0,0,0,0,0,0,MUllah,,
PP-Kit Kat(05/30-06/13),2023/05/30,2023/06/13,PROD-167673,11260,XWang,145,51,0,0,0,0,0,0,0,0,0,0,XWang,,
PP-Kit Kat(05/30-06/13),2023/05/30,2023/06/13,PROD-167673,11268,XWang,159,8,0,0,0,0,0,0,0,0,0,0,XWang,,
PP-Kit Kat(05/30-06/13),2023/05/30,2023/06/13,PROD-167673,11275,XWang,158,7,0,0,0,0,0,0,0,0,0,0,XWang,,
Sprint Totals,,,,,,PR_ADDED: 930,PR_REMOVED: 179,COMMIT_ADDED: 503,COMMIT_REMOVED: 175,APPROVED: 2,COMMENTED: 11,DECLINED: 0,MERGED: 0,OPENED: 3,RESCOPED: 12,UNAPPROVED: 0,UPDATED: 0,,,

PP-Lollipop (06/13-06/27),2023/06/13,2023/06/27,HUB-82893,3587,XWang,9,2,1,1,0,0,0,1,0,1,0,0,XWang,,1. HUB-82893: fix the test for PlannerServiceClient.spec.ts
PP-Lollipop (06/13-06/27),2023/06/13,2023/06/27,HUB-82893,3614,XWang,0,0,0,0,0,0,0,0,0,0,0,0,MGangani,,1. Pull request #3587: HUB-82893: [ax-data] planner-service-cache-registration-questions item size exceeds maximum allowed size  Merge in AX/attendee-experience-data from HUB-82893 to develop  * commit 'e27452434febd352c3713416949b6025c30b9ad9':    HUB-82893: fix the test for PlannerServiceClient.spec.ts    Applied suggestion    HUB-82893: update the related tests    HUB-82893: [ax-data] planner-service-cache-registration-questions item size exceeds maximum allowed size    HUB-82893: [ax-data] planner-service-cache-registration-questions item size exceeds maximum allowed size    HUB-82893: [ax-data] planner-service-cache-registration-questions item size exceeds maximum allowed size
PP-Lollipop (06/13-06/27),2023/06/13,2023/06/27,HUB-99173,1895,XWang,0,0,0,0,0,0,0,0,0,0,0,0,JHorvath,,
PP-Lollipop (06/13-06/27),2023/06/13,2023/06/27,HUB-99174,11260,XWang,145,51,0,0,0,0,0,0,0,0,0,0,XWang,,
PP-Lollipop (06/13-06/27),2023/06/13,2023/06/27,HUB-99174,11268,XWang,159,8,0,0,0,0,0,0,0,0,0,0,XWang,,
PP-Lollipop (06/13-06/27),2023/06/13,2023/06/27,HUB-99174,11274,XWang,155,52,155,52,0,0,0,1,1,0,0,0,XWang,,1. HUB-99174: [CO]Update appointments service to generate default card
PP-Lollipop (06/13-06/27),2023/06/13,2023/06/27,HUB-99174,11281,XWang,0,0,158,7,0,0,0,0,0,0,0,0,Ashish.Mittal,,"1. Pull request #11274: HUB-99174: [CO]Update appointments service to generate default card  Merge in APPT/appointments from HUB-99174_m to master  * commit '808b9ac9706d7b1f06806263a032800028528d5d':    HUB-99174: [CO]Update appointments service to generate default card
2. PROD-167673: Appointment Schedule Filters are not Working with ""Other"" Answer
3. Pull request #11275: PROD-167673: Appointment Schedule Filters are not Working with ""Other"" Answer  Merge in APPT/appointments from PROD-167673_m to master  * commit '520f3f7aff2477eabf40a2a2693ec99ee5df17fa':    PROD-167673: Appointment Schedule Filters are not Working with ""Other"" Answer"
PP-Lollipop (06/13-06/27),2023/06/13,2023/06/27,HUB-99175,3585,XWang,0,0,0,0,0,0,0,0,0,0,0,0,SCahail,,
PP-Lollipop (06/13-06/27),2023/06/13,2023/06/27,HUB-100392,9436,XWang,0,0,0,0,0,0,0,0,0,0,0,0,KRaparthi,,
PP-Lollipop (06/13-06/27),2023/06/13,2023/06/27,HUB-100398,9542,XWang,0,0,0,0,1,0,0,0,0,0,0,0,KRaparthi,,
PP-Lollipop (06/13-06/27),2023/06/13,2023/06/27,HUB-101852,11284,XWang,0,0,0,0,1,0,0,0,0,0,0,0,MUllah,,
PP-Lollipop (06/13-06/27),2023/06/13,2023/06/27,PROD-167232,58,XWang,0,0,0,0,1,1,0,0,0,0,0,0,JBertrand,1. Do we need to use the same `cventId:110` as the one above?,
PP-Lollipop (06/13-06/27),2023/06/13,2023/06/27,PROD-167232,11265,XWang,0,0,0,0,0,0,0,0,0,0,0,0,JBertrand,,
PP-Lollipop (06/13-06/27),2023/06/13,2023/06/27,PROD-167673,11260,XWang,145,51,0,0,0,0,0,0,0,0,0,0,XWang,,
PP-Lollipop (06/13-06/27),2023/06/13,2023/06/27,PROD-167673,11268,XWang,159,8,0,0,0,0,0,0,0,0,0,0,XWang,,
PP-Lollipop (06/13-06/27),2023/06/13,2023/06/27,PROD-167673,11275,XWang,158,7,0,0,0,0,0,1,1,0,0,0,XWang,,
PP-Lollipop (06/13-06/27),2023/06/13,2023/06/27,PROD-169396,11280,XWang,49,2,49,2,0,1,0,1,1,0,0,0,XWang,1. I don't think so. From line 466 we can see the planner shouldn't appear in the attendee list for that case.,"1. PROD-169396: When the host edits the appointment, the updated appt email is not triggered for personal calendar response type"
PP-Lollipop (06/13-06/27),2023/06/13,2023/06/27,PROD-169396,11293,XWang,49,2,49,2,0,0,0,1,1,0,0,0,XWang,,"1. PROD-169396: When the host edits the appointment, the updated appt email is not triggered for personal calendar response type"
PP-Lollipop (06/13-06/27),2023/06/13,2023/06/27,PROD-171190,11292,XWang,0,0,0,0,1,0,0,0,0,0,0,0,KRaparthi,,
PP-Lollipop (06/13-06/27),2023/06/13,2023/06/27,HUB-83264,11294,XWang,0,0,0,0,1,0,0,0,0,0,0,0,MUllah,,
PP-Lollipop (06/13-06/27),2023/06/13,2023/06/27,HUB-101754,9653,XWang,8,1,0,0,0,0,0,0,0,0,0,0,XWang,,
PP-Lollipop (06/13-06/27),2023/06/13,2023/06/27,HUB-101754,11295,XWang,6,5,6,5,0,1,0,1,1,1,0,0,XWang,"1. Exception thrown from DB mapper is really rare, error code UNKNOWN almost everywhere for it. Let's just put a message along with the UNKNOWN.","1. PROD-101754: add more detail log for failure of retrieving time slot
2. PROD-101754: add more detail log for failure of retrieving time slot"
PP-Lollipop (06/13-06/27),2023/06/13,2023/06/27,PROD-156149,11289,XWang,0,0,0,0,1,0,0,0,0,0,0,0,KRaparthi,,
Sprint Totals,,,,,,PR_ADDED: 1042,PR_REMOVED: 189,COMMIT_ADDED: 418,COMMIT_REMOVED: 69,APPROVED: 6,COMMENTED: 3,DECLINED: 0,MERGED: 6,OPENED: 5,RESCOPED: 2,UNAPPROVED: 0,UPDATED: 0,,,

Overall Totals,,,,,,PR_ADDED: 6458,PR_REMOVED: 890,COMMIT_ADDED: 3733,COMMIT_REMOVED: 612,APPROVED: 32,COMMENTED: 38,DECLINED: 0,MERGED: 16,OPENED: 20,RESCOPED: 33,UNAPPROVED: 0,UPDATED: 0,,,
