SPRINT,START_DATE,END_DATE,TICKET,PR_ID,USER,PR_ADDED,PR_REMOVED,COMMIT_ADDED,COMMIT_REMOVED,APPROVED,COMMENTED,DECLINED,MERGED,OPENED,RESCOPED,UNAPPROVED,UPDATED,AUTHOR,COMMENTS,COMMIT_MESSAGES
PP-Gummy Bears,2023/04/04,2023/04/18,HUB-88741,16399,SKapri,0,0,0,0,0,0,0,0,0,0,0,0,ashish.a,,
PP-Gummy Bears,2023/04/04,2023/04/18,HUB-88741,16414,SKapri,0,0,0,0,0,0,0,0,0,0,0,0,"Jaiswal, Nikita",,
PP-Gummy Bears,2023/04/04,2023/04/18,HUB-88741,22019,SKapri,0,0,0,0,0,0,0,0,0,0,0,0,JKaur,,
PP-Gummy Bears,2023/04/04,2023/04/18,HUB-88741,22077,SKapri,6587,3276,0,0,0,0,0,0,0,0,0,0,SKapri,,
PP-Gummy Bears,2023/04/04,2023/04/18,HUB-88741,22601,SKapri,0,0,0,0,0,0,0,0,0,0,0,0,Aashray.Sharma,,
PP-Gummy Bears,2023/04/04,2023/04/18,HUB-88741,22125,SKapri,9980,20,0,0,0,0,0,0,0,0,0,0,SKapri,,
Sprint Totals,,,,,,PR_ADDED: 16567,PR_REMOVED: 3296,COMMIT_ADDED: 0,COMMIT_REMOVED: 0,APPROVED: 0,COMMENTED: 0,DECLINED: 0,MERGED: 0,OPENED: 0,RESCOPED: 0,UNAPPROVED: 0,UPDATED: 0,,,

PP-Ho Hos,2023/04/18,2023/05/02,HUB-95560,16399,SKapri,0,0,0,0,0,0,0,0,0,0,0,0,ashish.a,,
PP-Ho Hos,2023/04/18,2023/05/02,HUB-95560,16414,SKapri,0,0,0,0,0,0,0,0,0,0,0,0,"Jaiswal, Nikita",,
PP-Ho Hos,2023/04/18,2023/05/02,HUB-95560,22601,SKapri,0,0,0,0,0,0,0,0,0,0,0,0,Aashray.Sharma,,
PP-Ho Hos,2023/04/18,2023/05/02,HUB-94623,16399,SKapri,0,0,0,0,0,0,0,0,0,0,0,0,ashish.a,,
PP-Ho Hos,2023/04/18,2023/05/02,HUB-94623,16414,SKapri,0,0,0,0,0,0,0,0,0,0,0,0,"Jaiswal, Nikita",,
PP-Ho Hos,2023/04/18,2023/05/02,HUB-94623,22601,SKapri,0,0,0,0,0,0,0,0,0,0,0,0,Aashray.Sharma,,
Sprint Totals,,,,,,PR_ADDED: 0,PR_REMOVED: 0,COMMIT_ADDED: 0,COMMIT_REMOVED: 0,APPROVED: 0,COMMENTED: 0,DECLINED: 0,MERGED: 0,OPENED: 0,RESCOPED: 0,UNAPPROVED: 0,UPDATED: 0,,,

PP-Idli,2023/05/02,2023/05/16,HUB-94623,16399,SKapri,0,0,0,0,0,0,0,0,0,0,0,0,ashish.a,,
PP-Idli,2023/05/02,2023/05/16,HUB-94623,16414,SKapri,0,0,0,0,0,0,0,0,0,0,0,0,"Jaiswal, Nikita",,
PP-Idli,2023/05/02,2023/05/16,HUB-94623,22601,SKapri,0,0,0,0,0,0,0,0,0,0,0,0,Aashray.Sharma,,
Sprint Totals,,,,,,PR_ADDED: 0,PR_REMOVED: 0,COMMIT_ADDED: 0,COMMIT_REMOVED: 0,APPROVED: 0,COMMENTED: 0,DECLINED: 0,MERGED: 0,OPENED: 0,RESCOPED: 0,UNAPPROVED: 0,UPDATED: 0,,,

PP-Jalapeno Poppers,2023/05/16,2023/05/30,HUB-94186,16399,SKapri,0,0,0,0,0,0,0,0,0,0,0,0,ashish.a,,
PP-Jalapeno Poppers,2023/05/16,2023/05/30,HUB-94186,16414,SKapri,0,0,0,0,0,0,0,0,0,0,0,0,"Jaiswal, Nikita",,
PP-Jalapeno Poppers,2023/05/16,2023/05/30,HUB-94186,22483,SKapri,0,0,0,0,0,0,0,0,0,6,0,0,MDesai,,
PP-Jalapeno Poppers,2023/05/16,2023/05/30,HUB-94186,22601,SKapri,0,0,0,0,0,0,0,0,0,0,0,0,Aashray.Sharma,,
PP-Jalapeno Poppers,2023/05/16,2023/05/30,HUB-94623,16399,SKapri,0,0,0,0,0,0,0,0,0,0,0,0,ashish.a,,
PP-Jalapeno Poppers,2023/05/16,2023/05/30,HUB-94623,16414,SKapri,0,0,0,0,0,0,0,0,0,0,0,0,"Jaiswal, Nikita",,
PP-Jalapeno Poppers,2023/05/16,2023/05/30,HUB-94623,22601,SKapri,0,0,0,0,0,0,0,0,0,0,0,0,Aashray.Sharma,,
Sprint Totals,,,,,,PR_ADDED: 0,PR_REMOVED: 0,COMMIT_ADDED: 0,COMMIT_REMOVED: 0,APPROVED: 0,COMMENTED: 0,DECLINED: 0,MERGED: 0,OPENED: 0,RESCOPED: 6,UNAPPROVED: 0,UPDATED: 0,,,

PP-Kit Kat(05/30-06/13),2023/05/30,2023/06/13,HUB-100957,16399,SKapri,0,0,0,0,0,0,0,0,0,0,0,0,ashish.a,,
PP-Kit Kat(05/30-06/13),2023/05/30,2023/06/13,HUB-100957,16414,SKapri,0,0,0,0,0,0,0,0,0,0,0,0,"Jaiswal, Nikita",,
PP-Kit Kat(05/30-06/13),2023/05/30,2023/06/13,HUB-100957,22601,SKapri,0,0,0,0,1,0,0,0,0,0,0,1,Aashray.Sharma,,"1. Pull request #22577: AUTO-64991  Merge in QE/automation-starter from AUTO-64991 to region/t2  * commit '3893aee43faba5a4b8ce9b587f027a1d1da5c65f':    AUTO-64991 added correct objects and fixed the script
2. Pull request #22571: CTEQ-60243: Added codeowners for Flex UI and Calendar  Merge in QE/automation-starter from cteq-60243 to region/t2  * commit '0a05562479decd2decff537472531fc1ce69adf7':    CTEQ-60243: Removed Aditi from Codeowners    CTEQ-60243: Added codeowners for Flex UI and Calendar    CTEQ-60243: Added codeowners for Flex UI and Calendar
3. Pull request #22594: added wait for AUTO-64214  Merge in QE/automation-starter from AUTO-64214 to region/t2  * commit '261c3f7585d4442fdc84c146e520fda98b71154f':    added wait for AUTO-64214
4. Pull request #22494: CTEQ-60066 : Refactored Script  Merge in QE/automation-starter from CTEQ-60066 to region/t2  * commit '939f1f91d0daa33fd55cb4798f87f8dcff4246bd': (21 commits)    Added db verifications    Updated script    Updated db calls    Updated db calls    Updated curl params    Removed comments    Updated query    Updated wait time and steps    Refactored Script    Refactored Script    Updated RFP Name steps    Updated sleeping Rooms data    Updated dates for RFP creation    Refactored script    Refactored Script    CTEQ-60065 : Refactored and merged scripts    CTEQ-60072 : Refactored script    Added the steps for re-sending the RFI    Updated database steps    Added entries for rfp service endpoint    ...
5. Pull request #22590: AUTO-65025  Merge in QE/automation-starter from AUTO-65025 to region/t2  * commit 'c7fddc383d4a26005599e5d6d2917f21400c510b':    AUTO-65025 added verifications and objects
6. Pull request #22589: (Ticket -> CTEQ-59345)  Merge in QE/automation-starter from cteq-59347 to region/t2  * commit 'fb997a07cfee890b780b322c2f5fcde69674b5f4':    commented lines removed    German language verification    wait time added    force wait and commented line removed    comments removed    Before the event starts change in MR and translate survey title in Regression    survey title verification added    survey title verification added"
Sprint Totals,,,,,,PR_ADDED: 0,PR_REMOVED: 0,COMMIT_ADDED: 0,COMMIT_REMOVED: 0,APPROVED: 1,COMMENTED: 0,DECLINED: 0,MERGED: 0,OPENED: 0,RESCOPED: 0,UNAPPROVED: 0,UPDATED: 1,,,

Overall Totals,,,,,,PR_ADDED: 16567,PR_REMOVED: 3296,COMMIT_ADDED: 0,COMMIT_REMOVED: 0,APPROVED: 1,COMMENTED: 0,DECLINED: 0,MERGED: 0,OPENED: 0,RESCOPED: 6,UNAPPROVED: 0,UPDATED: 1,,,
