SPRINT,START_DATE,END_DATE,TICKET,PR_ID,USER,PR_ADDED,PR_REMOVED,COMMIT_ADDED,COMMIT_REMOVED,APPROVED,COMMENTED,DECLINED,MERGED,OPENED,RESCOPED,UNAPPROVED,UPDATED,AUTHOR,COMMENTS,COMMIT_MESSAGES
Q2 2023 - Sprint 2,2023/04/20,2023/05/03,HUB-81337,9157,SSimpson,0,0,0,0,1,0,0,0,0,0,0,0,Bhupendra.Kumar,,
Q2 2023 - Sprint 2,2023/04/20,2023/05/03,HUB-81337,9177,SSimpson,0,0,65,64,1,0,0,0,0,0,0,0,BRehman,,"1. Fix downmerge issue
2. Pull request #9152: Downmerge/2.13.0  Merge in AX/attendee-experience-web from downmerge/2.13.0 to develop  * commit '46b8ee6b7ca784331d457125a830ac981ad12648': (23 commits)    Fix downmerge issue    RELEASING: Releasing 3 package(s)    release/2.13.0: updating appFeature file as a part of release activity    HUB-96602: Set DD RUM defaultPrivacyLevel config value to mask-user-input    PROD-165328: Updated ProfileCardEdit component to match profile picture styles of ProfileCard component    PROD-166009: updated attendee profile route for internal link custom cards    WEBINAR-6104: updating snap    WEBINAR-6104: removing hardcoded sie for indicators    WEBINAR-6104: rebase    WEBINAR-6104: updating snap    WEBINAR-6104: rebase    WEBINAR-6104: updating cwitch version    WEBINAR-6104: Updating variable name and adding inline comment    WEBINAR-6104:Revert CI testing files and PR comment done    WEBINAR-6104:add cwitch snapshot version    WEBINAR-6104:Fixing the small change    WEBINAR-6104:pnpm lock update    WEBINAR-6104:Fix IT Suite    WEBINAR-6104:PR comment incorporated    WEBINAR-6104:PR comment incorporated    ..."
Q2 2023 - Sprint 2,2023/04/20,2023/05/03,HUB-94986,3502,SSimpson,0,0,0,0,1,1,0,1,0,0,0,0,Kailash.Goswami,"1. ```suggestion    it('should get updated enrollment status in session details immediately after toggle enrollment', async () => {  ```",
Q2 2023 - Sprint 2,2023/04/20,2023/05/03,HUB-94986,3506,SSimpson,0,0,6,0,1,0,0,0,0,0,0,0,CEkrut,,"1. Merge branch 'master' of ssh://stash.cvent.net:7999/ax/attendee-experience-data into downmerge/2.8.4
2. Pull request #3491: Downmerge/2.8.4  Merge in AX/attendee-experience-data from downmerge/2.8.4 to develop  * commit '3d9cb762905c11c61a0eb7540ca8052ff42461e0':    RELEASING: Releasing 3 package(s)    PROD-166217: Switch 'AttendeeConnectionsClient' to use nucleus networking and circuit breaker
3. NA-0: Try to fix sonar scans in jenkins
4. Pull request #3494: NA-0: Try to fix sonar scans in jenkins  Merge in AX/attendee-experience-data from misc/sonar to develop  * commit '877e545b96ef76af6d52248606d7e0baa49332ae':    NA-0: Try to fix sonar scans in jenkins
5. Pull request #3492: Downmerge/2.9.0  Merge in AX/attendee-experience-data from downmerge/2.9.0 to develop  * commit '764fbda04a6beac3cbf6c981b36b4611f90d0fb2':    RELEASING: Releasing 3 package(s)    HUB-95429: set pollId to survey.pollId for aggregate cache
6. Pull request #3496: Downmerge/2.9.1  Merge in AX/attendee-experience-data from downmerge/2.9.1 to develop  * commit '65470d32bfffd7761bd4642102eb4027e53f8ae3':    add changeset and comment    RELEASING: Releasing 3 package(s)    PROD-166245: update to only cache when limit=1    PROD-166245: add dynamo caching for SEARCH_ATTENDEE_CONNECTIONS
7. Pull request #3502: HUB-94986 :  disable useInMemoryCacheFirst for enrolledSessions to fix cache issue geting old enrollment status some time  Merge in AX/attendee-experience-data from hub-94986 to develop  * commit 'ce9a4357b1079eb057bd491bfe0411ed2df9c338':    Applied suggestion    HUB-94986 :  disable useInMemoryCacheFirst for enrolledSessions to fix cache issue geting old enrollment status some time"
Q2 2023 - Sprint 2,2023/04/20,2023/05/03,PROD-165057,3469,SSimpson,0,0,0,0,1,1,0,0,0,0,0,0,Navin.Sharma,"1. nit:  ```suggestion      const [speakerTranslationsResources, sessionTranslationResources, speakerBioResults, sessionIds, documents, tags] =  ```",
Q2 2023 - Sprint 2,2023/04/20,2023/05/03,PROD-165057,3486,SSimpson,0,0,0,0,1,0,0,0,0,1,0,0,ABadlia,,"1. Pull request #3477: HUB-95429: set pollId to survey.pollId for aggregate cache  Merge in AX/attendee-experience-data from HUB-95429-release to release/2.9.0  * commit 'af1161b610018bbd39351c81bfdfe3cab7131ec4':    HUB-95429: set pollId to survey.pollId for aggregate cache
2. Merge branch 'master' of ssh://stash.cvent.net:7999/ax/attendee-experience-data into release/2.9.0"
Q2 2023 - Sprint 2,2023/04/20,2023/05/03,PROD-166430,3499,SSimpson,0,0,0,0,1,0,0,0,0,1,0,0,JCurtis,,
Q2 2023 - Sprint 2,2023/04/20,2023/05/03,HUB-84671,1447,SSimpson,0,0,0,0,1,0,0,0,0,0,0,0,Navin.Sharma,,
Q2 2023 - Sprint 2,2023/04/20,2023/05/03,HUB-84671,1452,SSimpson,0,0,0,0,0,0,0,0,0,0,0,0,Navin.Sharma,,
Q2 2023 - Sprint 2,2023/04/20,2023/05/03,HUB-84671,1465,SSimpson,0,0,0,0,0,0,0,0,0,0,0,0,Subratkumar.Sahoo,,
Q2 2023 - Sprint 2,2023/04/20,2023/05/03,HUB-84672,3542,SSimpson,0,0,0,0,0,0,0,0,0,0,0,0,Kailash.Goswami,,
Q2 2023 - Sprint 2,2023/04/20,2023/05/03,HUB-97991,1450,SSimpson,0,0,0,0,1,2,0,0,0,0,0,0,Bhupendra.Kumar,"1. ```suggestion  HUB-97991: Added writing assistant to custom pages description  ```
2. Is this used? Where does this URL come from?",
Q2 2023 - Sprint 2,2023/04/20,2023/05/03,HUB-97991,1463,SSimpson,0,0,0,0,0,0,0,0,0,0,0,0,Bhupendra.Kumar,,
Q2 2023 - Sprint 2,2023/04/20,2023/05/03,HUB-97991,1465,SSimpson,0,0,0,0,0,0,0,0,0,0,0,0,Subratkumar.Sahoo,,
Q2 2023 - Sprint 2,2023/04/20,2023/05/03,HUB-97991,1481,SSimpson,0,0,0,0,0,0,0,0,0,0,0,0,Shea.Sullivan,,
Q2 2023 - Sprint 2,2023/04/20,2023/05/03,HUB-97991,1484,SSimpson,0,0,0,0,0,0,0,0,0,0,0,0,Bhupendra.Kumar,,
Q2 2023 - Sprint 2,2023/04/20,2023/05/03,HUB-97991,1489,SSimpson,58,74,0,0,0,0,0,0,0,0,0,0,SSimpson,,
Q2 2023 - Sprint 2,2023/04/20,2023/05/03,HUB-97991,1495,SSimpson,0,0,0,0,0,0,0,0,0,0,0,0,JMcGough,,
Sprint Totals,,,,,,PR_ADDED: 58,PR_REMOVED: 74,COMMIT_ADDED: 71,COMMIT_REMOVED: 64,APPROVED: 9,COMMENTED: 4,DECLINED: 0,MERGED: 1,OPENED: 0,RESCOPED: 2,UNAPPROVED: 0,UPDATED: 0,,,

Q2 2023 - Sprint 3,2023/05/04,2023/05/17,HUB-84671,1447,SSimpson,0,0,0,0,0,0,0,0,0,0,0,0,Navin.Sharma,,
Q2 2023 - Sprint 3,2023/05/04,2023/05/17,HUB-84671,1452,SSimpson,0,0,0,0,0,0,0,0,0,0,0,0,Navin.Sharma,,
Q2 2023 - Sprint 3,2023/05/04,2023/05/17,HUB-84671,1465,SSimpson,0,0,0,0,1,0,0,0,0,0,0,0,Subratkumar.Sahoo,,
Q2 2023 - Sprint 3,2023/05/04,2023/05/17,HUB-84672,3542,SSimpson,0,0,0,0,0,6,0,0,0,0,0,0,Kailash.Goswami,"1. Why are we wanting to filter collab sessions?
2. Not sure what you mean. How is this different from other on-demand content?
3. Ticket is literally blank. No context, so we have no idea how to review this PR.
4. All work should be associated with a parent ticket...not subtasks.
5. ![Screenshot 2023-05-16 at 10.34.53 AM.png](attachment:19134/21624)
6. Ideally, yes",
Q2 2023 - Sprint 3,2023/05/04,2023/05/17,HUB-85259,9293,SSimpson,0,0,0,0,1,0,0,0,0,0,0,0,Shea.Sullivan,,
Q2 2023 - Sprint 3,2023/05/04,2023/05/17,HUB-87585,9241,SSimpson,0,0,0,0,1,1,0,0,0,0,0,0,ARohilla,1. Be sure to configure your IDE for spacing preferences  ```suggestion        await MyEventPage.notifications.notificationIcon.moveTo();  ```,
Q2 2023 - Sprint 3,2023/05/04,2023/05/17,HUB-87585,9293,SSimpson,0,0,0,0,0,0,0,0,0,0,0,0,Shea.Sullivan,,
Q2 2023 - Sprint 3,2023/05/04,2023/05/17,HUB-91763,9270,SSimpson,0,0,0,0,1,3,0,0,0,0,0,0,Vidul.Kumar,"1. Should we keep the caret?  ```suggestion      ""pubnub"": ""^7.2.0"",  ```
2. ```suggestion    return messages.map(announcement => {  ```
3. Given these changes, should we convert this file to TS while in here?",
Q2 2023 - Sprint 3,2023/05/04,2023/05/17,HUB-91763,9296,SSimpson,0,0,0,0,0,2,0,0,0,0,0,0,GDionne,"1. Unit test?
2. Unit test?",
Q2 2023 - Sprint 3,2023/05/04,2023/05/17,HUB-91763,9354,SSimpson,0,0,0,0,0,0,0,0,0,0,0,0,JMcGough,,
Q2 2023 - Sprint 3,2023/05/04,2023/05/17,HUB-94106,9216,SSimpson,0,0,0,0,1,0,0,0,0,0,0,0,Navin.Sharma,,
Q2 2023 - Sprint 3,2023/05/04,2023/05/17,HUB-94106,9293,SSimpson,0,0,0,0,0,0,0,0,0,0,0,0,Shea.Sullivan,,
Q2 2023 - Sprint 3,2023/05/04,2023/05/17,HUB-97991,1450,SSimpson,0,0,0,0,0,0,0,0,0,0,0,0,Bhupendra.Kumar,,
Q2 2023 - Sprint 3,2023/05/04,2023/05/17,HUB-97991,1463,SSimpson,0,0,0,0,1,0,0,0,0,0,0,0,Bhupendra.Kumar,,
Q2 2023 - Sprint 3,2023/05/04,2023/05/17,HUB-97991,1465,SSimpson,0,0,0,0,0,0,0,0,0,0,0,0,Subratkumar.Sahoo,,
Q2 2023 - Sprint 3,2023/05/04,2023/05/17,HUB-97991,1481,SSimpson,0,0,0,0,1,0,0,0,0,0,0,0,Shea.Sullivan,,1. Pull request #1473: Downmerge/1.101.0  Merge in AX/attendee-experience-builder from downmerge/1.101.0 to develop  * commit '4237c4aa0427a0158185e4b9edaff7a37c9b6c97':    HUB-96417: downmerge release 1.101.0    RELEASING: Releasing 3 package(s)    HUB-96417: added changeset    release/1.101.0: updating appFeature file as a part of release activity
Q2 2023 - Sprint 3,2023/05/04,2023/05/17,HUB-97991,1484,SSimpson,0,0,0,0,1,0,0,0,0,0,0,0,Bhupendra.Kumar,,
Q2 2023 - Sprint 3,2023/05/04,2023/05/17,HUB-97991,1489,SSimpson,58,74,0,0,0,0,0,0,0,0,0,0,SSimpson,,
Q2 2023 - Sprint 3,2023/05/04,2023/05/17,HUB-97991,1495,SSimpson,0,0,0,0,0,0,0,0,0,0,0,0,JMcGough,,
Q2 2023 - Sprint 3,2023/05/04,2023/05/17,HUB-98016,3539,SSimpson,0,0,0,0,1,0,0,0,0,0,0,0,Pratik.Yadav,,
Q2 2023 - Sprint 3,2023/05/04,2023/05/17,HUB-98016,3546,SSimpson,0,0,713,3347,1,0,0,0,0,0,0,0,Shea.Sullivan,,"1. HUB-86800: Consolidate UserSOA calls into a single client class
2. HUB-90404: Address low-hanging fruit warnings and tech debt in 'webcasts' package
3. Pull request #3524: HUB-90404: Address low-hanging fruit warnings and tech debt in 'webcasts' package  Merge in AX/attendee-experience-data from tech-debt/HUB-90404 to tech-debt/HUB-86800  * commit '8a06c8bd6f89034ffcb74d054637f106f4fab2ed':    HUB-90404: Address low-hanging fruit warnings and tech debt in 'webcasts' package
4. Merge branch 'develop' of ssh://stash.cvent.net:7999/ax/attendee-experience-data into tech-debt/HUB-86800
5. HUB-86800: Add some tests to get code coverage above the cutoff
6. Pull request #3523: HUB-86800: Consolidate UserSOA calls into a single client class  Merge in AX/attendee-experience-data from tech-debt/HUB-86800 to develop  * commit 'e7a2c2556b9b3c355d9b9a20471cd6723fd27d8c':    HUB-86800: Add some tests to get code coverage above the cutoff    HUB-90404: Address low-hanging fruit warnings and tech debt in 'webcasts' package    HUB-86800: Consolidate UserSOA calls into a single client class
7. Pull request #3538: downmerge/2.11.0  Merge in AX/attendee-experience-data from downmerge/2.11.0 to develop  * commit '7abe2258745cf7df5a1dfd877537a38a29397b05':    RELEASING: Releasing 3 package(s)
8. HUB-90404: Improve code coverage of 'subscriptionsConfig' and reduce tech debt
9. HUB-90404: Add new global type definition file
10. Pull request #3537: HUB-90404: Improve code coverage of 'subscriptionsConfig' and reduce tech debt  Merge in AX/attendee-experience-data from tech-debt/HUB-90404 to develop  * commit '400f97c78a2794e2aca1afe0a25f5b4a5643ba41':    HUB-90404: Add new global type definition file    HUB-90404: Improve code coverage of 'subscriptionsConfig' and reduce tech debt
11. Revert ""HUB-96931: Explicit imports of jest expect to fix build""  This reverts commit 22ca69e0d7b8eefd648c8e9a4c6cd869f6dbe39d.
12. PROD-167002: Remove unneeded dependencies, revert upgrade to ESM-only 'node-fetch' package in it and adjust tsconfig"
Q2 2023 - Sprint 3,2023/05/04,2023/05/17,HUB-98053,9243,SSimpson,0,0,0,0,1,0,0,0,0,0,0,0,Bhupendra.Kumar,,
Q2 2023 - Sprint 3,2023/05/04,2023/05/17,HUB-98053,9293,SSimpson,0,0,0,0,0,0,0,0,0,0,0,0,Shea.Sullivan,,
Q2 2023 - Sprint 3,2023/05/04,2023/05/17,HUB-98163,1469,SSimpson,0,0,0,0,1,0,0,0,0,0,0,0,Bhupendra.Kumar,,
Q2 2023 - Sprint 3,2023/05/04,2023/05/17,HUB-98163,1475,SSimpson,0,0,0,0,1,0,0,0,0,0,0,0,Bhupendra.Kumar,,
Q2 2023 - Sprint 3,2023/05/04,2023/05/17,HUB-98163,1481,SSimpson,0,0,0,0,0,0,0,0,0,0,0,0,Shea.Sullivan,,
Q2 2023 - Sprint 3,2023/05/04,2023/05/17,HUB-98258,3545,SSimpson,0,0,0,0,1,2,0,0,0,0,0,0,Navin.Sharma,"1. :eye:
2. Should we validate that this is an empty list?",
Q2 2023 - Sprint 3,2023/05/04,2023/05/17,HUB-98258,3554,SSimpson,0,0,0,0,0,0,0,0,0,0,0,0,IArgyle,,
Q2 2023 - Sprint 3,2023/05/04,2023/05/17,HUB-98258,9305,SSimpson,0,0,0,0,1,0,0,0,0,0,0,0,Navin.Sharma,,
Q2 2023 - Sprint 3,2023/05/04,2023/05/17,HUB-98258,9354,SSimpson,0,0,0,0,0,0,0,0,0,0,0,0,JMcGough,,
Q2 2023 - Sprint 3,2023/05/04,2023/05/17,PROD-165205,9219,SSimpson,0,0,0,0,1,0,0,0,0,0,0,0,Subratkumar.Sahoo,,
Q2 2023 - Sprint 3,2023/05/04,2023/05/17,PROD-164120,1486,SSimpson,0,0,0,0,0,0,0,0,0,0,0,0,ARohilla,,
Q2 2023 - Sprint 3,2023/05/04,2023/05/17,PROD-164120,1495,SSimpson,0,0,0,0,0,0,0,0,0,0,0,0,JMcGough,,
Q2 2023 - Sprint 3,2023/05/04,2023/05/17,PROD-164120,9233,SSimpson,0,0,0,0,1,0,0,0,0,0,0,0,ARohilla,,
Sprint Totals,,,,,,PR_ADDED: 58,PR_REMOVED: 74,COMMIT_ADDED: 713,COMMIT_REMOVED: 3347,APPROVED: 17,COMMENTED: 14,DECLINED: 0,MERGED: 0,OPENED: 0,RESCOPED: 0,UNAPPROVED: 0,UPDATED: 0,,,

Q2 2023 - Sprint 4,2023/05/18,2023/05/31,HUB-39923,9409,SSimpson,0,0,0,0,1,0,0,0,0,0,0,0,TCox,,
Q2 2023 - Sprint 4,2023/05/18,2023/05/31,HUB-89140,9409,SSimpson,0,0,0,0,0,0,0,0,0,0,0,0,TCox,,
Q2 2023 - Sprint 4,2023/05/18,2023/05/31,HUB-93102,1504,SSimpson,0,0,0,0,1,0,0,0,0,0,0,0,Navin.Sharma,,
Q2 2023 - Sprint 4,2023/05/18,2023/05/31,HUB-93102,1518,SSimpson,0,0,0,0,0,0,0,0,0,0,0,0,ATawfik,,
Q2 2023 - Sprint 4,2023/05/18,2023/05/31,HUB-93102,9403,SSimpson,0,0,0,0,1,0,0,0,0,0,0,0,Navin.Sharma,,
Q2 2023 - Sprint 4,2023/05/18,2023/05/31,HUB-93102,9448,SSimpson,0,0,0,0,0,0,0,0,0,0,0,0,ATawfik,,
Q2 2023 - Sprint 4,2023/05/18,2023/05/31,HUB-94412,1496,SSimpson,0,0,0,0,1,0,0,0,0,0,0,0,Navin.Sharma,,
Q2 2023 - Sprint 4,2023/05/18,2023/05/31,HUB-94412,1508,SSimpson,0,0,0,0,1,0,0,0,0,0,0,0,TCox,,
Q2 2023 - Sprint 4,2023/05/18,2023/05/31,HUB-95866,9406,SSimpson,0,0,0,0,1,0,0,0,0,0,0,0,Pratik.Yadav,,
Q2 2023 - Sprint 4,2023/05/18,2023/05/31,HUB-95866,9448,SSimpson,0,0,0,0,0,0,0,0,0,0,0,0,ATawfik,,
Q2 2023 - Sprint 4,2023/05/18,2023/05/31,HUB-97864,1488,SSimpson,0,0,0,0,1,0,0,0,0,0,0,0,Navin.Sharma,,
Q2 2023 - Sprint 4,2023/05/18,2023/05/31,HUB-97864,1495,SSimpson,0,0,0,0,1,0,0,0,0,0,0,0,JMcGough,,"1. Merge branch 'master' of ssh://stash.cvent.net:7999/ax/attendee-experience-builder into downmerge/master
2. Pull request #1489: Downmerge/master  Merge in AX/attendee-experience-builder from downmerge/master to develop  * commit 'b1329619f0361dd4fde5fd7900374e9263c2e61c':    RELEASING: Releasing 3 package(s)    HUB-97991: Upgrade the version for writing assistant to 0.1.17    HUB-97991: Upgrade the version for writing assistant to 0.1.16"
Q2 2023 - Sprint 4,2023/05/18,2023/05/31,HUB-98327,1487,SSimpson,0,0,0,0,1,1,0,0,0,0,0,0,Pratik.Yadav,"1. ```suggestion        'deletes the onDemand quick link and check existence on page',  ```",
Q2 2023 - Sprint 4,2023/05/18,2023/05/31,HUB-98327,1495,SSimpson,0,0,0,0,0,0,0,0,0,0,0,0,JMcGough,,
Q2 2023 - Sprint 4,2023/05/18,2023/05/31,PROD-164120,1486,SSimpson,0,0,0,0,1,0,0,0,0,0,0,0,ARohilla,,
Q2 2023 - Sprint 4,2023/05/18,2023/05/31,PROD-164120,1495,SSimpson,0,0,0,0,0,0,0,0,0,0,0,0,JMcGough,,
Q2 2023 - Sprint 4,2023/05/18,2023/05/31,PROD-164120,9233,SSimpson,0,0,0,0,0,0,0,0,0,0,0,0,ARohilla,,
Q2 2023 - Sprint 4,2023/05/18,2023/05/31,HUB-74531,9397,SSimpson,0,0,0,0,1,0,0,0,0,0,0,0,Pratik.Yadav,,
Q2 2023 - Sprint 4,2023/05/18,2023/05/31,HUB-74531,9448,SSimpson,0,0,0,0,0,0,0,0,0,0,0,0,ATawfik,,
Q2 2023 - Sprint 4,2023/05/18,2023/05/31,HUB-74533,9409,SSimpson,0,0,0,0,0,0,0,0,0,0,0,0,TCox,,
Q2 2023 - Sprint 4,2023/05/18,2023/05/31,HUB-99072,3558,SSimpson,0,0,0,0,0,1,0,0,0,0,0,0,Vidul.Kumar,"1. Thanks for breaking this out. What is the code coverage? Should we add dedicated unit test suite now; or, move existing tests around?",
Q2 2023 - Sprint 4,2023/05/18,2023/05/31,HUB-99072,3566,SSimpson,0,0,0,0,1,0,0,0,0,0,0,0,TCox,,
Q2 2023 - Sprint 4,2023/05/18,2023/05/31,HUB-99508,9390,SSimpson,0,0,0,0,1,0,0,0,0,0,0,0,Vidul.Kumar,,
Q2 2023 - Sprint 4,2023/05/18,2023/05/31,HUB-99508,9448,SSimpson,0,0,0,0,0,0,0,0,0,0,0,0,ATawfik,,
Sprint Totals,,,,,,PR_ADDED: 0,PR_REMOVED: 0,COMMIT_ADDED: 0,COMMIT_REMOVED: 0,APPROVED: 13,COMMENTED: 2,DECLINED: 0,MERGED: 0,OPENED: 0,RESCOPED: 0,UNAPPROVED: 0,UPDATED: 0,,,

Q2 2023 - Sprint 5,2023/06/01,2023/06/14,HUB-74531,9397,SSimpson,0,0,0,0,0,0,0,0,0,0,0,0,Pratik.Yadav,,
Q2 2023 - Sprint 5,2023/06/01,2023/06/14,HUB-74531,9448,SSimpson,0,0,0,0,1,0,0,0,0,0,0,0,ATawfik,,1. Pull request #9422: Downmerge/2.18.0  Merge in AX/attendee-experience-web from downmerge/2.18.0 to develop  * commit '60ae3de39ead34ed14af46fd8cfbd57e075da93b':    NA-0: Updating legacy channel names    RELEASING: Releasing 3 package(s)    WEBINAR-9517: update session chat read only feature version
Q2 2023 - Sprint 5,2023/06/01,2023/06/14,HUB-74533,9409,SSimpson,0,0,0,0,0,0,0,0,0,0,0,0,TCox,,
Q2 2023 - Sprint 5,2023/06/01,2023/06/14,HUB-97982,9483,SSimpson,0,0,0,0,1,1,0,0,0,0,0,0,Navin.Sharma,1. Has UX reviewed and approved this behavior?,
Q2 2023 - Sprint 5,2023/06/01,2023/06/14,HUB-97982,9507,SSimpson,0,0,0,0,1,0,0,0,0,0,0,0,GStarr,,
Q2 2023 - Sprint 5,2023/06/01,2023/06/14,HUB-99072,3558,SSimpson,0,0,0,0,0,0,0,0,0,0,0,0,Vidul.Kumar,,
Q2 2023 - Sprint 5,2023/06/01,2023/06/14,HUB-99072,3566,SSimpson,0,0,0,0,0,0,0,0,0,0,0,0,TCox,,
Q2 2023 - Sprint 5,2023/06/01,2023/06/14,HUB-99508,9390,SSimpson,0,0,0,0,0,0,0,0,0,0,0,0,Vidul.Kumar,,
Q2 2023 - Sprint 5,2023/06/01,2023/06/14,HUB-99508,9448,SSimpson,0,0,0,0,0,0,0,0,0,0,0,0,ATawfik,,
Q2 2023 - Sprint 5,2023/06/01,2023/06/14,HUB-102406,9500,SSimpson,0,0,0,0,1,0,0,0,0,0,0,0,Navin.Sharma,,
Q2 2023 - Sprint 5,2023/06/01,2023/06/14,HUB-102406,9507,SSimpson,0,0,0,0,0,0,0,0,0,0,0,0,GStarr,,
Q2 2023 - Sprint 5,2023/06/01,2023/06/14,PROD-167883,1520,SSimpson,0,0,0,0,1,0,0,0,0,0,0,0,Bhupendra.Kumar,,
Q2 2023 - Sprint 5,2023/06/01,2023/06/14,PROD-167883,1531,SSimpson,0,0,0,0,1,0,0,0,0,0,0,0,GStarr,,
Q2 2023 - Sprint 5,2023/06/01,2023/06/14,PROD-167883,3583,SSimpson,0,0,0,0,1,1,0,0,0,0,0,0,Bhupendra.Kumar,1. Confirm that this is planner-facing,
Q2 2023 - Sprint 5,2023/06/01,2023/06/14,PROD-167883,3593,SSimpson,0,0,537,253,1,0,0,0,0,0,0,0,GStarr,,"1. HUB-84900: Eliminate discrete session documents cache, break out code and reduce tech debt
2. Pull request #3574: HUB-84900: Eliminate discrete session documents cache, break out code and reduce tech debt  Merge in AX/attendee-experience-data from feature/HUB-84900 to develop  * commit 'ae231ead02a257a7942328aa2fb164780b618b26':    HUB-84900: Eliminate discrete session documents cache, break out code and reduce tech debt
3. Merge branch 'master' of ssh://stash.cvent.net:7999/ax/attendee-experience-data into downmerge/master
4. Pull request #3581: Downmerge/master  Merge in AX/attendee-experience-data from downmerge/master to develop  * commit '1c6567194b562448840d918408cfe40f7ccdeaa4':    RELEASING: Releasing 3 package(s)    Revert ""Pull request #3564: HUB-100663 : Added timeframes to myAgenda query when apppointments are disabled"""
Q2 2023 - Sprint 5,2023/06/01,2023/06/14,HUB-101324,9520,SSimpson,0,0,0,0,0,0,0,0,0,0,0,0,Bhupendra.Kumar,,
Q2 2023 - Sprint 5,2023/06/01,2023/06/14,HUB-101324,9551,SSimpson,0,0,0,0,0,0,0,0,0,0,0,0,MGangani,,
Q2 2023 - Sprint 5,2023/06/01,2023/06/14,HUB-101324,9577,SSimpson,0,0,0,0,0,0,0,0,0,0,0,0,Bhupendra.Kumar,,
Q2 2023 - Sprint 5,2023/06/01,2023/06/14,HUB-101324,9618,SSimpson,5593,4407,0,0,0,0,0,0,0,0,0,0,SSimpson,,
Q2 2023 - Sprint 5,2023/06/01,2023/06/14,HUB-101324,9611,SSimpson,0,0,0,0,0,0,0,0,0,0,0,0,MQian,,
Q2 2023 - Sprint 5,2023/06/01,2023/06/14,HUB-101324,9617,SSimpson,5598,4402,0,0,0,0,0,0,0,0,0,0,SSimpson,,
Sprint Totals,,,,,,PR_ADDED: 11191,PR_REMOVED: 8809,COMMIT_ADDED: 537,COMMIT_REMOVED: 253,APPROVED: 8,COMMENTED: 2,DECLINED: 0,MERGED: 0,OPENED: 0,RESCOPED: 0,UNAPPROVED: 0,UPDATED: 0,,,

Q2 2023 - Sprint 6,2023/06/15,2023/06/28,HUB-92821,9551,SSimpson,0,0,0,0,1,0,0,1,0,0,0,0,MGangani,,
Q2 2023 - Sprint 6,2023/06/15,2023/06/28,HUB-99210,3635,SSimpson,1476,337,43,164,0,1,0,0,1,0,0,0,SSimpson,1. @HKurniadi has a release blocker to fix this...creating a task,"1. NA-0: Adjust approach for verifying 'getAttendees' query is working properly
2. Pull request #3627: HUB-86111: Addendum to merged PR to fix broken IT  Merge in AX/attendee-experience-data from HUB-86111-fix-broken-it to develop  * commit 'a2834e1bb12750300773d16a34ecec04be64b426':    NA-0: Adjust approach for verifying 'getAttendees' query is working properly    HUB-86111: HUB-86111: Addendum to merged PR to fix broken IT
3. HUB-90404: Remove unused integration with 'universal-contacts' service
4. NA-0: Adjust approach for verifying 'getAttendees' query is working properly
5. Revert ""NA-0: Adjust approach for verifying 'getAttendees' query is working properly""  This reverts commit b0ecabf5ca1e58e54137a0c81ddc53c74b9174a1.
6. Merge branch 'develop' of ssh://stash.cvent.net:7999/ax/attendee-experience-data into cleanup/HUB-90404
7. Pull request #3626: HUB-90404: Remove unused integration with 'universal-contacts' service  Merge in AX/attendee-experience-data from cleanup/HUB-90404 to develop  * commit 'ffc3e473559350ca88c398f1e7db48010bafc4f1':    Revert ""NA-0: Adjust approach for verifying 'getAttendees' query is working properly""    NA-0: Adjust approach for verifying 'getAttendees' query is working properly    HUB-90404: Remove unused integration with 'universal-contacts' service
8. NA-0: No longer need to pass '--' with pnpm v7
9. Pull request #3629: NA-0: No longer need to pass '--' with pnpm v7  Merge in AX/attendee-experience-data from misc/documentation to develop  * commit '2a9cd5c0ca1080e68039f8ab08fdb7a9987a3287':    NA-0: No longer need to pass '--' with pnpm v7
10. Applied suggestion
11. Pull request #3630: Downmerge/2.17.0  Merge in AX/attendee-experience-data from downmerge/2.17.0 to develop  * commit '5d841048d5027edadfe6828bf1d91d3a06833ae8':    Applied suggestion    RELEASING: Releasing 3 package(s)    HUB-104490: Updated changeset for it changes.    HUB-104490: Added changes to unblock failing IT tests.    HUB-104490: Passed account token to UVS On Demand Catalog API calls.    HUB-104073: Updated On Demand Catalog endpoints for backend service caching."
Q2 2023 - Sprint 6,2023/06/15,2023/06/28,HUB-99210,3633,SSimpson,0,0,548,554,0,3,1,0,0,0,0,0,MQian,"1. @HKurniadi has a fix for this change. https://stash.cvent.net/projects/AX/repos/attendee-experience-data/pull-requests/3631/overview
2. Given we didn't wait on downmerge, you'll want to downmerge `master` in to this branch, which should resolve these conflicts. When that's complete, I'll come back to review
3. We are going to need to re-do the release branch","1. HUB-90404: Reduce tech-debt in exhibitors package
2. Merge branch 'develop' of ssh://stash.cvent.net:7999/ax/attendee-experience-data into tech-debt/HUB-90404
3. Merge branch 'develop' of ssh://stash.cvent.net:7999/ax/attendee-experience-data into tech-debt/HUB-90404
4. Pull request #3604: HUB-90404: Reduce tech-debt in exhibitors package  Merge in AX/attendee-experience-data from tech-debt/HUB-90404 to develop  * commit '2edbd1c8e60770d44f1c59055aebf84d25f663b8':    HUB-90404: Reduce tech-debt in exhibitors package"
Q2 2023 - Sprint 6,2023/06/15,2023/06/28,HUB-101324,9520,SSimpson,0,0,0,0,0,0,0,0,0,0,0,0,Bhupendra.Kumar,,
Q2 2023 - Sprint 6,2023/06/15,2023/06/28,HUB-101324,9551,SSimpson,0,0,0,0,0,0,0,0,0,0,0,0,MGangani,,
Q2 2023 - Sprint 6,2023/06/15,2023/06/28,HUB-101324,9577,SSimpson,0,0,0,0,1,0,0,0,0,0,0,0,Bhupendra.Kumar,,
Q2 2023 - Sprint 6,2023/06/15,2023/06/28,HUB-101324,9618,SSimpson,5593,4407,28,7,0,1,0,0,1,1,0,0,SSimpson,1. Intentional?,"1. Merge branch 'master' of ssh://stash.cvent.net:7999/ax/attendee-experience-web into release/2.21.0
2. NA-0: Prepare for release
3. WEBINAR-8963: update cwitch for video icon fix
4. NA-0: Rev 'minor' version number for all packages"
Q2 2023 - Sprint 6,2023/06/15,2023/06/28,HUB-101324,9611,SSimpson,0,0,0,0,0,4,1,0,0,0,0,0,MQian,"1. This doesn't look correct to me. How did you create this branch? Given you didn't wait on downmerge, you might want to try downmerging `master` into this branch
2. What does ""checked out from the downmerge branch"" mean? The branch should be created from `develop` ...the steps are in the deployment checklists
3. Yeah, this isn't correct. I'd recommend to start over and follow the directions in the checklist
4. Discussed with Mark...we are going to need to start this again.",
Q2 2023 - Sprint 6,2023/06/15,2023/06/28,HUB-101324,9617,SSimpson,5598,4402,0,0,0,1,1,0,1,2,0,0,SSimpson,"1. Crap, wrong version...",
Q2 2023 - Sprint 6,2023/06/15,2023/06/28,HUB-103100,1560,SSimpson,0,0,0,0,1,0,0,1,0,0,0,0,MGangani,,
Q2 2023 - Sprint 6,2023/06/15,2023/06/28,HUB-103100,1579,SSimpson,0,0,0,0,0,0,0,0,0,0,0,0,SCahail,,"1. Pull request #1560: Release/1.107.0  Merge in AX/attendee-experience-builder from release/1.107.0 to master  * commit 'ffab45f6180d00203e82d9bbdc682a33ad93d9b0': (70 commits)    add changeset, remove commented code    fixed eventAppPageHeaderColor data issues    fixed new theming tests to always run    reworking eventAppPageHeaderColor    HUB-103100: Release on demand feature    HUB-96419: Add changeset    updated snapshots for URL change    updated url to show theme instead of moodTheme    updated test snapshots    quick e2e fixes    changeset    changed routes and testing for release    HUB-83665: Fix banner preview toggle and e2e    removed storybook static    changeset    some fixes to spacing and SVG color pulling logic    SVG fixes    HUB-103600: Add unit test    added more top preview button padding    work on fixing preview button spacing    ..."
Q2 2023 - Sprint 6,2023/06/15,2023/06/28,HUB-103238,3622,SSimpson,0,0,0,0,1,0,0,0,0,0,0,0,Navin.Sharma,,
Q2 2023 - Sprint 6,2023/06/15,2023/06/28,HUB-103238,3635,SSimpson,1476,337,0,0,0,0,0,0,0,0,0,0,SSimpson,,
Q2 2023 - Sprint 6,2023/06/15,2023/06/28,HUB-103238,3633,SSimpson,0,0,0,0,0,0,0,0,0,0,0,0,MQian,,
Q2 2023 - Sprint 6,2023/06/15,2023/06/28,HUB-100051,1596,SSimpson,0,0,0,0,0,0,0,0,0,0,0,0,Navin.Sharma,,
Q2 2023 - Sprint 6,2023/06/15,2023/06/28,HUB-101080,9607,SSimpson,0,0,0,0,1,0,0,0,0,0,0,0,Suraj.Verma,,
Q2 2023 - Sprint 6,2023/06/15,2023/06/28,HUB-101080,9592,SSimpson,0,0,0,0,1,1,0,0,0,0,0,0,Suraj.Verma,"1. Properly format the ticket, so it's linked automatically. Plus, be more explicit in your commit messages and changesets, so others have more context by looking at the messages.  ```suggestion  HUB-101080: Migrate notification clicked/delivered/read analytics to cdp  ```",
Q2 2023 - Sprint 6,2023/06/15,2023/06/28,PROD-169805,9639,SSimpson,0,0,0,0,0,0,0,0,0,0,0,0,Vidul.Kumar,,
Sprint Totals,,,,,,PR_ADDED: 14143,PR_REMOVED: 9483,COMMIT_ADDED: 619,COMMIT_REMOVED: 725,APPROVED: 6,COMMENTED: 11,DECLINED: 3,MERGED: 2,OPENED: 3,RESCOPED: 3,UNAPPROVED: 0,UPDATED: 0,,,

Overall Totals,,,,,,PR_ADDED: 25450,PR_REMOVED: 18440,COMMIT_ADDED: 1940,COMMIT_REMOVED: 4389,APPROVED: 53,COMMENTED: 33,DECLINED: 3,MERGED: 3,OPENED: 3,RESCOPED: 5,UNAPPROVED: 0,UPDATED: 0,,,
