SPRINT,START_DATE,END_DATE,TICKET,PR_ID,USER,PR_ADDED,PR_REMOVED,COMMIT_ADDED,COMMIT_REMOVED,APPROVED,COMMENTED,DECLINED,MERGED,OPENED,RESCOPED,UNAPPROVED,UPDATED,AUTHOR,COMMENTS,COMMIT_MESSAGES
Snx-Haaldersbroekerdwarsstraat,2023/04/13,2023/04/26,HUB-89725,9139,MMenpadi,0,0,7,1,0,0,0,0,0,0,0,0,ABadlia,,1. PROD-166009: updated attendee profile route for internal link custom cards
Snx-Haaldersbroekerdwarsstraat,2023/04/13,2023/04/26,HUB-89725,9131,MMenpadi,480,140,9,2,0,1,1,0,1,0,0,0,MMenpadi,1. Declining this PR as some changes from develop is also pulled :robot:,1. PROD-166009: updated attendee profile route for internal link custom cards
Sprint Totals,,,,,,PR_ADDED: 480,PR_REMOVED: 140,COMMIT_ADDED: 16,COMMIT_REMOVED: 3,APPROVED: 0,COMMENTED: 1,DECLINED: 1,MERGED: 0,OPENED: 1,RESCOPED: 0,UNAPPROVED: 0,UPDATED: 0,,,

Overall Totals,,,,,,PR_ADDED: 480,PR_REMOVED: 140,COMMIT_ADDED: 16,COMMIT_REMOVED: 3,APPROVED: 0,COMMENTED: 1,DECLINED: 1,MERGED: 0,OPENED: 1,RESCOPED: 0,UNAPPROVED: 0,UPDATED: 0,,,
