SPRINT,START_DATE,END_DATE,TICKET,PR_ID,USER,PR_ADDED,PR_REMOVED,COMMIT_ADDED,COMMIT_REMOVED,APPROVED,COMMENTED,DECLINED,MERGED,OPENED,RESCOPED,UNAPPROVED,UPDATED,AUTHOR,COMMENTS,COMMIT_MESSAGES
Q2 2023 - Sprint 2,2023/04/20,2023/05/03,PROD-165670,148210,SMahale,0,0,0,0,0,0,0,0,0,0,0,0,Vinodkumar.Yadav,,"1. Pull request #148502: Prod  Merge in CVT/c4 from prod to prod-159561  * commit '44eca31b0e76d1a77024b68bbba5c3ee1859f62d': (315 commits)    planner phrase updates    PROD-165671: Reverting bad commit    PROD-165671: Resolving conflicts    added DELETED_FILE_AUDIT to LU_DATA_ARCHIVE_EXEMPTED_TABLE_LIST    reverting PROD-165547 from ccid-2540 Revert ""Pull request #148316: FLEX-88029:Retention policy""    PROD-165821: Update brand name and add a new brand    PROD-165696: Consolidate Cvent.Extensions on 4.0.3-PROD    PROD-165670: phrase pull    HUB-94227: adjust warning icon style    HUB-92840: add try catch statement in getNotifications  method    HUB-94227: add new lines and break longer lines and add test ids    HUB-94277: remove unecessary change and add condition for empty text in segment grid    HUB-94227: add impacted notifications popup    HUB-92840: remove redundant method param and rename segmentsMap    HUB-92840: HUB-92906: add link to flash warning and flash warning on noitifications grid page for impacted notificaions.    HUB-92842: put count in else condition    HUB-92842: add count of attendee segment in warning message    CINT-24410: Phrase pull    PROD-165779: Add new TVPs tmpAirReservationActualAudit_v1 and tmpAirReservationActualDetailAudit_v1    Fix from Suyash related to duplicate questions in cvent standard questions folder    ..."
Q2 2023 - Sprint 2,2023/04/20,2023/05/03,PROD-165670,148437,SMahale,4480,1889,0,0,0,0,0,1,1,0,0,0,SMahale,,
Q2 2023 - Sprint 2,2023/04/20,2023/05/03,PROD-165670,148438,SMahale,0,0,0,0,1,0,0,0,0,0,0,1,ASuthar,,
Q2 2023 - Sprint 2,2023/04/20,2023/05/03,PROD-165670,148486,SMahale,0,0,0,0,0,0,0,0,1,0,0,0,SMahale,,
Q2 2023 - Sprint 2,2023/04/20,2023/05/03,PROD-165670,148494,SMahale,0,0,0,0,1,0,0,0,0,0,0,1,SSao,,
Q2 2023 - Sprint 2,2023/04/20,2023/05/03,PROD-165670,148502,SMahale,8084,1916,0,0,0,0,0,1,1,0,0,0,SMahale,,
Q2 2023 - Sprint 2,2023/04/20,2023/05/03,PROD-165670,148608,SMahale,0,0,0,0,0,0,0,0,0,0,0,0,SBandekar,,1. Merge branch 'ccid-2545' of ssh://stash.cvent.net:7999/cvt/c4 into prod-164365  Conflicts:  	VSProjects/Cvent.Subscribers.Admin/Cvent.Subscribers.Admin/Resources/AdminStrings.resx
Q2 2023 - Sprint 2,2023/04/20,2023/05/03,PROD-165670,149115,SMahale,8439,1561,0,0,0,0,0,0,0,0,0,0,SMahale,,
Q2 2023 - Sprint 2,2023/04/20,2023/05/03,PROD-165670,148243,SMahale,8437,1563,0,0,0,0,0,0,0,0,0,0,SMahale,,
Q2 2023 - Sprint 2,2023/04/20,2023/05/03,PROD-165670,148385,SMahale,6248,1034,0,0,0,0,0,0,1,1,0,0,SMahale,,
Q2 2023 - Sprint 2,2023/04/20,2023/05/03,HUB-97991,149020,SMahale,0,0,0,0,0,0,0,0,0,0,0,0,SSao,,
Q2 2023 - Sprint 2,2023/04/20,2023/05/03,HUB-97991,149073,SMahale,2412,1445,0,0,0,0,0,0,0,0,0,0,SMahale,,
Q2 2023 - Sprint 2,2023/04/20,2023/05/03,HUB-97991,149115,SMahale,8439,1561,0,0,0,0,0,0,0,0,0,0,SMahale,,
Q2 2023 - Sprint 2,2023/04/20,2023/05/03,HUB-97991,149181,SMahale,0,0,0,0,0,0,0,0,0,0,0,0,SSao,,
Q2 2023 - Sprint 2,2023/04/20,2023/05/03,HUB-97991,148243,SMahale,8437,1563,0,0,0,0,0,0,0,0,0,0,SMahale,,
Sprint Totals,,,,,,PR_ADDED: 54976,PR_REMOVED: 12532,COMMIT_ADDED: 0,COMMIT_REMOVED: 0,APPROVED: 2,COMMENTED: 0,DECLINED: 0,MERGED: 2,OPENED: 4,RESCOPED: 1,UNAPPROVED: 0,UPDATED: 2,,,

Q2 2023 - Sprint 3,2023/05/04,2023/05/17,HUB-97991,149020,SMahale,0,0,0,0,1,0,0,0,0,0,0,1,SSao,,
Q2 2023 - Sprint 3,2023/05/04,2023/05/17,HUB-97991,149073,SMahale,2412,1445,0,0,0,0,0,1,1,0,0,0,SMahale,,
Q2 2023 - Sprint 3,2023/05/04,2023/05/17,HUB-97991,149115,SMahale,8439,1561,0,0,0,0,0,1,1,0,0,0,SMahale,,
Q2 2023 - Sprint 3,2023/05/04,2023/05/17,HUB-97991,149181,SMahale,0,0,0,0,1,0,0,0,0,0,0,1,SSao,,
Q2 2023 - Sprint 3,2023/05/04,2023/05/17,HUB-97991,148243,SMahale,8437,1563,0,0,0,0,0,0,0,1,0,0,SMahale,,"1. Pull request #149115: Prod  Merge in CVT/c4 from prod to prod-165500  * commit '5e91764e795243bd5cdf4377b69ef93b1ee15753': (730 commits)    commit for PROD-167315 reverting commit of PROD-166596 Revert ""Pull request #148974: Prod 166596""    Reverting PROD-166891 from ccid-2556    PROD-166983: default close date removed    PROD-166983: latest resx pull    PROD-166720: removed from ccid-2556 Revert ""Pull request #148954: PROD-166720: Disable off option for onarrival badge designer""    PROD-166720: Update phrase keys.    package update by jenkins for Com.Cvent.EventRegistration.Client 10.230504.175149    HUB-97777: Fix configTransform    stud-4601: resolving comments    PROD-161760 : Improved join statement    FLEX-88458 % FLEX-86745: Secret api should be visible if e-commerce is set true    PROD-161760 : Resolved PR Comment    optimization    PROD-166581: duplicate entry removed    PROD-166581: latest resx pull    stud-4601: replacing files location    PROD-166752: Integrate webinars downgrade for free tier admin user notify endpoint    reverting PROD-148017 from ccid-2553 Revert ""Pull request #148857: [PROD:148017] : Update the changes for Event Questions Tag""    limit Db query    PROD-166293: Release of Logging of History tables    ..."
Sprint Totals,,,,,,PR_ADDED: 19288,PR_REMOVED: 4569,COMMIT_ADDED: 0,COMMIT_REMOVED: 0,APPROVED: 2,COMMENTED: 0,DECLINED: 0,MERGED: 2,OPENED: 2,RESCOPED: 1,UNAPPROVED: 0,UPDATED: 2,,,

Q2 2023 - Sprint 5,2023/06/01,2023/06/14,PROD-168082,149732,SMahale,0,0,1,1,0,0,0,0,0,0,0,0,SSao,,1. PROD-168220 | Not able to Import session custom fields with commas for multiple choice
Q2 2023 - Sprint 5,2023/06/01,2023/06/14,PROD-168082,150499,SMahale,0,0,0,0,0,0,0,0,0,0,0,0,Dhruti.Shah,,
Q2 2023 - Sprint 5,2023/06/01,2023/06/14,PROD-168082,150552,SMahale,0,0,0,0,0,0,0,0,0,0,0,0,VGadhiya,,
Q2 2023 - Sprint 5,2023/06/01,2023/06/14,PROD-168082,150584,SMahale,0,0,0,0,0,0,0,0,0,0,0,0,SSao,,
Q2 2023 - Sprint 5,2023/06/01,2023/06/14,PROD-168082,150666,SMahale,0,0,0,0,0,0,0,0,0,0,0,0,SSao,,
Sprint Totals,,,,,,PR_ADDED: 0,PR_REMOVED: 0,COMMIT_ADDED: 1,COMMIT_REMOVED: 1,APPROVED: 0,COMMENTED: 0,DECLINED: 0,MERGED: 0,OPENED: 0,RESCOPED: 0,UNAPPROVED: 0,UPDATED: 0,,,

Overall Totals,,,,,,PR_ADDED: 74264,PR_REMOVED: 17101,COMMIT_ADDED: 1,COMMIT_REMOVED: 1,APPROVED: 4,COMMENTED: 0,DECLINED: 0,MERGED: 4,OPENED: 6,RESCOPED: 2,UNAPPROVED: 0,UPDATED: 4,,,
