SPRINT,START_DATE,END_DATE,TICKET,PR_ID,USER,PR_ADDED,PR_REMOVED,COMMIT_ADDED,COMMIT_REMOVED,APPROVED,COMMENTED,DECLINED,MERGED,OPENED,RESCOPED,UNAPPROVED,UPDATED,AUTHOR,COMMENTS,COMMIT_MESSAGES
Krypto Q2 23' S5(9w 2d),2023/06/01,2023/06/14,HUB-101134,150308,Himanshu.Gupta,8623,1377,0,0,0,0,0,1,1,0,0,0,Himanshu.Gupta,,
Krypto Q2 23' S5(9w 2d),2023/06/01,2023/06/14,HUB-101134,150327,Himanshu.Gupta,0,0,0,0,0,0,0,0,0,0,0,0,Vivek.Kumar,,"1. Merge branch 'ccid-2592' of ssh://stash:7999/cvt/c4 into prod-169012
2. Merge branch 'prod' of ssh://stash:7999/cvt/c4 into prod-167284.1-copy"
Krypto Q2 23' S5(9w 2d),2023/06/01,2023/06/14,HUB-101134,150473,Himanshu.Gupta,0,0,1368,965,0,0,0,0,0,0,0,0,APrajapati,,"1. prod-169012 changes to fix subscriber admin build issue
2. prod-169012 changes to fix dashboards build issue
3. Merge branch 'prod' of ssh://stash:7999/cvt/c4 into prod-169012
4. Revert ""Merge branch 'ccid-2592' of ssh://stash:7999/cvt/c4 into prod-169012""  This reverts commit 1697f8fd6feed22efe795f16f643d92adbddc634, reversing  changes made to 1facc3f386e90d73f1978db96a8fe2322b51a4a0.
5. Revert ""PROD-169012: Removed from CCID-2592 Revert ""Pull request #150271: Prod 169012""""  This reverts commit 356adc667ac521c69afda58284ac5030bcbc0a5d.
6. Revert ""Revert ""Merge branch 'ccid-2592' of ssh://stash:7999/cvt/c4 into prod-169012""""  This reverts commit aa4211b8b134ce94b5b468d94df0f5bbfe6cc891.
7. PROD-169012: Updates on LU scripts for embedded_cvent_studio_flag"
Sprint Totals,,,,,,PR_ADDED: 8623,PR_REMOVED: 1377,COMMIT_ADDED: 1368,COMMIT_REMOVED: 965,APPROVED: 0,COMMENTED: 0,DECLINED: 0,MERGED: 1,OPENED: 1,RESCOPED: 0,UNAPPROVED: 0,UPDATED: 0,,,

Overall Totals,,,,,,PR_ADDED: 8623,PR_REMOVED: 1377,COMMIT_ADDED: 1368,COMMIT_REMOVED: 965,APPROVED: 0,COMMENTED: 0,DECLINED: 0,MERGED: 1,OPENED: 1,RESCOPED: 0,UNAPPROVED: 0,UPDATED: 0,,,
