SPRINT,START_DATE,END_DATE,TICKET,PR_ID,USER,PR_ADDED,PR_REMOVED,COMMIT_ADDED,COMMIT_REMOVED,APPROVED,COMMENTED,DECLINED,MERGED,OPENED,RESCOPED,UNAPPROVED,UPDATED,AUTHOR,COMMENTS,COMMIT_MESSAGES
PP-Ho Hos,2023/04/18,2023/05/02,HUB-94623,22454,MDesai,6315,1549,0,0,0,0,0,0,0,0,0,0,MDesai,,
Sprint Totals,,,,,,PR_ADDED: 6315,PR_REMOVED: 1549,COMMIT_ADDED: 0,COMMIT_REMOVED: 0,APPROVED: 0,COMMENTED: 0,DECLINED: 0,MERGED: 0,OPENED: 0,RESCOPED: 0,UNAPPROVED: 0,UPDATED: 0,,,

PP-Idli,2023/05/02,2023/05/16,HUB-94623,22454,MDesai,6315,1549,0,0,0,0,0,0,0,0,0,0,MDesai,,
Sprint Totals,,,,,,PR_ADDED: 6315,PR_REMOVED: 1549,COMMIT_ADDED: 0,COMMIT_REMOVED: 0,APPROVED: 0,COMMENTED: 0,DECLINED: 0,MERGED: 0,OPENED: 0,RESCOPED: 0,UNAPPROVED: 0,UPDATED: 0,,,

PP-Jalapeno Poppers,2023/05/16,2023/05/30,HUB-94186,22483,MDesai,4696,2667,0,0,0,0,0,0,1,0,0,0,MDesai,,
PP-Jalapeno Poppers,2023/05/16,2023/05/30,HUB-94623,22454,MDesai,6315,1549,20,20,0,0,0,1,1,0,0,0,MDesai,,"1. CTEQ-59841 Adding tags to OT scripts
2. CTEQ-59841"
Sprint Totals,,,,,,PR_ADDED: 11011,PR_REMOVED: 4216,COMMIT_ADDED: 20,COMMIT_REMOVED: 20,APPROVED: 0,COMMENTED: 0,DECLINED: 0,MERGED: 1,OPENED: 2,RESCOPED: 0,UNAPPROVED: 0,UPDATED: 0,,,

PP-Kit Kat(05/30-06/13),2023/05/30,2023/06/13,HUB-100957,22601,MDesai,0,0,3,3,0,0,0,0,0,0,0,0,Aashray.Sharma,,1. CTEQ-59587 removed the tags because scripts never passed in P2 region and should not have been merged
Sprint Totals,,,,,,PR_ADDED: 0,PR_REMOVED: 0,COMMIT_ADDED: 3,COMMIT_REMOVED: 3,APPROVED: 0,COMMENTED: 0,DECLINED: 0,MERGED: 0,OPENED: 0,RESCOPED: 0,UNAPPROVED: 0,UPDATED: 0,,,

Overall Totals,,,,,,PR_ADDED: 23641,PR_REMOVED: 7314,COMMIT_ADDED: 23,COMMIT_REMOVED: 23,APPROVED: 0,COMMENTED: 0,DECLINED: 0,MERGED: 1,OPENED: 2,RESCOPED: 0,UNAPPROVED: 0,UPDATED: 0,,,
