SPRINT,START_DATE,END_DATE,TICKET,PR_ID,USER,PR_ADDED,PR_REMOVED,COMMIT_ADDED,COMMIT_REMOVED,APPROVED,COMMENTED,DECLINED,MERGED,OPENED,RESCOPED,UNAPPROVED,UPDATED,AUTHOR,COMMENTS,COMMIT_MESSAGES
Q2 -WOW - S9 (27 - 10 May) -33,2023/04/27,2023/05/10,PROD-166432,149087,LNeuwirth,0,0,47,34,0,0,0,0,0,0,0,0,Arvind.Negi,,"1. SRC-9161 - First Commit.
2. SRC-9161 - adding package and .csproj for visibility.
3. SRC-9161 - Fixing up the packages path.
4. SRC-9161 - Removing unnecessary experiment stuff.
5. SRC-9161 - Adding configuration setting.
6. SRC-9161 - Updating cvent.controls package to bump to latest stable.
7. SRC-9161 - updating packages to newest to fix overflow issues.
8. SRC-9161 - tearing out the config values that have already been added by previous work.
9. SRC-9161 - Fixing up the solution directory for the packages.
10. SRC-9161 - fixing the privacy setting.
11. SRC-9161 - Adding event tests to the package updates for consistency."
Sprint Totals,,,,,,PR_ADDED: 0,PR_REMOVED: 0,COMMIT_ADDED: 47,COMMIT_REMOVED: 34,APPROVED: 0,COMMENTED: 0,DECLINED: 0,MERGED: 0,OPENED: 0,RESCOPED: 0,UNAPPROVED: 0,UPDATED: 0,,,

Q2 - WOW - S10(11 - 24 May) 30,2023/05/11,2023/05/24,WEBINAR-7045,148866,LNeuwirth,795,399,0,0,0,0,0,0,0,0,0,0,LNeuwirth,,
Q2 - WOW - S10(11 - 24 May) 30,2023/05/11,2023/05/24,WEBINAR-7045,149131,LNeuwirth,6105,3895,0,0,0,0,1,0,1,0,0,0,LNeuwirth,,
Sprint Totals,,,,,,PR_ADDED: 6900,PR_REMOVED: 4294,COMMIT_ADDED: 0,COMMIT_REMOVED: 0,APPROVED: 0,COMMENTED: 0,DECLINED: 1,MERGED: 0,OPENED: 1,RESCOPED: 0,UNAPPROVED: 0,UPDATED: 0,,,

Overall Totals,,,,,,PR_ADDED: 6900,PR_REMOVED: 4294,COMMIT_ADDED: 47,COMMIT_REMOVED: 34,APPROVED: 0,COMMENTED: 0,DECLINED: 1,MERGED: 0,OPENED: 1,RESCOPED: 0,UNAPPROVED: 0,UPDATED: 0,,,
