SPRINT,START_DATE,END_DATE,TICKET,PR_ID,USER,PR_ADDED,PR_REMOVED,COMMIT_ADDED,COMMIT_REMOVED,APPROVED,COMMENTED,DECLINED,MERGED,OPENED,RESCOPED,UNAPPROVED,UPDATED,AUTHOR,COMMENTS,COMMIT_MESSAGES
Q2 2023 - Sprint 2,2023/04/20,2023/05/03,PROD-165670,148485,AArankeri,0,0,0,0,0,0,0,1,1,1,0,0,AArankeri,,
Q2 2023 - Sprint 2,2023/04/20,2023/05/03,PROD-165670,148486,AArankeri,0,0,0,0,0,0,0,1,0,0,0,0,SMahale,,
Sprint Totals,,,,,,PR_ADDED: 0,PR_REMOVED: 0,COMMIT_ADDED: 0,COMMIT_REMOVED: 0,APPROVED: 0,COMMENTED: 0,DECLINED: 0,MERGED: 2,OPENED: 1,RESCOPED: 1,UNAPPROVED: 0,UPDATED: 0,,,

Overall Totals,,,,,,PR_ADDED: 0,PR_REMOVED: 0,COMMIT_ADDED: 0,COMMIT_REMOVED: 0,APPROVED: 0,COMMENTED: 0,DECLINED: 0,MERGED: 2,OPENED: 1,RESCOPED: 1,UNAPPROVED: 0,UPDATED: 0,,,
