SPRINT,START_DATE,END_DATE,TICKET,PR_ID,USER,PR_ADDED,PR_REMOVED,COMMIT_ADDED,COMMIT_REMOVED,APPROVED,COMMENTED,DECLINED,MERGED,OPENED,RESCOPED,UNAPPROVED,UPDATED,AUTHOR,COMMENTS,COMMIT_MESSAGES
PP-Gummy Bears,2023/04/04,2023/04/18,HUB-88741,22019,RupaliS,0,0,27,27,0,0,0,0,0,0,0,0,JKaur,,"1. AccountSetup_CSN_Create_Venues.feature edited online with Bitbucket
2. regions.xml edited online with Bitbucket
3. regions.xml edited online with Bitbucket
4. regions.xml edited online with Bitbucket
5. regions.xml edited online with Bitbucket"
PP-Gummy Bears,2023/04/04,2023/04/18,HUB-88741,22077,RupaliS,0,0,0,0,0,0,0,0,0,0,0,0,SKapri,,
PP-Gummy Bears,2023/04/04,2023/04/18,HUB-88741,21994,RupaliS,757,438,0,0,0,0,1,0,1,0,0,0,RupaliS,,
PP-Gummy Bears,2023/04/04,2023/04/18,HUB-88741,21997,RupaliS,757,438,0,0,0,0,1,0,1,0,0,0,RupaliS,,
Sprint Totals,,,,,,PR_ADDED: 1514,PR_REMOVED: 876,COMMIT_ADDED: 27,COMMIT_REMOVED: 27,APPROVED: 0,COMMENTED: 0,DECLINED: 2,MERGED: 0,OPENED: 2,RESCOPED: 0,UNAPPROVED: 0,UPDATED: 0,,,

Overall Totals,,,,,,PR_ADDED: 1514,PR_REMOVED: 876,COMMIT_ADDED: 27,COMMIT_REMOVED: 27,APPROVED: 0,COMMENTED: 0,DECLINED: 2,MERGED: 0,OPENED: 2,RESCOPED: 0,UNAPPROVED: 0,UPDATED: 0,,,
