SPRINT,START_DATE,END_DATE,TICKET,PR_ID,USER,PR_ADDED,PR_REMOVED,COMMIT_ADDED,COMMIT_REMOVED,APPROVED,COMMENTED,DECLINED,MERGED,OPENED,RESCOPED,UNAPPROVED,UPDATED,AUTHOR,COMMENTS,COMMIT_MESSAGES
WOW - S7 (30 Mar - 12Apr) 33,2023/03/30,2023/04/12,WEBINAR-4958,6818,APrajapati,0,0,0,0,0,0,0,0,0,0,0,0,VGadhiya,,
WOW - S7 (30 Mar - 12Apr) 33,2023/03/30,2023/04/12,WEBINAR-4958,147979,APrajapati,0,0,6739,3153,0,0,0,0,0,0,0,0,AJagtap,,"1. prod-164558-1: cvent.control package version updated
2. PROD-164558-2: revert of revert added
3. PROD-164558: private bucket change reverted
4. PROD-164558: event soa package updated
5. PROD-164558: latest event resx added"
WOW - S7 (30 Mar - 12Apr) 33,2023/03/30,2023/04/12,WEBINAR-4958,148125,APrajapati,9458,542,0,0,0,0,0,0,0,0,0,0,APrajapati,,
WOW - S7 (30 Mar - 12Apr) 33,2023/03/30,2023/04/12,WEBINAR-4958,147839,APrajapati,0,0,104,13,0,0,0,0,0,0,0,0,THarsh,,"1. SURVEY-66894: custom exhibitor email details & preview page update
2. Pull request #147564: Survey 66894  Merge in CVT/c4 from survey-66894 to alpha-kr  * commit 'c10b91ea5706e68f66419adb12726ec979b19ade':    SURVEY-66894: custom exhibitor email details & preview page update
3. NA-0: resx conflict resolved"
WOW - S7 (30 Mar - 12Apr) 33,2023/03/30,2023/04/12,WEBINAR-5422,147744,APrajapati,0,0,0,0,1,0,0,0,0,0,0,0,THarsh,,
WOW - S7 (30 Mar - 12Apr) 33,2023/03/30,2023/04/12,WEBINAR-5422,147745,APrajapati,1387,591,0,0,0,0,0,1,1,0,0,0,APrajapati,,
WOW - S7 (30 Mar - 12Apr) 33,2023/03/30,2023/04/12,WEBINAR-5607,148125,APrajapati,9458,542,0,0,0,0,0,0,0,0,0,0,APrajapati,,
WOW - S7 (30 Mar - 12Apr) 33,2023/03/30,2023/04/12,WEBINAR-5607,150473,APrajapati,8583,1417,0,0,0,0,0,0,0,0,0,0,APrajapati,,
WOW - S7 (30 Mar - 12Apr) 33,2023/03/30,2023/04/12,WEBINAR-5607,150702,APrajapati,0,0,0,0,0,0,0,0,0,0,0,0,THarsh,,
WOW - S7 (30 Mar - 12Apr) 33,2023/03/30,2023/04/12,WEBINAR-6036,11616,APrajapati,0,0,0,0,1,0,0,1,0,0,0,0,THarsh,,
WOW - S7 (30 Mar - 12Apr) 33,2023/03/30,2023/04/12,WEBINAR-6036,11641,APrajapati,0,0,249,11,0,0,0,0,0,0,0,0,VKubba,,"1. survey-66894-dev606: email audience type update for custom email
2. Scanning.  Merge in SOA/event from survey-66894 to alpha  * commit '332c725aa70aa19f774fd41ca8ce461b9458e069':    survey-66894-dev606: email audience type update for custom email
3. Pull request #11616: Master to Alpha  Merge in SOA/event from master to alpha  * commit '8b67b68205ca8b365e5eb0400b3c3fef1b41a02a': (22 commits)    WEBINAR-6036: Handle null checks in a better way while evaluating permissions    WEBINAR-6036: Add manual user permissions check for the trigger event copy endpoint so that we can skip the permissions check in case a webinar is being created    PROD-164009: removed from ccid-2514 Revert ""Pull request #11571: Webinar 6036""    Revert ""Reverting PROD-163373 from ccid-2514 Revert ""Pull request #11570: Prod 163373""""    Reverting PROD-163373 from ccid-2514 Revert ""Pull request #11570: Prod 163373""    fix: Handle the case when there is no entry in the summary table initially when the event is created    WEBINAR-6036: Remove permissions from speaker categories get endpoint    WEBINAR-6036: Register permissions checker with autofac    WEBINAR-6036: Add manual user permissions check for the trigger event copy endpoint so that we can skip the permissions check in case a webinar is being created    PROD-163373: send false for isSystemGenerated pram    Add back Cvent.Security    RND-10777: replace cvent.import with cvent.import.lite to start whittling down dependency tree    RND-10648: clean up    RND-10648: Clean up    RND-10648: add a wrapper class to match the format of the json    Revert ""RND-10648: Remove the newly added class and clean up""    RND-10648: Remove the newly added class and clean up    RND-10648: Remove NestedEntity    RND-10648: Remove NestedEntity    HUB-91211: add solution dir to csproj    ...
4. Pull request #11637: PROD-164523: Events with Attendee Hub can't be copied via SOAP API  Merge in SOA/event from master to alpha  * commit '96a6e450c53e3c0060e3daab7a2b2c90fc3e476f':    PROD-164523: Events with Attendee Hub can't be copied via SOAP API    HUB-87657: Added capacity metadata reg type for teammember regtype.    PROD-163370: removed any filtering on the Event status since all events returned from the consumption table are valid to display in the billing reports    PROD-161738 Updation of 'Cvent.Event.Flex.GuestResourceStrings' package    HUB-87657: Modified based on PR feedback .    HUB-87657: Modified based on PR feedback and cleanup .    HUB-87657: Modified the code. Fixed lkog messages    HUB-87657: Modified the code.~ TODO: fix log messages    HUB-87657: add null check    HUB-87657: Fix contact type function causes issue, should only be added once for account level.    HUB-87657: Register contact type client    HUB-87657: Modified based on PR feedback    HUB-87657:Add new default reg type for webinar events
5. Merge branch 'ccid-2527' of ssh://stash.cvent.net:7999/soa/event into prod-164558
6. Revert ""reverting PROD-164558 from ccid-2527 Revert ""Pull request #11629: Prod 164558""""  This reverts commit b6da6a579cbb8216f22841867a35be4838bb2fb8.
7. Merge branch 'prod-164558' of ssh://stash.cvent.net:7999/soa/event into prod-164558
8. Revert ""PROD-162609: added air request resx for Gender field label""  This reverts commit e1c706c3737b9082847ffd0cbf9f03e6c15ffa31.
9. Revert ""PROD-162609: changes done to consume resourString package changes""  This reverts commit 3f84ef7c14ca8507fc1b0407615d6f2d236dc154."
Sprint Totals,,,,,,PR_ADDED: 28886,PR_REMOVED: 3092,COMMIT_ADDED: 7092,COMMIT_REMOVED: 3177,APPROVED: 2,COMMENTED: 0,DECLINED: 0,MERGED: 2,OPENED: 1,RESCOPED: 0,UNAPPROVED: 0,UPDATED: 0,,,

WOW - S8 (13 - 26 Apr),2023/04/13,2023/04/26,PROD-164110,2042,APrajapati,215,127,0,0,0,0,0,0,0,0,0,0,APrajapati,,
WOW - S8 (13 - 26 Apr),2023/04/13,2023/04/26,PROD-164110,148822,APrajapati,8157,1843,0,0,0,0,0,0,0,0,0,0,APrajapati,,
WOW - S8 (13 - 26 Apr),2023/04/13,2023/04/26,PROD-164110,149327,APrajapati,0,0,0,0,0,0,0,0,0,0,0,0,THarsh,,
WOW - S8 (13 - 26 Apr),2023/04/13,2023/04/26,WEBINAR-6335,11762,APrajapati,1233,950,0,0,0,0,0,0,0,0,0,0,APrajapati,,
WOW - S8 (13 - 26 Apr),2023/04/13,2023/04/26,WEBINAR-7051,148309,APrajapati,0,0,64,44,0,0,0,0,0,0,0,0,VGadhiya,,"1. Pull request #147885: Survey 66892  Merge in CVT/c4 from survey-66892 to alpha-kr  * commit '5d99002226337a14edd9cc49d6131647d6036056':    SURVEY-66892: email type update    SURVEY-66892: redundant code removed    SURVEY-66892: code clean    SURVEY-66892: exhibitor email copy code saved
2. NA-0: resx conflict merge
3. SURVEY-67879: conflict merge while cherry-pick
4. SURVEY-67879: event soa package updated
5. Pull request #148214: Survey 67879  Merge in CVT/c4 from survey-67879 to alpha-kr  * commit '8dd9e0a12615c82ed31b809b8f2b867e3e1e6453':    SURVEY-67879: event soa package updated    SURVEY-67879: conflict merge while cherry-pick
6. Pull request #148314: Prod  Merge in CVT/c4 from prod to alpha-kr  * commit '877987522cb1068317daf2f580c0a39af8511368': (35 commits)    fix rollback script    reverting PROD-156244 from ccid-2536 Revert ""Pull request #148142: Prod 156244""    PROD-164836 move scripts to the right folder    PROD-164493:added rfp check    PROD-162762 :Fix for Create proposal failing on step2 for italian locale    PROD-162762 :Fix for Create proposal failing on step2 for italian locale    Revert """"Reverting PROD-164493 from ccid-2531"" Revert ""Pull request #147924: Prod 164493""""    PROD-162762 :Fix for Create proposal failing on step2 for italian locale    PROD-162762 :Fix for Create proposal failing on step2 for italian locale    Lu script for service broker queue    Create service broker queue    PROD-165308: Solution Auditor fixes    PROD-165308: Updated to release version of Cvent.Controls    PROD-165308: Update Cvent.Controls to silo version.    PROD-162687: add indices    [FLEX-87788]: Add rollback file to lu table    [FLEX-87788]: Move sql file to correct LU_Table directory    WEBINAR-6311: Removed unnecessary padding.    WEBINAR-6311: Changed name of class to avoid clashes with same named class in other css files.    WEBINAR-6311: Phrase pull.    ..."
WOW - S8 (13 - 26 Apr),2023/04/13,2023/04/26,WEBINAR-7051,148822,APrajapati,8157,1843,0,0,0,0,0,0,0,0,0,0,APrajapati,,
WOW - S8 (13 - 26 Apr),2023/04/13,2023/04/26,WEBINAR-7051,149327,APrajapati,0,0,0,0,0,0,0,0,0,0,0,0,THarsh,,
Sprint Totals,,,,,,PR_ADDED: 17762,PR_REMOVED: 4763,COMMIT_ADDED: 64,COMMIT_REMOVED: 44,APPROVED: 0,COMMENTED: 0,DECLINED: 0,MERGED: 0,OPENED: 0,RESCOPED: 0,UNAPPROVED: 0,UPDATED: 0,,,

Q2 -WOW - S9 (27 - 10 May) -33,2023/04/27,2023/05/10,PROD-166432,148309,APrajapati,0,0,206,532,0,0,0,0,0,0,0,0,VGadhiya,,"1. ALPHA-PROD-CONFLICT: conflict merge
2. Pull request #148822: Alpha prod conflict  Merge in CVT/c4 from alpha-prod-conflict to alpha-kr  * commit '3b300e5108094ec77cb3189228d3b32f74628c3c': (387 commits)    commit for PROD-166579 reverting commit of PROD-166070    reverting PROD-166432 from ccid-2548 Revert ""Pull request #148681: Webinar 7906""    reverting PROd-164728 from ccid-2548 Revert ""Pull request #148668: Prod 164728""    PROD-166145 : ccid forward fix    PROD-166145: Added roles to planner video solution    WEBINAR-7906: Fixed Updation for allow_webinars for selfServiceAccount    PROD-166093: Removed duplicate entries after merge conflict fix    WEBINAR-6514:updated cent control version    PROD-163323: Discrepancy in registered attendee count under session stats if session is included to an admission item    PROD-159811: fixed timezone 110 mapping for windows so it properly returns the offset    PROD-164728 : Package update using master branch build version    WEBINAR-7314: Keep delete single record async    PROD-159811: fixed timezone 110 to be correct ""Europe/Lisbon"" instead of ""Europe/Berlin""    PROD-164372: Added SB code    WEBINAR-7314: Fix padding issue on users grid page    PROD-164728 : Cvent.Controls and related package version update    PROD-164728 : Cvent.Controls and related package version update    WEBINAR-7906: Fetched allow_webinars key from LU_ACCOINT_CONFIG in spited of visible_flag is off    PROD-163323: Discrepancy in registered attendee count under session stats if session is included to an admission item    Web.Base.config edited online with Bitbucket    ...
3. ALPHA-PROD-CONFLICT: latest event soa package updated
4. Pull request #148862: ALPHA-PROD-CONFLICT: latest event soa package updated  Merge in CVT/c4 from alpha-prod-conflict to alpha-kr  * commit 'd8e36b6b998b60f7533f11f94277705d5d615235':    ALPHA-PROD-CONFLICT: latest event soa package updated
5. ALPHA-PROD-CONFLICT: conflict merge
6. Pull request #148888: PROD-164728: removed from ccid-2550 Revert ""Pull request #148726: PROD-164728 : Adding entry for surveys and package upgrade""  Merge in CVT/c4 from alpha-prod-conflict to alpha-kr  * commit 'cbcc46bdb70db8c6ebfefaa88adcf38d5096a233': (61 commits)    PROD-164728: removed from ccid-2550 Revert ""Pull request #148726: PROD-164728 : Adding entry for surveys and package upgrade""    PROD-166293: removed from ccid-2550 Revert ""Pull request #148718: PROD-166293: Release of Logging of History tables""    PROD-166515: latest resx pull    PROD-166515: resx string added    PROD-166515: event soa package updated    PROD-164728 : Adding entry for surveys and package upgrade    WEBINAR-6051: fix typo in merge    SURVEY-67879: conflict merge while cherry-pick    FLEX-88383: Inject writing assitant URL into designers    FLEX-88383: Inject writing assitant URL into designers    PROD-166487: Make accountMappingId searchable in all regions    FLEX-88383: Inject writing assitant URL into designers    FLEX-88046: Add key for writing assistant endpoint    RND:10782: Remove commented out code    HUB-97903: Modified based on PR feedback    HUB-97903: Modified based on PR feedback , to split string with instance of  ':' separator    HUB-97903: Add a new null delimiter ""\0"" for username and password    EINT-9946: DM DBCR    WEBINAR-875: Simplify conditional check    WEBINAR-875: Incorporate review comments    ...
7. NA-0: conflict merge
8. PROD-166581: latest resx pull
9. PROD-166581: duplicate entry removed
10. PROD-166581: latest resx"
Q2 -WOW - S9 (27 - 10 May) -33,2023/04/27,2023/05/10,PROD-166432,148822,APrajapati,8157,1843,0,0,0,0,0,1,1,0,0,0,APrajapati,,
Q2 -WOW - S9 (27 - 10 May) -33,2023/04/27,2023/05/10,PROD-166432,149030,APrajapati,0,0,0,12,0,0,0,0,0,0,0,0,ALakshkar,,1. PROD-166983: default close date removed
Q2 -WOW - S9 (27 - 10 May) -33,2023/04/27,2023/05/10,PROD-166432,149115,APrajapati,0,0,148,4,0,0,0,0,0,0,0,0,SMahale,,"1. SURVEY-68120: survey close date related changes
2. Merge branch 'prod' of ssh://stash.cvent.net:7999/cvt/c4 into survey-68120
3. PROD-166983: latest resx pull"
Q2 -WOW - S9 (27 - 10 May) -33,2023/04/27,2023/05/10,PROD-166432,149327,APrajapati,0,0,0,0,0,0,0,0,0,0,0,0,THarsh,,
Q2 -WOW - S9 (27 - 10 May) -33,2023/04/27,2023/05/10,PROD-166432,148732,APrajapati,0,0,566,130,0,0,0,0,0,0,0,0,A.Vankar,,"1. SURVEY-67879: conflict merge while cherry-pick
2. PROD-166515: event soa package updated
3. PROD-166515: resx string added
4. PROD-166515: latest resx pull"
Q2 -WOW - S9 (27 - 10 May) -33,2023/04/27,2023/05/10,WEBINAR-7906,148822,APrajapati,8157,1843,0,0,0,0,0,0,0,0,0,0,APrajapati,,
Q2 -WOW - S9 (27 - 10 May) -33,2023/04/27,2023/05/10,WEBINAR-7906,149327,APrajapati,0,0,0,0,0,0,0,0,0,0,0,0,THarsh,,
Q2 -WOW - S9 (27 - 10 May) -33,2023/04/27,2023/05/10,WEBINAR-7982,149108,APrajapati,2759,1441,0,0,0,0,0,0,0,0,0,0,APrajapati,,
Q2 -WOW - S9 (27 - 10 May) -33,2023/04/27,2023/05/10,WEBINAR-7982,149117,APrajapati,2492,1029,0,0,0,0,0,0,0,0,0,0,APrajapati,,
Q2 -WOW - S9 (27 - 10 May) -33,2023/04/27,2023/05/10,WEBINAR-7982,149327,APrajapati,0,0,0,0,0,0,0,0,0,0,0,0,THarsh,,
Q2 -WOW - S9 (27 - 10 May) -33,2023/04/27,2023/05/10,WEBINAR-8478,148893,APrajapati,2189,1304,0,0,0,0,0,0,1,2,0,0,APrajapati,,
Q2 -WOW - S9 (27 - 10 May) -33,2023/04/27,2023/05/10,WEBINAR-8478,149108,APrajapati,2759,1441,0,0,0,0,0,0,0,0,0,0,APrajapati,,
Q2 -WOW - S9 (27 - 10 May) -33,2023/04/27,2023/05/10,WEBINAR-8478,149117,APrajapati,2492,1029,0,0,0,0,0,0,0,0,0,0,APrajapati,,
Q2 -WOW - S9 (27 - 10 May) -33,2023/04/27,2023/05/10,WEBINAR-8478,149327,APrajapati,0,0,0,0,0,0,0,0,0,0,0,0,THarsh,,
Sprint Totals,,,,,,PR_ADDED: 29005,PR_REMOVED: 9930,COMMIT_ADDED: 920,COMMIT_REMOVED: 678,APPROVED: 0,COMMENTED: 0,DECLINED: 0,MERGED: 1,OPENED: 2,RESCOPED: 2,UNAPPROVED: 0,UPDATED: 0,,,

Q2 - WOW - S10(11 - 24 May) 30,2023/05/11,2023/05/24,PROD-166742,149859,APrajapati,5941,984,0,0,0,0,0,0,0,0,0,0,APrajapati,,
Q2 - WOW - S10(11 - 24 May) 30,2023/05/11,2023/05/24,WEBINAR-7045,149327,APrajapati,0,0,0,0,1,0,0,0,0,0,0,0,THarsh,,
Q2 - WOW - S10(11 - 24 May) 30,2023/05/11,2023/05/24,WEBINAR-7045,149493,APrajapati,7761,2239,19,6,0,0,0,1,1,0,0,0,APrajapati,,"1. PROD-167007: inquisiumSelect controller added for campaign email
2. PROD-167007: inquisium popup class file included"
Sprint Totals,,,,,,PR_ADDED: 13702,PR_REMOVED: 3223,COMMIT_ADDED: 19,COMMIT_REMOVED: 6,APPROVED: 1,COMMENTED: 0,DECLINED: 0,MERGED: 1,OPENED: 1,RESCOPED: 0,UNAPPROVED: 0,UPDATED: 0,,,

Q2 - WOW S11 (25 May-7 Jun),2023/05/25,2023/06/07,PROD-157033,1764,APrajapati,0,0,240,7,0,0,0,0,0,0,0,0,RupaliS,,"1. Pull request #2051: SURVEY-68101: save auditSurveyExternalField endpoint change  Merge in SUR/inquisium from survey-68101 to alpha  * commit '283d4eb12c49fa1a233af171b23c4ad0408410bc':    SURVEY-68101: save auditSurveyExternalField endpoint change
2. Pull request #2068: Master  Merge in SUR/inquisium from master to alpha  * commit '111b3941ad4afe4a85c42bfd2473a98747dfa753':    PROD-165912 : Updating latest master version for Cvent.Controls    PROD-167828: More package updates    RND-10782-test: Update Framework.Client/shared to the latest versions    SURVEY-68210 : Added experiment for surveys custom css    PROD-166931: condition check update    SURVEY-67941 : Experiment for custom contact widget added    PROD-167166 : Resx pull    PROD-167166 : PR comment addressed    PROD-166931: commented code removed    PROD-166931: form question choices supported in printable survey    PROD-167166 : Restricting IL deletion if already associated with an email    PROD-167166 : Restricting IL deletion if already associated with an email    SURVEY-68062 : Package upgrade and handling for MatrixRating    PROD-166581: latest resx pull
3. PROD-168997: latest phrase app pull"
Q2 - WOW S11 (25 May-7 Jun),2023/05/25,2023/06/07,PROD-157033,2088,APrajapati,1067,199,0,0,0,0,0,0,0,0,0,0,APrajapati,,
Q2 - WOW S11 (25 May-7 Jun),2023/05/25,2023/06/07,PROD-157033,150473,APrajapati,8583,1417,0,0,0,0,0,0,0,0,0,0,APrajapati,,
Q2 - WOW S11 (25 May-7 Jun),2023/05/25,2023/06/07,PROD-157033,150583,APrajapati,0,0,6,7,0,0,0,0,0,0,0,0,SBhardwaj,,"1. SURVEY-68436: custom email section added
2. Scanning  Merge in CVT/c4 from survey-68436 to alpha-kr  * commit '13a5650a99edb7eca4fce6d4b0dfc8443a778d09':    SURVEY-68436: custom email section added"
Sprint Totals,,,,,,PR_ADDED: 9650,PR_REMOVED: 1616,COMMIT_ADDED: 246,COMMIT_REMOVED: 14,APPROVED: 0,COMMENTED: 0,DECLINED: 0,MERGED: 0,OPENED: 0,RESCOPED: 0,UNAPPROVED: 0,UPDATED: 0,,,

Q2 - WOW S12 (8 - 21 Jun),2023/06/08,2023/06/21,PROD-167534,149732,APrajapati,0,0,257,35,0,0,0,0,0,0,0,0,SSao,,"1. PROD-170405: revert of revert added
2. Revert ""Reverting PROD-170405 from ccid-2598""  This reverts commit 5025ebd0879ae97da61e8b9d65655d250729bfd1.
3. PROD-170405: revert commit adjusted"
Q2 - WOW S12 (8 - 21 Jun),2023/06/08,2023/06/21,PROD-167534,150635,APrajapati,0,0,6,2,0,0,0,0,0,0,0,0,RSalunke,,1. ALPHA-DEV606: hide section on empty customEmails
Q2 - WOW S12 (8 - 21 Jun),2023/06/08,2023/06/21,PROD-167534,150702,APrajapati,0,0,0,0,0,0,0,0,0,0,0,0,THarsh,,
Q2 - WOW S12 (8 - 21 Jun),2023/06/08,2023/06/21,PROD-167534,150718,APrajapati,3573,1865,0,0,0,0,0,0,0,0,0,0,APrajapati,,
Sprint Totals,,,,,,PR_ADDED: 3573,PR_REMOVED: 1865,COMMIT_ADDED: 263,COMMIT_REMOVED: 37,APPROVED: 0,COMMENTED: 0,DECLINED: 0,MERGED: 0,OPENED: 0,RESCOPED: 0,UNAPPROVED: 0,UPDATED: 0,,,

Overall Totals,,,,,,PR_ADDED: 102578,PR_REMOVED: 24489,COMMIT_ADDED: 8604,COMMIT_REMOVED: 3956,APPROVED: 3,COMMENTED: 0,DECLINED: 0,MERGED: 4,OPENED: 4,RESCOPED: 2,UNAPPROVED: 0,UPDATED: 0,,,
