SPRINT,START_DATE,END_DATE,TICKET,PR_ID,USER,PR_ADDED,PR_REMOVED,COMMIT_ADDED,COMMIT_REMOVED,APPROVED,COMMENTED,DECLINED,MERGED,OPENED,RESCOPED,UNAPPROVED,UPDATED,AUTHOR,COMMENTS,COMMIT_MESSAGES
Krypto Q2 23' S1 (8w 3d),2023/04/05,2023/04/19,PROD-161672,9177,BRehman,6267,3733,0,0,0,0,0,0,0,0,0,0,BRehman,,
Sprint Totals,,,,,,PR_ADDED: 6267,PR_REMOVED: 3733,COMMIT_ADDED: 0,COMMIT_REMOVED: 0,APPROVED: 0,COMMENTED: 0,DECLINED: 0,MERGED: 0,OPENED: 0,RESCOPED: 0,UNAPPROVED: 0,UPDATED: 0,,,

Krypto Q2 23' S2 (10w 1d),2023/04/19,2023/05/03,PROD-161672,9177,BRehman,6267,3733,0,0,0,0,0,0,1,0,0,0,BRehman,,
Krypto Q2 23' S2 (10w 1d),2023/04/19,2023/05/03,PROD-164537,11213,BRehman,0,0,0,0,1,0,0,0,0,0,0,0,Ashish.Mittal,,
Sprint Totals,,,,,,PR_ADDED: 6267,PR_REMOVED: 3733,COMMIT_ADDED: 0,COMMIT_REMOVED: 0,APPROVED: 1,COMMENTED: 0,DECLINED: 0,MERGED: 0,OPENED: 1,RESCOPED: 0,UNAPPROVED: 0,UPDATED: 0,,,

Krypto Q2 23' S3 (10w 2d),2023/05/03,2023/05/18,PROD-164537,11213,BRehman,0,0,0,0,0,0,0,0,0,0,0,0,Ashish.Mittal,,
Sprint Totals,,,,,,PR_ADDED: 0,PR_REMOVED: 0,COMMIT_ADDED: 0,COMMIT_REMOVED: 0,APPROVED: 0,COMMENTED: 0,DECLINED: 0,MERGED: 0,OPENED: 0,RESCOPED: 0,UNAPPROVED: 0,UPDATED: 0,,,

Krypto Q2 23' S5(9w 2d),2023/06/01,2023/06/14,PROD-169112,9443,BRehman,0,0,0,0,1,1,0,0,0,0,0,0,ShubhamR,1. The code that was removed was added back here after Jamie identified the root cause of the issue.  https://stash.cvent.net/projects/AX/repos/attendee-experience-web/pull-requests/8846/diff#packages/attendee-experience-web/src/components/mySchedule/MySchedule.js  We did not release the code that had clearRouteQuery removed from these places.,
Sprint Totals,,,,,,PR_ADDED: 0,PR_REMOVED: 0,COMMIT_ADDED: 0,COMMIT_REMOVED: 0,APPROVED: 1,COMMENTED: 1,DECLINED: 0,MERGED: 0,OPENED: 0,RESCOPED: 0,UNAPPROVED: 0,UPDATED: 0,,,

Overall Totals,,,,,,PR_ADDED: 12534,PR_REMOVED: 7466,COMMIT_ADDED: 0,COMMIT_REMOVED: 0,APPROVED: 2,COMMENTED: 1,DECLINED: 0,MERGED: 0,OPENED: 1,RESCOPED: 0,UNAPPROVED: 0,UPDATED: 0,,,
