SPRINT,START_DATE,END_DATE,TICKET,PR_ID,USER,PR_ADDED,PR_REMOVED,COMMIT_ADDED,COMMIT_REMOVED,APPROVED,COMMENTED,DECLINED,MERGED,OPENED,RESCOPED,UNAPPROVED,UPDATED,AUTHOR,COMMENTS,COMMIT_MESSAGES
Krypto Q2 23' S2 (10w 1d),2023/04/19,2023/05/03,HUB-80708,9219,ATawfik,0,0,0,0,0,0,0,0,0,0,0,0,Subratkumar.Sahoo,,
Krypto Q2 23' S2 (10w 1d),2023/04/19,2023/05/03,HUB-89095,3506,ATawfik,0,0,16,23,0,0,0,0,0,0,0,0,CEkrut,,"1. HUB-92434: Update SEARCH_ATTENDEE query to use the new filter term match to support multi term search
2. Pull request #3487: HUB-92434: Update SEARCH_ATTENDEES query to use the new filter term match to support multi term search  Merge in AX/attendee-experience-data from HUB-92434 to develop  * commit '99e47675fa85cc4b4ce206d23f00eda575024fb3':    HUB-92434: Update SEARCH_ATTENDEE query to use the new filter term match to support multi term search"
Krypto Q2 23' S2 (10w 1d),2023/04/19,2023/05/03,HUB-72793,9354,ATawfik,0,0,0,0,0,0,0,0,0,0,0,0,JMcGough,,
Krypto Q2 23' S2 (10w 1d),2023/04/19,2023/05/03,HUB-82374,9354,ATawfik,0,0,0,0,0,0,0,0,0,0,0,0,JMcGough,,
Sprint Totals,,,,,,PR_ADDED: 0,PR_REMOVED: 0,COMMIT_ADDED: 16,COMMIT_REMOVED: 23,APPROVED: 0,COMMENTED: 0,DECLINED: 0,MERGED: 0,OPENED: 0,RESCOPED: 0,UNAPPROVED: 0,UPDATED: 0,,,

Krypto Q2 23' S3 (10w 2d),2023/05/03,2023/05/18,HUB-72793,9354,ATawfik,0,0,0,0,0,0,0,0,0,0,0,0,JMcGough,,
Krypto Q2 23' S3 (10w 2d),2023/05/03,2023/05/18,HUB-82374,9354,ATawfik,0,0,0,0,0,0,0,0,0,0,0,0,JMcGough,,
Krypto Q2 23' S3 (10w 2d),2023/05/03,2023/05/18,HUB-96537,3546,ATawfik,0,0,255,391,1,0,0,0,0,0,0,0,Shea.Sullivan,,"1. HUB-98387: Add changeset and revert launch.json
2. HUB-98387: Renamed get/update ProfessionalAttendeeInterestChoices to get/update ProfessionalInterestChoices
3. Pull request #3525: HUB-98387  Merge in AX/attendee-experience-data from HUB-98387 to develop  * commit '0ff8627687887006035018da11d4ca1f295dbb35':    HUB-98387: Renamed get/update ProfessionalAttendeeInterestChoices to get/update ProfessionalInterestChoices    HUB-98387: Add changeset and revert launch.json    HUB-98387: Deprecate updateAttendeeInterestChoices mutation and add updateProfessionalAttedneeInterestChoices instead    HUB-98387: Deprecate getAttendeeInterestChoices query and add getProfessionalAttedneeInterestChoices instead
4. HUB-98387: Deprecate deletetAttendeeInterestChoices mutation and replace with deleteProfessionalInterestChoices
5. HUB-98387: Add more unit tests to appBuilderResolver.spec.ts to increase the code coverage
6. Merge branch 'develop' into HUB-98387
7. HUB-98387: Ignore the deprecated files from the code coverage scope
8. HUB-98387: cleanup and removing obsolete code
9. HUB-98387: Update appBuilderResolver to combine the case statement for get/update/delete AttendeeInterestChoices and get/update/delete ProfessionalinterestChoices
10. Pull request #3531: HUB-98387 Deprecate deleteAttendeeInterestChoices mutation and replace with deleteProfessionalInterestChoices  Merge in AX/attendee-experience-data from HUB-98387 to develop  * commit '57470c39fa8a31c2395c398a747cf4d21c228670':    HUB-98387: Update appBuilderResolver to combine the case statement for get/update/delete AttendeeInterestChoices and get/update/delete ProfessionalinterestChoices    HUB-98387: cleanup and removing obsolete code    HUB-98387: Ignore the deprecated files from the code coverage scope    HUB-98387: Add more unit tests to appBuilderResolver.spec.ts to increase the code coverage    HUB-98387: Deprecate deletetAttendeeInterestChoices mutation and replace with deleteProfessionalInterestChoices"
Krypto Q2 23' S3 (10w 2d),2023/05/03,2023/05/18,HUB-97152,9354,ATawfik,0,0,0,0,0,0,0,0,0,0,0,0,JMcGough,,
Krypto Q2 23' S3 (10w 2d),2023/05/03,2023/05/18,HUB-98128,9354,ATawfik,0,0,0,0,0,0,0,0,0,0,0,0,JMcGough,,
Krypto Q2 23' S3 (10w 2d),2023/05/03,2023/05/18,HUB-98128,9448,ATawfik,5454,4546,0,0,0,0,0,0,0,0,0,0,ATawfik,,
Krypto Q2 23' S3 (10w 2d),2023/05/03,2023/05/18,HUB-98167,9448,ATawfik,5454,4546,0,0,0,0,0,0,0,0,0,0,ATawfik,,
Sprint Totals,,,,,,PR_ADDED: 10908,PR_REMOVED: 9092,COMMIT_ADDED: 255,COMMIT_REMOVED: 391,APPROVED: 1,COMMENTED: 0,DECLINED: 0,MERGED: 0,OPENED: 0,RESCOPED: 0,UNAPPROVED: 0,UPDATED: 0,,,

Krypto Q2 23' S4 (10w 1d),2023/05/18,2023/06/01,HUB-95973,9448,ATawfik,5454,4546,0,0,0,0,0,0,0,0,0,0,ATawfik,,
Krypto Q2 23' S4 (10w 1d),2023/05/18,2023/06/01,HUB-98167,9448,ATawfik,5454,4546,0,0,0,0,0,0,0,0,0,0,ATawfik,,
Krypto Q2 23' S4 (10w 1d),2023/05/18,2023/06/01,HUB-99787,9354,ATawfik,0,0,0,0,1,0,0,0,0,0,0,0,JMcGough,,
Krypto Q2 23' S4 (10w 1d),2023/05/18,2023/06/01,HUB-99617,9507,ATawfik,0,0,0,0,0,0,0,0,0,0,0,0,GStarr,,
Krypto Q2 23' S4 (10w 1d),2023/05/18,2023/06/01,HUB-100677,3573,ATawfik,2171,1332,0,0,0,0,0,0,0,0,0,0,ATawfik,,
Krypto Q2 23' S4 (10w 1d),2023/05/18,2023/06/01,HUB-100677,9448,ATawfik,5454,4546,0,0,0,0,0,0,0,0,0,0,ATawfik,,
Krypto Q2 23' S4 (10w 1d),2023/05/18,2023/06/01,HUB-100677,9507,ATawfik,0,0,0,0,0,0,0,0,0,0,0,0,GStarr,,
Krypto Q2 23' S4 (10w 1d),2023/05/18,2023/06/01,HUB-100677,3571,ATawfik,2189,1352,0,0,0,0,0,0,0,0,0,0,ATawfik,,
Sprint Totals,,,,,,PR_ADDED: 20722,PR_REMOVED: 16322,COMMIT_ADDED: 0,COMMIT_REMOVED: 0,APPROVED: 1,COMMENTED: 0,DECLINED: 0,MERGED: 0,OPENED: 0,RESCOPED: 0,UNAPPROVED: 0,UPDATED: 0,,,

Krypto Q2 23' S5(9w 2d),2023/06/01,2023/06/14,HUB-99617,9507,ATawfik,0,0,0,0,1,0,0,0,0,0,0,0,GStarr,,
Krypto Q2 23' S5(9w 2d),2023/06/01,2023/06/14,HUB-100677,3573,ATawfik,2171,1332,10,3,0,1,0,1,1,1,0,0,ATawfik,1. updated to `minor`,"1. merge master in release/2.15.0 branch
2. HUB-101443: Add changeset for 2.15.0 release
3. HUB-101443: Fix the  changeset for 2.15.0 release to minor instead of major"
Krypto Q2 23' S5(9w 2d),2023/06/01,2023/06/14,HUB-100677,9448,ATawfik,5454,4546,10,3,0,0,0,1,1,0,0,0,ATawfik,,"1. HUB-101443: Add changeset for 2.19.0 release
2. HUB-101443: Update appFeatures.js to move 70 to the released section
3. Merge branch 'develop' into release/2.19.0"
Krypto Q2 23' S5(9w 2d),2023/06/01,2023/06/14,HUB-100677,9507,ATawfik,0,0,0,0,0,0,0,0,0,0,0,0,GStarr,,
Krypto Q2 23' S5(9w 2d),2023/06/01,2023/06/14,HUB-100677,3571,ATawfik,2189,1352,0,0,0,1,1,0,1,0,0,0,ATawfik,1. declining this PR based on the FAQ here https://wiki.cvent.com/display/WAX/Weekly+AH+Deployment+FAQ#WeeklyAHDeploymentFAQ-Q.MyreleasePRhasmergeconflictsforchangesetfiles.DidIbreaksomething?  A new PR will be created after downmerging master into release branch and fix merge conflicts,
Krypto Q2 23' S5(9w 2d),2023/06/01,2023/06/14,HUB-101270,9507,ATawfik,0,0,0,0,0,0,0,0,0,0,0,0,GStarr,,
Krypto Q2 23' S5(9w 2d),2023/06/01,2023/06/14,HUB-102465,3614,ATawfik,0,0,0,0,0,0,0,0,0,0,0,0,MGangani,,
Krypto Q2 23' S5(9w 2d),2023/06/01,2023/06/14,HUB-102465,3613,ATawfik,0,0,0,0,0,0,0,0,0,0,0,0,MGangani,,
Krypto Q2 23' S5(9w 2d),2023/06/01,2023/06/14,HUB-102766,9507,ATawfik,0,0,0,0,0,0,0,0,0,0,0,0,GStarr,,
Krypto Q2 23' S5(9w 2d),2023/06/01,2023/06/14,PROD-164612,9507,ATawfik,0,0,0,0,0,0,0,0,0,0,0,0,GStarr,,
Krypto Q2 23' S5(9w 2d),2023/06/01,2023/06/14,PROD-169112,9507,ATawfik,0,0,0,0,0,0,0,0,0,0,0,0,GStarr,,
Krypto Q2 23' S5(9w 2d),2023/06/01,2023/06/14,HUB-78303,9618,ATawfik,0,0,0,0,0,0,0,0,0,0,0,0,SSimpson,,
Sprint Totals,,,,,,PR_ADDED: 9814,PR_REMOVED: 7230,COMMIT_ADDED: 20,COMMIT_REMOVED: 6,APPROVED: 1,COMMENTED: 2,DECLINED: 1,MERGED: 2,OPENED: 3,RESCOPED: 1,UNAPPROVED: 0,UPDATED: 0,,,

Krypto Q2 23' S6 (8w 4d),2023/06/16,2023/06/29,HUB-78303,9618,ATawfik,0,0,0,0,0,0,0,0,0,0,0,0,SSimpson,,
Krypto Q2 23' S6 (8w 4d),2023/06/16,2023/06/29,HUB-92820,9618,ATawfik,0,0,0,0,0,0,0,0,0,0,0,0,SSimpson,,
Krypto Q2 23' S6 (8w 4d),2023/06/16,2023/06/29,PROD-169654,9618,ATawfik,0,0,0,0,0,0,0,0,0,0,0,0,SSimpson,,
Krypto Q2 23' S6 (8w 4d),2023/06/16,2023/06/29,PROD-170676,9618,ATawfik,0,0,0,0,0,0,0,0,0,0,0,0,SSimpson,,
Sprint Totals,,,,,,PR_ADDED: 0,PR_REMOVED: 0,COMMIT_ADDED: 0,COMMIT_REMOVED: 0,APPROVED: 0,COMMENTED: 0,DECLINED: 0,MERGED: 0,OPENED: 0,RESCOPED: 0,UNAPPROVED: 0,UPDATED: 0,,,

Overall Totals,,,,,,PR_ADDED: 41444,PR_REMOVED: 32644,COMMIT_ADDED: 291,COMMIT_REMOVED: 420,APPROVED: 3,COMMENTED: 2,DECLINED: 1,MERGED: 2,OPENED: 3,RESCOPED: 1,UNAPPROVED: 0,UPDATED: 0,,,
