SPRINT,START_DATE,END_DATE,TICKET,PR_ID,USER,PR_ADDED,PR_REMOVED,COMMIT_ADDED,COMMIT_REMOVED,APPROVED,COMMENTED,DECLINED,MERGED,OPENED,RESCOPED,UNAPPROVED,UPDATED,AUTHOR,COMMENTS,COMMIT_MESSAGES
Snx-Haaldersbroekerdwarsstraat,2023/04/13,2023/04/26,HUB-72802,9087,CLeech,0,0,0,0,0,0,0,0,0,0,0,0,ACheng,,1. Merge remote-tracking branch 'origin/master' into downmerge/2.11.1
Snx-Haaldersbroekerdwarsstraat,2023/04/13,2023/04/26,HUB-94420,9044,CLeech,4099,2580,0,0,0,0,0,0,0,0,0,0,CLeech,,
Sprint Totals,,,,,,PR_ADDED: 4099,PR_REMOVED: 2580,COMMIT_ADDED: 0,COMMIT_REMOVED: 0,APPROVED: 0,COMMENTED: 0,DECLINED: 0,MERGED: 0,OPENED: 0,RESCOPED: 0,UNAPPROVED: 0,UPDATED: 0,,,

Snax - Idiotville (4/27-5/10),2023/04/27,2023/05/10,HUB-90986,9293,CLeech,0,0,0,0,0,0,0,0,0,0,0,0,Shea.Sullivan,,
Snax - Idiotville (4/27-5/10),2023/04/27,2023/05/10,HUB-50072,9293,CLeech,0,0,0,0,0,0,0,0,0,0,0,0,Shea.Sullivan,,
Snax - Idiotville (4/27-5/10),2023/04/27,2023/05/10,HUB-81950,9293,CLeech,0,0,0,0,0,0,0,0,0,0,0,0,Shea.Sullivan,,
Snax - Idiotville (4/27-5/10),2023/04/27,2023/05/10,HUB-88110,9293,CLeech,0,0,0,0,0,0,0,0,0,0,0,0,Shea.Sullivan,,
Snax - Idiotville (4/27-5/10),2023/04/27,2023/05/10,HUB-95470,9293,CLeech,0,0,0,0,0,0,0,0,0,0,0,0,Shea.Sullivan,,
Sprint Totals,,,,,,PR_ADDED: 0,PR_REMOVED: 0,COMMIT_ADDED: 0,COMMIT_REMOVED: 0,APPROVED: 0,COMMENTED: 0,DECLINED: 0,MERGED: 0,OPENED: 0,RESCOPED: 0,UNAPPROVED: 0,UPDATED: 0,,,

Snax - Jerrys Nose (5/11-5/24),2023/05/11,2023/05/25,HUB-45176,1492,CLeech,0,0,0,0,1,0,0,0,0,0,0,0,M.Garcia,,
Snax - Jerrys Nose (5/11-5/24),2023/05/11,2023/05/25,HUB-50072,9293,CLeech,0,0,8,3,0,0,0,0,0,1,0,0,Shea.Sullivan,,"1. HUB-95105: Update gpc app feature to 71
2. HUB-95105: add clean up ticket to appfeatures
3. Applied suggestion
4. Merge branch 'HUB-95105_CL' of ssh://stash.cvent.net:7999/ax/attendee-experience-web into HUB-95105_CL
5. Pull request #9291: HUB-95105: Update gpc app feature to 71  Merge in AX/attendee-experience-web from HUB-95105_CL to release/2.16.0  * commit '2196c104686c860ebdae9fb4b153e94e0e371e80':    HUB-95105: add clean up ticket to appfeatures    Applied suggestion    HUB-95105: Update gpc app feature to 71"
Snax - Jerrys Nose (5/11-5/24),2023/05/11,2023/05/25,HUB-81950,9293,CLeech,0,0,0,0,0,0,0,0,0,0,0,0,Shea.Sullivan,,
Snax - Jerrys Nose (5/11-5/24),2023/05/11,2023/05/25,HUB-88110,9293,CLeech,0,0,0,0,0,0,0,0,0,0,0,0,Shea.Sullivan,,
Snax - Jerrys Nose (5/11-5/24),2023/05/11,2023/05/25,HUB-95470,9293,CLeech,0,0,0,0,0,0,0,0,0,0,0,0,Shea.Sullivan,,
Snax - Jerrys Nose (5/11-5/24),2023/05/11,2023/05/25,HUB-99457,9293,CLeech,0,0,0,0,0,0,0,0,0,0,0,0,Shea.Sullivan,,
Snax - Jerrys Nose (5/11-5/24),2023/05/11,2023/05/25,HUB-99466,9293,CLeech,0,0,0,0,0,0,0,0,0,0,0,0,Shea.Sullivan,,
Snax - Jerrys Nose (5/11-5/24),2023/05/11,2023/05/25,PROD-166714,9293,CLeech,0,0,0,0,0,0,0,0,0,0,0,0,Shea.Sullivan,,
Snax - Jerrys Nose (5/11-5/24),2023/05/11,2023/05/25,PROD-166841,9293,CLeech,0,0,0,0,0,0,0,0,0,0,0,0,Shea.Sullivan,,
Sprint Totals,,,,,,PR_ADDED: 0,PR_REMOVED: 0,COMMIT_ADDED: 8,COMMIT_REMOVED: 3,APPROVED: 1,COMMENTED: 0,DECLINED: 0,MERGED: 0,OPENED: 0,RESCOPED: 1,UNAPPROVED: 0,UPDATED: 0,,,

Snax - Sprint Kickapoo,2023/05/25,2023/06/07,HUB-87486,9441,CLeech,0,0,0,0,1,0,0,0,0,0,0,0,RLiwag,,
Snax - Sprint Kickapoo,2023/05/25,2023/06/07,PROD-166496,9411,CLeech,0,0,0,0,1,0,0,0,0,0,0,0,RLiwag,,
Sprint Totals,,,,,,PR_ADDED: 0,PR_REMOVED: 0,COMMIT_ADDED: 0,COMMIT_REMOVED: 0,APPROVED: 2,COMMENTED: 0,DECLINED: 0,MERGED: 0,OPENED: 0,RESCOPED: 0,UNAPPROVED: 0,UPDATED: 0,,,

Snax - Las Vegas,2023/06/08,2023/06/22,HUB-87486,9441,CLeech,0,0,0,0,0,0,0,0,0,0,0,0,RLiwag,,
Snax - Las Vegas,2023/06/08,2023/06/22,HUB-101238,9551,CLeech,0,0,0,0,0,0,0,0,0,0,0,0,MGangani,,"1. WEBINAR-10707: fix merge conflicts
2. Pull request #9531: WEBINAR-10707: Add do not sell link to footer on landing page  Merge in AX/attendee-experience-web from WEBINAR-10707 to develop  * commit '0ed3e950617150b30cf459814258cc9bb2c57655':    WEBINAR-10707: Add do not sell link to footer on landing page"
Snax - Las Vegas,2023/06/08,2023/06/22,PROD-166496,9411,CLeech,0,0,0,0,0,0,0,0,0,0,0,0,RLiwag,,
Sprint Totals,,,,,,PR_ADDED: 0,PR_REMOVED: 0,COMMIT_ADDED: 0,COMMIT_REMOVED: 0,APPROVED: 0,COMMENTED: 0,DECLINED: 0,MERGED: 0,OPENED: 0,RESCOPED: 0,UNAPPROVED: 0,UPDATED: 0,,,

Overall Totals,,,,,,PR_ADDED: 4099,PR_REMOVED: 2580,COMMIT_ADDED: 8,COMMIT_REMOVED: 3,APPROVED: 3,COMMENTED: 0,DECLINED: 0,MERGED: 0,OPENED: 0,RESCOPED: 1,UNAPPROVED: 0,UPDATED: 0,,,
