SPRINT,START_DATE,END_DATE,TICKET,PR_ID,USER,PR_ADDED,PR_REMOVED,COMMIT_ADDED,COMMIT_REMOVED,APPROVED,COMMENTED,DECLINED,MERGED,OPENED,RESCOPED,UNAPPROVED,UPDATED,AUTHOR,COMMENTS,COMMIT_MESSAGES
Snx-Haaldersbroekerdwarsstraat,2023/04/13,2023/04/26,HUB-89725,9139,MGangani,0,0,20,32,0,0,0,0,0,0,0,0,ABadlia,,"1. PROD-161672: revert height calculation and set height to 100%
2. PROD-161672: dummy commit
3. Pull request #9026: PROD-161672: Appointment panel from Exhibitor page scrolls below footer  Merge in AX/attendee-experience-web from prod-161672 to develop  * commit 'b5cfc4135efbaf4908d7da00d3f9f0ba876b28d9':    PROD-161672: dummy commit    PROD-161672 : Updated Snapshot    PROD-161672: revert height calculation and set height to 100%    PROD-161672: Appointment panel from Exhibitor page scrolls below footer"
Sprint Totals,,,,,,PR_ADDED: 0,PR_REMOVED: 0,COMMIT_ADDED: 20,COMMIT_REMOVED: 32,APPROVED: 0,COMMENTED: 0,DECLINED: 0,MERGED: 0,OPENED: 0,RESCOPED: 0,UNAPPROVED: 0,UPDATED: 0,,,

Snax - Idiotville (4/27-5/10),2023/04/27,2023/05/10,HUB-84805,9222,MGangani,0,0,31,14,0,0,0,0,0,0,0,0,SKebede,,"1. HUB-98052: Handle React 18 UT failure for Myschedule.spec and NotificationFlyoutContent.spec
2. Pull request #9195: HUB-98052: Handle React 18 UT failure for Myschedule.spec and NotificationFlyoutContent.spec  Merge in AX/attendee-experience-web from hub-98052 to HUB-84705-3  * commit '5fd0bd70cd79481c2bedbf2860b8aae8d3876154':    HUB-98052: Handle React 18 UT failure for Myschedule.spec and NotificationFlyoutContent.spec"
Snax - Idiotville (4/27-5/10),2023/04/27,2023/05/10,HUB-97195,9177,MGangani,0,0,0,0,0,0,0,0,0,0,0,0,BRehman,,1. Pull request #9124: HUB-81427 : Update Agenda Date List on Appointment/Reserved Time creation or updation  Merge in AX/attendee-experience-web from hub-81427 to develop  * commit '5b45a11db39d7c0a6f45d1f73211bdaed73f1416':    NA-0: Dummy commit    HUB-81427 : Added comments    HUB-81427: Added Null check    HUB-81427: Handled review comments    HUB-81427 : Added changeset    HUB-81427 : Update Agenda Date List on Appointment/Reserved Time creation or updation
Sprint Totals,,,,,,PR_ADDED: 0,PR_REMOVED: 0,COMMIT_ADDED: 31,COMMIT_REMOVED: 14,APPROVED: 0,COMMENTED: 0,DECLINED: 0,MERGED: 0,OPENED: 0,RESCOPED: 0,UNAPPROVED: 0,UPDATED: 0,,,

Snax - Sprint Kickapoo,2023/05/25,2023/06/07,HUB-99645,9507,MGangani,0,0,493,263,0,0,0,0,0,0,0,0,GStarr,,"1. HUB-99617: this change is covered in HUB-99617-delete
2. HUB-99617: update Myschedule cache based on date tabs and agenda item start date
3. Merge branch 'develop' of https://stash.cvent.net/scm/ax/attendee-experience-web into hub-99617-2
4. HUB-99617: Changes to fix failing tests
5. Merge branch 'develop' of https://stash.cvent.net/scm/ax/attendee-experience-web into hub-99617-2  # Conflicts:  #	packages/attendee-experience-web/src/components/appointments/updateAgendaItems.js  #	packages/attendee-experience-web/src/components/appointments/utilities/useAppointmentQuery.js
6. HUB-99617: remove maunal updation on cache object
7. HUB-99617: incorporate changes to handle cache on agenda delete(decline/cancel)
8. HUB-99617: Make context normalized as per review comment and refactor code to handle failing cases for decline/cancel agenda
9. HUB-99617: revert unwanted queries.ts changes"
Snax - Sprint Kickapoo,2023/05/25,2023/06/07,HUB-101238,9551,MGangani,6291,3709,0,0,0,0,0,0,0,0,0,0,MGangani,,
Sprint Totals,,,,,,PR_ADDED: 6291,PR_REMOVED: 3709,COMMIT_ADDED: 493,COMMIT_REMOVED: 263,APPROVED: 0,COMMENTED: 0,DECLINED: 0,MERGED: 0,OPENED: 0,RESCOPED: 0,UNAPPROVED: 0,UPDATED: 0,,,

Snax - Las Vegas,2023/06/08,2023/06/22,HUB-87193,9507,MGangani,0,0,480,121,0,0,0,0,0,0,0,0,GStarr,,"1. PROD:164612: Prevent booth location to overlap and make it expand till 3 lines and truncate after that
2. PROD-164612: dummy commit
3. Pull request #9473: PROD-164612: Prevent booth location to overlap and make it expand till 3 lines and truncate after that  Merge in AX/attendee-experience-web from prod-164612 to develop  * commit '835917246102f29b7f68c4c74c76e2036d8f4a94':    PROD-164612: dummy commit    PROD:164612: Prevent booth location to overlap and make it expand till 3 lines and truncate after that
4. HUB-99617: use Reactive Variable instead of context for MyScheduleFilter
5. HUB-99617: refactoring
6. HUB-99617: lint fix
7. HUB-99617: moved useAgendaItemsCache.js to MySchedule component for better ownership
8. HUB-99617: Fix failing UTS
9. HUB-99617: lint fix
10. HUB-99617: Fixed personal time bugs, added comment and added Uts
11. HUB-99617: lint fix
12. HUB-96617: more UTs
13. Merge branch 'develop' of https://stash.cvent.net/scm/ax/attendee-experience-web into hub-99617-2
14. HUB-99617: fix issue when updating cache with filter and update cache for new property added
15. HUB-99617: fix UTs
16. HUB-99617: fix syntax
17. Pull request #9444: HUB-99617: update Myschedule cache based on date tabs and agenda item start date  Merge in AX/attendee-experience-web from hub-99617-2 to develop  * commit '512a2ffc692f5348b39d27ba7017cb5b5babbe9c': (24 commits)    HUB-99617: fix syntax    HUB-99617: fix UTs    HUB-99617: fix issue when updating cache with filter and update cache for new property added    HUB-96617: more UTs    HUB-99617: lint fix    HUB-99617: Fixed personal time bugs, added comment and added Uts    HUB-99617: lint fix    HUB-99617: Fix failing UTS    HUB-99617: moved useAgendaItemsCache.js to MySchedule component for better ownership    HUB-99617: lint fix    HUB-99617: refactoring    HUB-99617: use Reactive Variable instead of context for MyScheduleFilter    HUB-99617: PR feedback - Wrap updateAgendaItemCache function inside a hook    HUB-99617: Update query param    HUB-99617: Refactor updateAgendaItems function    HUB-99617: revert unwanted queries.ts changes    HUB-99617: Make context normalized as per review comment and refactor code to handle failing cases for decline/cancel agenda    HUB-99617: incorporate changes to handle cache on agenda delete(decline/cancel)    HUB-99617: remove maunal updation on cache object    HUB-99617: Changes to fix failing tests    ..."
Snax - Las Vegas,2023/06/08,2023/06/22,HUB-97243,1560,MGangani,5945,1315,0,0,0,0,0,0,1,0,0,0,MGangani,,1. Merge branch 'master' of https://stash.cvent.net/scm/ax/attendee-experience-builder into release/1.107.0  # Conflicts:  #	.changeset/gold-carrots-yawn.md  #	.changeset/great-rocks-drive.md  #	.changeset/mean-ties-tease.md  #	.changeset/unlucky-maps-wash.md  #	.changeset/yellow-maps-love.md
Snax - Las Vegas,2023/06/08,2023/06/22,HUB-97243,1556,MGangani,5925,1136,0,0,0,2,1,0,1,0,0,0,MGangani,"1. Yes i did start from masster but seems there are few conflicts in changeset files.  I'll decline this and create a new PR after taking down merge from master as per step mentioned [here](https://wiki.cvent.com/pages/viewpage.action?spaceKey=WAX&title=Weekly+AH+Deployment+FAQ#WeeklyAHDeploymentFAQ-Q.MyreleasePRhasmergeconflictsforchangesetfiles.DidIbreaksomething?)
2. Are you referring to some other changes apart from changeset conflicts?",
Snax - Las Vegas,2023/06/08,2023/06/22,HUB-97887,3614,MGangani,1547,696,0,0,0,0,0,0,1,0,0,0,MGangani,,1. Merge branch 'master' of https://stash.cvent.net/scm/ax/attendee-experience-data into release/2.17.0  # Conflicts:  #	.changeset/clever-pianos-repeat.md  #	.changeset/spotty-turkeys-yawn.md
Snax - Las Vegas,2023/06/08,2023/06/22,HUB-97887,3613,MGangani,1453,721,0,0,0,0,1,0,1,0,0,0,MGangani,,
Snax - Las Vegas,2023/06/08,2023/06/22,HUB-101238,9551,MGangani,6291,3709,0,0,0,0,0,0,1,0,0,0,MGangani,,
Snax - Las Vegas,2023/06/08,2023/06/22,HUB-101309,3614,MGangani,1547,696,0,0,0,0,0,0,0,0,0,0,MGangani,,
Snax - Las Vegas,2023/06/08,2023/06/22,HUB-101309,3613,MGangani,1453,721,0,0,0,0,0,0,0,0,0,0,MGangani,,
Snax - Las Vegas,2023/06/08,2023/06/22,HUB-101099,9551,MGangani,6291,3709,0,0,0,0,0,0,0,0,0,0,MGangani,,
Snax - Las Vegas,2023/06/08,2023/06/22,HUB-103907,9565,MGangani,0,0,0,0,0,0,0,0,0,0,0,0,RLiwag,,
Sprint Totals,,,,,,PR_ADDED: 30452,PR_REMOVED: 12703,COMMIT_ADDED: 480,COMMIT_REMOVED: 121,APPROVED: 0,COMMENTED: 2,DECLINED: 2,MERGED: 0,OPENED: 5,RESCOPED: 0,UNAPPROVED: 0,UPDATED: 0,,,

Overall Totals,,,,,,PR_ADDED: 36743,PR_REMOVED: 16412,COMMIT_ADDED: 1024,COMMIT_REMOVED: 430,APPROVED: 0,COMMENTED: 2,DECLINED: 2,MERGED: 0,OPENED: 5,RESCOPED: 0,UNAPPROVED: 0,UPDATED: 0,,,
