SPRINT,START_DATE,END_DATE,TICKET,PR_ID,USER,PR_ADDED,PR_REMOVED,COMMIT_ADDED,COMMIT_REMOVED,APPROVED,COMMENTED,DECLINED,MERGED,OPENED,RESCOPED,UNAPPROVED,UPDATED,AUTHOR,COMMENTS,COMMIT_MESSAGES
WOW - S7 (30 Mar - 12Apr) 33,2023/03/30,2023/04/12,WEBINAR-5607,150583,SBhardwaj,8237,1763,0,0,0,0,0,0,0,0,0,0,SBhardwaj,,
Sprint Totals,,,,,,PR_ADDED: 8237,PR_REMOVED: 1763,COMMIT_ADDED: 0,COMMIT_REMOVED: 0,APPROVED: 0,COMMENTED: 0,DECLINED: 0,MERGED: 0,OPENED: 0,RESCOPED: 0,UNAPPROVED: 0,UPDATED: 0,,,

Q2 - WOW S11 (25 May-7 Jun),2023/05/25,2023/06/07,PROD-157033,150583,SBhardwaj,8237,1763,0,0,0,0,0,0,0,0,0,0,SBhardwaj,,
Sprint Totals,,,,,,PR_ADDED: 8237,PR_REMOVED: 1763,COMMIT_ADDED: 0,COMMIT_REMOVED: 0,APPROVED: 0,COMMENTED: 0,DECLINED: 0,MERGED: 0,OPENED: 0,RESCOPED: 0,UNAPPROVED: 0,UPDATED: 0,,,

Q2 - WOW S12 (8 - 21 Jun),2023/06/08,2023/06/21,PROD-167534,151126,SBhardwaj,7959,2041,0,0,0,0,0,0,0,0,0,0,SBhardwaj,,
Sprint Totals,,,,,,PR_ADDED: 7959,PR_REMOVED: 2041,COMMIT_ADDED: 0,COMMIT_REMOVED: 0,APPROVED: 0,COMMENTED: 0,DECLINED: 0,MERGED: 0,OPENED: 0,RESCOPED: 0,UNAPPROVED: 0,UPDATED: 0,,,

Overall Totals,,,,,,PR_ADDED: 24433,PR_REMOVED: 5567,COMMIT_ADDED: 0,COMMIT_REMOVED: 0,APPROVED: 0,COMMENTED: 0,DECLINED: 0,MERGED: 0,OPENED: 0,RESCOPED: 0,UNAPPROVED: 0,UPDATED: 0,,,
