SPRINT,START_DATE,END_DATE,TICKET,PR_ID,USER,PR_ADDED,PR_REMOVED,COMMIT_ADDED,COMMIT_REMOVED,APPROVED,COMMENTED,DECLINED,MERGED,OPENED,RESCOPED,UNAPPROVED,UPDATED,AUTHOR,COMMENTS,COMMIT_MESSAGES
Quasar: J'23 (May 11- May 24),2023/05/11,2023/05/24,PROD-162137,149493,Dhruti.Shah,0,0,12,43,0,0,0,0,0,0,0,0,APrajapati,,"1. PROD-165500 | On deleting a Custom RFP Field, the field name is displayed on the list.
2. PROD-165500 | On deleting a Custom Field, the field name is displayed on the list.
3. FileUploadController.cs edited online with Bitbucket  PROD-163344:Removed code that is saving file on Server at  profileimage/tmp folder"
Quasar: J'23 (May 11- May 24),2023/05/11,2023/05/24,WEBINAR-8857,150499,Dhruti.Shah,8640,1360,0,0,0,0,0,0,0,0,0,0,Dhruti.Shah,,
Quasar: J'23 (May 11- May 24),2023/05/11,2023/05/24,WEBINAR-8857,150773,Dhruti.Shah,8181,1819,0,0,0,0,0,0,0,0,0,0,Dhruti.Shah,,
Sprint Totals,,,,,,PR_ADDED: 16821,PR_REMOVED: 3179,COMMIT_ADDED: 12,COMMIT_REMOVED: 43,APPROVED: 0,COMMENTED: 0,DECLINED: 0,MERGED: 0,OPENED: 0,RESCOPED: 0,UNAPPROVED: 0,UPDATED: 0,,,

Overall Totals,,,,,,PR_ADDED: 16821,PR_REMOVED: 3179,COMMIT_ADDED: 12,COMMIT_REMOVED: 43,APPROVED: 0,COMMENTED: 0,DECLINED: 0,MERGED: 0,OPENED: 0,RESCOPED: 0,UNAPPROVED: 0,UPDATED: 0,,,
