SPRINT,START_DATE,END_DATE,TICKET,PR_ID,USER,PR_ADDED,PR_REMOVED,COMMIT_ADDED,COMMIT_REMOVED,APPROVED,COMMENTED,DECLINED,MERGED,OPENED,RESCOPED,UNAPPROVED,UPDATED,AUTHOR,COMMENTS,COMMIT_MESSAGES
Quasar: K'23 (May 25- Jun 07,2023/05/25,2023/06/07,WEBINAR-614,9507,GStarr,7586,2414,0,0,0,0,0,0,0,0,0,0,GStarr,,
Quasar: K'23 (May 25- Jun 07,2023/05/25,2023/06/07,WEBINAR-9372,9507,GStarr,7586,2414,0,0,0,0,0,0,0,0,0,0,GStarr,,
Sprint Totals,,,,,,PR_ADDED: 15172,PR_REMOVED: 4828,COMMIT_ADDED: 0,COMMIT_REMOVED: 0,APPROVED: 0,COMMENTED: 0,DECLINED: 0,MERGED: 0,OPENED: 0,RESCOPED: 0,UNAPPROVED: 0,UPDATED: 0,,,

Overall Totals,,,,,,PR_ADDED: 15172,PR_REMOVED: 4828,COMMIT_ADDED: 0,COMMIT_REMOVED: 0,APPROVED: 0,COMMENTED: 0,DECLINED: 0,MERGED: 0,OPENED: 0,RESCOPED: 0,UNAPPROVED: 0,UPDATED: 0,,,
