SPRINT,START_DATE,END_DATE,TICKET,PR_ID,USER,PR_ADDED,PR_REMOVED,COMMIT_ADDED,COMMIT_REMOVED,APPROVED,COMMENTED,DECLINED,MERGED,OPENED,RESCOPED,UNAPPROVED,UPDATED,AUTHOR,COMMENTS,COMMIT_MESSAGES
Quasar: J'23 (May 11- May 24),2023/05/11,2023/05/24,WEBINAR-8857,150702,THarsh,8181,1819,0,0,0,0,0,0,0,0,0,0,THarsh,,
Quasar: J'23 (May 11- May 24),2023/05/11,2023/05/24,WEBINAR-8857,150718,THarsh,0,0,0,0,0,0,0,0,0,0,0,0,APrajapati,,
Sprint Totals,,,,,,PR_ADDED: 8181,PR_REMOVED: 1819,COMMIT_ADDED: 0,COMMIT_REMOVED: 0,APPROVED: 0,COMMENTED: 0,DECLINED: 0,MERGED: 0,OPENED: 0,RESCOPED: 0,UNAPPROVED: 0,UPDATED: 0,,,

Overall Totals,,,,,,PR_ADDED: 8181,PR_REMOVED: 1819,COMMIT_ADDED: 0,COMMIT_REMOVED: 0,APPROVED: 0,COMMENTED: 0,DECLINED: 0,MERGED: 0,OPENED: 0,RESCOPED: 0,UNAPPROVED: 0,UPDATED: 0,,,
