SPRINT,START_DATE,END_DATE,TICKET,PR_ID,USER,PR_ADDED,PR_REMOVED,COMMIT_ADDED,COMMIT_REMOVED,APPROVED,COMMENTED,DECLINED,MERGED,OPENED,RESCOPED,UNAPPROVED,UPDATED,AUTHOR,COMMENTS,COMMIT_MESSAGES
Q2 2023 - Sprint 2,2023/04/20,2023/05/03,PROD-165670,148210,AJagtap,0,0,9,6,0,0,0,0,0,0,0,0,Vinodkumar.Yadav,,"1. Revert ""[prod-163585] : Logic changed to show proper message for MRF created and MRF updated.""  This reverts commit 3602f761f84f04308bc13bffdc14db2d482e672f.
2. Revert ""Revert ""[prod-163585] : Logic changed to show proper message for MRF created and MRF updated.""""  This reverts commit 05e46a074c2eed1d15a1daa9ba1226c7abc0867e.
3. Merge branch 'prod' of ssh://stash.cvent.net:7999/cvt/c4 into prod-163585
4. [prod-163585] : Logic changed to show proper message for MRF created and MRF updated."
Q2 2023 - Sprint 2,2023/04/20,2023/05/03,PROD-165670,148485,AJagtap,0,0,0,0,1,0,0,0,0,0,0,1,AArankeri,,
Q2 2023 - Sprint 2,2023/04/20,2023/05/03,PROD-165670,148504,AJagtap,7807,2193,0,0,0,0,0,1,1,0,0,0,AJagtap,,
Q2 2023 - Sprint 2,2023/04/20,2023/05/03,PROD-165670,148608,AJagtap,0,0,4,1,0,0,0,0,0,0,0,0,SBandekar,,"1. Pull request #148313: down merge Prod  Merge in CVT/c4 from prod to prod-163585  * commit '877987522cb1068317daf2f580c0a39af8511368': (35 commits)    fix rollback script    reverting PROD-156244 from ccid-2536 Revert ""Pull request #148142: Prod 156244""    PROD-164836 move scripts to the right folder    PROD-164493:added rfp check    PROD-162762 :Fix for Create proposal failing on step2 for italian locale    PROD-162762 :Fix for Create proposal failing on step2 for italian locale    Revert """"Reverting PROD-164493 from ccid-2531"" Revert ""Pull request #147924: Prod 164493""""    PROD-162762 :Fix for Create proposal failing on step2 for italian locale    PROD-162762 :Fix for Create proposal failing on step2 for italian locale    Lu script for service broker queue    Create service broker queue    PROD-165308: Solution Auditor fixes    PROD-165308: Updated to release version of Cvent.Controls    PROD-165308: Update Cvent.Controls to silo version.    PROD-162687: add indices    [FLEX-87788]: Add rollback file to lu table    [FLEX-87788]: Move sql file to correct LU_Table directory    WEBINAR-6311: Removed unnecessary padding.    WEBINAR-6311: Changed name of class to avoid clashes with same named class in other css files.    WEBINAR-6311: Phrase pull.    ...
2. [prod-163585] : Logic changed to show proper message for MRF created and MRF updated."
Q2 2023 - Sprint 2,2023/04/20,2023/05/03,PROD-165670,148796,AJagtap,8453,1547,0,0,0,0,0,1,1,0,0,0,AJagtap,,
Q2 2023 - Sprint 2,2023/04/20,2023/05/03,PROD-165670,149030,AJagtap,0,0,22,16,0,0,0,0,0,0,0,0,ALakshkar,,"1. Pull request #148796: down merge Prod  Merge in CVT/c4 from prod to prod-165249  * commit '049222bf2e85e113bdcc42aea744984a1348099e': (510 commits)    Web.Base.config edited online with Bitbucket    Remove binding redirect that might be the reason user editing in cvii is failing.    PROD-165999: removed from ccid-2546 Revert ""Pull request #148489: Src 8557 new""    [prod-163585] : Logic changed to show proper message for MRF created and MRF updated.    Revert ""Revert ""[prod-163585] : Logic changed to show proper message for MRF created and MRF updated.""""    Revert ""[prod-163585] : Logic changed to show proper message for MRF created and MRF updated.""    WEBINAR-7051: add new property named client in bearer token metadata which will hold map for clientName and username    PROD-165373: Resolve conflicts    PROD-165373: Version update    Fix for questions not showing up    WEBINAR-7314: Update resx keys    CSNALL-61056: Updated LU Scripts    PROD-157009: Correcting incorrect password    PROD-166055:ADR and FnB updates for Q2 2023    HUB-96782: add assistant:write permission to bearer token in c4    RND-10648: Update packages to ccid version    WEBINAR-7314: Incorporate review comment    RND-10648: fixes    adding namespace    ENT-28287 retry deleting the portal 3 times when TaskCanceledException is thrown    ...
2. [PROD-165249] : Added Column names in insert query to avoid exception for newly added columns in ENTITY_VISIBILITY table.
3. [PROD-165249] : Added Column names in insert query to avoid exception for newly added columns in ENTITY_VISIBILITY table.
4. [PROD-165249] : Resolved conflicts
5. [PROD-165249] : Changes made to resolve conflicts."
Q2 2023 - Sprint 2,2023/04/20,2023/05/03,HUB-97991,148816,AJagtap,4893,5107,0,0,0,0,0,0,0,0,0,0,AJagtap,,
Q2 2023 - Sprint 2,2023/04/20,2023/05/03,HUB-97991,148934,AJagtap,4467,5533,0,0,0,0,0,0,0,0,0,0,AJagtap,,
Q2 2023 - Sprint 2,2023/04/20,2023/05/03,HUB-97991,148967,AJagtap,1459,621,0,0,0,0,0,0,0,0,0,0,AJagtap,,
Q2 2023 - Sprint 2,2023/04/20,2023/05/03,HUB-97991,148968,AJagtap,1459,621,0,0,0,0,0,0,0,0,0,0,AJagtap,,
Q2 2023 - Sprint 2,2023/04/20,2023/05/03,HUB-97991,149024,AJagtap,0,0,0,0,0,0,0,0,0,0,0,0,Sagar.Patel,,
Sprint Totals,,,,,,PR_ADDED: 28538,PR_REMOVED: 15622,COMMIT_ADDED: 35,COMMIT_REMOVED: 23,APPROVED: 1,COMMENTED: 0,DECLINED: 0,MERGED: 2,OPENED: 2,RESCOPED: 0,UNAPPROVED: 0,UPDATED: 1,,,

Q2 2023 - Sprint 3,2023/05/04,2023/05/17,HUB-97991,148816,AJagtap,4893,5107,0,0,0,0,0,0,0,3,0,0,AJagtap,,"1. Pull request #148968: down merge Prod  Merge in CVT/c4 from prod to prod-165249  * commit 'b9a85379bf657752896d1dbcd082478332f4bf83': (34 commits)    HUB-97991: added writing assistant url in appbuilder properties    WEBINAR-7982: Add account id in the logs    PROD-166639:Implementation of review comments    WEBINAR-7982: Change the order of the account flag change call    WEBINAR-7982: Hook up event license type change endpoint with CVII when event license is changed from self serve to professional or enterprise    PROD-165897: phraseapp pull for event and admin    Revert ""PROD-165897: phraseapp pull for event and admin""    WEBINAR-5308: Removed planner dot net client version in cvii module    up_cvnt_Session_AwardCreditsBySessionEndDate.sql edited online with Bitbucket    [PROD:148017] : Update the changes for Event Questions Tag    PROD-162646 :Create proposal fix for spanish language if checkout date is wednesday or check in date tuesday    Import package for TriggerType    PROD-165470: Remove code for cc    PROD-165470: Remove code for cc    WEBINAR:5308: Updated client registration    WEBINAR-5308: Updated resx keys again    Revert ""WEBINAR-5308:Added resx keys""    WEBINAR-5408:Added resx keys    FLEX-82830 Update paths for custom widget admin    PROD-165897: phraseapp pull for event and admin    ...
2. Pull request #149027: down merge Prod  Merge in CVT/c4 from prod to prod-165249  * commit '1aa1102046d8faee153839aedfbd67d33fd25c08': (41 commits)    PROD-166581: duplicate entry removed    PROD-166581: latest resx pull    PROD-166752: Integrate webinars downgrade for free tier admin user notify endpoint    reverting PROD-148017 from ccid-2553 Revert ""Pull request #148857: [PROD:148017] : Update the changes for Event Questions Tag""    ALPHA-PROD-CONFLICT: latest event soa package updated    WEBINAR-8478: correct condition to auto enable cvent video player    WEBINAR-8478: place cvent video player turning on at correct place    HUB-80307: re-add Print Badge with OnArrival to search list    WEBINAR-8478: append cvent video player flag correctly in xml    PROD-161014: removed unnecessary diff    PROD-161014: Removed waitlisted status from Hotel Request planner pages too.    PROD-161014: Refactored code    WEBINAR-8478: enable cvent video player if we enabled webianr management falg    PROD-161014: Removed Waitlisted status from air request.    PROD-166555 - typo    HUB-80307: missed a section in details list to allow OA Badge Printing    HUB-80307: allow badge printing with OnArrival    HUB-80307: remove TODO comment    PROD-166555 - typo    PROD-166555 - Remove unused var as per PR review    ..."
Q2 2023 - Sprint 3,2023/05/04,2023/05/17,HUB-97991,148934,AJagtap,4467,5533,0,0,0,0,0,1,1,0,0,0,AJagtap,,
Q2 2023 - Sprint 3,2023/05/04,2023/05/17,HUB-97991,148967,AJagtap,1459,621,0,0,0,0,0,1,1,0,0,0,AJagtap,,
Q2 2023 - Sprint 3,2023/05/04,2023/05/17,HUB-97991,148968,AJagtap,1459,621,0,0,0,0,0,1,1,0,0,0,AJagtap,,
Q2 2023 - Sprint 3,2023/05/04,2023/05/17,HUB-97991,149024,AJagtap,0,0,0,0,1,0,0,0,0,0,0,1,Sagar.Patel,,
Q2 2023 - Sprint 3,2023/05/04,2023/05/17,HUB-97991,149030,AJagtap,0,0,0,0,0,0,0,0,0,0,0,0,ALakshkar,,"1. Pull request #148924: Down merge prod in [PROD-165249]  Merge in CVT/c4 from prod to prod-165249  * commit 'e11e77ba741c2b706036e24b92ba9581f8cf40ac': (90 commits)    PROD-165095:SP updated    PROD-164211 | Pending translation for key import_error_desc: Invalid answer format for session custom field    PROD-164728 : Adding entry for surveys and package upgrade    PROD-164728: removed from ccid-2550 Revert ""Pull request #148726: PROD-164728 : Adding entry for surveys and package upgrade""    WEBINAR-7906: Uncheck webinars if slefserve to another license logic removed from incorrect place    WEBINAR-7906: Uncheck webinars if slefserve to another license logice placed at correct place.    PROD-166293: removed from ccid-2550 Revert ""Pull request #148718: PROD-166293: Release of Logging of History tables""    PROD-165533 : GetFileServerPathS3 method fetch from InviteeAnswersMapper    PROD-166515: latest resx pull    PROD-166515: resx string added    PROD-166515: event soa package updated    PROD-164728 : Adding entry for surveys and package upgrade    WEBINAR-6051: fix typo in merge    SURVEY-67879: conflict merge while cherry-pick    FLEX-88383: Inject writing assitant URL into designers    FLEX-88383: Inject writing assitant URL into designers    PROD-166487: Make accountMappingId searchable in all regions    FLEX-88383: Inject writing assitant URL into designers    FLEX-88046: Add key for writing assistant endpoint    RND:10782: Remove commented out code    ..."
Sprint Totals,,,,,,PR_ADDED: 12278,PR_REMOVED: 11882,COMMIT_ADDED: 0,COMMIT_REMOVED: 0,APPROVED: 1,COMMENTED: 0,DECLINED: 0,MERGED: 3,OPENED: 3,RESCOPED: 3,UNAPPROVED: 0,UPDATED: 1,,,

Q2 2023 - Sprint 4,2023/05/18,2023/05/31,HUB-84318,12079,AJagtap,6423,3577,0,0,0,0,0,0,0,0,0,0,AJagtap,,
Q2 2023 - Sprint 4,2023/05/18,2023/05/31,PROD-166215,12079,AJagtap,6423,3577,0,0,0,0,0,0,0,0,0,0,AJagtap,,
Sprint Totals,,,,,,PR_ADDED: 12846,PR_REMOVED: 7154,COMMIT_ADDED: 0,COMMIT_REMOVED: 0,APPROVED: 0,COMMENTED: 0,DECLINED: 0,MERGED: 0,OPENED: 0,RESCOPED: 0,UNAPPROVED: 0,UPDATED: 0,,,

Q2 2023 - Sprint 5,2023/06/01,2023/06/14,HUB-84318,12079,AJagtap,6423,3577,0,0,0,0,0,0,0,0,0,0,AJagtap,,
Q2 2023 - Sprint 5,2023/06/01,2023/06/14,PROD-166215,12079,AJagtap,6423,3577,0,0,0,0,0,0,0,0,0,0,AJagtap,,
Q2 2023 - Sprint 5,2023/06/01,2023/06/14,PROD-168082,149732,AJagtap,0,0,1125,68,0,0,0,0,0,0,0,0,SSao,,"1. PROD-166523-new : Added validation logic for Role assignment rule and Advanced filter.
2. PROD-166523 : Took Phrase pull for newly added keys
3. Pull request #150293: Down Merge Prod  Merge in CVT/c4 from prod to prod-166523-new  * commit '35d29c86da712b18f826961fe369c2e2536a213f':    PROD-169099: downgraded Cvent.Antivirus due to issues with contact import.    PROD-169099: switch Redis to DB 1    package update by jenkins for Cvent.Controls 3.230607.115006    Tide:8034 Lu Script    Tide:8035 Lu Script    package update by jenkins for Cvent.Controls 3.230602.123444-dev606    PROD-169099: Fixes after updating packages.    package update by jenkins for Cvent.Framework.Navigation 1.230602.115912    package update by jenkins for Cvent.BackendAuth 2.230601.145532    package update by jenkins for Cvent.Auth.Client 2.230601.133837
4. Pull request #150417: Down merge Prod  Merge in CVT/c4 from prod to prod-166523-new  * commit '3d3b5004aa63bd95b6db616aafc7473584d577d8': (179 commits)    Reverting PROD-168960 from ccid-2595 Revert ""Pull request #150321: Webinar 882""    PROD-170011: Adding a default route to MobilePass that will rediriect to Apple Wallet    PROD-168997: dup entries removed    Reverting PROD-169097 from ccid-2592 Revert ""Pull request #150262: Prod 169097""    PROD-169012: Removed from CCID-2592 Revert ""Pull request #150271: Prod 169012""    HUB-101134: Add check on IMPORT_QUEUE_STATUS ID to ease roll-back    PROD-169590: Fixed the PlannerEvents.Client import in CVII.    Revert ""PROD-169590: removed from ccid-2589 Revert ""Pull request #150185: Webinar 8506 ccid""""    FLEX-89078: Phrase pull    PROD-169684: removed from ccid-2592 Revert ""Pull request #150237: FLEX-86204: fixed wrong version update""    ENT-27834 reverting the revert and resolving conflict with a phrase pull    FLEX-86204: fixed wrong version update    PROD-166523: removed from ccid-2586 Revert ""Pull request #150123: Revert ""reverting PROD-166523 from ccid-2581 Revert ""Pull request #149893: Prod 166523""""""    PROD-169563: removed from ccid-2586 Revert ""Pull request #150150: Ent 27834 prod""    PROD-169557: removed from ccid-2586 origpr Revert ""Pull request #150118: SRC-9162: Update Speaker Bio field with writing assistant""    PROD-169557: removed from ccid-2586 fwd fix pr Revert ""Pull request #150155: SRC-9162 fixed hint paths""    PROD-168450-1: added the dm script    Revert ""PROD-167919: Removed from ccid-2583 7fa51b38efd Revert ""Pull request #150080: Revert ""Reverting PROD-167919 from ccid-2583""""""    Revert ""PROD-167700: removed from ccid-2586 Revert ""Pull request #150152: PROD-167700 | operation_id = 30 code clean up from up_async_SendServiceBrokerRequest SP""""    PROD-168997: latest resx pull    ...
5. PROD-166523 : Added criteria for BLANK and NOT BLANK operator where validation is not expected.
6. PROD-167644 : Added Null check and Logic for multi choice question answer to receive notification."
Q2 2023 - Sprint 5,2023/06/01,2023/06/14,PROD-168082,150493,AJagtap,997,393,0,0,0,0,0,0,0,0,0,0,AJagtap,,
Q2 2023 - Sprint 5,2023/06/01,2023/06/14,PROD-168082,150073,AJagtap,8647,1353,0,0,0,0,0,0,1,0,0,0,AJagtap,,
Sprint Totals,,,,,,PR_ADDED: 22490,PR_REMOVED: 8900,COMMIT_ADDED: 1125,COMMIT_REMOVED: 68,APPROVED: 0,COMMENTED: 0,DECLINED: 0,MERGED: 0,OPENED: 1,RESCOPED: 0,UNAPPROVED: 0,UPDATED: 0,,,

Overall Totals,,,,,,PR_ADDED: 76152,PR_REMOVED: 43558,COMMIT_ADDED: 1160,COMMIT_REMOVED: 91,APPROVED: 2,COMMENTED: 0,DECLINED: 0,MERGED: 5,OPENED: 6,RESCOPED: 3,UNAPPROVED: 0,UPDATED: 2,,,
