SPRINT,START_DATE,END_DATE,TICKET,PR_ID,USER,PR_ADDED,PR_REMOVED,COMMIT_ADDED,COMMIT_REMOVED,APPROVED,COMMENTED,DECLINED,MERGED,OPENED,RESCOPED,UNAPPROVED,UPDATED,AUTHOR,COMMENTS,COMMIT_MESSAGES
Q2 - WOW S11 (25 May-7 Jun),2023/05/25,2023/06/07,PROD-166887,3226,CMalik,0,0,0,0,1,0,0,0,0,0,0,0,VGaur,,
Q2 - WOW S11 (25 May-7 Jun),2023/05/25,2023/06/07,WEBINAR-9556,1610,CMalik,179,29,260,110,0,3,0,1,1,6,0,0,CMalik,"1. I agree that the same logic is being repeated, can you please recommend a central place where i can write this?
2. Updated
3. Created constants, updated","1. WEBINAR:9556: Remove Duration Limit and Concurrent Webinar Error for Sales Account
2. WEBINAR:9556: Refactoring validations
3. WEBINAR:9556: adding UTs
4. Merge branch 'master' of ssh://stash.cvent.net:7999/ec/planner-events into WEBINAR-9556
5. WEBINAR-9556: adding changeset
6. WEBINAR-9556: creating max event minutes constant
7. WEBINAR-9556: Review comment incorporated
8. WEBINAR-9556: Refactoring
9. WEBINAR-9556: changed the validation to allow webinars of duration of max 5 years
10. WEBINAR-9556: added constants as per review comment"
Sprint Totals,,,,,,PR_ADDED: 179,PR_REMOVED: 29,COMMIT_ADDED: 260,COMMIT_REMOVED: 110,APPROVED: 1,COMMENTED: 3,DECLINED: 0,MERGED: 1,OPENED: 1,RESCOPED: 6,UNAPPROVED: 0,UPDATED: 0,,,

Q2 - WOW S12 (8 - 21 Jun),2023/06/08,2023/06/21,PROD-168888,1614,CMalik,0,0,0,0,0,1,0,0,0,0,0,0,CGarg,"1. Sshouldnt this logic be present at service layer? Also, that would fix it for both create and update scenarios. Moreover, we need to add this logic only for webinars i suppose. Please add that check as well.",
Q2 - WOW S12 (8 - 21 Jun),2023/06/08,2023/06/21,WEBINAR-3207,11970,CMalik,2,1,2,1,0,0,0,0,1,0,0,0,CMalik,,1. WEBINAR:3207: Adding check to create email batch only when webinar start time is more than an hour from current time
Q2 - WOW S12 (8 - 21 Jun),2023/06/08,2023/06/21,WEBINAR-3207,1619,CMalik,105,5,107,7,0,0,0,0,1,2,0,0,CMalik,,"1. WEBINAR-3207: Handling scenario on attempt to update Reminder email batch when webinar start time is in less than an hour
2. WEBINAR-3207: Adding UTs
3. Merge branch 'master' of ssh://stash.cvent.net:7999/ec/planner-events into WEBINAR-3207
4. WEBINAR-3207: Refactoring
5. Applied suggestion"
Sprint Totals,,,,,,PR_ADDED: 107,PR_REMOVED: 6,COMMIT_ADDED: 109,COMMIT_REMOVED: 8,APPROVED: 0,COMMENTED: 1,DECLINED: 0,MERGED: 0,OPENED: 2,RESCOPED: 2,UNAPPROVED: 0,UPDATED: 0,,,

Overall Totals,,,,,,PR_ADDED: 286,PR_REMOVED: 35,COMMIT_ADDED: 369,COMMIT_REMOVED: 118,APPROVED: 1,COMMENTED: 4,DECLINED: 0,MERGED: 1,OPENED: 3,RESCOPED: 8,UNAPPROVED: 0,UPDATED: 0,,,
