SPRINT,START_DATE,END_DATE,TICKET,PR_ID,USER,PR_ADDED,PR_REMOVED,COMMIT_ADDED,COMMIT_REMOVED,APPROVED,COMMENTED,DECLINED,MERGED,OPENED,RESCOPED,UNAPPROVED,UPDATED,AUTHOR,COMMENTS,COMMIT_MESSAGES
WOW - S7 (30 Mar - 12Apr) 33,2023/03/30,2023/04/12,WEBINAR-4958,147826,pchugh,0,0,73,34,0,0,0,0,0,0,0,0,THarsh,,"1. webinar-884:assign webinar license during user creation
2. webinar-884-2: Added admin role condition.
3. webinar-884-2: used Model.UserInfo instead of repeated Model.GetUserInfo()
4. webinar-884: updated code
5. webinar-884-2:updated pr"
Sprint Totals,,,,,,PR_ADDED: 0,PR_REMOVED: 0,COMMIT_ADDED: 73,COMMIT_REMOVED: 34,APPROVED: 0,COMMENTED: 0,DECLINED: 0,MERGED: 0,OPENED: 0,RESCOPED: 0,UNAPPROVED: 0,UPDATED: 0,,,

WOW - S8 (13 - 26 Apr),2023/04/13,2023/04/26,PROD-164110,1400,pchugh,0,0,23,0,0,0,0,0,0,0,0,0,THarsh,,1. webinar-3973: Add heading on dropdown options
Sprint Totals,,,,,,PR_ADDED: 0,PR_REMOVED: 0,COMMIT_ADDED: 23,COMMIT_REMOVED: 0,APPROVED: 0,COMMENTED: 0,DECLINED: 0,MERGED: 0,OPENED: 0,RESCOPED: 0,UNAPPROVED: 0,UPDATED: 0,,,

Q2 - WOW S12 (8 - 21 Jun),2023/06/08,2023/06/21,PROD-167534,150073,pchugh,0,0,11,2,0,0,0,0,0,0,0,0,AJagtap,,"1. WEBINAR-10827: Disable the Save Button when we trigger the Bulk Webinar Owner Change from Admin
2. WEBINAR-10827:disabled cancel button and dropdown on save for webinar-owner change popup."
Sprint Totals,,,,,,PR_ADDED: 0,PR_REMOVED: 0,COMMIT_ADDED: 11,COMMIT_REMOVED: 2,APPROVED: 0,COMMENTED: 0,DECLINED: 0,MERGED: 0,OPENED: 0,RESCOPED: 0,UNAPPROVED: 0,UPDATED: 0,,,

Overall Totals,,,,,,PR_ADDED: 0,PR_REMOVED: 0,COMMIT_ADDED: 107,COMMIT_REMOVED: 36,APPROVED: 0,COMMENTED: 0,DECLINED: 0,MERGED: 0,OPENED: 0,RESCOPED: 0,UNAPPROVED: 0,UPDATED: 0,,,
