SPRINT,START_DATE,END_DATE,TICKET,PR_ID,USER,PR_ADDED,PR_REMOVED,COMMIT_ADDED,COMMIT_REMOVED,APPROVED,COMMENTED,DECLINED,MERGED,OPENED,RESCOPED,UNAPPROVED,UPDATED,AUTHOR,COMMENTS,COMMIT_MESSAGES
Emerald - Hoisin,2023/04/11,2023/04/25,CMOBL-146557,3975,KBuschbach,0,0,0,0,0,0,0,0,0,0,0,0,KSet,,
Emerald - Hoisin,2023/04/11,2023/04/25,CMOBL-146568,3993,KBuschbach,0,0,0,0,0,0,0,0,0,0,0,0,John.White,,
Emerald - Hoisin,2023/04/11,2023/04/25,CMOBL-146568,3976,KBuschbach,0,0,0,0,0,0,0,0,0,0,0,0,John.White,,
Emerald - Hoisin,2023/04/11,2023/04/25,CMOBL-146568,4000,KBuschbach,0,0,0,0,0,0,0,0,0,0,0,0,KSet,,"1. Pull request #3938: MergeDevelopKioskFilters  Merge in PT/on-arrival-android from mergeDevelopKioskFilters to feature/kiosk-filters  * commit '108cd0c3dbce3f5254bcc0092c0dff865c008d5a': (164 commits)    Restore test after merge conflict    CTEQ-56469 | Addressed PR comment    CMOBL-151319 | Rename method    CMOBL-151319 | get only unanswered question ids for event or session checkin    CTEQ-56469 | Added animation toggles    CTEQ-56469 | Updated test comment    CTEQ-56469 | Added SSO login test    CMOBL-150439 | Integrate KMM and use kmm OAMath code Integrated the KMM code and switched over to using the OAMath code in the shared module instead of the native code.    CTEQ-56411 | Removed unused constants from OATestConstants    CTEQ-56411 | Added fixes for automation failure issues    CTEQ-53898 | Responding to PR comment    CTEQ-53898 | Responding to PR comments    CTEQ-53898 | Fixing documentation    CMOBL-151319 | Fix tests    CMOBL-151319 | Fix lint issue and remove session id check    CTEQ-53898 | Fixed style issues    CMOBL-152596: tnc questions should be downloaded for the entire event, ""type"" property should be set    CMOBL-151319 | Increment version code to 51    CTEQ-53898 | Added check-in timestamp verification step    CTEQ-53898 | Removing unused methods and lint fixes    ..."
Emerald - Hoisin,2023/04/11,2023/04/25,CMOBL-146568,3941,KBuschbach,0,0,0,0,0,2,0,0,0,0,0,0,John.White,"1. Text size should be in sp for adjusting font size
2. Is the plan to keep this and QuickScanResultState or will they eventually be merged? Or will there be a base result state they can both extend?",
Emerald - Hoisin,2023/04/11,2023/04/25,CMOBL-149860,3917,KBuschbach,292,463,0,0,0,0,0,0,0,0,0,0,KBuschbach,,
Emerald - Hoisin,2023/04/11,2023/04/25,CMOBL-149860,3923,KBuschbach,7871,2129,0,0,0,0,0,0,0,0,0,0,KBuschbach,,
Emerald - Hoisin,2023/04/11,2023/04/25,CMOBL-149860,3937,KBuschbach,7076,1329,0,0,0,0,0,0,0,0,0,0,KBuschbach,,
Emerald - Hoisin,2023/04/11,2023/04/25,CMOBL-149860,3938,KBuschbach,6858,1412,0,0,0,0,0,1,0,0,0,0,KBuschbach,,
Emerald - Hoisin,2023/04/11,2023/04/25,CMOBL-149860,3952,KBuschbach,0,0,13,0,1,0,0,0,0,0,0,0,DVolodin,,1. CMOBL-153098 | Logging for debugging
Emerald - Hoisin,2023/04/11,2023/04/25,CMOBL-149860,3963,KBuschbach,506,337,366,197,0,0,0,0,1,0,0,0,KBuschbach,,"1. CMOBL-149860 | Change kiosk welcome test to base isolated
2. CMOBL-149860 | Update kiosk welcome test names
3. CMOBL-149860 | Update kiosk admin test to base isolated
4. CMOBL-149860 | Update kiosk admin test names
5. CMOBL-149860 | Update kiosk modal test to base isolated
6. CMOBL-149860 | Fix mocks and cleanup styles
7. CMOBL-149860 | Add annotation and const
8. CMOBL-149860 | Rename dialog test"
Emerald - Hoisin,2023/04/11,2023/04/25,CMOBL-149860,3964,KBuschbach,301,439,79,21,0,0,0,0,0,0,0,0,KBuschbach,,"1. CMOBL-149860 | Convert test to base isolated, add mocks"
Emerald - Hoisin,2023/04/11,2023/04/25,CMOBL-149860,3966,KBuschbach,0,0,0,0,0,0,0,0,0,0,0,0,DVolodin,,
Emerald - Hoisin,2023/04/11,2023/04/25,CMOBL-149860,3967,KBuschbach,0,0,0,0,0,0,0,0,0,0,0,0,DVolodin,,
Emerald - Hoisin,2023/04/11,2023/04/25,CMOBL-149860,3969,KBuschbach,243,183,0,0,0,0,0,0,0,0,0,0,KBuschbach,,
Emerald - Hoisin,2023/04/11,2023/04/25,CMOBL-149860,3972,KBuschbach,885,1226,0,0,0,0,0,0,0,0,0,0,KBuschbach,,
Emerald - Hoisin,2023/04/11,2023/04/25,CMOBL-149860,3990,KBuschbach,0,0,0,0,0,0,0,0,0,0,0,0,KSet,,
Emerald - Hoisin,2023/04/11,2023/04/25,CMOBL-149860,4000,KBuschbach,0,0,0,0,0,0,0,0,0,0,0,0,KSet,,
Sprint Totals,,,,,,PR_ADDED: 24032,PR_REMOVED: 7518,COMMIT_ADDED: 458,COMMIT_REMOVED: 218,APPROVED: 1,COMMENTED: 2,DECLINED: 0,MERGED: 1,OPENED: 1,RESCOPED: 0,UNAPPROVED: 0,UPDATED: 0,,,

Emerald - Italian Seasoning,2023/04/25,2023/05/09,CMOBL-146568,3993,KBuschbach,0,0,0,0,0,0,0,0,0,0,0,0,John.White,,
Emerald - Italian Seasoning,2023/04/25,2023/05/09,CMOBL-146568,3976,KBuschbach,0,0,0,0,0,0,0,0,0,0,0,0,John.White,,
Emerald - Italian Seasoning,2023/04/25,2023/05/09,CMOBL-146568,4000,KBuschbach,0,0,0,0,0,0,0,0,0,0,0,0,KSet,,
Emerald - Italian Seasoning,2023/04/25,2023/05/09,CMOBL-146568,3941,KBuschbach,0,0,0,0,1,0,0,0,0,0,0,0,John.White,,
Emerald - Italian Seasoning,2023/04/25,2023/05/09,CMOBL-149371,833,KBuschbach,6,6,0,0,0,0,0,0,0,0,0,0,KBuschbach,,
Emerald - Italian Seasoning,2023/04/25,2023/05/09,CMOBL-149371,3977,KBuschbach,1,1,0,0,0,0,0,0,0,0,0,0,KBuschbach,,
Emerald - Italian Seasoning,2023/04/25,2023/05/09,CMOBL-149371,3987,KBuschbach,0,0,0,0,0,0,0,0,0,0,0,0,KSet,,
Emerald - Italian Seasoning,2023/04/25,2023/05/09,CMOBL-149371,4000,KBuschbach,0,0,0,0,0,0,0,0,0,0,0,0,KSet,,
Emerald - Italian Seasoning,2023/04/25,2023/05/09,CMOBL-149371,4015,KBuschbach,0,0,847,1274,0,0,0,0,0,0,0,0,KSet,,"1. CMOBL-149860 | Move progress chart test and remove test files
2. Merge branch 'develop' into CMOBL-149860-cleanup-screen-tests
3. CMOBL-149860 | Update kiosk printing process screen test to base isolated
4. CMOBL-149860 | Fix kiosk printing edit text fields test mocks
5. CMOBL-149860 | Move quick filter tests to attendee list test, clean up style
6. CMOBL-149860 | Change badge preview test to base isolated
7. CMOBL-149860 | Fix badge preview test mocks, add annotations
8. CMOBL-149860 | Move nav bar tests into kiosk tests
9. CMOBL-149860 | Add broken test annotations
10. CMOBL-149860 | Add more hybrid overview chart tests
11. CMOBL-149860 | Fix hybrid overview chart tests"
Emerald - Italian Seasoning,2023/04/25,2023/05/09,CMOBL-149860,3917,KBuschbach,292,463,0,0,0,0,0,0,0,0,0,0,KBuschbach,,
Emerald - Italian Seasoning,2023/04/25,2023/05/09,CMOBL-149860,3923,KBuschbach,7871,2129,0,0,0,0,0,0,0,0,0,0,KBuschbach,,
Emerald - Italian Seasoning,2023/04/25,2023/05/09,CMOBL-149860,3937,KBuschbach,7076,1329,0,0,0,0,0,0,0,0,0,0,KBuschbach,,
Emerald - Italian Seasoning,2023/04/25,2023/05/09,CMOBL-149860,3938,KBuschbach,6858,1412,0,0,0,0,0,0,0,0,0,0,KBuschbach,,
Emerald - Italian Seasoning,2023/04/25,2023/05/09,CMOBL-149860,3952,KBuschbach,0,0,0,0,0,0,0,0,0,0,0,0,DVolodin,,
Emerald - Italian Seasoning,2023/04/25,2023/05/09,CMOBL-149860,3963,KBuschbach,506,337,0,0,0,0,0,1,0,0,0,0,KBuschbach,,
Emerald - Italian Seasoning,2023/04/25,2023/05/09,CMOBL-149860,3964,KBuschbach,301,439,185,381,0,0,0,1,1,1,0,0,KBuschbach,,"1. CMOBL-149860 | Add to mocks, clean out old mocks
2. CMOBL-149860 | Move session mocks to test class
3. CMOBL-149860 | Clean up session mocks
4. CMOBL-149860 | Rename tests, remove not needed test
5. Merge branch 'develop' into CMOBL-149860-update-session-list-test-to-base-isolated"
Emerald - Italian Seasoning,2023/04/25,2023/05/09,CMOBL-149860,3966,KBuschbach,0,0,0,0,1,0,0,0,0,0,0,0,DVolodin,,1. Pull request #3963: CMOBL-149860 update kiosk tests to base isolated  Merge in PT/on-arrival-android from CMOBL-149860-update-kiosk-tests-to-base-isolated to develop  * commit 'f5d34bd19674f8c59f6f0fb904b44316b660e02a':    CMOBL-149860 | Rename dialog test    CMOBL-149860 | Add annotation and const    CMOBL-149860 | Fix mocks and cleanup styles    CMOBL-149860 | Update kiosk modal test to base isolated    CMOBL-149860 | Update kiosk admin test names    CMOBL-149860 | Update kiosk admin test to base isolated    CMOBL-149860 | Update kiosk welcome test names    CMOBL-149860 | Change kiosk welcome test to base isolated
Emerald - Italian Seasoning,2023/04/25,2023/05/09,CMOBL-149860,3967,KBuschbach,0,0,0,0,1,0,0,0,0,1,1,0,DVolodin,,"1. Pull request #3964: CMOBL-149860 update session list test to base isolated  Merge in PT/on-arrival-android from CMOBL-149860-update-session-list-test-to-base-isolated to develop  * commit '53a0a80ac2a0b1cd6db4ab8fd9f25aa23cacc0d0':    CMOBL-149860 | Rename tests, remove not needed test    CMOBL-149860 | Clean up session mocks    CMOBL-149860 | Move session mocks to test class    CMOBL-149860 | Add to mocks, clean out old mocks    CMOBL-149860 | Convert test to base isolated, add mocks"
Emerald - Italian Seasoning,2023/04/25,2023/05/09,CMOBL-149860,3969,KBuschbach,243,183,315,255,0,0,0,1,1,1,0,0,KBuschbach,,"1. CMOBL-149860 | Convert attendee print list to base isolated
2. CMOBL-149860 | Fill out mocks and clean up tests
3. CMOBL-149860 | Update Badge History List test to base isolated, fix mocks
4. CMOBL-149860 | Upddate test names and add annotation
5. CMOBL-149860 | Add annotation
6. CMOBL-149860 | Fix annotation style"
Emerald - Italian Seasoning,2023/04/25,2023/05/09,CMOBL-149860,3972,KBuschbach,885,1226,0,0,0,4,0,0,1,3,0,0,KBuschbach,"1. Some were broken into other tests, like NavBarTest. Some were renamed and this shows them as new files. I removed the OSS account test. I'll go through this PR in syncup on Monday
2. Yep still broken, I got it running up to this error again. I'm still trying to find a solution, but I might have to fix it in the follow up ticket.
3. CheckInProgressChart should be tested in HybridOverviewStatsScreenTest. I added verifyProgressChartPercentage in the robot and I was going to use it to cover all the test cases once I figured out the binding issue.
4. Yes, I thought it had to be an open door session. But going back through the adapter, I had it backwards, it has to not be an open door session. I'll get this updated",
Emerald - Italian Seasoning,2023/04/25,2023/05/09,CMOBL-149860,3990,KBuschbach,0,0,0,0,0,0,0,0,0,0,0,0,KSet,,"1. Pull request #3969: CMOBL-149860 update print tests to base isolated  Merge in PT/on-arrival-android from CMOBL-149860-update-print-tests-to-base-isolated to develop  * commit 'af584aef2d7cf45a55bbefc3fc5c923ce4badd55':    CMOBL-149860 | Fix annotation style    CMOBL-149860 | Add annotation    CMOBL-149860 | Upddate test names and add annotation    CMOBL-149860 | Update Badge History List test to base isolated, fix mocks    CMOBL-149860 | Fill out mocks and clean up tests    CMOBL-149860 | Convert attendee print list to base isolated"
Emerald - Italian Seasoning,2023/04/25,2023/05/09,CMOBL-149860,4000,KBuschbach,0,0,0,0,0,0,0,0,0,0,0,0,KSet,,
Emerald - Italian Seasoning,2023/04/25,2023/05/09,CMOBL-151225,3980,KBuschbach,0,0,0,0,0,0,0,0,0,0,0,0,KSet,,
Emerald - Italian Seasoning,2023/04/25,2023/05/09,CMOBL-151225,3987,KBuschbach,0,0,0,0,0,0,0,0,0,0,0,0,KSet,,
Emerald - Italian Seasoning,2023/04/25,2023/05/09,CMOBL-151225,4000,KBuschbach,0,0,0,0,0,0,0,0,0,0,0,0,KSet,,
Sprint Totals,,,,,,PR_ADDED: 24039,PR_REMOVED: 7525,COMMIT_ADDED: 1347,COMMIT_REMOVED: 1910,APPROVED: 3,COMMENTED: 4,DECLINED: 0,MERGED: 3,OPENED: 3,RESCOPED: 6,UNAPPROVED: 1,UPDATED: 0,,,

Emerald - J,2023/05/09,2023/05/23,CMOBL-149371,833,KBuschbach,6,6,7,17,0,0,0,1,1,0,0,0,KBuschbach,,"1. Merge branch 'develop' into CMOBL-149371-preview-share-button-android-11
2. CMOBL-149371 | Update share library to 7.4.0
3. CMOBL-149371 | Revert delete"
Emerald - J,2023/05/09,2023/05/23,CMOBL-149371,3977,KBuschbach,1,1,1,1,0,0,0,1,1,0,0,0,KBuschbach,,1. CMOBL-149371 | Upgrade oareact version
Emerald - J,2023/05/09,2023/05/23,CMOBL-149371,3987,KBuschbach,0,0,0,0,0,0,0,0,0,0,0,0,KSet,,1. Pull request #3977: CMOBL-149371 | Upgrade oareact version  Merge in PT/on-arrival-android from CMOBL-149371-upgrade-oareact-version-for-share to feature/kiosk-filters  * commit '4a0fe8eda349b3b9ed203520209ab7e4aab3bcfe':    CMOBL-149371 | Upgrade oareact version
Emerald - J,2023/05/09,2023/05/23,CMOBL-149371,4000,KBuschbach,0,0,0,0,0,0,0,0,0,0,0,0,KSet,,
Emerald - J,2023/05/09,2023/05/23,CMOBL-149371,4015,KBuschbach,0,0,195,99,0,0,0,0,0,0,0,0,KSet,,"1. CMOBL-149860 | Add tests covering negative and zero overview stats
2. CMOBL-149860 | Style fixes and PR fixes
3. Merge branch 'develop' into CMOBL-149860-cleanup-screen-tests
4. Merge branch 'develop' into CMOBL-149860-cleanup-screen-tests
5. CMOBL-149860 | Fix merge conflict in robot
6. Pull request #3972: CMOBL-149860 cleanup screen tests  Merge in PT/on-arrival-android from CMOBL-149860-cleanup-screen-tests to develop  * commit 'b07cbacbd0024de8a6065e526822602e9c7c00e8':    CMOBL-149860 | Fix merge conflict in robot    CMOBL-149860 | Style fixes and PR fixes    CMOBL-149860 | Add tests covering negative and zero overview stats    CMOBL-149860 | Fix hybrid overview chart tests    CMOBL-149860 | Add more hybrid overview chart tests    CMOBL-149860 | Add broken test annotations    CMOBL-149860 | Fixed ""testRenderDefaultBadge"" test by making sure test runs on the main thread + surrounding test with a coEvery stub block that works well with suspend functions.    CMOBL-149860 | Move nav bar tests into kiosk tests    CMOBL-149860 | Fix badge preview test mocks, add annotations    CMOBL-149860 | Change badge preview test to base isolated    CMOBL-149860 | Move quick filter tests to attendee list test, clean up style    CMOBL-149860 | Fix kiosk printing edit text fields test mocks    CMOBL-149860 | Update kiosk printing process screen test to base isolated    CMOBL-149860 | Move progress chart test and remove test files
7. CMOBL-153433 | Use dispatchers provider for background sync
8. CMOBL-153433 | Add catch for signature proxy api call
9. CMOBL-153433 | Use dispatchers provider and safe file calls
10. Merge branch 'develop' into CMOBL-153433-bug-terms-and-conditions-sync"
Emerald - J,2023/05/09,2023/05/23,CMOBL-149860,3917,KBuschbach,292,463,0,0,0,0,0,0,0,0,0,0,KBuschbach,,
Emerald - J,2023/05/09,2023/05/23,CMOBL-149860,3923,KBuschbach,7871,2129,0,0,0,0,0,0,0,0,0,0,KBuschbach,,
Emerald - J,2023/05/09,2023/05/23,CMOBL-149860,3937,KBuschbach,7076,1329,0,0,0,0,0,0,0,0,0,0,KBuschbach,,
Emerald - J,2023/05/09,2023/05/23,CMOBL-149860,3938,KBuschbach,6858,1412,0,0,0,0,0,0,0,0,0,0,KBuschbach,,
Emerald - J,2023/05/09,2023/05/23,CMOBL-149860,3952,KBuschbach,0,0,0,0,0,0,0,0,0,0,0,0,DVolodin,,
Emerald - J,2023/05/09,2023/05/23,CMOBL-149860,3963,KBuschbach,506,337,0,0,0,0,0,0,0,0,0,0,KBuschbach,,
Emerald - J,2023/05/09,2023/05/23,CMOBL-149860,3964,KBuschbach,301,439,0,0,0,0,0,0,0,0,0,0,KBuschbach,,
Emerald - J,2023/05/09,2023/05/23,CMOBL-149860,3966,KBuschbach,0,0,0,0,0,0,0,0,0,0,0,0,DVolodin,,
Emerald - J,2023/05/09,2023/05/23,CMOBL-149860,3967,KBuschbach,0,0,0,0,0,0,0,0,0,0,0,0,DVolodin,,
Emerald - J,2023/05/09,2023/05/23,CMOBL-149860,3969,KBuschbach,243,183,0,0,0,0,0,0,0,0,0,0,KBuschbach,,
Emerald - J,2023/05/09,2023/05/23,CMOBL-149860,3972,KBuschbach,885,1226,0,0,0,4,0,1,0,5,0,0,KBuschbach,"1. I will add the broken test annotation, but until we solve the camera mocking issue I don't see value in having this run
2. The quick filter tests were moved to AttendeeListScreenTest
3. I think this was just a copy from an existing test, I'll move this to a const
4. This was just following the other lists in the class, but they can be private lists",
Emerald - J,2023/05/09,2023/05/23,CMOBL-149860,3990,KBuschbach,0,0,0,0,0,0,0,0,0,0,0,0,KSet,,
Emerald - J,2023/05/09,2023/05/23,CMOBL-149860,4000,KBuschbach,0,0,0,0,0,0,0,0,0,0,0,0,KSet,,
Emerald - J,2023/05/09,2023/05/23,CMOBL-146557,3975,KBuschbach,0,0,0,0,0,0,0,0,0,0,0,0,KSet,,
Emerald - J,2023/05/09,2023/05/23,CMOBL-146568,3993,KBuschbach,0,0,0,0,0,0,0,0,0,0,0,0,John.White,,
Emerald - J,2023/05/09,2023/05/23,CMOBL-146568,3976,KBuschbach,0,0,0,0,0,4,0,0,0,0,0,0,John.White,"1. What should this if be checking?
2. This can have the Kiosk annotation
3. This test needs a robot
4. We use the robot pattern in our tests to keep the tests easily readable, and the verifications reusable. The ids and espresso/barista verifications are kept in the robot for the tests to use.",
Emerald - J,2023/05/09,2023/05/23,CMOBL-146568,4000,KBuschbach,0,0,0,0,0,0,0,0,0,0,0,0,KSet,,
Emerald - J,2023/05/09,2023/05/23,CMOBL-146568,3941,KBuschbach,0,0,0,0,0,0,0,0,0,0,0,0,John.White,,
Emerald - J,2023/05/09,2023/05/23,CMOBL-151225,3980,KBuschbach,0,0,0,0,0,0,0,0,0,0,0,0,KSet,,
Emerald - J,2023/05/09,2023/05/23,CMOBL-151225,3987,KBuschbach,0,0,0,0,0,0,0,0,0,0,0,0,KSet,,
Emerald - J,2023/05/09,2023/05/23,CMOBL-151225,4000,KBuschbach,0,0,0,0,0,0,0,0,0,0,0,0,KSet,,
Emerald - J,2023/05/09,2023/05/23,CMOBL-153433,3989,KBuschbach,171,54,0,0,0,0,0,0,0,0,0,0,KBuschbach,,
Emerald - J,2023/05/09,2023/05/23,CMOBL-153433,4001,KBuschbach,0,0,0,0,0,0,0,0,0,0,0,0,DVolodin,,
Emerald - J,2023/05/09,2023/05/23,CMOBL-153433,4002,KBuschbach,171,54,0,0,0,0,0,0,0,0,0,0,KBuschbach,,
Sprint Totals,,,,,,PR_ADDED: 24381,PR_REMOVED: 7633,COMMIT_ADDED: 203,COMMIT_REMOVED: 117,APPROVED: 0,COMMENTED: 8,DECLINED: 0,MERGED: 3,OPENED: 2,RESCOPED: 5,UNAPPROVED: 0,UPDATED: 0,,,

Emerald - K,2023/05/23,2023/06/06,CMOBL-151225,3980,KBuschbach,0,0,0,0,1,0,0,0,0,0,0,0,KSet,,
Emerald - K,2023/05/23,2023/06/06,CMOBL-151225,3987,KBuschbach,0,0,0,0,0,0,0,0,0,0,0,0,KSet,,
Emerald - K,2023/05/23,2023/06/06,CMOBL-151225,4000,KBuschbach,0,0,0,0,0,0,0,0,0,0,0,0,KSet,,
Emerald - K,2023/05/23,2023/06/06,CMOBL-151225,4015,KBuschbach,0,0,68,3,0,0,0,0,0,0,0,0,KSet,,"1. CMOBL-153433 | Add tests for upsync tnc manager
2. Merge branch 'develop' into CMOBL-153433-bug-terms-and-conditions-sync"
Emerald - K,2023/05/23,2023/06/06,CMOBL-146557,3975,KBuschbach,0,0,0,0,0,0,0,0,0,0,0,0,KSet,,
Emerald - K,2023/05/23,2023/06/06,CMOBL-146568,3993,KBuschbach,0,0,0,0,0,0,0,0,0,0,0,0,John.White,,
Emerald - K,2023/05/23,2023/06/06,CMOBL-146568,3976,KBuschbach,0,0,0,0,3,0,0,0,0,0,3,0,John.White,,
Emerald - K,2023/05/23,2023/06/06,CMOBL-146568,4000,KBuschbach,0,0,0,0,0,0,0,0,0,0,0,0,KSet,,
Emerald - K,2023/05/23,2023/06/06,CMOBL-146568,3941,KBuschbach,0,0,0,0,0,0,0,0,0,0,0,0,John.White,,
Emerald - K,2023/05/23,2023/06/06,CMOBL-147105,3993,KBuschbach,0,0,0,0,0,0,0,0,0,0,0,0,John.White,,
Emerald - K,2023/05/23,2023/06/06,CMOBL-147105,62,KBuschbach,0,0,0,0,0,0,0,0,0,0,0,0,John.White,,
Emerald - K,2023/05/23,2023/06/06,CMOBL-149914,3984,KBuschbach,0,0,0,0,1,0,0,0,0,0,1,0,NSteketee,,
Emerald - K,2023/05/23,2023/06/06,CMOBL-149914,4000,KBuschbach,0,0,0,0,0,0,0,0,0,0,0,0,KSet,,
Emerald - K,2023/05/23,2023/06/06,CMOBL-153433,3989,KBuschbach,171,54,0,0,0,0,0,0,0,0,0,0,KBuschbach,,
Emerald - K,2023/05/23,2023/06/06,CMOBL-153433,4001,KBuschbach,0,0,0,0,0,0,0,0,0,0,0,0,DVolodin,,
Emerald - K,2023/05/23,2023/06/06,CMOBL-153433,4002,KBuschbach,171,54,0,0,0,0,0,0,0,0,0,0,KBuschbach,,
Emerald - K,2023/05/23,2023/06/06,PROD-153323,2178,KBuschbach,0,0,0,0,0,1,0,0,0,0,0,0,John.White,1. If account details are null do we want to log a warning or something? What does the UI do?,
Sprint Totals,,,,,,PR_ADDED: 342,PR_REMOVED: 108,COMMIT_ADDED: 68,COMMIT_REMOVED: 3,APPROVED: 5,COMMENTED: 1,DECLINED: 0,MERGED: 0,OPENED: 0,RESCOPED: 0,UNAPPROVED: 4,UPDATED: 0,,,

Emerald - L,2023/06/06,2023/06/20,CMOBL-146557,3975,KBuschbach,0,0,0,0,1,2,0,0,0,0,0,0,KSet,"1. This if should be nested in the previous if
2. I think we need a method like `detachTNCQuestionEntities` in `TNCManager` that's called at the end of save",
Emerald - L,2023/06/06,2023/06/20,CMOBL-146568,3993,KBuschbach,0,0,0,0,1,0,0,0,0,0,0,0,John.White,,
Emerald - L,2023/06/06,2023/06/20,CMOBL-146568,3976,KBuschbach,0,0,0,0,1,0,0,0,0,0,0,0,John.White,,
Emerald - L,2023/06/06,2023/06/20,CMOBL-146568,4000,KBuschbach,0,0,0,0,1,0,0,0,0,0,0,0,KSet,,
Emerald - L,2023/06/06,2023/06/20,CMOBL-146568,3941,KBuschbach,0,0,0,0,0,0,0,0,0,0,0,0,John.White,,
Emerald - L,2023/06/06,2023/06/20,CMOBL-149914,3984,KBuschbach,0,0,0,0,1,0,0,0,0,0,0,0,NSteketee,,
Emerald - L,2023/06/06,2023/06/20,CMOBL-149914,4000,KBuschbach,0,0,0,0,0,0,0,0,0,0,0,0,KSet,,
Emerald - L,2023/06/06,2023/06/20,CMOBL-153433,3989,KBuschbach,171,54,129,88,0,3,0,1,1,1,0,0,KBuschbach,"1. Yep I got into the habit with androidTest and forgot we have different styles, I'll update these names.
2. I can change these to runTest. I need `testCoroutineDispatcher` here so I can run `advanceUntilIdle` and if I remove `withContext(Dispatchers.Default)` I get main thread errors.
3. I added null safety here because the File type is nullable and I wanted to clear the warnings. If the file actually is null then the sync will fail.","1. CMOBL-153433 | Add tests and change test file structure
2. CMOBL-153433 | Fix unit test coroutine yield thread block
3. CMOBL-153433 | Add exception test, rename tests, style fixes
4. CMOBL-153433 | Use runTest and mock ThreadUtil
5. CMOBL-153433 | Update test names"
Emerald - L,2023/06/06,2023/06/20,CMOBL-153433,4001,KBuschbach,0,0,0,0,0,0,0,0,0,0,0,0,DVolodin,,"1. Pull request #3989: CMOBL-153433 bug terms and conditions sync  Merge in PT/on-arrival-android from CMOBL-153433-bug-terms-and-conditions-sync to develop  * commit 'c3ef0981ce51a00d708d436250edec444c7c9287':    CMOBL-153433 | Update test names    CMOBL-153433 | Use runTest and mock ThreadUtil    CMOBL-153433 | Add exception test, rename tests, style fixes    CMOBL-153433 | Fix unit test coroutine yield thread block    CMOBL-153433 | Add tests and change test file structure    CMOBL-153433 | Add tests for upsync tnc manager    CMOBL-153433 | Use dispatchers provider and safe file calls    CMOBL-153433 | Add catch for signature proxy api call    CMOBL-153433 | Use dispatchers provider for background sync"
Emerald - L,2023/06/06,2023/06/20,CMOBL-153433,4002,KBuschbach,171,54,0,0,0,0,0,0,1,0,0,0,KBuschbach,,
Emerald - L,2023/06/06,2023/06/20,CMOBL-153935,2180,KBuschbach,0,0,0,0,1,0,0,0,0,0,0,0,John.White,,
Emerald - L,2023/06/06,2023/06/20,PROD-153323,2178,KBuschbach,0,0,0,0,0,0,0,0,0,0,0,0,John.White,,
Emerald - L,2023/06/06,2023/06/20,PROD-168280,226,KBuschbach,0,0,0,0,1,0,0,0,0,0,0,0,MBall,,
Emerald - L,2023/06/06,2023/06/20,CMOBL-147105,3993,KBuschbach,0,0,0,0,0,0,0,0,0,0,0,0,John.White,,
Emerald - L,2023/06/06,2023/06/20,CMOBL-147105,62,KBuschbach,0,0,0,0,1,0,0,0,0,0,0,0,John.White,,
Sprint Totals,,,,,,PR_ADDED: 342,PR_REMOVED: 108,COMMIT_ADDED: 129,COMMIT_REMOVED: 88,APPROVED: 8,COMMENTED: 5,DECLINED: 0,MERGED: 1,OPENED: 2,RESCOPED: 1,UNAPPROVED: 0,UPDATED: 0,,,

Emerald - M,2023/06/20,2023/07/04,CMOBL-147105,3993,KBuschbach,0,0,0,0,0,0,0,0,0,0,0,0,John.White,,
Emerald - M,2023/06/20,2023/07/04,CMOBL-147105,62,KBuschbach,0,0,0,0,0,0,0,0,0,0,0,0,John.White,,
Sprint Totals,,,,,,PR_ADDED: 0,PR_REMOVED: 0,COMMIT_ADDED: 0,COMMIT_REMOVED: 0,APPROVED: 0,COMMENTED: 0,DECLINED: 0,MERGED: 0,OPENED: 0,RESCOPED: 0,UNAPPROVED: 0,UPDATED: 0,,,

Overall Totals,,,,,,PR_ADDED: 73136,PR_REMOVED: 22892,COMMIT_ADDED: 2205,COMMIT_REMOVED: 2336,APPROVED: 17,COMMENTED: 20,DECLINED: 0,MERGED: 8,OPENED: 8,RESCOPED: 12,UNAPPROVED: 5,UPDATED: 0,,,
