SPRINT,START_DATE,END_DATE,TICKET,PR_ID,USER,PR_ADDED,PR_REMOVED,COMMIT_ADDED,COMMIT_REMOVED,APPROVED,COMMENTED,DECLINED,MERGED,OPENED,RESCOPED,UNAPPROVED,UPDATED,AUTHOR,COMMENTS,COMMIT_MESSAGES
WOW - S7 (30 Mar - 12Apr) 33,2023/03/30,2023/04/12,WEBINAR-849,1235,AJagtap,0,0,0,0,0,0,0,0,0,0,0,0,Sagar.Patel,,
WOW - S7 (30 Mar - 12Apr) 33,2023/03/30,2023/04/12,WEBINAR-853,1235,AJagtap,0,0,0,0,0,0,0,0,0,0,0,0,Sagar.Patel,,
WOW - S7 (30 Mar - 12Apr) 33,2023/03/30,2023/04/12,WEBINAR-3695,1235,AJagtap,0,0,0,0,0,0,0,0,0,0,0,0,Sagar.Patel,,
WOW - S7 (30 Mar - 12Apr) 33,2023/03/30,2023/04/12,WEBINAR-4958,6854,AJagtap,1624,666,0,0,0,0,0,0,0,0,0,0,AJagtap,,
WOW - S7 (30 Mar - 12Apr) 33,2023/03/30,2023/04/12,WEBINAR-4958,147939,AJagtap,0,0,0,0,0,0,0,1,1,0,0,0,AJagtap,,
WOW - S7 (30 Mar - 12Apr) 33,2023/03/30,2023/04/12,WEBINAR-4958,147949,AJagtap,0,0,0,0,1,0,0,0,0,0,0,1,Rajesh.Gunti,,
WOW - S7 (30 Mar - 12Apr) 33,2023/03/30,2023/04/12,WEBINAR-4958,147979,AJagtap,9462,538,0,0,0,0,0,0,0,0,0,0,AJagtap,,
WOW - S7 (30 Mar - 12Apr) 33,2023/03/30,2023/04/12,WEBINAR-4958,148201,AJagtap,9250,750,0,0,0,0,0,0,0,0,0,0,AJagtap,,
WOW - S7 (30 Mar - 12Apr) 33,2023/03/30,2023/04/12,WEBINAR-4958,147367,AJagtap,9116,884,0,0,0,0,0,0,0,2,0,0,AJagtap,,
WOW - S7 (30 Mar - 12Apr) 33,2023/03/30,2023/04/12,WEBINAR-4958,147976,AJagtap,9462,538,0,0,0,0,0,0,0,0,0,0,AJagtap,,
WOW - S7 (30 Mar - 12Apr) 33,2023/03/30,2023/04/12,WEBINAR-5422,147738,AJagtap,2498,884,0,0,0,0,0,1,1,0,0,0,AJagtap,,
WOW - S7 (30 Mar - 12Apr) 33,2023/03/30,2023/04/12,WEBINAR-5422,147813,AJagtap,0,0,0,0,1,0,0,0,0,0,0,1,Sagar.Patel,,
WOW - S7 (30 Mar - 12Apr) 33,2023/03/30,2023/04/12,WEBINAR-5422,147939,AJagtap,0,0,0,0,0,0,0,0,0,0,0,0,AJagtap,,
WOW - S7 (30 Mar - 12Apr) 33,2023/03/30,2023/04/12,WEBINAR-5422,148201,AJagtap,9250,750,0,0,0,0,0,0,0,0,0,0,AJagtap,,
WOW - S7 (30 Mar - 12Apr) 33,2023/03/30,2023/04/12,WEBINAR-5422,147367,AJagtap,9116,884,0,0,0,0,0,0,0,0,0,0,AJagtap,,
WOW - S7 (30 Mar - 12Apr) 33,2023/03/30,2023/04/12,WEBINAR-5607,147939,AJagtap,0,0,0,0,0,0,0,0,0,0,0,0,AJagtap,,
WOW - S7 (30 Mar - 12Apr) 33,2023/03/30,2023/04/12,WEBINAR-5607,147949,AJagtap,0,0,0,0,0,0,0,0,0,0,0,0,Rajesh.Gunti,,
WOW - S7 (30 Mar - 12Apr) 33,2023/03/30,2023/04/12,WEBINAR-5607,147979,AJagtap,9462,538,0,0,0,0,0,0,0,0,0,0,AJagtap,,
WOW - S7 (30 Mar - 12Apr) 33,2023/03/30,2023/04/12,WEBINAR-5607,148201,AJagtap,9250,750,0,0,0,0,0,0,0,0,0,0,AJagtap,,
WOW - S7 (30 Mar - 12Apr) 33,2023/03/30,2023/04/12,WEBINAR-5607,150493,AJagtap,997,393,0,0,0,0,0,0,0,0,0,0,AJagtap,,
WOW - S7 (30 Mar - 12Apr) 33,2023/03/30,2023/04/12,WEBINAR-5607,147367,AJagtap,9116,884,0,0,0,0,0,0,0,0,0,0,AJagtap,,
WOW - S7 (30 Mar - 12Apr) 33,2023/03/30,2023/04/12,WEBINAR-5607,147976,AJagtap,9462,538,0,0,0,0,0,0,0,0,0,0,AJagtap,,
WOW - S7 (30 Mar - 12Apr) 33,2023/03/30,2023/04/12,WEBINAR-5607,150073,AJagtap,8647,1353,0,0,0,0,0,0,0,0,0,0,AJagtap,,
WOW - S7 (30 Mar - 12Apr) 33,2023/03/30,2023/04/12,WEBINAR-6036,11611,AJagtap,901,770,0,0,0,0,0,1,1,0,0,0,AJagtap,,
WOW - S7 (30 Mar - 12Apr) 33,2023/03/30,2023/04/12,WEBINAR-6036,11634,AJagtap,0,0,0,0,1,0,0,0,0,0,0,1,Sagar.Patel,,
Sprint Totals,,,,,,PR_ADDED: 107613,PR_REMOVED: 11120,COMMIT_ADDED: 0,COMMIT_REMOVED: 0,APPROVED: 3,COMMENTED: 0,DECLINED: 0,MERGED: 3,OPENED: 3,RESCOPED: 2,UNAPPROVED: 0,UPDATED: 3,,,

WOW - S8 (13 - 26 Apr),2023/04/13,2023/04/26,PROD-164110,148504,AJagtap,7807,2193,0,0,0,0,0,1,1,0,0,0,AJagtap,,
WOW - S8 (13 - 26 Apr),2023/04/13,2023/04/26,PROD-164110,148796,AJagtap,8453,1547,0,0,0,0,0,0,0,0,0,0,AJagtap,,
WOW - S8 (13 - 26 Apr),2023/04/13,2023/04/26,PROD-164110,149030,AJagtap,0,0,55,0,0,0,0,0,0,0,0,0,ALakshkar,,1. [PROD-165249] : Added DBCR script in newly created Maintainnance CCID ticket.
WOW - S8 (13 - 26 Apr),2023/04/13,2023/04/26,WEBINAR-843,1235,AJagtap,0,0,0,0,0,0,0,0,0,0,0,0,Sagar.Patel,,
WOW - S8 (13 - 26 Apr),2023/04/13,2023/04/26,WEBINAR-6335,11781,AJagtap,1250,978,0,0,0,0,0,0,0,0,0,0,AJagtap,,
WOW - S8 (13 - 26 Apr),2023/04/13,2023/04/26,WEBINAR-6335,12079,AJagtap,6423,3577,0,0,0,0,0,0,0,0,0,0,AJagtap,,
WOW - S8 (13 - 26 Apr),2023/04/13,2023/04/26,WEBINAR-7051,148796,AJagtap,8453,1547,0,0,0,0,0,0,0,0,0,0,AJagtap,,
WOW - S8 (13 - 26 Apr),2023/04/13,2023/04/26,WEBINAR-7051,148925,AJagtap,7502,2498,0,0,0,0,0,0,0,0,0,0,AJagtap,,
Sprint Totals,,,,,,PR_ADDED: 39888,PR_REMOVED: 12340,COMMIT_ADDED: 55,COMMIT_REMOVED: 0,APPROVED: 0,COMMENTED: 0,DECLINED: 0,MERGED: 1,OPENED: 1,RESCOPED: 0,UNAPPROVED: 0,UPDATED: 0,,,

Q2 -WOW - S9 (27 - 10 May) -33,2023/04/27,2023/05/10,PROD-166432,148813,AJagtap,258,235,0,0,0,0,0,1,1,0,0,0,AJagtap,,
Q2 -WOW - S9 (27 - 10 May) -33,2023/04/27,2023/05/10,PROD-166432,148925,AJagtap,7502,2498,0,0,0,0,0,1,1,0,0,0,AJagtap,,
Q2 -WOW - S9 (27 - 10 May) -33,2023/04/27,2023/05/10,PROD-166432,148934,AJagtap,4467,5533,0,0,0,0,0,1,1,0,0,0,AJagtap,,
Q2 -WOW - S9 (27 - 10 May) -33,2023/04/27,2023/05/10,PROD-166432,149030,AJagtap,0,0,22,16,0,0,0,0,0,0,0,0,ALakshkar,,"1. Pull request #148796: down merge Prod  Merge in CVT/c4 from prod to prod-165249  * commit '049222bf2e85e113bdcc42aea744984a1348099e': (510 commits)    Web.Base.config edited online with Bitbucket    Remove binding redirect that might be the reason user editing in cvii is failing.    PROD-165999: removed from ccid-2546 Revert ""Pull request #148489: Src 8557 new""    [prod-163585] : Logic changed to show proper message for MRF created and MRF updated.    Revert ""Revert ""[prod-163585] : Logic changed to show proper message for MRF created and MRF updated.""""    Revert ""[prod-163585] : Logic changed to show proper message for MRF created and MRF updated.""    WEBINAR-7051: add new property named client in bearer token metadata which will hold map for clientName and username    PROD-165373: Resolve conflicts    PROD-165373: Version update    Fix for questions not showing up    WEBINAR-7314: Update resx keys    CSNALL-61056: Updated LU Scripts    PROD-157009: Correcting incorrect password    PROD-166055:ADR and FnB updates for Q2 2023    HUB-96782: add assistant:write permission to bearer token in c4    RND-10648: Update packages to ccid version    WEBINAR-7314: Incorporate review comment    RND-10648: fixes    adding namespace    ENT-28287 retry deleting the portal 3 times when TaskCanceledException is thrown    ...
2. [PROD-165249] : Added Column names in insert query to avoid exception for newly added columns in ENTITY_VISIBILITY table.
3. [PROD-165249] : Added Column names in insert query to avoid exception for newly added columns in ENTITY_VISIBILITY table.
4. [PROD-165249] : Resolved conflicts
5. [PROD-165249] : Changes made to resolve conflicts.
6. Pull request #148813: down merge Prod  Merge in CVT/c4 from prod to prod-165249  * commit 'bd6004259e3487d64b88bcbc0cee4bf730b8c92a': (31 commits)    commit for PROD-166579 reverting commit of PROD-166070    reverting PROD-166432 from ccid-2548 Revert ""Pull request #148681: Webinar 7906""    reverting PROd-164728 from ccid-2548 Revert ""Pull request #148668: Prod 164728""    PROD-166145 : ccid forward fix    PROD-166145: Added roles to planner video solution    WEBINAR-7906: Fixed Updation for allow_webinars for selfServiceAccount    PROD-166093: Removed duplicate entries after merge conflict fix    WEBINAR-6514:updated cent control version    PROD-163323: Discrepancy in registered attendee count under session stats if session is included to an admission item    PROD-159811: fixed timezone 110 mapping for windows so it properly returns the offset    PROD-164728 : Package update using master branch build version    WEBINAR-7314: Keep delete single record async    PROD-159811: fixed timezone 110 to be correct ""Europe/Lisbon"" instead of ""Europe/Berlin""    PROD-164372: Added SB code    WEBINAR-7314: Fix padding issue on users grid page    PROD-164728 : Cvent.Controls and related package version update    PROD-164728 : Cvent.Controls and related package version update    WEBINAR-7906: Fetched allow_webinars key from LU_ACCOINT_CONFIG in spited of visible_flag is off    PROD-163323: Discrepancy in registered attendee count under session stats if session is included to an admission item    CSNALL-66655 - Update content for IATA ID in CVII    ...
7. Pull request #148924: Down merge prod in [PROD-165249]  Merge in CVT/c4 from prod to prod-165249  * commit 'e11e77ba741c2b706036e24b92ba9581f8cf40ac': (90 commits)    PROD-165095:SP updated    PROD-164211 | Pending translation for key import_error_desc: Invalid answer format for session custom field    PROD-164728 : Adding entry for surveys and package upgrade    PROD-164728: removed from ccid-2550 Revert ""Pull request #148726: PROD-164728 : Adding entry for surveys and package upgrade""    WEBINAR-7906: Uncheck webinars if slefserve to another license logic removed from incorrect place    WEBINAR-7906: Uncheck webinars if slefserve to another license logice placed at correct place.    PROD-166293: removed from ccid-2550 Revert ""Pull request #148718: PROD-166293: Release of Logging of History tables""    PROD-165533 : GetFileServerPathS3 method fetch from InviteeAnswersMapper    PROD-166515: latest resx pull    PROD-166515: resx string added    PROD-166515: event soa package updated    PROD-164728 : Adding entry for surveys and package upgrade    WEBINAR-6051: fix typo in merge    SURVEY-67879: conflict merge while cherry-pick    FLEX-88383: Inject writing assitant URL into designers    FLEX-88383: Inject writing assitant URL into designers    PROD-166487: Make accountMappingId searchable in all regions    FLEX-88383: Inject writing assitant URL into designers    FLEX-88046: Add key for writing assistant endpoint    RND:10782: Remove commented out code    ...
8. Pull request #148968: down merge Prod  Merge in CVT/c4 from prod to prod-165249  * commit 'b9a85379bf657752896d1dbcd082478332f4bf83': (34 commits)    HUB-97991: added writing assistant url in appbuilder properties    WEBINAR-7982: Add account id in the logs    PROD-166639:Implementation of review comments    WEBINAR-7982: Change the order of the account flag change call    WEBINAR-7982: Hook up event license type change endpoint with CVII when event license is changed from self serve to professional or enterprise    PROD-165897: phraseapp pull for event and admin    Revert ""PROD-165897: phraseapp pull for event and admin""    WEBINAR-5308: Removed planner dot net client version in cvii module    up_cvnt_Session_AwardCreditsBySessionEndDate.sql edited online with Bitbucket    [PROD:148017] : Update the changes for Event Questions Tag    PROD-162646 :Create proposal fix for spanish language if checkout date is wednesday or check in date tuesday    Import package for TriggerType    PROD-165470: Remove code for cc    PROD-165470: Remove code for cc    WEBINAR:5308: Updated client registration    WEBINAR-5308: Updated resx keys again    Revert ""WEBINAR-5308:Added resx keys""    WEBINAR-5408:Added resx keys    FLEX-82830 Update paths for custom widget admin    PROD-165897: phraseapp pull for event and admin    ...
9. Pull request #149027: down merge Prod  Merge in CVT/c4 from prod to prod-165249  * commit '1aa1102046d8faee153839aedfbd67d33fd25c08': (41 commits)    PROD-166581: duplicate entry removed    PROD-166581: latest resx pull    PROD-166752: Integrate webinars downgrade for free tier admin user notify endpoint    reverting PROD-148017 from ccid-2553 Revert ""Pull request #148857: [PROD:148017] : Update the changes for Event Questions Tag""    ALPHA-PROD-CONFLICT: latest event soa package updated    WEBINAR-8478: correct condition to auto enable cvent video player    WEBINAR-8478: place cvent video player turning on at correct place    HUB-80307: re-add Print Badge with OnArrival to search list    WEBINAR-8478: append cvent video player flag correctly in xml    PROD-161014: removed unnecessary diff    PROD-161014: Removed waitlisted status from Hotel Request planner pages too.    PROD-161014: Refactored code    WEBINAR-8478: enable cvent video player if we enabled webianr management falg    PROD-161014: Removed Waitlisted status from air request.    PROD-166555 - typo    HUB-80307: missed a section in details list to allow OA Badge Printing    HUB-80307: allow badge printing with OnArrival    HUB-80307: remove TODO comment    PROD-166555 - typo    PROD-166555 - Remove unused var as per PR review    ..."
Q2 -WOW - S9 (27 - 10 May) -33,2023/04/27,2023/05/10,WEBINAR-3714,1261,AJagtap,0,0,0,0,0,0,0,0,0,0,0,0,Sagar.Patel,,
Q2 -WOW - S9 (27 - 10 May) -33,2023/04/27,2023/05/10,WEBINAR-7906,148813,AJagtap,258,235,0,0,0,0,0,0,0,0,0,0,AJagtap,,
Q2 -WOW - S9 (27 - 10 May) -33,2023/04/27,2023/05/10,WEBINAR-7906,148816,AJagtap,4893,5107,0,0,0,0,0,0,1,3,0,0,AJagtap,,
Q2 -WOW - S9 (27 - 10 May) -33,2023/04/27,2023/05/10,WEBINAR-7906,148924,AJagtap,2901,4826,0,0,0,0,0,1,1,0,0,0,AJagtap,,
Q2 -WOW - S9 (27 - 10 May) -33,2023/04/27,2023/05/10,WEBINAR-7906,148925,AJagtap,7502,2498,0,0,0,0,0,0,0,0,0,0,AJagtap,,
Q2 -WOW - S9 (27 - 10 May) -33,2023/04/27,2023/05/10,WEBINAR-7906,148934,AJagtap,4467,5533,0,0,0,0,0,0,0,0,0,0,AJagtap,,
Q2 -WOW - S9 (27 - 10 May) -33,2023/04/27,2023/05/10,WEBINAR-7906,149024,AJagtap,0,0,0,0,1,0,0,0,0,0,0,1,Sagar.Patel,,
Q2 -WOW - S9 (27 - 10 May) -33,2023/04/27,2023/05/10,WEBINAR-7982,148816,AJagtap,4893,5107,0,0,0,0,0,0,0,0,0,0,AJagtap,,
Q2 -WOW - S9 (27 - 10 May) -33,2023/04/27,2023/05/10,WEBINAR-7982,148934,AJagtap,4467,5533,0,0,0,0,0,0,0,0,0,0,AJagtap,,
Q2 -WOW - S9 (27 - 10 May) -33,2023/04/27,2023/05/10,WEBINAR-7982,148967,AJagtap,1459,621,0,0,0,0,0,1,1,0,0,0,AJagtap,,
Q2 -WOW - S9 (27 - 10 May) -33,2023/04/27,2023/05/10,WEBINAR-7982,148968,AJagtap,1459,621,0,0,0,0,0,1,1,0,0,0,AJagtap,,
Q2 -WOW - S9 (27 - 10 May) -33,2023/04/27,2023/05/10,WEBINAR-7982,149024,AJagtap,0,0,0,0,0,0,0,0,0,0,0,0,Sagar.Patel,,
Q2 -WOW - S9 (27 - 10 May) -33,2023/04/27,2023/05/10,WEBINAR-8478,148816,AJagtap,4893,5107,0,0,0,0,0,0,0,0,0,0,AJagtap,,
Q2 -WOW - S9 (27 - 10 May) -33,2023/04/27,2023/05/10,WEBINAR-8478,149024,AJagtap,0,0,0,0,0,0,0,0,0,0,0,0,Sagar.Patel,,
Q2 -WOW - S9 (27 - 10 May) -33,2023/04/27,2023/05/10,WEBINAR-8478,149027,AJagtap,1007,878,0,0,0,0,0,1,1,0,0,0,AJagtap,,
Q2 -WOW - S9 (27 - 10 May) -33,2023/04/27,2023/05/10,WEBINAR-8478,149028,AJagtap,1007,878,0,0,0,0,0,1,1,0,0,0,AJagtap,,
Sprint Totals,,,,,,PR_ADDED: 51433,PR_REMOVED: 45210,COMMIT_ADDED: 22,COMMIT_REMOVED: 16,APPROVED: 1,COMMENTED: 0,DECLINED: 0,MERGED: 8,OPENED: 9,RESCOPED: 3,UNAPPROVED: 0,UPDATED: 1,,,

Q2 - WOW - S10(11 - 24 May) 30,2023/05/11,2023/05/24,PROD-166742,149680,AJagtap,0,0,0,0,0,0,0,0,0,0,0,0,Sagar.Patel,,
Q2 - WOW - S10(11 - 24 May) 30,2023/05/11,2023/05/24,PROD-166742,149761,AJagtap,9021,979,0,0,0,0,0,0,0,0,0,0,AJagtap,,
Q2 - WOW - S10(11 - 24 May) 30,2023/05/11,2023/05/24,WEBINAR-3697,1261,AJagtap,0,0,0,0,0,0,0,0,0,0,0,0,Sagar.Patel,,
Q2 - WOW - S10(11 - 24 May) 30,2023/05/11,2023/05/24,WEBINAR-7045,149216,AJagtap,459,42,0,0,0,0,0,1,1,0,0,0,AJagtap,,
Q2 - WOW - S10(11 - 24 May) 30,2023/05/11,2023/05/24,WEBINAR-7045,149680,AJagtap,0,0,0,0,0,0,0,0,0,0,0,0,Sagar.Patel,,
Q2 - WOW - S10(11 - 24 May) 30,2023/05/11,2023/05/24,WEBINAR-7045,149761,AJagtap,9021,979,0,0,0,0,0,0,0,0,0,0,AJagtap,,
Sprint Totals,,,,,,PR_ADDED: 18501,PR_REMOVED: 2000,COMMIT_ADDED: 0,COMMIT_REMOVED: 0,APPROVED: 0,COMMENTED: 0,DECLINED: 0,MERGED: 1,OPENED: 1,RESCOPED: 0,UNAPPROVED: 0,UPDATED: 0,,,

Q2 - WOW S11 (25 May-7 Jun),2023/05/25,2023/06/07,PROD-157033,150117,AJagtap,0,0,4,1,0,0,0,0,0,0,0,0,qtpman,,"1. PROD-167644 : Required code changes has beed added to save Answer value of process form's question same as like Filter answer values in DB.
2. Pull request #149886: down merge Prod  Merge in CVT/c4 from prod to prod-167644  * commit 'e12913c017aaa87ab688c2739e862bc12bbe80dd': (43 commits)    PROD-168690:Lu changes    PROD-162271: Fix Contact Custom updates in Contact Import SP.    Reverting PROD-168240 from ccid-2575    Reverting PROD-168240 from ccid-2575    PROD-168232: Updated indexing with evt_stub    PROD-168232: Updated WHERE condition to enhance indexing    PROD-168577: removed from ccid-2574 Revert ""Pull request #149661: Prod 168577""    PROD-168449:Lu changes    PROD-168232: Corrected accnt_id in index    PROD-168232: Added aacnt_id in index    PROD-164152: removed from ccid-2574 Revert ""Pull request #149566: prod-16415 : Resx updated for export""    PROD-167508: set the property of Model.Id in controller class in autoPost functionality    WEBINAR-7506: add rollback script for LU_EVENT_CONFIG    WEBINAR-7506: Add is_open_access_enabled via LU_Table script    WEBINAR-8433: Added lu scripts    WEBINAR-8433: Added resx keys    WEBINAR-8433: Added webinars section in preference page with UT    removing extra GO    PROD-149790 : account id binding    PROD-168074: Use CHAR(10) instead of new line character literal    ..."
Q2 - WOW S11 (25 May-7 Jun),2023/05/25,2023/06/07,PROD-157033,150131,AJagtap,0,0,1580,202,0,0,0,0,0,0,0,0,RSehajpal,,"1. Pull request #149761: down merge Prod  Merge in CVT/c4 from prod to prod-166523  * commit '4a0ee61cf587f4c7579385934d40fd43116958d0': (309 commits)    PROD-166776: removed from ccid-2572 Revert ""Pull request #149554: Faq 1.25 4""    PROD-167897: removed from ccid-2571 Revert ""Pull request #149487: Webinar 8433""    PROD-165787: Add flex-mq dev settings to configTransform    fix 2572 by removing Julian's changes only    Commit for PROD-168260 Reverting commit for PROD- 160445 Revert ""Pull request #149397: Prod 160445""    Revert of Revert ""PROD-167780: Removed from CCID-2570 Revert ""Pull request #149436: Prod 167780""""    PROD-167889: Fixed whitespace issue    PROD-166422: protect against xss attacks on response information custom questions section    PROD-166422: protect against xss attacks on response information custom questions section    PROD-166422: protect against xss attacks on response information custom questions section    SMM-50942: updated sp for full name    SMM-51051: added if condition    Reverting PROD-168081 from ccid-2572    PROD-166710: Added sync_from_social_tables flag for attendees having seat assigned    SMM-51051: sp changes to return count for new budget    SMM-50942: added default value for sorting    fix std questions    PROD-167653:SP tuned    PROD-167653:SP tuned    PROD-166710: Changes to not allow edit / delete for the seat assigned from Social Table    ...
2. PROD-166523 : Resx keys-values added with translations.
3. prod-166523 : Removed validation on 'Requesting User' Type
4. Merge branch 'prod' of ssh://stash.cvent.net:7999/cvt/c4 into prod-166523  # Conflicts:  #	VSProjects/Cvent.Subscribers.Admin/Cvent.Subscribers.Admin/Resources/AdminHelptext.de.resx  #	VSProjects/Cvent.Subscribers.Admin/Cvent.Subscribers.Admin/Resources/AdminHelptext.es.resx  #	VSProjects/Cvent.Subscribers.Admin/Cvent.Subscribers.Admin/Resources/AdminHelptext.fi.resx  #	VSProjects/Cvent.Subscribers.Admin/Cvent.Subscribers.Admin/Resources/AdminHelptext.fr.resx  #	VSProjects/Cvent.Subscribers.Admin/Cvent.Subscribers.Admin/Resources/AdminHelptext.it.resx  #	VSProjects/Cvent.Subscribers.Admin/Cvent.Subscribers.Admin/Resources/AdminHelptext.ja.resx  #	VSProjects/Cvent.Subscribers.Admin/Cvent.Subscribers.Admin/Resources/AdminHelptext.ru.resx  #	VSProjects/Cvent.Subscribers.Admin/Cvent.Subscribers.Admin/Resources/AdminHelptext.zh-CHT.resx  #	VSProjects/Cvent.Subscribers.Admin/Cvent.Subscribers.Admin/Resources/AdminHelptext.zh.resx  #	VSProjects/Cvent.Subscribers.Admin/Cvent.Subscribers.Admin/Resources/AdminStrings.resx"
Q2 - WOW S11 (25 May-7 Jun),2023/05/25,2023/06/07,PROD-157033,150315,AJagtap,7877,2123,292,5,0,0,0,0,0,0,0,0,AJagtap,,"1. Revert ""reverting PROD-166523 from ccid-2581 Revert ""Pull request #149893: Prod 166523""""  This reverts commit 82cf5858e7ef2b93956b4b567465c5ca9173cbc8."
Q2 - WOW S11 (25 May-7 Jun),2023/05/25,2023/06/07,PROD-157033,150073,AJagtap,8647,1353,0,0,0,0,0,0,1,0,0,0,AJagtap,,
Sprint Totals,,,,,,PR_ADDED: 16524,PR_REMOVED: 3476,COMMIT_ADDED: 1876,COMMIT_REMOVED: 208,APPROVED: 0,COMMENTED: 0,DECLINED: 0,MERGED: 0,OPENED: 1,RESCOPED: 0,UNAPPROVED: 0,UPDATED: 0,,,

Q2 - WOW S12 (8 - 21 Jun),2023/06/08,2023/06/21,PROD-167534,151123,AJagtap,0,0,693,74,0,0,0,0,0,0,0,0,SMuley,,"1. Pull request #150554: down merge Prod  Merge in CVT/c4 from prod to prod-168009  * commit '0ce1cdcb03805cfc2c3f283e356da7f1d7f5e129': (60 commits)    Reverting PROD-168188 from ccid-2598 Revert ""Pull request #150478: PROD-168188: Updated date format for vi-VN locale in LU_Locale_Culture""    Reverting PROD-170405 from ccid-2598 Revert ""Pull request #150475: Prod 170405""    Changes requsted by support    PROD-170405: latest resx pull    Revert ""PROD-169684: removed from ccid-2597 Revert ""Pull request #150441: FLEX-86204: updated usage of updateResource function""""    CMOBL-155089: PR feedback, fixed naming    CSNALL-66377-V1:- Experiment for Create Rfp    CMOBL-155089: PR feedback, fixed spacing    CMOBL-155089: fixed RFIDSettings route    HUB-90892: Updating ATTENDEE.last_modified_date when we do a offline payment, this will cause a sync with the OA app to update the attendee's balance    PROD-168188: Updated date format for vi-VN locale in LU_Locale_Culture    PROD-168220 | Not able to Import session custom fields with commas for multiple choice    CSNALL-61158:- Hardcoding tooltip    CSNALL-66377-V1:- No Wrap Left Align Tag in Admin    CMOBL-155089: more re-organizing/refactoring to fix various routes  OA settings related    CMOBL-155089: handle whitespace Kiosk Welcome and Additonal messages so they're stored as blank messages    FLEX-86508 Update path for planner side custom widgets.    CMOBL-154768: Update Attendee List Calls to Return Answer Id for ""Reg Answers"" and ""Custom Fields""    CMOBL-155089: moved CustomCheckinMessage folder into CheckinMessages    CMOBL-155089: Start preserving the Kiosk's Welcome and Additional Message when saving other OA Settings    ...
2. PROD-168009 : Added Validation logic for Recepient of each type in notification.
3. PROD-168009 : Took Phrase pull for existing key from phrase app.
4. Pull request #150677: down merge Prod  Merge in CVT/c4 from prod to prod-168009  * commit 'b0e6cc3ba33dd2f59f140d5b1cb25159c63851cd': (33 commits)    PROD-170851: Additional optimization    PROD-170851: fix    PROD-170851: fix the join    PROD-170851: adding missing Acct_id/evt_stub binding    PROD-170851: optimize query    PROD-170851: adding missing Acct_id/evt_stub binding    PROD-167702: Adding braces to follow code guidelines    PROD-170005: Added HMC and OG    PROD-170120: Updated name of timezoneIdToWindows of Greenwich Standard Time to GMT Standard Time    WEBINAR-6361:refactor function names    PROD-170405: revert commit adjusted    PROD-167534: Minor fix    PROD-167534: Incorporated PR comment    PROD-167534: Fixed a minor issue    Revert ""Reverting PROD-170405 from ccid-2598""    ALPHA-DEV606: hide section on empty customEmails    PROD-166523 : Took phrase pull for portuguese translation.    PROD-170438: change all cvent.events conn string app names to something more fitting    Upgrading to Reporting Embed version 1.3.3 as part of the Reporting List Page redesign    PROD-167702: Validation rearranged    ...
5. Merge branch 'prod-168009' of ssh://stash.cvent.net:7999/cvt/c4 into prod-168009"
Q2 - WOW S12 (8 - 21 Jun),2023/06/08,2023/06/21,PROD-167534,149732,AJagtap,0,0,1149,68,0,0,0,0,0,0,0,0,SSao,,"1. PROD-166523-new : Added validation logic for Role assignment rule and Advanced filter.
2. PROD-166523 : Took Phrase pull for newly added keys
3. Pull request #150293: Down Merge Prod  Merge in CVT/c4 from prod to prod-166523-new  * commit '35d29c86da712b18f826961fe369c2e2536a213f':    PROD-169099: downgraded Cvent.Antivirus due to issues with contact import.    PROD-169099: switch Redis to DB 1    package update by jenkins for Cvent.Controls 3.230607.115006    Tide:8034 Lu Script    Tide:8035 Lu Script    package update by jenkins for Cvent.Controls 3.230602.123444-dev606    PROD-169099: Fixes after updating packages.    package update by jenkins for Cvent.Framework.Navigation 1.230602.115912    package update by jenkins for Cvent.BackendAuth 2.230601.145532    package update by jenkins for Cvent.Auth.Client 2.230601.133837
4. Pull request #150417: Down merge Prod  Merge in CVT/c4 from prod to prod-166523-new  * commit '3d3b5004aa63bd95b6db616aafc7473584d577d8': (179 commits)    Reverting PROD-168960 from ccid-2595 Revert ""Pull request #150321: Webinar 882""    PROD-170011: Adding a default route to MobilePass that will rediriect to Apple Wallet    PROD-168997: dup entries removed    Reverting PROD-169097 from ccid-2592 Revert ""Pull request #150262: Prod 169097""    PROD-169012: Removed from CCID-2592 Revert ""Pull request #150271: Prod 169012""    HUB-101134: Add check on IMPORT_QUEUE_STATUS ID to ease roll-back    PROD-169590: Fixed the PlannerEvents.Client import in CVII.    Revert ""PROD-169590: removed from ccid-2589 Revert ""Pull request #150185: Webinar 8506 ccid""""    FLEX-89078: Phrase pull    PROD-169684: removed from ccid-2592 Revert ""Pull request #150237: FLEX-86204: fixed wrong version update""    ENT-27834 reverting the revert and resolving conflict with a phrase pull    FLEX-86204: fixed wrong version update    PROD-166523: removed from ccid-2586 Revert ""Pull request #150123: Revert ""reverting PROD-166523 from ccid-2581 Revert ""Pull request #149893: Prod 166523""""""    PROD-169563: removed from ccid-2586 Revert ""Pull request #150150: Ent 27834 prod""    PROD-169557: removed from ccid-2586 origpr Revert ""Pull request #150118: SRC-9162: Update Speaker Bio field with writing assistant""    PROD-169557: removed from ccid-2586 fwd fix pr Revert ""Pull request #150155: SRC-9162 fixed hint paths""    PROD-168450-1: added the dm script    Revert ""PROD-167919: Removed from ccid-2583 7fa51b38efd Revert ""Pull request #150080: Revert ""Reverting PROD-167919 from ccid-2583""""""    Revert ""PROD-167700: removed from ccid-2586 Revert ""Pull request #150152: PROD-167700 | operation_id = 30 code clean up from up_async_SendServiceBrokerRequest SP""""    PROD-168997: latest resx pull    ...
5. PROD-166523 : Added criteria for BLANK and NOT BLANK operator where validation is not expected.
6. Pull request #150493: down merge Prod  Merge in CVT/c4 from prod to prod-166523-new  * commit 'da5b263f6a4c8e3c832a9ab1bfc557fe4bc608ce': (35 commits)    Reverting PROD-167702 from ccid-2596 Revert ""Pull request #150364: Prod 167702""    PROD-169029: removed from ccid-2596 Revert ""Pull request #150363: package update by jenkins for Cvent.Controls 3.230612.110743""    Renamed popup for webinar owner change    Revert ""Reverting PROD-168960 from ccid-2595""    WEBINAR-5607: Updated polling logic.    PROD-169012: Updates on LU scripts for embedded_cvent_studio_flag    WEBINAR-8507: Updated the Polling to only wait till Initial Phase Completed Status.    Revert ""Revert ""Merge branch 'ccid-2592' of ssh://stash:7999/cvt/c4 into prod-169012""""    PROD-167702: Reducing iterations    PROD-168960: fixing name for owner change popup    WEBINAR-8507: Removed accidental commits.    PROD-170051: Updated chain and brand    PROD-169097: Changes for skipping the redirection flow to phoenix when we are on promotion hub    WEBINAR-8507: Update planner events client & model version    WEBINAR-8507: Fixed the Redirection Issue.    PROD-167702: Adding validations for other    package update by jenkins for Cvent.Controls 3.230612.110743    Revert ""PROD-169012: Removed from CCID-2592 Revert ""Pull request #150271: Prod 169012""""    Revert ""Merge branch 'ccid-2592' of ssh://stash:7999/cvt/c4 into prod-169012""    prod-169012 changes to fix dashboards build issue    ...
7. PROD-166523 : Took phrase pull for portuguese translation.
8. PROD-167644 : Added Null check and Logic for multi choice question answer to receive notification."
Q2 - WOW S12 (8 - 21 Jun),2023/06/08,2023/06/21,PROD-167534,150677,AJagtap,1093,106,0,0,0,0,0,1,1,0,0,0,AJagtap,,
Q2 - WOW S12 (8 - 21 Jun),2023/06/08,2023/06/21,PROD-167534,150679,AJagtap,216,12,0,0,0,0,0,1,1,0,0,0,AJagtap,,
Q2 - WOW S12 (8 - 21 Jun),2023/06/08,2023/06/21,PROD-167534,150073,AJagtap,8647,1353,0,0,0,0,0,0,0,0,0,0,AJagtap,,
Sprint Totals,,,,,,PR_ADDED: 9956,PR_REMOVED: 1471,COMMIT_ADDED: 1842,COMMIT_REMOVED: 142,APPROVED: 0,COMMENTED: 0,DECLINED: 0,MERGED: 2,OPENED: 2,RESCOPED: 0,UNAPPROVED: 0,UPDATED: 0,,,

Overall Totals,,,,,,PR_ADDED: 243915,PR_REMOVED: 75617,COMMIT_ADDED: 3795,COMMIT_REMOVED: 366,APPROVED: 4,COMMENTED: 0,DECLINED: 0,MERGED: 15,OPENED: 17,RESCOPED: 5,UNAPPROVED: 0,UPDATED: 4,,,
