SPRINT,START_DATE,END_DATE,TICKET,PR_ID,USER,PR_ADDED,PR_REMOVED,COMMIT_ADDED,COMMIT_REMOVED,APPROVED,COMMENTED,DECLINED,MERGED,OPENED,RESCOPED,UNAPPROVED,UPDATED,AUTHOR,COMMENTS,COMMIT_MESSAGES
WOW - S7 (30 Mar - 12Apr) 33,2023/03/30,2023/04/12,WEBINAR-849,1167,Dhruti.Shah,0,0,7,7,0,0,0,0,0,0,0,0,RupaliS,,"1. PROD-150387:Resolved Issue
2. Revert ""Revert ""PROD-121486 : Reporting text is showing instead of question text in retrieve call""""  This reverts commit 805f3002e387398a2a1e40f8254e03f8fbe83dff.
3. Pull request #1215: Master  Merge in CVT/soap-api from master to prod-150387-1  * commit 'c91dd83e8bf2e5540c7b752d403e3c42ddd43ebb':    [PROD-161142] : Updated the package    [PROD-161142] : Updated the package    [PROD-161142] : Updated the package    [PROD-161142] : Updated the package    [PROD-161142] : Updated the package    Revert ""PROD-161142: removed from master Revert ""Pull request #1191: Revert ""PROD-161142: removed from master Revert ""Pull request #1171: [PROD-161142] : Implemented logic to get new MRF url and pass to SP""""""""    PROD-161142: removed from master Revert ""Pull request #1191: Revert ""PROD-161142: removed from master Revert ""Pull request #1171: [PROD-161142] : Implemented logic to get new MRF url and pass to SP""""""    Revert ""PROD-161142: removed from master Revert ""Pull request #1171: [PROD-161142] : Implemented logic to get new MRF url and pass to SP""""    Merge branch 'master' into prod-163816    PROD-161142: removed from master Revert ""Pull request #1171: [PROD-161142] : Implemented logic to get new MRF url and pass to SP""    PROD-163667: removed from ccid-2508 Revert ""Pull request #1174: PROD-163667 : Com.Cvent.IdentityMapping.Client version update""    PROD-163667 : Com.Cvent.IdentityMapping.Client version update    SMM-50488 : SP updated for vendor_country field when new vendor is added    smm-50488 : Change for length    smm-50488 : change for datatype length    smm-50488 : Vendor datatype length change    smm-50488 : Invalid country code change"
WOW - S7 (30 Mar - 12Apr) 33,2023/03/30,2023/04/12,WEBINAR-4958,147826,Dhruti.Shah,0,0,0,0,1,0,0,0,0,0,0,0,THarsh,,
WOW - S7 (30 Mar - 12Apr) 33,2023/03/30,2023/04/12,WEBINAR-5607,147826,Dhruti.Shah,0,0,0,0,0,0,0,0,0,0,0,0,THarsh,,
WOW - S7 (30 Mar - 12Apr) 33,2023/03/30,2023/04/12,WEBINAR-5607,150499,Dhruti.Shah,8640,1360,0,0,0,0,0,0,0,0,0,0,Dhruti.Shah,,
WOW - S7 (30 Mar - 12Apr) 33,2023/03/30,2023/04/12,WEBINAR-5607,150773,Dhruti.Shah,8181,1819,0,0,0,0,0,0,0,0,0,0,Dhruti.Shah,,
Sprint Totals,,,,,,PR_ADDED: 16821,PR_REMOVED: 3179,COMMIT_ADDED: 7,COMMIT_REMOVED: 7,APPROVED: 1,COMMENTED: 0,DECLINED: 0,MERGED: 0,OPENED: 0,RESCOPED: 0,UNAPPROVED: 0,UPDATED: 0,,,

WOW - S8 (13 - 26 Apr),2023/04/13,2023/04/26,PROD-164110,148502,Dhruti.Shah,0,0,167,168,1,0,0,0,0,0,0,1,SMahale,,"1. CreateUsersWizardStep1Controller.cs edited online with Bitbucket  Added User Check
2. PROD-152149:User Check Added
3. PROD-152149:Requested user case changed for parameter
4. PROD-152149:Addressed Review Comments
5. PROD-152149: Only Sorce Type Updated
6. PROD-152149:Reverted unnecessary changes"
WOW - S8 (13 - 26 Apr),2023/04/13,2023/04/26,PROD-164110,148624,Dhruti.Shah,8002,1998,0,0,0,0,0,0,0,0,0,0,Dhruti.Shah,,
Sprint Totals,,,,,,PR_ADDED: 8002,PR_REMOVED: 1998,COMMIT_ADDED: 167,COMMIT_REMOVED: 168,APPROVED: 1,COMMENTED: 0,DECLINED: 0,MERGED: 0,OPENED: 0,RESCOPED: 0,UNAPPROVED: 0,UPDATED: 1,,,

Q2 -WOW - S9 (27 - 10 May) -33,2023/04/27,2023/05/10,PROD-166432,148934,Dhruti.Shah,0,0,1,1,0,0,0,0,0,0,0,0,AJagtap,,1. up_cvnt_Session_AwardCreditsBySessionEndDate.sql edited online with Bitbucket  Added disctinct to avoid duplicate records in temp table
Q2 -WOW - S9 (27 - 10 May) -33,2023/04/27,2023/05/10,WEBINAR-7906,148879,Dhruti.Shah,0,0,0,0,0,0,0,0,0,0,0,0,SSao,,
Q2 -WOW - S9 (27 - 10 May) -33,2023/04/27,2023/05/10,WEBINAR-7982,148879,Dhruti.Shah,0,0,0,0,0,0,0,0,0,0,0,0,SSao,,
Q2 -WOW - S9 (27 - 10 May) -33,2023/04/27,2023/05/10,WEBINAR-8478,148879,Dhruti.Shah,0,0,0,0,0,0,0,0,0,0,0,0,SSao,,
Q2 -WOW - S9 (27 - 10 May) -33,2023/04/27,2023/05/10,WEBINAR-8478,148945,Dhruti.Shah,0,0,0,0,0,2,0,0,0,0,0,1,SMahale,"1. s3client changes for save ,pending
2. Please remove line ` Helper.EnsureFolderExist(uploadLocation);`",
Sprint Totals,,,,,,PR_ADDED: 0,PR_REMOVED: 0,COMMIT_ADDED: 1,COMMIT_REMOVED: 1,APPROVED: 0,COMMENTED: 2,DECLINED: 0,MERGED: 0,OPENED: 0,RESCOPED: 0,UNAPPROVED: 0,UPDATED: 1,,,

Q2 - WOW - S10(11 - 24 May) 30,2023/05/11,2023/05/24,PROD-166742,149804,Dhruti.Shah,0,0,0,0,0,0,0,0,0,0,0,0,SMahale,,
Q2 - WOW - S10(11 - 24 May) 30,2023/05/11,2023/05/24,PROD-166742,149411,Dhruti.Shah,0,0,0,0,1,0,0,0,0,0,0,1,SMahale,,
Q2 - WOW - S10(11 - 24 May) 30,2023/05/11,2023/05/24,PROD-166742,149475,Dhruti.Shah,0,0,0,0,0,0,0,0,0,0,0,0,SMahale,,
Q2 - WOW - S10(11 - 24 May) 30,2023/05/11,2023/05/24,WEBINAR-7045,149190,Dhruti.Shah,0,0,0,0,1,0,0,0,0,0,0,1,SSao,,
Q2 - WOW - S10(11 - 24 May) 30,2023/05/11,2023/05/24,WEBINAR-7045,149284,Dhruti.Shah,0,0,0,0,1,0,0,0,0,0,0,1,SSao,,
Q2 - WOW - S10(11 - 24 May) 30,2023/05/11,2023/05/24,WEBINAR-7045,149493,Dhruti.Shah,0,0,12,43,0,0,0,0,0,0,0,0,APrajapati,,"1. PROD-165500 | On deleting a Custom RFP Field, the field name is displayed on the list.
2. PROD-165500 | On deleting a Custom Field, the field name is displayed on the list.
3. FileUploadController.cs edited online with Bitbucket  PROD-163344:Removed code that is saving file on Server at  profileimage/tmp folder"
Sprint Totals,,,,,,PR_ADDED: 0,PR_REMOVED: 0,COMMIT_ADDED: 12,COMMIT_REMOVED: 43,APPROVED: 3,COMMENTED: 0,DECLINED: 0,MERGED: 0,OPENED: 0,RESCOPED: 0,UNAPPROVED: 0,UPDATED: 3,,,

Q2 - WOW S11 (25 May-7 Jun),2023/05/25,2023/06/07,PROD-157033,149411,Dhruti.Shah,0,0,0,0,0,0,0,0,0,0,1,0,SMahale,,
Q2 - WOW S11 (25 May-7 Jun),2023/05/25,2023/06/07,PROD-157033,149475,Dhruti.Shah,0,0,0,0,0,0,0,0,0,0,0,0,SMahale,,
Sprint Totals,,,,,,PR_ADDED: 0,PR_REMOVED: 0,COMMIT_ADDED: 0,COMMIT_REMOVED: 0,APPROVED: 0,COMMENTED: 0,DECLINED: 0,MERGED: 0,OPENED: 0,RESCOPED: 0,UNAPPROVED: 1,UPDATED: 0,,,

Q2 - WOW S12 (8 - 21 Jun),2023/06/08,2023/06/21,PROD-167534,150773,Dhruti.Shah,8181,1819,0,0,0,0,0,0,0,0,0,0,Dhruti.Shah,,
Q2 - WOW S12 (8 - 21 Jun),2023/06/08,2023/06/21,PROD-167534,150782,Dhruti.Shah,0,0,0,0,0,0,0,0,0,0,0,0,RSalunke,,
Sprint Totals,,,,,,PR_ADDED: 8181,PR_REMOVED: 1819,COMMIT_ADDED: 0,COMMIT_REMOVED: 0,APPROVED: 0,COMMENTED: 0,DECLINED: 0,MERGED: 0,OPENED: 0,RESCOPED: 0,UNAPPROVED: 0,UPDATED: 0,,,

Overall Totals,,,,,,PR_ADDED: 33004,PR_REMOVED: 6996,COMMIT_ADDED: 187,COMMIT_REMOVED: 219,APPROVED: 5,COMMENTED: 2,DECLINED: 0,MERGED: 0,OPENED: 0,RESCOPED: 0,UNAPPROVED: 1,UPDATED: 5,,,
