SPRINT,START_DATE,END_DATE,TICKET,PR_ID,USER,PR_ADDED,PR_REMOVED,COMMIT_ADDED,COMMIT_REMOVED,APPROVED,COMMENTED,DECLINED,MERGED,OPENED,RESCOPED,UNAPPROVED,UPDATED,AUTHOR,COMMENTS,COMMIT_MESSAGES
WOW - S8 (13 - 26 Apr),2023/04/13,2023/04/26,WEBINAR-7051,148676,PLohiya,1937,839,0,0,0,0,0,0,0,0,0,0,PLohiya,,
WOW - S8 (13 - 26 Apr),2023/04/13,2023/04/26,WEBINAR-7051,148683,PLohiya,1930,832,0,0,0,0,0,0,0,0,0,0,PLohiya,,
Sprint Totals,,,,,,PR_ADDED: 3867,PR_REMOVED: 1671,COMMIT_ADDED: 0,COMMIT_REMOVED: 0,APPROVED: 0,COMMENTED: 0,DECLINED: 0,MERGED: 0,OPENED: 0,RESCOPED: 0,UNAPPROVED: 0,UPDATED: 0,,,

Q2 - WOW S11 (25 May-7 Jun),2023/05/25,2023/06/07,PROD-157033,150153,PLohiya,1609,8391,0,8,0,0,0,1,1,0,0,0,PLohiya,,"1. EVENT-52120: remove classic mobile event website
2. EVENT-52120: resolve prod merge conflicts"
Sprint Totals,,,,,,PR_ADDED: 1609,PR_REMOVED: 8391,COMMIT_ADDED: 0,COMMIT_REMOVED: 8,APPROVED: 0,COMMENTED: 0,DECLINED: 0,MERGED: 1,OPENED: 1,RESCOPED: 0,UNAPPROVED: 0,UPDATED: 0,,,

Overall Totals,,,,,,PR_ADDED: 5476,PR_REMOVED: 10062,COMMIT_ADDED: 0,COMMIT_REMOVED: 8,APPROVED: 0,COMMENTED: 0,DECLINED: 0,MERGED: 1,OPENED: 1,RESCOPED: 0,UNAPPROVED: 0,UPDATED: 0,,,
