SPRINT,START_DATE,END_DATE,TICKET,PR_ID,USER,PR_ADDED,PR_REMOVED,COMMIT_ADDED,COMMIT_REMOVED,APPROVED,COMMENTED,DECLINED,MERGED,OPENED,RESCOPED,UNAPPROVED,UPDATED,AUTHOR,COMMENTS,COMMIT_MESSAGES
WOW - S7 (30 Mar - 12Apr) 33,2023/03/30,2023/04/12,WEBINAR-5422,147754,SBandekar,2360,796,0,0,0,0,0,1,1,0,0,0,SBandekar,,
Sprint Totals,,,,,,PR_ADDED: 2360,PR_REMOVED: 796,COMMIT_ADDED: 0,COMMIT_REMOVED: 0,APPROVED: 0,COMMENTED: 0,DECLINED: 0,MERGED: 1,OPENED: 1,RESCOPED: 0,UNAPPROVED: 0,UPDATED: 0,,,

WOW - S8 (13 - 26 Apr),2023/04/13,2023/04/26,WEBINAR-7051,149559,SBandekar,0,0,92,3,0,0,0,0,0,0,0,0,P.Ahuja,,"1. ENT-27961-2:Added new feature flag for click tracking
2. ENT-27961-2:Updated SP to UTF-8
3. Pull request #148407: ENT-27961-2:Added new feature flag for click tracking  Merge in CVT/c4 from ent-27961-2 to dev661  * commit '84c0f4b14c3fd3cbd4ec51774d33570281ba796c':    ENT-27961-2:Updated SP to UTF-8    ENT-27961-2:Added new feature flag for click tracking
4. ENT-27961-2: Updated where condition in SP
5. ENT-27961-2: Formatting
6. Pull request #148507: Ent 27961 2  Merge in CVT/c4 from ent-27961-2 to dev661  * commit '8e352ca405c3555639e411c1bed07099ff41076a':    ENT-27961-2: Formatting    ENT-27961-2: Updated where condition in SP"
Sprint Totals,,,,,,PR_ADDED: 0,PR_REMOVED: 0,COMMIT_ADDED: 92,COMMIT_REMOVED: 3,APPROVED: 0,COMMENTED: 0,DECLINED: 0,MERGED: 0,OPENED: 0,RESCOPED: 0,UNAPPROVED: 0,UPDATED: 0,,,

Q2 -WOW - S9 (27 - 10 May) -33,2023/04/27,2023/05/10,PROD-166432,148824,SBandekar,0,0,1,1,0,0,0,0,0,0,0,0,Sagar.Patel,,1. PROD-165329:unable to edit purchase template fields if a mapped custom field is deleted
Q2 -WOW - S9 (27 - 10 May) -33,2023/04/27,2023/05/10,PROD-166432,149559,SBandekar,0,0,20,7,0,0,0,0,0,0,0,0,P.Ahuja,,"1. Pull request #148608: Prod  Merge in CVT/c4 from prod to dev661  * commit '853924cf4a1f71f337d8c2b38c938485eb51e2f6': (130 commits)    PROD-157009: Correcting incorrect password    PROD-157009: Correcting replacement value    Reverting PROD-163585 from ccid-2545 Revert ""Pull request #148435: [prod-163585] : Logic changed to show proper message for MRF created and MRF updated.""    PROD-157009: Adding redis cach dev password    PROD-165786: removed from ccid-2545 Revert ""Pull request #148461: Prod 165786""    PROD-165470: removed from ccid-2545 Revert ""Pull request #148430: PROD-165470: Remove crowd compass""    NA-0: Updated resources    SRC-9114: Adjust Store procedure to return empty string instead of default value to match consumer    FLEX-86744: Updating default value    FLEX-88029    NA-0: Revert of revert    FLEX-86744: Adding default value to secret key    PROD-161612: Added a fix for existing hotel requst with empty.guid BIs    PROD-164422 : Changes to Update Invitee_reg_Pack with new contact stub during substitution    PROD-165735:Lu changes    planner phrase updates    PROD-165671: Reverting bad commit    PROD-165671: Resolving conflicts    added DELETED_FILE_AUDIT to LU_DATA_ARCHIVE_EXEMPTED_TABLE_LIST    FLEX-88029 Update column    ...
2. Pull request #148609: PROD-165329:unable to edit purchase template fields if a mapped custom field is deleted  Merge in CVT/c4 from prod-165329 to dev661  * commit '5b2cf6d166a8c05a24217411f890de928cb02d74':    PROD-165329:unable to edit purchase template fields if a mapped custom field is deleted
3. ENT-27962-1:Updated feature flag for engagement score
4. ENT:27962-1:Added flag for OnArrival
5. ENT-27962-1:Added IsContainerEvent condition for onArrival feature"
Sprint Totals,,,,,,PR_ADDED: 0,PR_REMOVED: 0,COMMIT_ADDED: 21,COMMIT_REMOVED: 8,APPROVED: 0,COMMENTED: 0,DECLINED: 0,MERGED: 0,OPENED: 0,RESCOPED: 0,UNAPPROVED: 0,UPDATED: 0,,,

Overall Totals,,,,,,PR_ADDED: 2360,PR_REMOVED: 796,COMMIT_ADDED: 113,COMMIT_REMOVED: 11,APPROVED: 0,COMMENTED: 0,DECLINED: 0,MERGED: 1,OPENED: 1,RESCOPED: 0,UNAPPROVED: 0,UPDATED: 0,,,
