SPRINT,START_DATE,END_DATE,TICKET,PR_ID,USER,PR_ADDED,PR_REMOVED,COMMIT_ADDED,COMMIT_REMOVED,APPROVED,COMMENTED,DECLINED,MERGED,OPENED,RESCOPED,UNAPPROVED,UPDATED,AUTHOR,COMMENTS,COMMIT_MESSAGES
Q2 23' S2-Fatela jeb sil jayga,2023/04/11,2023/04/25,CMOBL-149375,74,J.Kumar,0,0,0,0,0,0,0,0,0,0,0,0,KMahajan,,
Q2 23' S2-Fatela jeb sil jayga,2023/04/11,2023/04/25,CMOBL-149375,75,J.Kumar,0,0,0,0,0,0,0,0,0,0,0,0,KMahajan,,
Q2 23' S2-Fatela jeb sil jayga,2023/04/11,2023/04/25,CMOBL-149375,76,J.Kumar,0,0,0,0,0,0,0,0,0,0,0,0,KMahajan,,
Q2 23' S2-Fatela jeb sil jayga,2023/04/11,2023/04/25,CMOBL-150107,805,J.Kumar,0,0,0,0,0,2,0,0,0,0,0,0,Prashant.Bansal,"1. What exactly is being changed?
2. merge conflicts",
Q2 23' S2-Fatela jeb sil jayga,2023/04/11,2023/04/25,CMOBL-150108,805,J.Kumar,0,0,0,0,0,0,0,0,0,0,0,0,Prashant.Bansal,,
Q2 23' S2-Fatela jeb sil jayga,2023/04/11,2023/04/25,CMOBL-150108,806,J.Kumar,0,0,0,0,1,0,0,0,0,0,0,0,Prashant.Bansal,,
Q2 23' S2-Fatela jeb sil jayga,2023/04/11,2023/04/25,CMOBL-150109,803,J.Kumar,0,0,0,0,1,0,0,0,0,0,0,0,Subratkumar.Sahoo,,
Q2 23' S2-Fatela jeb sil jayga,2023/04/11,2023/04/25,CMOBL-150713,9,J.Kumar,31,2,31,2,0,0,0,1,1,0,0,0,J.Kumar,,1. CMOBL-150713: Added oss-types for images and eliterature associated with OSS entities
Q2 23' S2-Fatela jeb sil jayga,2023/04/11,2023/04/25,CMOBL-150713,291,J.Kumar,241,195,244,190,0,0,0,1,1,2,0,0,J.Kumar,,"1. Merge branch 'develop' of ssh://stash.cvent.net:7999/api/universal-exhibitor into develop
2. CMOBL-150713: Updated version of universal-types and used them for all file ids
3. CMOBL-150713: Added assertion to verify correct logo and banner image ids in test
4. NA-0: develop downmerge
5. CMOBL-150713: Fixed condition for fileid check
6. CMOBL-150713: Fixed condition for fileid check"
Q2 23' S2-Fatela jeb sil jayga,2023/04/11,2023/04/25,CMOBL-150713,292,J.Kumar,0,0,65,37,1,0,0,0,0,0,0,0,RaviM,,"1. CMOBL-152956: Used new event-api-java-client package in universal-exhibitor
2. Merge branch 'develop' of ssh://stash.cvent.net:7999/api/universal-exhibitor into develop
3. Merge branch 'develop' into cmobl-152956
4. CMOBL-152956: miscellaneous changes to follow standards and use correct URL
5. CMOBL-152956: miscellaneous changes to follow standards and use correct URL
6. Pull request #288: Cmobl 152956  Merge in API/universal-exhibitor from cmobl-152956 to develop  * commit 'b6f8eb5c1549fbf22a45b561fbc21b39094a5c05':    CMOBL-152956: miscellaneous changes to follow standards and use correct URL    CMOBL-152956: miscellaneous changes to follow standards and use correct URL    CMOBL-152956: Used new event-api-java-client package in universal-exhibitor    CMOBL-150715: Rounded jacoco coverage    CMOBL-150715: Added new event-api java client dependency and completed setup to use that
7. Pull request #291: Cmobl 150713  Merge in API/universal-exhibitor from cmobl-150713 to develop  * commit 'b2bfa4ea9131c56a5e64dadfc205928d98393d0b':    CMOBL-150713: Fixed condition for fileid check    CMOBL-150713: Fixed condition for fileid check    CMOBL-150713: Added assertion to verify correct logo and banner image ids in test    CMOBL-150713: Updated version of universal-types and used them for all file ids"
Q2 23' S2-Fatela jeb sil jayga,2023/04/11,2023/04/25,CMOBL-150914,137,J.Kumar,0,0,0,0,4,1,0,1,0,0,2,0,KMahajan,"1. @KMahajan This should be consistent with what we have currently in system. Is it `profile-id` or `profileId`. As this is for existing endpoint, we shouldn't be changing anything.",
Q2 23' S2-Fatela jeb sil jayga,2023/04/11,2023/04/25,CMOBL-151832,139,J.Kumar,0,0,0,0,1,13,0,0,0,0,1,0,MMenpadi,"1. Missing description
2. Missing description
3. ```suggestion                  ""description"": ""Display label for the field"",  ```
4. ```suggestion          ""description"": ""ID for custom registration question"",  ```
5. ```suggestion                  ""description"": ""ID of registration type"",  ```
6. Missing description of item
7. ```suggestion          ""description"": ""Editable field"",  ```
8. ```suggestion        ""description"": ""List of required Custom Registration Questions"",  ```
9. ```suggestion        ""description"": ""List of optional Custom Registration Questions"",  ```
10. What's this? lacking description and other things
11. ```suggestion        ""description"": ""Alternative ID of event source"",  ```
12. @SDowney Do we know what exactly it is?
13. ```suggestion        ""description"": ""This is an auto generated short code for the event. This will be unique with in an account and should only be used with accountId while querying data based on this to avoid cross-account data access."",  ```",
Q2 23' S2-Fatela jeb sil jayga,2023/04/11,2023/04/25,CMOBL-151961,1104,J.Kumar,0,0,0,0,0,0,0,0,0,0,0,0,Prashant.Bansal,,
Q2 23' S2-Fatela jeb sil jayga,2023/04/11,2023/04/25,CMOBL-151962,1106,J.Kumar,92,7,93,8,0,0,0,1,1,1,0,0,J.Kumar,,"1. CMOBL-151962: Added dependency for event-api-java-client and used methods from the new client package
2. NA-0: removed unused task and variable"
Q2 23' S2-Fatela jeb sil jayga,2023/04/11,2023/04/25,CMOBL-152619,289,J.Kumar,0,0,0,0,1,0,0,0,0,0,0,0,RaviM,,
Q2 23' S2-Fatela jeb sil jayga,2023/04/11,2023/04/25,CMOBL-152619,290,J.Kumar,601,314,0,0,0,0,0,1,1,0,0,0,J.Kumar,,
Q2 23' S2-Fatela jeb sil jayga,2023/04/11,2023/04/25,CMOBL-152619,292,J.Kumar,0,0,0,0,0,0,0,0,0,0,0,0,RaviM,,
Q2 23' S2-Fatela jeb sil jayga,2023/04/11,2023/04/25,CMOBL-152748,3549,J.Kumar,0,0,0,0,1,0,0,0,0,0,0,0,SDowney,,
Q2 23' S2-Fatela jeb sil jayga,2023/04/11,2023/04/25,CMOBL-152956,2,J.Kumar,13,8,13,8,0,0,0,1,1,0,0,0,J.Kumar,,1. CMOBL-152956: Updated specs version and fixed path for getExhibitor methods
Q2 23' S2-Fatela jeb sil jayga,2023/04/11,2023/04/25,CMOBL-152956,141,J.Kumar,21,1,0,0,0,0,0,0,0,0,0,0,J.Kumar,,
Q2 23' S2-Fatela jeb sil jayga,2023/04/11,2023/04/25,CMOBL-152956,288,J.Kumar,212,28,0,0,0,3,0,1,1,0,0,0,J.Kumar,"1. nope, intentional change to use a different port of pt-lead-capture on local. some other services owned by us also use 8084. So, just picked a different dedicated port
2. nope, intentional change to use a different port of pt-lead-capture on local. some other services owned by us also use 8084. So, just picked a different dedicated port
3. nope, intentionally added this so that people can use it to generate bearer easily for local debugging.",
Q2 23' S2-Fatela jeb sil jayga,2023/04/11,2023/04/25,CMOBL-152956,292,J.Kumar,0,0,0,0,0,0,0,0,0,0,0,0,RaviM,,
Q2 23' S2-Fatela jeb sil jayga,2023/04/11,2023/04/25,CMOBL-153084,145,J.Kumar,0,0,0,0,1,0,0,0,0,0,0,0,RaviM,,
Q2 23' S2-Fatela jeb sil jayga,2023/04/11,2023/04/25,CMOBL-153084,146,J.Kumar,0,0,0,0,1,10,0,0,0,0,0,0,RaviM,"1. ```suggestion        ""description"": ""Total number of events"",  ```
2. ```suggestion          - OSS Event  ```
3. ```suggestion        description: Limit of the results.  ```
4. Do we support sort by all event fields or specific fields?
5. ```suggestion        description: Whether the results should be sorted in ascending order or not. Default value for this is true.  ```
6. We need a better description for this. This doesn't tell anything useful.
7. Why did you remove this tag from event-api?
8. ```suggestion    - name: OSS Event  ```
9. ```suggestion      description: Operations related to OSS event entity.  ```
10. Add more description on what would this criteria map with in event model",
Q2 23' S2-Fatela jeb sil jayga,2023/04/11,2023/04/25,CMOBL-153103,278,J.Kumar,0,0,0,0,1,2,0,0,0,0,0,0,Michael.Roscoe,"1. @RBagga @""Michael.Roscoe"" Though the changes look okay but there would be cases where people might miss calling the method. Did we think about making it part of `@Authority` implementation itself so that no explicit call is needed?
2. @RaviM Let's make sure to notify this change in [#tech-universal-exhibitor-service](https://cvent.slack.com/archives/C01GSPU6KUL) channel about this change when we merge and release this so that everyone is aware of the change.",
Q2 23' S2-Fatela jeb sil jayga,2023/04/11,2023/04/25,CMOBL-153103,290,J.Kumar,601,314,0,0,0,0,0,0,0,0,0,0,J.Kumar,,
Q2 23' S2-Fatela jeb sil jayga,2023/04/11,2023/04/25,CMOBL-153103,292,J.Kumar,0,0,0,0,0,0,0,0,0,0,0,0,RaviM,,
Q2 23' S2-Fatela jeb sil jayga,2023/04/11,2023/04/25,CMOBL-153109,1107,J.Kumar,0,0,0,0,1,0,0,0,0,0,0,0,RaviM,,
Q2 23' S2-Fatela jeb sil jayga,2023/04/11,2023/04/25,CMOBL-153109,1108,J.Kumar,10,3,10,3,0,0,0,0,1,0,0,0,J.Kumar,,1. CMOBL-153109: Added null check for lead id before fetching exhisting lead
Q2 23' S2-Fatela jeb sil jayga,2023/04/11,2023/04/25,CMOBL-153244,2,J.Kumar,11,23,11,23,0,0,0,1,1,0,0,0,J.Kumar,,"1. CMOBL-153244: Fixed signature for lookupEntityId and remove constants
2. CMOBL-153244: Added codeowners and updated changeset"
Q2 23' S2-Fatela jeb sil jayga,2023/04/11,2023/04/25,CMOBL-153244,293,J.Kumar,54,43,59,48,0,0,0,1,1,0,0,0,J.Kumar,,"1. CMOBL-153244: Changes to use new planner-service-java-client
2. NA-0: develop downmerge
3. CMOBL-153244: Updated planner-service-java-client"
Q2 23' S2-Fatela jeb sil jayga,2023/04/11,2023/04/25,HUB-73504,364,J.Kumar,0,0,0,0,1,0,0,0,0,0,0,0,Subratkumar.Sahoo,,
Q2 23' S2-Fatela jeb sil jayga,2023/04/11,2023/04/25,HUB-90748,74,J.Kumar,0,0,0,0,0,2,0,0,0,0,0,0,VShyoran,"1. I think, we decided not to keep jsonb in this new table and keep specific columns only. :thinking_face:
2. It should have engagement id and exhibitor id as well",
Q2 23' S2-Fatela jeb sil jayga,2023/04/11,2023/04/25,HUB-90748,76,J.Kumar,0,0,0,0,0,0,0,0,0,0,0,0,VShyoran,,
Q2 23' S2-Fatela jeb sil jayga,2023/04/11,2023/04/25,HUB-92862,37,J.Kumar,0,0,0,0,1,0,0,0,0,0,0,0,VShyoran,,
Q2 23' S2-Fatela jeb sil jayga,2023/04/11,2023/04/25,HUB-95488,143,J.Kumar,0,0,0,0,1,1,0,0,0,0,0,0,Prashant.Bansal,"1. @""TSeely-Wright"" Can you please check the description and suggest updates?",
Q2 23' S2-Fatela jeb sil jayga,2023/04/11,2023/04/25,HUB-95488,613,J.Kumar,0,0,0,0,1,0,0,0,0,0,0,0,Prashant.Bansal,,
Q2 23' S2-Fatela jeb sil jayga,2023/04/11,2023/04/25,HUB-95491,2714,J.Kumar,0,0,0,0,1,0,0,0,0,0,0,0,Subratkumar.Sahoo,,
Q2 23' S2-Fatela jeb sil jayga,2023/04/11,2023/04/25,HUB-95491,2722,J.Kumar,0,0,0,0,0,0,0,0,0,0,0,0,SMartin,,
Q2 23' S2-Fatela jeb sil jayga,2023/04/11,2023/04/25,HUB-95491,3461,J.Kumar,0,0,0,0,0,0,0,0,0,0,0,0,SMartin,,
Q2 23' S2-Fatela jeb sil jayga,2023/04/11,2023/04/25,CMOBL-146549,2693,J.Kumar,0,0,0,0,0,0,0,0,0,0,0,0,VKanaujia,,
Q2 23' S2-Fatela jeb sil jayga,2023/04/11,2023/04/25,CMOBL-146549,2707,J.Kumar,0,0,0,0,0,0,0,0,0,0,0,0,VKanaujia,,
Q2 23' S2-Fatela jeb sil jayga,2023/04/11,2023/04/25,CMOBL-146549,2722,J.Kumar,0,0,0,0,0,0,0,0,0,0,0,0,SMartin,,
Q2 23' S2-Fatela jeb sil jayga,2023/04/11,2023/04/25,CMOBL-146549,3443,J.Kumar,0,0,0,0,0,0,0,0,0,0,0,0,Shea.Sullivan,,
Q2 23' S2-Fatela jeb sil jayga,2023/04/11,2023/04/25,CMOBL-146549,3445,J.Kumar,0,0,0,0,0,0,0,0,0,0,0,0,VKanaujia,,
Q2 23' S2-Fatela jeb sil jayga,2023/04/11,2023/04/25,CMOBL-150760,1099,J.Kumar,0,0,0,0,0,0,0,0,0,0,0,0,VKanaujia,,
Q2 23' S2-Fatela jeb sil jayga,2023/04/11,2023/04/25,CMOBL-150760,2716,J.Kumar,0,0,0,0,1,0,0,0,0,0,0,0,VKanaujia,,
Q2 23' S2-Fatela jeb sil jayga,2023/04/11,2023/04/25,CMOBL-150760,2722,J.Kumar,0,0,0,0,0,0,0,0,0,0,0,0,SMartin,,
Q2 23' S2-Fatela jeb sil jayga,2023/04/11,2023/04/25,CMOBL-150760,3461,J.Kumar,0,0,0,0,0,0,0,0,0,0,0,0,SMartin,,
Q2 23' S2-Fatela jeb sil jayga,2023/04/11,2023/04/25,CMOBL-152165,384,J.Kumar,0,0,0,0,0,2,0,0,0,0,0,0,KMahajan,"1. What's the difference b/w this endpoint and the one above this? Why do we need 2 endpoints for delete event?
2. We shouldn't be implementing two endpoints for same usecase. Please check with Black team why it was implemented that way earlier. We should have just one delete endpoint for the use case. If they feel deleting account link attempt will be problematic, then delete this based on query param in existing endpoint.",
Q2 23' S2-Fatela jeb sil jayga,2023/04/11,2023/04/25,CMOBL-152685,3,J.Kumar,0,0,0,0,1,0,0,0,0,0,0,1,KMahajan,,
Q2 23' S2-Fatela jeb sil jayga,2023/04/11,2023/04/25,CMOBL-152685,4,J.Kumar,0,0,0,0,1,0,0,0,0,0,0,0,KMahajan,,
Q2 23' S2-Fatela jeb sil jayga,2023/04/11,2023/04/25,CMOBL-152685,5,J.Kumar,0,0,0,0,0,0,0,0,0,0,0,0,KMahajan,,
Q2 23' S2-Fatela jeb sil jayga,2023/04/11,2023/04/25,CMOBL-152685,8,J.Kumar,9,10,0,0,0,0,0,0,0,0,0,0,J.Kumar,,
Q2 23' S2-Fatela jeb sil jayga,2023/04/11,2023/04/25,CMOBL-152685,148,J.Kumar,0,0,0,0,0,0,0,0,0,0,0,0,KMahajan,,
Q2 23' S2-Fatela jeb sil jayga,2023/04/11,2023/04/25,CMOBL-152685,150,J.Kumar,0,0,0,0,0,0,0,0,0,0,0,0,KMahajan,,
Q2 23' S2-Fatela jeb sil jayga,2023/04/11,2023/04/25,CMOBL-152685,152,J.Kumar,0,0,0,0,0,0,0,0,0,0,0,0,KMahajan,,
Q2 23' S2-Fatela jeb sil jayga,2023/04/11,2023/04/25,CMOBL-152685,1105,J.Kumar,0,0,0,0,0,6,0,0,0,0,0,0,KMahajan,"1. This PR is just updating the version but doesn't update existing usage with endpoints defined in new package
2. Create a property in parent POM for the version.
3. We shouldn't need to make this change. metadata property should be added in license object if not available
4. This name shouldn't be changed. It should stay as `getUpdatedAt`
5. same here
6. same here",
Q2 23' S2-Fatela jeb sil jayga,2023/04/11,2023/04/25,CMOBL-152752,3549,J.Kumar,0,0,0,0,0,0,0,0,0,0,0,0,SDowney,,
Q2 23' S2-Fatela jeb sil jayga,2023/04/11,2023/04/25,CMOBL-153085,148,J.Kumar,0,0,0,0,0,0,0,0,0,0,0,0,KMahajan,,
Q2 23' S2-Fatela jeb sil jayga,2023/04/11,2023/04/25,CMOBL-153085,150,J.Kumar,0,0,0,0,0,0,0,0,0,0,0,0,KMahajan,,
Q2 23' S2-Fatela jeb sil jayga,2023/04/11,2023/04/25,CMOBL-153112,147,J.Kumar,0,0,0,0,0,7,0,0,0,0,0,0,KMahajan,"1. Changes are not aligned with existing implementation. We have a post endpoint for this use case, not a get. Get endpoint is deprecated and not supposed to be used.  Please refer these links for correct endpoint  Route definition: https://stash.cvent.net/projects/PT/repos/file-service/browse/server/routes/filesV2.js#68  Existing Client: https://stash.cvent.net/projects/PT/repos/pt-client/browse/pt-java-clients/src/main/java/com/cvent/ptclient/file/FileV2RetrofitClient.java#72
2. default for this?
3. This response model should be mapped to Map<UUID, String>. Make sure this is happening in your generated java model.
4. Should be fine for the use case
5. PR build is failing
6. Is there any maximum limit for this?
7. minItems and maxItems limit for this?",
Q2 23' S2-Fatela jeb sil jayga,2023/04/11,2023/04/25,HUB-76665,369,J.Kumar,0,0,0,0,0,0,0,0,0,0,0,0,MMenpadi,,
Q2 23' S2-Fatela jeb sil jayga,2023/04/11,2023/04/25,HUB-89439,1442,J.Kumar,0,0,0,0,0,1,0,0,0,0,0,0,MMenpadi,1. I will prefer to update [this](https://stash.cvent.net/projects/PT/repos/json-schemas/browse/schemas/basic/accesstoken.json) instead of creating a new schema for same purpose.,
Q2 23' S2-Fatela jeb sil jayga,2023/04/11,2023/04/25,HUB-92743,61,J.Kumar,0,0,0,0,0,0,0,0,0,0,0,0,VKanaujia,,
Q2 23' S2-Fatela jeb sil jayga,2023/04/11,2023/04/25,HUB-92743,62,J.Kumar,0,0,0,0,0,0,0,0,0,0,0,0,VKanaujia,,
Q2 23' S2-Fatela jeb sil jayga,2023/04/11,2023/04/25,HUB-92743,157,J.Kumar,0,0,0,0,0,0,0,0,0,0,0,0,VKanaujia,,
Q2 23' S2-Fatela jeb sil jayga,2023/04/11,2023/04/25,HUB-92743,171,J.Kumar,0,0,0,0,0,0,0,0,0,0,0,0,VKanaujia,,
Q2 23' S2-Fatela jeb sil jayga,2023/04/11,2023/04/25,HUB-92743,3567,J.Kumar,0,0,0,0,0,0,0,0,0,0,0,0,VKanaujia,,
Q2 23' S2-Fatela jeb sil jayga,2023/04/11,2023/04/25,HUB-96535,3551,J.Kumar,0,0,0,0,0,0,0,0,0,0,0,0,VKanaujia,,
Q2 23' S2-Fatela jeb sil jayga,2023/04/11,2023/04/25,PROD-164667,656,J.Kumar,0,0,0,0,1,0,0,0,0,0,0,0,Prashant.Bansal,,
Q2 23' S2-Fatela jeb sil jayga,2023/04/11,2023/04/25,PROD-164667,821,J.Kumar,0,0,0,0,1,2,0,0,0,0,0,0,Prashant.Bansal,"1. I will prefer using testMode as query param name instead of `internalTestAttendee`.
2. Please cross check all ULC badgekit datatag fields are covered in this. Also, I don't thing we would need additional properties populated in this like customFields",
Q2 23' S2-Fatela jeb sil jayga,2023/04/11,2023/04/25,PROD-164667,822,J.Kumar,0,0,0,0,1,0,0,0,0,0,0,0,Prashant.Bansal,,
Q2 23' S2-Fatela jeb sil jayga,2023/04/11,2023/04/25,PROD-164667,3549,J.Kumar,0,0,0,0,0,0,0,0,0,0,0,0,SDowney,,
Sprint Totals,,,,,,PR_ADDED: 1896,PR_REMOVED: 948,COMMIT_ADDED: 526,COMMIT_REMOVED: 319,APPROVED: 25,COMMENTED: 52,DECLINED: 0,MERGED: 9,OPENED: 9,RESCOPED: 3,UNAPPROVED: 3,UPDATED: 1,,,

Q2 23' S3,2023/04/25,2023/05/09,CMOBL-146549,2693,J.Kumar,0,0,0,0,0,0,0,0,0,0,0,0,VKanaujia,,
Q2 23' S3,2023/04/25,2023/05/09,CMOBL-146549,2707,J.Kumar,0,0,0,0,0,0,0,0,0,0,0,0,VKanaujia,,
Q2 23' S3,2023/04/25,2023/05/09,CMOBL-146549,2722,J.Kumar,0,0,0,0,0,1,0,0,0,0,0,0,SMartin,1. merge conflicts,
Q2 23' S3,2023/04/25,2023/05/09,CMOBL-146549,3443,J.Kumar,0,0,0,0,0,0,0,0,0,0,0,0,Shea.Sullivan,,
Q2 23' S3,2023/04/25,2023/05/09,CMOBL-146549,3445,J.Kumar,0,0,0,0,0,0,0,0,0,0,0,0,VKanaujia,,
Q2 23' S3,2023/04/25,2023/05/09,CMOBL-150760,1099,J.Kumar,0,0,0,0,0,0,0,0,0,0,0,0,VKanaujia,,
Q2 23' S3,2023/04/25,2023/05/09,CMOBL-150760,2716,J.Kumar,0,0,0,0,0,0,0,0,0,0,0,0,VKanaujia,,
Q2 23' S3,2023/04/25,2023/05/09,CMOBL-150760,2722,J.Kumar,0,0,0,0,0,0,0,0,0,0,0,0,SMartin,,
Q2 23' S3,2023/04/25,2023/05/09,CMOBL-150760,3461,J.Kumar,0,0,0,0,1,0,0,0,0,0,0,0,SMartin,,
Q2 23' S3,2023/04/25,2023/05/09,CMOBL-152752,3549,J.Kumar,0,0,0,0,0,0,0,0,0,0,0,0,SDowney,,
Q2 23' S3,2023/04/25,2023/05/09,CMOBL-153085,148,J.Kumar,0,0,0,0,1,8,0,0,0,0,0,0,KMahajan,"1. Missing description
2. Missing description
3. fileId in type?  looks wrong description.
4. maxlength?
5. description doesn't match with field name
6. description doesn't match with field name
7. If it can have just the fileId, should it be UUID?
8. ```suggestion        ""description"": ""Array of exhibitor IDs representing the order of exhibitor logos shown when the category is LOGO type."",  ```",
Q2 23' S3,2023/04/25,2023/05/09,CMOBL-153085,150,J.Kumar,0,0,0,0,1,4,0,0,0,0,0,0,KMahajan,"1. ```suggestion        ""description"": ""Id of booth staff who has been assigned this license"",  ```
2. ```suggestion        ""description"": ""Timestamp for the license activation history"",  ```
3. Why are we removing this enum?
4. interger should be fine for the use case. Any specific reason for making it long?",
Q2 23' S3,2023/04/25,2023/05/09,CMOBL-153112,147,J.Kumar,0,0,0,0,1,0,0,0,0,0,0,0,KMahajan,,
Q2 23' S3,2023/04/25,2023/05/09,CMOBL-153240,147,J.Kumar,0,0,0,0,0,0,0,0,0,0,0,0,KMahajan,,
Q2 23' S3,2023/04/25,2023/05/09,CMOBL-153240,148,J.Kumar,0,0,0,0,0,0,0,0,0,0,0,0,KMahajan,,
Q2 23' S3,2023/04/25,2023/05/09,CMOBL-153664,3549,J.Kumar,0,0,0,0,0,0,0,0,0,0,0,0,SDowney,,
Q2 23' S3,2023/04/25,2023/05/09,HUB-96532,504,J.Kumar,0,0,0,0,0,0,0,0,0,0,0,0,Prashant.Bansal,,
Q2 23' S3,2023/04/25,2023/05/09,HUB-96535,3551,J.Kumar,0,0,0,0,0,0,0,0,0,0,0,0,VKanaujia,,
Q2 23' S3,2023/04/25,2023/05/09,PROD-164667,656,J.Kumar,0,0,0,0,0,0,0,0,0,0,0,0,Prashant.Bansal,,
Q2 23' S3,2023/04/25,2023/05/09,PROD-164667,821,J.Kumar,0,0,0,0,0,0,0,0,0,0,0,0,Prashant.Bansal,,
Q2 23' S3,2023/04/25,2023/05/09,PROD-164667,822,J.Kumar,0,0,0,0,0,0,0,0,0,0,0,0,Prashant.Bansal,,
Q2 23' S3,2023/04/25,2023/05/09,PROD-164667,3549,J.Kumar,0,0,0,0,0,0,0,0,0,0,0,0,SDowney,,
Q2 23' S3,2023/04/25,2023/05/09,PROD-165690,387,J.Kumar,0,0,0,0,0,0,0,0,0,0,0,0,RaviM,,
Q2 23' S3,2023/04/25,2023/05/09,CMOBL-152165,384,J.Kumar,0,0,0,0,0,0,0,0,0,0,0,0,KMahajan,,
Q2 23' S3,2023/04/25,2023/05/09,CMOBL-152685,3,J.Kumar,0,0,0,0,0,0,0,0,0,0,0,0,KMahajan,,
Q2 23' S3,2023/04/25,2023/05/09,CMOBL-152685,4,J.Kumar,0,0,0,0,0,0,0,0,0,0,0,0,KMahajan,,
Q2 23' S3,2023/04/25,2023/05/09,CMOBL-152685,5,J.Kumar,0,0,0,0,1,4,0,0,0,0,0,1,KMahajan,"1. Request body should be aligned with this spec definition  https://stash.cvent.net/projects/APISPECS/repos/oss-specs/browse/packages/license-api/src/openapi.yaml?at=refs%2Fheads%2FCMOBL-152685#56
2. Please add CODEOWNERS as well
3. ```suggestion                                  @Body LicenseRequest licenseRequest,  ```
4. ```suggestion       * @param licenseRequest  ```",
Q2 23' S3,2023/04/25,2023/05/09,CMOBL-152685,8,J.Kumar,9,10,0,0,0,0,0,0,0,0,0,0,J.Kumar,,
Q2 23' S3,2023/04/25,2023/05/09,CMOBL-152685,148,J.Kumar,0,0,0,0,0,0,0,0,0,0,0,0,KMahajan,,
Q2 23' S3,2023/04/25,2023/05/09,CMOBL-152685,150,J.Kumar,0,0,0,0,0,0,0,0,0,0,0,0,KMahajan,,
Q2 23' S3,2023/04/25,2023/05/09,CMOBL-152685,152,J.Kumar,0,0,0,0,1,0,0,0,0,0,0,0,KMahajan,,
Q2 23' S3,2023/04/25,2023/05/09,CMOBL-152685,1105,J.Kumar,0,0,0,0,0,5,0,0,0,0,0,0,KMahajan,"1. Add a property for version in parent POM
2. This looks weird. `ActivationHistoryModel` should be in `com.cvent.api.models.oss.License` namespace
3. license.getId should return UUID, not String
4. Use constants for all keys
5. Remove `ASSIGNED_TO` from Constants if not being used now",
Q2 23' S3,2023/04/25,2023/05/09,CMOBL-153113,1,J.Kumar,7,2,0,0,0,0,0,0,0,0,0,0,J.Kumar,,
Q2 23' S3,2023/04/25,2023/05/09,CMOBL-153113,4,J.Kumar,6,1,0,0,0,0,0,0,0,0,0,0,J.Kumar,,
Q2 23' S3,2023/04/25,2023/05/09,CMOBL-153113,7,J.Kumar,12,2,0,0,0,0,0,0,0,0,0,0,J.Kumar,,
Q2 23' S3,2023/04/25,2023/05/09,CMOBL-153113,153,J.Kumar,19,5,0,0,0,0,0,0,0,0,0,0,J.Kumar,,
Q2 23' S3,2023/04/25,2023/05/09,CMOBL-153113,317,J.Kumar,20,6,0,0,0,0,0,0,0,0,0,0,J.Kumar,,
Q2 23' S3,2023/04/25,2023/05/09,CMOBL-153113,361,J.Kumar,20,6,0,0,0,0,0,0,0,0,0,0,J.Kumar,,
Q2 23' S3,2023/04/25,2023/05/09,CMOBL-153113,706,J.Kumar,21,7,0,0,0,0,0,0,0,0,0,0,J.Kumar,,
Q2 23' S3,2023/04/25,2023/05/09,CMOBL-153113,722,J.Kumar,0,0,0,0,0,0,0,0,0,0,0,0,SDowney,,
Q2 23' S3,2023/04/25,2023/05/09,CMOBL-153113,804,J.Kumar,22,7,0,0,0,0,0,0,0,0,0,0,J.Kumar,,
Q2 23' S3,2023/04/25,2023/05/09,CMOBL-153113,1264,J.Kumar,20,6,0,0,0,0,0,0,0,0,0,0,J.Kumar,,
Q2 23' S3,2023/04/25,2023/05/09,CMOBL-153113,3558,J.Kumar,21,6,21,6,0,1,0,0,1,0,0,0,J.Kumar,"1. We are not writing tests at this point. I am going to remove tasks for this for now. Though, I feel this can be the stepping stone to move node service tests; from postman to karate as that's the paved road for ITs at Cvent now. Probably a different initiative coming soon ;)",1. CMOBL-153113: Added documentation for specs update
Q2 23' S3,2023/04/25,2023/05/09,CMOBL-153113,3564,J.Kumar,0,0,0,0,0,0,0,0,0,0,0,0,SMartin,,
Q2 23' S3,2023/04/25,2023/05/09,HUB-76665,369,J.Kumar,0,0,0,0,0,0,0,0,0,0,0,0,MMenpadi,,
Q2 23' S3,2023/04/25,2023/05/09,HUB-89439,1442,J.Kumar,0,0,0,0,0,0,0,0,0,0,0,0,MMenpadi,,
Q2 23' S3,2023/04/25,2023/05/09,HUB-90750,76,J.Kumar,0,0,0,0,0,0,0,0,0,0,0,0,VShyoran,,
Q2 23' S3,2023/04/25,2023/05/09,HUB-90750,17691,J.Kumar,0,0,0,0,0,0,0,0,0,0,0,0,VShyoran,,
Q2 23' S3,2023/04/25,2023/05/09,HUB-92743,61,J.Kumar,0,0,0,0,0,0,0,0,0,0,0,0,VKanaujia,,
Q2 23' S3,2023/04/25,2023/05/09,HUB-92743,62,J.Kumar,0,0,0,0,0,0,0,0,0,0,0,0,VKanaujia,,
Q2 23' S3,2023/04/25,2023/05/09,HUB-92743,157,J.Kumar,0,0,0,0,0,0,0,0,0,0,0,0,VKanaujia,,
Q2 23' S3,2023/04/25,2023/05/09,HUB-92743,171,J.Kumar,0,0,0,0,0,0,0,0,0,0,0,0,VKanaujia,,
Q2 23' S3,2023/04/25,2023/05/09,HUB-92743,3567,J.Kumar,0,0,0,0,0,0,0,0,0,0,0,0,VKanaujia,,
Sprint Totals,,,,,,PR_ADDED: 177,PR_REMOVED: 58,COMMIT_ADDED: 21,COMMIT_REMOVED: 6,APPROVED: 6,COMMENTED: 23,DECLINED: 0,MERGED: 0,OPENED: 1,RESCOPED: 0,UNAPPROVED: 0,UPDATED: 1,,,

Q2 23' S4,2023/05/09,2023/05/23,CMOBL-152165,384,J.Kumar,0,0,27,24,1,0,0,0,0,1,0,0,KMahajan,,1. CMOBL-152165: Added a query param field in deleteStripeAccountLink so it can delete account link attempt as well
Q2 23' S4,2023/05/09,2023/05/23,CMOBL-152685,3,J.Kumar,0,0,0,0,0,0,0,0,0,0,0,0,KMahajan,,
Q2 23' S4,2023/05/09,2023/05/23,CMOBL-152685,4,J.Kumar,0,0,0,0,0,0,0,0,0,0,0,0,KMahajan,,
Q2 23' S4,2023/05/09,2023/05/23,CMOBL-152685,5,J.Kumar,0,0,0,0,0,0,0,0,0,0,0,0,KMahajan,,
Q2 23' S4,2023/05/09,2023/05/23,CMOBL-152685,8,J.Kumar,9,10,9,10,0,0,0,1,1,0,0,0,J.Kumar,,1. CMOBL-152685: Fix client method signatures
Q2 23' S4,2023/05/09,2023/05/23,CMOBL-152685,148,J.Kumar,0,0,0,0,0,0,0,0,0,0,0,0,KMahajan,,
Q2 23' S4,2023/05/09,2023/05/23,CMOBL-152685,150,J.Kumar,0,0,0,0,0,0,0,0,0,0,0,0,KMahajan,,
Q2 23' S4,2023/05/09,2023/05/23,CMOBL-152685,152,J.Kumar,0,0,0,0,0,0,0,0,0,0,0,0,KMahajan,,
Q2 23' S4,2023/05/09,2023/05/23,CMOBL-152685,1105,J.Kumar,0,0,104,169,1,0,0,0,0,3,0,0,KMahajan,,"1. CMOBL-152685: Some code refactoring to make license code clean
2. CMOBL-152685: Updated LicenseClient version to fix signature issues and refactoring to remove old license client
3. CMOBL-152685: Added null and dateformat handling for license flow"
Q2 23' S4,2023/05/09,2023/05/23,CMOBL-153086,60,J.Kumar,72,57,72,57,0,0,0,1,1,0,0,0,J.Kumar,,"1. Revert ""Revert ""CMOBL-153086: Updated service to use new search-service-java-client""""  This reverts commit c71988fda7202740da519a596fd83d55a65290f7.
2. NA-0: fix codeowners"
Q2 23' S4,2023/05/09,2023/05/23,CMOBL-153086,156,J.Kumar,11,0,11,0,0,0,0,1,1,0,0,0,J.Kumar,,1. CMOBL-153086: Added tagline in exhibitor model
Q2 23' S4,2023/05/09,2023/05/23,CMOBL-153113,1,J.Kumar,7,2,7,2,0,0,0,1,1,0,0,0,J.Kumar,,1. CMOBL-153113: updated pull_request.md
Q2 23' S4,2023/05/09,2023/05/23,CMOBL-153113,4,J.Kumar,6,1,6,1,0,0,0,1,1,0,0,0,J.Kumar,,1. CMOBL-153113: Updated pull_request.md
Q2 23' S4,2023/05/09,2023/05/23,CMOBL-153113,7,J.Kumar,12,2,12,2,0,0,0,2,2,0,0,0,J.Kumar,,"1. CMOBL-153113: Updated pull_request.md
2. CMOBL-153113: updated pull_request.md"
Q2 23' S4,2023/05/09,2023/05/23,CMOBL-153113,153,J.Kumar,19,5,19,5,0,1,0,0,1,0,0,0,J.Kumar,1. PR will be merged after completing https://jira.cvent.com/browse/CMOBL-153087,1. CMOBL-153113: Added documentation for specs update
Q2 23' S4,2023/05/09,2023/05/23,CMOBL-153113,317,J.Kumar,20,6,20,6,0,0,0,1,1,0,0,0,J.Kumar,,1. CMOBL-153113: Added documentation for specs update
Q2 23' S4,2023/05/09,2023/05/23,CMOBL-153113,361,J.Kumar,20,6,21,7,0,0,0,1,1,1,0,0,J.Kumar,,"1. CMOBL-153113: Added documentation for specs update
2. CMOBL-153113: Added documentation for specs update"
Q2 23' S4,2023/05/09,2023/05/23,CMOBL-153113,706,J.Kumar,21,7,21,7,0,1,0,0,1,0,0,0,J.Kumar,1. PR will be merged after completing https://jira.cvent.com/browse/CMOBL-150913,1. CMOBL-153113: Added documentation for specs update
Q2 23' S4,2023/05/09,2023/05/23,CMOBL-153113,722,J.Kumar,0,0,0,0,0,0,0,0,0,0,0,0,SDowney,,
Q2 23' S4,2023/05/09,2023/05/23,CMOBL-153113,804,J.Kumar,22,7,22,7,0,0,0,1,1,1,0,0,J.Kumar,,"1. CMOBL-153113: Added documentation for specs update
2. Merge branch 'develop' into cmobl-153113"
Q2 23' S4,2023/05/09,2023/05/23,CMOBL-153113,1264,J.Kumar,20,6,20,6,0,0,0,1,1,0,0,0,J.Kumar,,1. CMOBL-153113: Added documentation for specs update
Q2 23' S4,2023/05/09,2023/05/23,CMOBL-153113,3558,J.Kumar,21,6,0,0,0,0,0,1,0,0,0,0,J.Kumar,,
Q2 23' S4,2023/05/09,2023/05/23,CMOBL-153113,3564,J.Kumar,0,0,0,0,1,0,0,0,0,0,0,0,SMartin,,1. Pull request #3558: CMOBL-153113: Added documentation for specs update  Merge in PT/event-api from cmobl-153113 to develop  * commit '725bfca09ec943fa9d5206198e1aec0c05f1a3e2':    CMOBL-153113: Added documentation for specs update
Q2 23' S4,2023/05/09,2023/05/23,CMOBL-153490,155,J.Kumar,132,0,134,2,0,3,0,1,1,1,0,0,J.Kumar,"1. done
2. oops, my bad!
3. This is the same thing which we have been discussing for these OSS specs PRs. types are not defined/concrete list at this point. There is no easy way to consolidate this and create enum. It has been a free form text to capture any value as entity.","1. CMOBL-153490: Added specs for existing getFile endpoint
2. CMOBL-153490: Fixed descrption and example for fields in file model"
Q2 23' S4,2023/05/09,2023/05/23,CMOBL-153507,158,J.Kumar,0,0,0,0,2,11,0,1,0,0,1,0,KMahajan,"1. ```suggestion    '/personas/{personaId}':  ```
2. ```suggestion        description: Get persona details by ID  ```
3. ```suggestion        summary: Lookup Personas  ```
4. ```suggestion        summary: Get Persona By ID  ```
5. ```suggestion        operationId: getPersonaById  ```
6. ```suggestion          - $ref: '#/components/parameters/personaId'  ```
7. ```suggestion      personaId:  ```
8. ```suggestion        name: personaId  ```
9. ```suggestion        description: Id used to get details of a specific persona  ```
10. ```suggestion        description: Successfully retrieved persona details.  ```
11. We don't have a tag defined for Persona. Please define one and use that for both endpoints",
Q2 23' S4,2023/05/09,2023/05/23,CMOBL-153740,294,J.Kumar,0,0,0,0,1,4,0,0,0,0,0,0,Prashant.Bansal,"1. It should be private static
2. You don't need a boolean for this.. you can just call method in if conditition
3. same comments as on ExhibitorCategoryResource
4. Missing karate tests for the new validations",
Q2 23' S4,2023/05/09,2023/05/23,CMOBL-153835,17606,J.Kumar,0,0,0,0,1,0,0,0,0,0,0,0,RaviM,,
Q2 23' S4,2023/05/09,2023/05/23,CMOBL-154095,1675,J.Kumar,0,0,0,0,0,1,0,0,0,0,0,0,Subratkumar.Sahoo,1. ```suggestion  CMOBL-154095: Upgrade nodejs version to 16.x  ```,
Q2 23' S4,2023/05/09,2023/05/23,CMOBL-154095,2726,J.Kumar,0,0,0,0,1,1,0,0,0,0,0,0,Subratkumar.Sahoo,1. ```suggestion  CMOBL-154095: Upgrade nodejs version to 16.x  ```,
Q2 23' S4,2023/05/09,2023/05/23,CMOBL-154095,2735,J.Kumar,0,0,0,0,0,0,0,0,0,0,0,0,Subratkumar.Sahoo,,
Q2 23' S4,2023/05/09,2023/05/23,CMOBL-154095,3471,J.Kumar,0,0,0,0,0,2,0,0,0,0,0,0,Subratkumar.Sahoo,"1. ```suggestion  CMOBL-154095: Upgrade nodejs version to 16.x  ```
2. Build is failing",
Q2 23' S4,2023/05/09,2023/05/23,CMOBL-154193,37,J.Kumar,121,11,121,11,0,0,0,0,1,0,0,0,J.Kumar,,1. CMOBL-154193: Added new users in congnito pool as per request
Q2 23' S4,2023/05/09,2023/05/23,HUB-76665,369,J.Kumar,0,0,0,0,0,0,0,0,0,0,0,0,MMenpadi,,
Q2 23' S4,2023/05/09,2023/05/23,HUB-89439,1442,J.Kumar,0,0,0,0,0,0,0,0,0,0,0,0,MMenpadi,,
Q2 23' S4,2023/05/09,2023/05/23,HUB-97154,504,J.Kumar,0,0,0,0,1,0,0,0,0,0,0,0,Prashant.Bansal,,
Q2 23' S4,2023/05/09,2023/05/23,HUB-97154,505,J.Kumar,0,0,0,0,1,1,0,1,0,0,0,1,Prashant.Bansal,1. Will it be 1.8.49 or 1.8.50 as I see jump directly to 51 from 49?,
Q2 23' S4,2023/05/09,2023/05/23,HUB-98731,2735,J.Kumar,0,0,0,0,0,0,0,0,0,0,0,0,Subratkumar.Sahoo,,
Q2 23' S4,2023/05/09,2023/05/23,HUB-98731,3473,J.Kumar,0,0,0,0,1,1,0,0,0,0,0,0,Subratkumar.Sahoo,1. We need to wait for user-api changes to have additional metadata needed in bearer to use writing assistant. Confirm?,
Q2 23' S4,2023/05/09,2023/05/23,HUB-99967,710,J.Kumar,0,0,0,0,1,0,0,0,0,0,0,0,Subratkumar.Sahoo,,
Q2 23' S4,2023/05/09,2023/05/23,PROD-167178,1109,J.Kumar,79,81,79,81,0,0,0,1,1,1,0,0,J.Kumar,,"1. PROD-167178: Added RetrofitException in retryConfig to retry on CAS mismatch failures
2. PROD-167178: Fixing version manually for next iteration because Jenkins failed to do so"
Q2 23' S4,2023/05/09,2023/05/23,PROD-167178,1110,J.Kumar,79,81,0,0,0,0,0,1,1,0,0,0,J.Kumar,,
Q2 23' S4,2023/05/09,2023/05/23,PROD-167178,1111,J.Kumar,80,79,0,91,0,0,0,1,1,1,0,0,J.Kumar,,"1. NA-0: resolve merge conflicts
2. NA-0: resolve merge conflicts"
Q2 23' S4,2023/05/09,2023/05/23,PROD-168013,296,J.Kumar,0,0,0,0,1,3,0,0,0,0,0,0,Prashant.Bansal,"1. ```suggestion              AccountId.fromNullable(accountId.get());  ```
2. We should think of aligning these  https://stash.cvent.net/projects/API/repos/universal-common/browse/src/main/java/com/cvent/universal/common/UniversalServiceHelpers.java#76
3. Approving with the hope that we have verified both the flows; client credentials and auth code",
Q2 23' S4,2023/05/09,2023/05/23,CMOBL-153241,11,J.Kumar,0,0,0,0,1,2,0,0,0,0,0,0,KMahajan,"1. We don't need this for API_KEY support. We generally register an interceptor while creating client instance which passes API_KEY header in all call automatically. So, this is needed only if we need a BEARER support.
2. And service to service calls are generally supposed to be done with API_KEY, not BEARER.",
Q2 23' S4,2023/05/09,2023/05/23,CMOBL-153241,160,J.Kumar,0,0,0,0,0,14,0,0,0,0,0,0,KMahajan,"1. This description is not helpful
2. ```suggestion    ""$id"": ""https://cvent.com/api/event-api/cqq-survey-info.json"",  ```
3. ```suggestion        ""description"": ""ID of survey associated with exhibitor"",  ```
4. ```suggestion        ""description"": ""Etag for survey to track modification by exhibitor"",  ```
5. ```suggestion        ""description"": ""ID of exhibitor Category"",  ```
6. ```suggestion        ""description"": ""True means exhibitor category has been soft deleted."",  ```
7. ```suggestion        ""description"": ""Array of exhibitor IDs representing the order of exhibitor logos shown when the category is LOGO type."",  ```
8. Shouldn't this be anyOf `exhibitor-category-response` and `exhibitor-category-response-with-logo-order`?
9. I will rename this to exhibitor-category-response-with-logo-order-details.json  And move model with exhibitor details in this and keep logoOrder with just UUIDs in exhibitor-category-response.
10. ```suggestion        ""description"": ""True means exhibitor has purchased delivery service for devices."",  ```
11. ```suggestion        ""description"": ""True means exhibitor has purchased Cvent Badge Kit."",  ```
12. We already have a model for exhibitor; why are we creating a new one?  https://stash.cvent.net/projects/APISPECS/repos/oss-specs/browse/packages/event-api/src/models/existing-exhibitor.json
13. It would be empty string or null if type is not BANNER?  If null, we can define format as UUID
14. minItems/maxItems?",
Q2 23' S4,2023/05/09,2023/05/23,CMOBL-153241,163,J.Kumar,0,0,0,0,2,2,0,1,0,0,1,0,KMahajan,"1. ```suggestion  CMOBL-153241: added a query param to useExistingBanner in updateExhibitorCategory endpoint  ```
2. ```suggestion        description: True means use existing banner file and don't create a new file object  ```",
Q2 23' S4,2023/05/09,2023/05/23,CMOBL-153241,173,J.Kumar,0,0,0,0,0,0,0,0,0,0,0,0,KMahajan,,
Q2 23' S4,2023/05/09,2023/05/23,CMOBL-153241,295,J.Kumar,0,0,0,0,0,5,0,0,0,0,0,0,KMahajan,"1. We shouldn't have exhibitor category endpoint in this interface. These should be coming from event-api-java-client package
2. Why did we start getting exhibitors null now?
3. What's the first param which is being sent as null? Is this Auth header? If yes, we should remove this from method signature
4. Also, please delete category related endpoints from EventApiClient
5. Some flows are impacted by your changes resulting in karate failures.",
Q2 23' S4,2023/05/09,2023/05/23,CMOBL-153241,300,J.Kumar,0,0,0,0,0,0,0,0,0,0,0,0,KMahajan,,
Q2 23' S4,2023/05/09,2023/05/23,HUB-89435,369,J.Kumar,0,0,0,0,0,0,0,0,0,0,0,0,MMenpadi,,
Q2 23' S4,2023/05/09,2023/05/23,HUB-90750,76,J.Kumar,0,0,0,0,0,4,0,0,0,0,0,0,VShyoran,"1. ```suggestion  CREATE TABLE attendee_click_tracking (  ```
2. `CardClickDB` -> AttendeeClickTrackingDB
3. ```suggestion  attendeeClickTrackingConsumer:  ```
4. I will suggest removing Card prefix from everywhere as it's not just for Cards.",
Q2 23' S4,2023/05/09,2023/05/23,HUB-90750,17691,J.Kumar,0,0,0,0,0,0,0,0,0,0,0,0,VShyoran,,
Q2 23' S4,2023/05/09,2023/05/23,HUB-92743,61,J.Kumar,0,0,0,0,1,1,0,0,0,0,0,0,VKanaujia,"1. How will these new endpoints be called?  If you are calling from graph, then it's fine. If there is a usecase to call this directly from browser, we should not be using apikey for that, It should be done with bearer.",
Q2 23' S4,2023/05/09,2023/05/23,HUB-92743,62,J.Kumar,0,0,0,0,1,0,0,0,0,0,0,0,VKanaujia,,
Q2 23' S4,2023/05/09,2023/05/23,HUB-92743,157,J.Kumar,0,0,0,0,1,0,0,0,0,0,0,0,VKanaujia,,
Q2 23' S4,2023/05/09,2023/05/23,HUB-92743,171,J.Kumar,0,0,0,0,0,0,0,0,0,0,0,0,VKanaujia,,
Q2 23' S4,2023/05/09,2023/05/23,HUB-92743,3567,J.Kumar,0,0,0,0,0,0,0,0,0,0,0,0,VKanaujia,,
Sprint Totals,,,,,,PR_ADDED: 751,PR_REMOVED: 367,COMMIT_ADDED: 705,COMMIT_REMOVED: 488,APPROVED: 19,COMMENTED: 57,DECLINED: 0,MERGED: 19,OPENED: 18,RESCOPED: 9,UNAPPROVED: 2,UPDATED: 1,,,

Q2 23' S5,2023/05/23,2023/06/06,CMOBL-150913,2,J.Kumar,42,45,0,0,0,0,0,0,0,0,0,0,J.Kumar,,
Q2 23' S5,2023/05/23,2023/06/06,CMOBL-150913,168,J.Kumar,0,0,0,0,1,2,0,1,0,0,0,0,KMahajan,"1. We shouldn't be removing this
2. ```suggestion  CMOBL-150913: Added id field in persona  ```",
Q2 23' S5,2023/05/23,2023/06/06,CMOBL-150913,1112,J.Kumar,217,142,208,143,0,0,0,1,1,2,0,0,J.Kumar,,"1. CMOBL-150913: Added dependency for new user-api-java-client and used that for getPersona
2. CMOBL-150913: Added resolved config support for new userAPIEndpoint
3. CMOBL-150913: Fux usage of api-key for IMS calls in karate"
Q2 23' S5,2023/05/23,2023/06/06,CMOBL-153241,11,J.Kumar,0,0,0,0,0,0,0,0,0,0,0,0,KMahajan,,
Q2 23' S5,2023/05/23,2023/06/06,CMOBL-153241,160,J.Kumar,0,0,0,0,0,0,0,0,0,0,0,0,KMahajan,,
Q2 23' S5,2023/05/23,2023/06/06,CMOBL-153241,163,J.Kumar,0,0,0,0,0,0,0,0,0,0,0,0,KMahajan,,
Q2 23' S5,2023/05/23,2023/06/06,CMOBL-153241,173,J.Kumar,0,0,0,0,0,0,0,0,0,0,0,0,KMahajan,,
Q2 23' S5,2023/05/23,2023/06/06,CMOBL-153241,295,J.Kumar,0,0,0,0,1,0,0,1,0,0,0,0,KMahajan,,
Q2 23' S5,2023/05/23,2023/06/06,CMOBL-153241,300,J.Kumar,0,0,0,0,0,0,0,0,0,0,0,0,KMahajan,,
Q2 23' S5,2023/05/23,2023/06/06,CMOBL-153494,5,J.Kumar,42,8,37,3,0,0,0,1,1,0,0,0,J.Kumar,,"1. CMOBL-153494: Added support for getFile and getPublicUrls endpoint
2. CMOBL-153494: Fix signature of getPublicUrls method"
Q2 23' S5,2023/05/23,2023/06/06,CMOBL-153494,299,J.Kumar,53,47,56,50,0,0,0,1,1,2,0,0,J.Kumar,,"1. CMOBL-153494: Used file-service-java-client.version for all file-service usecases
2. CMOBL-153494: Used file-service-java-client.version for all file-service usecases
3. CMOBL-153494: Used file-service-java-client.version for all file-service usecases
4. CMOBL-153494: Updated file-service-java-client version"
Q2 23' S5,2023/05/23,2023/06/06,HUB-87696,385,J.Kumar,0,0,0,0,1,0,0,0,0,0,0,0,Subratkumar.Sahoo,,
Q2 23' S5,2023/05/23,2023/06/06,HUB-89435,369,J.Kumar,0,0,0,0,1,0,0,0,0,0,0,0,MMenpadi,,
Q2 23' S5,2023/05/23,2023/06/06,HUB-90750,76,J.Kumar,0,0,0,0,0,0,0,0,0,0,0,0,VShyoran,,
Q2 23' S5,2023/05/23,2023/06/06,HUB-90750,17691,J.Kumar,0,0,0,0,1,1,0,0,0,0,0,0,VShyoran,1. Please link service code that's using this handledEnvironment property,
Q2 23' S5,2023/05/23,2023/06/06,HUB-92743,61,J.Kumar,0,0,0,0,0,0,0,0,0,0,0,0,VKanaujia,,
Q2 23' S5,2023/05/23,2023/06/06,HUB-92743,62,J.Kumar,0,0,0,0,0,0,0,0,0,0,0,0,VKanaujia,,
Q2 23' S5,2023/05/23,2023/06/06,HUB-92743,157,J.Kumar,0,0,0,0,0,0,0,0,0,0,0,0,VKanaujia,,
Q2 23' S5,2023/05/23,2023/06/06,HUB-92743,171,J.Kumar,0,0,0,0,0,8,0,0,0,0,0,0,VKanaujia,"1. ```suggestion        description: ID of OSS profile  ```
2. ```suggestion        summary: List Personas  ```
3. ```suggestion        description: Get list of persona associated with profile  ```
4. I will suggest to change the order of endpoints in specs  -> Lookup Personas   -> List Personas  -> Get Persona
5. Do we get 404 or empty list when there is no data?
6. Do we have any maxLimit for this? Considering it's not following pagination for response, it becomes important to define limit on number of items the response can have.
7. Do we need this? Is there any API which actually returns data with this schema? :thinking_face:
8. I have seen that but does that API return data in this format. I doubt. Looks like bad documentation for endpoint.",
Q2 23' S5,2023/05/23,2023/06/06,HUB-92743,3567,J.Kumar,0,0,0,0,1,0,0,0,0,0,0,0,VKanaujia,,
Q2 23' S5,2023/05/23,2023/06/06,HUB-98732,2735,J.Kumar,0,0,0,0,1,0,0,0,0,0,0,0,Subratkumar.Sahoo,,
Q2 23' S5,2023/05/23,2023/06/06,HUB-98732,2736,J.Kumar,0,0,0,0,1,0,0,0,0,0,0,0,Subratkumar.Sahoo,,
Q2 23' S5,2023/05/23,2023/06/06,HUB-99887,1450,J.Kumar,0,0,0,0,1,2,0,0,0,0,0,0,Prashant.Bansal,"1. Update description to give meaningful info  -> Watermark field to sync data from event-api to other systems. This will have latest/max of updatedAt of file and updateAt of content-order document
2. Same here -> update description",
Q2 23' S5,2023/05/23,2023/06/06,HUB-99887,3572,J.Kumar,0,0,0,0,1,0,0,0,0,0,0,0,Prashant.Bansal,,
Q2 23' S5,2023/05/23,2023/06/06,PROD-166323,384,J.Kumar,0,0,0,0,1,0,0,0,0,0,0,0,Subratkumar.Sahoo,,
Q2 23' S5,2023/05/23,2023/06/06,PROD-168222,73,J.Kumar,0,0,0,0,1,0,0,0,0,0,0,0,VShyoran,,
Q2 23' S5,2023/05/23,2023/06/06,PROD-168222,3583,J.Kumar,0,0,0,0,1,0,0,0,0,0,0,0,VShyoran,,
Q2 23' S5,2023/05/23,2023/06/06,CMOBL-153087,3,J.Kumar,0,0,0,0,1,0,0,0,0,0,0,1,KMahajan,,
Q2 23' S5,2023/05/23,2023/06/06,CMOBL-153087,168,J.Kumar,0,0,0,0,0,0,0,0,0,0,0,0,KMahajan,,
Q2 23' S5,2023/05/23,2023/06/06,CMOBL-153087,169,J.Kumar,0,0,0,0,1,1,0,1,0,0,0,0,KMahajan,1. @ATrites We will be covering different types with other tickets.,
Q2 23' S5,2023/05/23,2023/06/06,CMOBL-153087,384,J.Kumar,0,0,0,0,0,1,0,0,0,0,0,0,KMahajan,1. You shouldn't be creating new object mapper for every instance. Move this out of for loop,
Q2 23' S5,2023/05/23,2023/06/06,CMOBL-153110,115,J.Kumar,0,0,0,0,0,0,0,0,0,0,0,0,renovatebotman,,
Q2 23' S5,2023/05/23,2023/06/06,CMOBL-153110,271,J.Kumar,0,0,0,0,0,0,0,0,0,0,0,0,renovatebotman,,
Q2 23' S5,2023/05/23,2023/06/06,CMOBL-153493,3,J.Kumar,0,0,0,0,0,3,0,0,0,0,0,0,KMahajan,"1. There shouldn't be any dependency on `event-api-api` for this client package.
2. We should have a different interface for admin clients.  Also, need to make sure specs for this are added in planner-service.
3. Let's wait for this discussion to conclude before making any changes.  https://stash.cvent.net/projects/PT/repos/event-api-java-client/pull-requests/13/overview?commentId=3493870",
Q2 23' S5,2023/05/23,2023/06/06,CMOBL-153493,13,J.Kumar,0,0,0,0,1,4,0,0,0,0,0,0,KMahajan,"1. Also need to move specs for this endpoint from event-api to planner-service.
2. Link specs update PR for this
3. Let's wait for this discussion to conclude before making any changes.  https://stash.cvent.net/projects/PT/repos/event-api-java-client/pull-requests/13/overview?commentId=3493870
4. I think, it make sense to have a proxy in event-api for this POST endpoint and we can remove planner-service endpoint at later stage after changing all usages (hopefully, some day :sweat_smile:).  Thoughts?",
Q2 23' S5,2023/05/23,2023/06/06,CMOBL-153493,166,J.Kumar,0,0,0,0,1,10,0,1,0,0,0,0,KMahajan,"1. ```suggestion            ""description"": ""ID of profile"",  ```
2. ```suggestion            ""description"": ""First name for the user"",  ```
3. Please add a valid example.
4. ```suggestion            ""description"": ""Last name for the user"",  ```
5. Please add a valid example.
6. minLength?
7. Add required fields
8. ```suggestion            ""description"": ""Type associated with this profile"",  ```
9. missing examples
10. Can this be enum?",
Q2 23' S5,2023/05/23,2023/06/06,CMOBL-153493,172,J.Kumar,0,0,0,0,2,0,0,1,0,0,1,0,KMahajan,,
Q2 23' S5,2023/05/23,2023/06/06,HUB-76672,391,J.Kumar,0,0,0,0,0,0,0,0,0,0,0,0,Subratkumar.Sahoo,,
Q2 23' S5,2023/05/23,2023/06/06,HUB-99888,256,J.Kumar,0,0,0,0,1,0,0,1,0,0,0,0,Prashant.Bansal,,
Q2 23' S5,2023/05/23,2023/06/06,HUB-99888,508,J.Kumar,0,0,0,0,1,0,0,1,0,0,0,0,Prashant.Bansal,,
Q2 23' S5,2023/05/23,2023/06/06,HUB-99888,513,J.Kumar,0,0,0,0,0,0,0,0,0,0,0,0,Prashant.Bansal,,
Q2 23' S5,2023/05/23,2023/06/06,HUB-99888,1431,J.Kumar,0,0,0,0,0,0,0,0,0,0,0,0,Prashant.Bansal,,
Q2 23' S5,2023/05/23,2023/06/06,HUB-99888,512,J.Kumar,0,0,0,0,0,0,0,0,0,0,0,0,Prashant.Bansal,,
Q2 23' S5,2023/05/23,2023/06/06,HUB-100293,387,J.Kumar,0,0,0,0,0,0,0,0,0,0,0,0,VSingla,,
Q2 23' S5,2023/05/23,2023/06/06,HUB-100293,1680,J.Kumar,0,0,0,0,1,0,0,0,0,0,0,0,VSingla,,
Sprint Totals,,,,,,PR_ADDED: 354,PR_REMOVED: 242,COMMIT_ADDED: 301,COMMIT_REMOVED: 196,APPROVED: 22,COMMENTED: 32,DECLINED: 0,MERGED: 10,OPENED: 3,RESCOPED: 4,UNAPPROVED: 1,UPDATED: 1,,,

Q2 23'S6-Y to sch h k bhagwn h,2023/06/06,2023/06/20,CMOBL-153242,173,J.Kumar,0,0,0,0,1,5,0,0,0,0,0,0,KMahajan,"1. ```suggestion          description: The details of an exhibitor to be updated  ```
2. ```suggestion            description: The exhibitor was deleted successfully.  ```
3. Schema used for POST/PUT endpoints is not aligned with eixsting json-schemas defined here  https://stash.cvent.net/projects/PT/repos/json-schemas/browse/schemas/exhibitor.links.json#8,453
4. Missing description
5. I don't see id being passed for POST endpoint in existing schema of service  https://stash.cvent.net/projects/PT/repos/json-schemas/browse/schemas/exhibitor.links.json#8",
Q2 23'S6-Y to sch h k bhagwn h,2023/06/06,2023/06/20,CMOBL-153486,179,J.Kumar,345,1,345,1,0,1,0,1,1,1,0,0,J.Kumar,"1. missed it, will make it consistent in next PR :)","1. CMOBL-153486: Added Registration pack endpoints
2. CMOBL-153486: Added Registration pack endpoints"
Q2 23'S6-Y to sch h k bhagwn h,2023/06/06,2023/06/20,CMOBL-153487,175,J.Kumar,0,0,0,0,1,16,0,0,0,0,0,0,KMahajan,"1. Shouldn't this be 201?
2. Please use some new random UUIDs. Changing just 1-2 chars in existing UUIDs and reusing that for all fields would be confusing for readers.
3. Add some useful description for all the fields.  Also, all fields are marked as `readOnly` except this. Is that correct?
4. This is an attendees-list-reponse or exhibitor-attendees-list-response?  both are different personas
5. Everything is marked as readOnly except this?
6. ```suggestion        ""description"": ""Unique identifier for license."",  ```
7. ```suggestion        ""description"": ""Unique identifier for attendee."",  ```
8. ```suggestion        ""description"": ""Unique identifier for exhibitor attendee."",  ```
9. Please add useful description which can help distinguishing difference b/w `id` and `attendeeId`
10. Shouldn't this have 400 as well?
11. maxLength?
12. Not following what exactly are you trying to say here.
13. @SDowney Can you please help here?
14. Interesting to see this for a booth staff/ exhibitor attendee. Is it really needed here? :thinking_face:
15. @SDowney need your inputs here as well. :)
16. Add example for all the properties.",
Q2 23'S6-Y to sch h k bhagwn h,2023/06/06,2023/06/20,CMOBL-153487,184,J.Kumar,0,0,0,0,0,0,0,0,0,0,0,0,KMahajan,,
Q2 23'S6-Y to sch h k bhagwn h,2023/06/06,2023/06/20,CMOBL-153493,3,J.Kumar,0,0,0,0,0,0,0,0,0,0,0,0,KMahajan,,
Q2 23'S6-Y to sch h k bhagwn h,2023/06/06,2023/06/20,CMOBL-153493,13,J.Kumar,0,0,0,0,0,0,0,0,0,0,0,0,KMahajan,,
Q2 23'S6-Y to sch h k bhagwn h,2023/06/06,2023/06/20,CMOBL-153493,166,J.Kumar,0,0,0,0,0,0,0,0,0,0,0,0,KMahajan,,
Q2 23'S6-Y to sch h k bhagwn h,2023/06/06,2023/06/20,CMOBL-153493,172,J.Kumar,0,0,0,0,0,0,0,0,0,0,0,0,KMahajan,,
Q2 23'S6-Y to sch h k bhagwn h,2023/06/06,2023/06/20,CMOBL-153524,394,J.Kumar,0,0,0,0,1,0,0,0,0,0,0,0,Subratkumar.Sahoo,,
Q2 23'S6-Y to sch h k bhagwn h,2023/06/06,2023/06/20,CMOBL-155062,3587,J.Kumar,0,0,0,0,1,0,0,0,0,0,0,0,VShyoran,,
Q2 23'S6-Y to sch h k bhagwn h,2023/06/06,2023/06/20,CMOBL-155106,307,J.Kumar,0,0,0,0,0,0,0,0,0,0,0,0,VShyoran,,
Q2 23'S6-Y to sch h k bhagwn h,2023/06/06,2023/06/20,CMOBL-155106,17868,J.Kumar,0,0,0,0,0,1,0,0,0,0,0,0,VShyoran,1. PR build is failing,
Q2 23'S6-Y to sch h k bhagwn h,2023/06/06,2023/06/20,HUB-76672,391,J.Kumar,0,0,0,0,1,0,0,0,0,0,0,0,Subratkumar.Sahoo,,
Q2 23'S6-Y to sch h k bhagwn h,2023/06/06,2023/06/20,HUB-98619,3590,J.Kumar,0,0,0,0,0,2,0,0,0,0,0,0,MMenpadi,"1. ```suggestion  of various use cases from EM & EPv2.  ```
2. Yup, I have been busy with meetings today. I will review this 1st thing tomorrow morning.",
Q2 23'S6-Y to sch h k bhagwn h,2023/06/06,2023/06/20,HUB-98619,3611,J.Kumar,0,0,0,0,0,0,0,0,0,0,0,0,Subratkumar.Sahoo,,
Q2 23'S6-Y to sch h k bhagwn h,2023/06/06,2023/06/20,HUB-99888,256,J.Kumar,0,0,0,0,0,0,0,0,0,0,0,0,Prashant.Bansal,,
Q2 23'S6-Y to sch h k bhagwn h,2023/06/06,2023/06/20,HUB-99888,508,J.Kumar,0,0,0,0,0,0,0,0,0,0,0,0,Prashant.Bansal,,
Q2 23'S6-Y to sch h k bhagwn h,2023/06/06,2023/06/20,HUB-99888,513,J.Kumar,0,0,0,0,0,0,0,0,0,0,0,0,Prashant.Bansal,,
Q2 23'S6-Y to sch h k bhagwn h,2023/06/06,2023/06/20,HUB-99888,1431,J.Kumar,0,0,0,0,1,0,0,0,0,0,0,0,Prashant.Bansal,,
Q2 23'S6-Y to sch h k bhagwn h,2023/06/06,2023/06/20,HUB-99888,512,J.Kumar,0,0,0,0,0,0,0,0,0,0,0,0,Prashant.Bansal,,
Q2 23'S6-Y to sch h k bhagwn h,2023/06/06,2023/06/20,HUB-100293,387,J.Kumar,0,0,0,0,0,1,0,0,0,0,0,0,VSingla,1. merge conflicts,
Q2 23'S6-Y to sch h k bhagwn h,2023/06/06,2023/06/20,HUB-100293,1680,J.Kumar,0,0,0,0,0,0,0,0,0,0,0,0,VSingla,,
Q2 23'S6-Y to sch h k bhagwn h,2023/06/06,2023/06/20,HUB-101685,2738,J.Kumar,0,0,0,0,1,0,0,0,0,0,0,0,VSingla,,
Q2 23'S6-Y to sch h k bhagwn h,2023/06/06,2023/06/20,HUB-101685,2741,J.Kumar,0,0,0,0,0,0,0,0,0,0,0,0,SDowney,,
Q2 23'S6-Y to sch h k bhagwn h,2023/06/06,2023/06/20,HUB-101760,3590,J.Kumar,0,0,0,0,0,0,0,0,0,0,0,0,MMenpadi,,
Q2 23'S6-Y to sch h k bhagwn h,2023/06/06,2023/06/20,HUB-101760,3611,J.Kumar,0,0,0,0,0,0,0,0,0,0,0,0,Subratkumar.Sahoo,,
Q2 23'S6-Y to sch h k bhagwn h,2023/06/06,2023/06/20,HUB-103567,2740,J.Kumar,0,0,0,0,1,0,0,0,0,0,0,0,Subratkumar.Sahoo,,
Q2 23'S6-Y to sch h k bhagwn h,2023/06/06,2023/06/20,HUB-103567,2741,J.Kumar,0,0,0,0,0,0,0,0,0,0,0,0,SDowney,,
Q2 23'S6-Y to sch h k bhagwn h,2023/06/06,2023/06/20,PROD-168302,1684,J.Kumar,0,0,0,0,0,0,0,0,0,0,0,0,SDowney,,
Q2 23'S6-Y to sch h k bhagwn h,2023/06/06,2023/06/20,HUB-90743,82,J.Kumar,0,0,0,0,0,0,0,0,0,0,0,0,VShyoran,,
Q2 23'S6-Y to sch h k bhagwn h,2023/06/06,2023/06/20,HUB-90743,80,J.Kumar,0,0,0,0,0,0,0,0,0,0,0,0,VShyoran,,
Q2 23'S6-Y to sch h k bhagwn h,2023/06/06,2023/06/20,HUB-101407,405,J.Kumar,0,0,0,0,0,0,0,0,0,0,0,0,VSingla,,
Q2 23'S6-Y to sch h k bhagwn h,2023/06/06,2023/06/20,HUB-101407,3590,J.Kumar,0,0,0,0,0,0,0,0,0,0,0,0,MMenpadi,,
Q2 23'S6-Y to sch h k bhagwn h,2023/06/06,2023/06/20,HUB-101407,3611,J.Kumar,0,0,0,0,0,0,0,0,0,0,0,0,Subratkumar.Sahoo,,
Sprint Totals,,,,,,PR_ADDED: 345,PR_REMOVED: 1,COMMIT_ADDED: 345,COMMIT_REMOVED: 1,APPROVED: 8,COMMENTED: 26,DECLINED: 0,MERGED: 1,OPENED: 1,RESCOPED: 1,UNAPPROVED: 0,UPDATED: 0,,,

Q2 23' S7-Bhagwan kaha h re tu,2023/06/20,2023/07/04,CMOBL-152238,71,J.Kumar,0,0,0,0,0,1,0,0,0,0,0,0,renovatebotman,1. PR build is failing,
Q2 23' S7-Bhagwan kaha h re tu,2023/06/20,2023/07/04,CMOBL-152238,72,J.Kumar,0,0,0,0,1,0,0,1,0,0,0,0,MMenpadi,,
Q2 23' S7-Bhagwan kaha h re tu,2023/06/20,2023/07/04,CMOBL-152238,113,J.Kumar,0,0,0,0,1,0,0,1,0,0,0,0,MMenpadi,,
Q2 23' S7-Bhagwan kaha h re tu,2023/06/20,2023/07/04,CMOBL-152238,115,J.Kumar,0,0,0,0,0,2,0,0,0,0,0,0,renovatebotman,"1. PR build is failing.
2. This shouldn't be updated.",
Q2 23' S7-Bhagwan kaha h re tu,2023/06/20,2023/07/04,CMOBL-152238,141,J.Kumar,0,0,0,0,1,0,0,0,0,0,0,0,renovatebotman,,
Q2 23' S7-Bhagwan kaha h re tu,2023/06/20,2023/07/04,CMOBL-152238,271,J.Kumar,0,0,0,0,0,2,0,0,0,0,0,0,renovatebotman,"1. failing build
2. PR build is failing",
Q2 23' S7-Bhagwan kaha h re tu,2023/06/20,2023/07/04,CMOBL-152238,319,J.Kumar,0,0,0,0,1,0,0,0,0,0,0,0,renovatebotman,,
Q2 23' S7-Bhagwan kaha h re tu,2023/06/20,2023/07/04,CMOBL-152322,75,J.Kumar,0,0,0,0,1,0,0,0,0,0,0,0,Prashant.Bansal,,
Q2 23' S7-Bhagwan kaha h re tu,2023/06/20,2023/07/04,CMOBL-152322,76,J.Kumar,0,0,0,0,1,0,0,0,0,0,0,0,Prashant.Bansal,,
Q2 23' S7-Bhagwan kaha h re tu,2023/06/20,2023/07/04,CMOBL-152322,84,J.Kumar,0,0,0,0,1,2,0,0,0,0,0,0,Prashant.Bansal,"1. This doesn't depend on attendee-activities-data-service
2. PR build is failing",
Q2 23' S7-Bhagwan kaha h re tu,2023/06/20,2023/07/04,CMOBL-152322,115,J.Kumar,0,0,0,0,1,0,0,0,0,0,0,0,Prashant.Bansal,,
Q2 23' S7-Bhagwan kaha h re tu,2023/06/20,2023/07/04,CMOBL-152322,124,J.Kumar,0,0,0,0,1,0,0,0,0,0,0,0,Prashant.Bansal,,
Q2 23' S7-Bhagwan kaha h re tu,2023/06/20,2023/07/04,CMOBL-152322,147,J.Kumar,0,0,0,0,1,0,0,0,0,0,0,0,Prashant.Bansal,,
Q2 23' S7-Bhagwan kaha h re tu,2023/06/20,2023/07/04,CMOBL-152322,309,J.Kumar,0,0,0,0,1,0,0,0,0,0,0,0,Prashant.Bansal,,
Q2 23' S7-Bhagwan kaha h re tu,2023/06/20,2023/07/04,CMOBL-152322,330,J.Kumar,0,0,0,0,1,0,0,0,0,0,0,0,Prashant.Bansal,,
Q2 23' S7-Bhagwan kaha h re tu,2023/06/20,2023/07/04,CMOBL-152322,391,J.Kumar,0,0,0,0,1,0,0,0,0,0,0,0,Prashant.Bansal,,
Q2 23' S7-Bhagwan kaha h re tu,2023/06/20,2023/07/04,CMOBL-152322,661,J.Kumar,0,0,0,0,1,0,0,0,0,0,0,0,Prashant.Bansal,,
Q2 23' S7-Bhagwan kaha h re tu,2023/06/20,2023/07/04,CMOBL-152322,1117,J.Kumar,0,0,0,0,1,1,0,0,0,0,0,0,Prashant.Bansal,"1. This will have more components like couchbase, s3-proxy etc etc. Please make sure you are covering all components",
Q2 23' S7-Bhagwan kaha h re tu,2023/06/20,2023/07/04,CMOBL-152322,310,J.Kumar,0,0,0,0,1,0,0,0,0,0,0,0,Prashant.Bansal,,
Q2 23' S7-Bhagwan kaha h re tu,2023/06/20,2023/07/04,CMOBL-152322,311,J.Kumar,0,0,0,0,1,0,0,0,0,0,0,0,Prashant.Bansal,,
Q2 23' S7-Bhagwan kaha h re tu,2023/06/20,2023/07/04,CMOBL-152343,403,J.Kumar,0,0,0,0,1,0,0,0,0,0,0,0,Subratkumar.Sahoo,,
Q2 23' S7-Bhagwan kaha h re tu,2023/06/20,2023/07/04,CMOBL-152343,3484,J.Kumar,0,0,0,0,1,1,0,0,0,0,0,0,Subratkumar.Sahoo,1. Make sure we are removing this from EPv2 as well  https://stash.cvent.net/projects/PT/repos/onsite-exhibitor-portal-nx/browse/packages/onsite-exhibitor-portal-nx/appFeatures.js#41,
Q2 23' S7-Bhagwan kaha h re tu,2023/06/20,2023/07/04,CMOBL-152343,3489,J.Kumar,0,0,0,0,1,0,0,0,0,0,0,0,Subratkumar.Sahoo,,
Q2 23' S7-Bhagwan kaha h re tu,2023/06/20,2023/07/04,CMOBL-152343,17919,J.Kumar,0,0,0,0,1,0,0,0,0,0,0,0,Subratkumar.Sahoo,,
Q2 23' S7-Bhagwan kaha h re tu,2023/06/20,2023/07/04,CMOBL-153110,115,J.Kumar,0,0,0,0,0,0,0,0,0,0,0,0,renovatebotman,,
Q2 23' S7-Bhagwan kaha h re tu,2023/06/20,2023/07/04,CMOBL-153110,271,J.Kumar,0,0,0,0,0,0,0,0,0,0,0,0,renovatebotman,,
Q2 23' S7-Bhagwan kaha h re tu,2023/06/20,2023/07/04,CMOBL-153491,308,J.Kumar,0,0,0,0,1,3,0,0,0,0,0,0,KMahajan,"1. UniversalExhibitorClient should be using universal types. You should not need to use toString() for these. Please update methods in client and its usages in our service.
2. Is this old `updateExhibitor`being used anywhere else?
3. why did we not update its usage their as well?",
Q2 23' S7-Bhagwan kaha h re tu,2023/06/20,2023/07/04,CMOBL-153491,15,J.Kumar,0,0,0,0,0,2,0,0,0,0,0,0,KMahajan,"1. Same here
2. Shouldn't this be OSSAccountId?",
Q2 23' S7-Bhagwan kaha h re tu,2023/06/20,2023/07/04,CMOBL-153491,184,J.Kumar,0,0,0,0,1,2,0,1,0,0,0,0,KMahajan,"1. minimum can be 0 for this if the capacity is consumed.
2. ```suggestion  CMOBL-153487: added a property for availableRegTypeCapacity in registraion-type  ```",
Q2 23' S7-Bhagwan kaha h re tu,2023/06/20,2023/07/04,CMOBL-153491,185,J.Kumar,0,0,0,0,1,0,0,1,0,0,0,0,KMahajan,,
Q2 23' S7-Bhagwan kaha h re tu,2023/06/20,2023/07/04,CMOBL-153491,312,J.Kumar,0,0,0,0,1,0,0,0,0,0,0,0,KMahajan,,
Q2 23' S7-Bhagwan kaha h re tu,2023/06/20,2023/07/04,CMOBL-153839,122,J.Kumar,0,0,0,0,2,1,0,0,0,0,0,0,Prashant.Bansal,1. This should be error,
Q2 23' S7-Bhagwan kaha h re tu,2023/06/20,2023/07/04,CMOBL-154428,3609,J.Kumar,0,0,0,0,1,0,0,0,0,0,0,0,Prashant.Bansal,,
Q2 23' S7-Bhagwan kaha h re tu,2023/06/20,2023/07/04,CMOBL-154428,3611,J.Kumar,0,0,0,0,1,0,0,0,0,0,0,0,Subratkumar.Sahoo,,
Q2 23' S7-Bhagwan kaha h re tu,2023/06/20,2023/07/04,CMOBL-155740,144,J.Kumar,8,52,8,52,0,0,0,1,1,0,0,0,J.Kumar,,1. CMOBL-155740: Removed usage of oss-common-libs and used SecurityHeaderFilter from mono-java
Q2 23' S7-Bhagwan kaha h re tu,2023/06/20,2023/07/04,CMOBL-155740,145,J.Kumar,9,4,9,4,0,0,0,1,1,0,0,0,J.Kumar,,1. CMOBL-155740: Updated tests for new security headers and fixed config files
Q2 23' S7-Bhagwan kaha h re tu,2023/06/20,2023/07/04,CMOBL-156493,114,J.Kumar,11,2,11,2,0,0,0,1,1,0,0,0,J.Kumar,,1. CMOBL-156493: Added SecurityHeaderFilter
Q2 23' S7-Bhagwan kaha h re tu,2023/06/20,2023/07/04,CMOBL-156519,1115,J.Kumar,0,0,0,0,2,0,0,0,0,0,1,0,Prashant.Bansal,,
Q2 23' S7-Bhagwan kaha h re tu,2023/06/20,2023/07/04,CMOBL-156519,1116,J.Kumar,5,2,1,92,0,0,0,1,1,0,0,0,J.Kumar,,"1. NA-0: downmerge conflict fixes
2. NA-0: downmerge conflict fixes
3. NA-0: downmerge conflict fixes"
Q2 23' S7-Bhagwan kaha h re tu,2023/06/20,2023/07/04,HUB-76689,2746,J.Kumar,0,0,0,0,1,0,0,0,0,0,0,0,Subratkumar.Sahoo,,
Q2 23' S7-Bhagwan kaha h re tu,2023/06/20,2023/07/04,HUB-76689,2747,J.Kumar,0,0,0,0,0,1,0,0,0,0,0,0,MMenpadi,1. I generally setup branch permissions in such a manner that nobody can push changes to release branches w/o a PR (except @deployman) . Should we just setup that for all OSS shared services/apps?   Thoughts @SDowney @RCreaghan ?,
Q2 23' S7-Bhagwan kaha h re tu,2023/06/20,2023/07/04,HUB-76689,3489,J.Kumar,0,0,0,0,0,0,0,0,0,0,0,0,Subratkumar.Sahoo,,
Q2 23' S7-Bhagwan kaha h re tu,2023/06/20,2023/07/04,HUB-76689,3490,J.Kumar,0,0,0,0,1,0,0,0,0,0,0,0,MMenpadi,,
Q2 23' S7-Bhagwan kaha h re tu,2023/06/20,2023/07/04,HUB-76689,3611,J.Kumar,0,0,0,0,0,0,0,0,0,0,0,0,Subratkumar.Sahoo,,
Q2 23' S7-Bhagwan kaha h re tu,2023/06/20,2023/07/04,HUB-90740,540,J.Kumar,0,0,0,0,0,1,0,0,0,0,0,0,VShyoran,1. Why are we calling it card location if it's actually bannerLocation?,
Q2 23' S7-Bhagwan kaha h re tu,2023/06/20,2023/07/04,HUB-90741,82,J.Kumar,0,0,0,0,1,11,0,0,0,0,0,0,VShyoran,"1. ```suggestion      @DatasourceEntityField(title = ""engagement_id__resx"", extendedType = ExtendedType.ID)  ```
2. Fix indentation
3. Update JavaDoc
4. Values doesn't seem aligned; we are using Clicked for banner click but not for custom cards. We shouldn't duplicate same logic in multiple classes. We should create a parent class which can handle this sort of common logic.
5. Missing description
6. PR build is failing
7. Missing description
8. Missing description
9. Missing description
10. shouldn't this be cardType?
11. Values doesn't seem aligned; we are using Clicked for banner click but not for custom cards",
Q2 23' S7-Bhagwan kaha h re tu,2023/06/20,2023/07/04,HUB-90746,82,J.Kumar,0,0,0,0,0,0,0,0,0,0,0,0,VShyoran,,
Q2 23' S7-Bhagwan kaha h re tu,2023/06/20,2023/07/04,HUB-101407,405,J.Kumar,0,0,0,0,1,0,0,0,0,0,0,0,VSingla,,
Q2 23' S7-Bhagwan kaha h re tu,2023/06/20,2023/07/04,HUB-101407,3590,J.Kumar,0,0,0,0,1,9,0,0,0,0,0,0,MMenpadi,"1. ```suggestion  async function getFilteredUVSVideos(req, linkedVideos) {  ```
2. Rename `customOrder` -> customVideoOrder
3. `isFirstAvailableVideo` -> hasAnyNonHiddenVideo/ nonHiddenVideoExists
4. `nextAvailableVideo` -> firstAvailableVideo
5. `nextAvailableVideoAt` -> firstAvailableVideoAt
6. This sort logic should move to else block at line no 69-70.
7. videos and linkedVideos doesn't seem self explanatory. Please rename this to something more meaningful or add comments for explanation.
8. Move line 14-18 in `getFilteredUvsVideos` method in universal-video-util
9. It will be good to add a method level description for this as it's performing multiple operations internally.",
Q2 23' S7-Bhagwan kaha h re tu,2023/06/20,2023/07/04,HUB-101407,3611,J.Kumar,0,0,0,0,0,0,0,0,0,0,0,0,Subratkumar.Sahoo,,
Q2 23' S7-Bhagwan kaha h re tu,2023/06/20,2023/07/04,HUB-104556,2746,J.Kumar,0,0,0,0,0,0,0,0,0,0,0,0,Subratkumar.Sahoo,,
Q2 23' S7-Bhagwan kaha h re tu,2023/06/20,2023/07/04,HUB-104556,3488,J.Kumar,0,0,0,0,1,0,0,0,0,0,0,0,MMenpadi,,
Q2 23' S7-Bhagwan kaha h re tu,2023/06/20,2023/07/04,HUB-104580,406,J.Kumar,0,0,0,0,1,0,0,0,0,0,0,0,Subratkumar.Sahoo,,
Q2 23' S7-Bhagwan kaha h re tu,2023/06/20,2023/07/04,HUB-105155,82,J.Kumar,0,0,0,0,0,0,0,0,0,0,0,0,VShyoran,,
Q2 23' S7-Bhagwan kaha h re tu,2023/06/20,2023/07/04,PROD-170304,387,J.Kumar,0,0,0,0,0,0,0,0,0,0,0,0,RaviM,,
Q2 23' S7-Bhagwan kaha h re tu,2023/06/20,2023/07/04,PROD-170304,389,J.Kumar,0,0,0,0,1,0,0,0,0,0,0,0,Prashant.Bansal,,
Q2 23' S7-Bhagwan kaha h re tu,2023/06/20,2023/07/04,PROD-170304,17895,J.Kumar,0,0,0,0,1,1,0,0,0,0,0,0,Prashant.Bansal,"1. I am hoping we will move this to secret store as part of same ticket. Also, please generate production keys after getting the secret generated for that.",
Q2 23' S7-Bhagwan kaha h re tu,2023/06/20,2023/07/04,PROD-170304,17925,J.Kumar,0,0,0,0,1,0,0,0,0,0,0,0,Prashant.Bansal,,
Q2 23' S7-Bhagwan kaha h re tu,2023/06/20,2023/07/04,CMOBL-153243,308,J.Kumar,0,0,0,0,0,0,0,0,0,0,0,0,KMahajan,,
Q2 23' S7-Bhagwan kaha h re tu,2023/06/20,2023/07/04,CMOBL-153243,14,J.Kumar,0,0,0,0,0,4,0,0,0,0,0,0,KMahajan,"1. Add an empty line space
2. Add an empty line space
3. ```suggestion       * Delete exhibitor  ```
4. ```suggestion              @Path(""exhibitorId"") String exhibitorId);  ```",
Q2 23' S7-Bhagwan kaha h re tu,2023/06/20,2023/07/04,HUB-90743,82,J.Kumar,0,0,0,0,0,0,0,0,0,0,0,0,VShyoran,,
Q2 23' S7-Bhagwan kaha h re tu,2023/06/20,2023/07/04,HUB-90743,80,J.Kumar,0,0,0,0,0,1,0,0,0,0,0,0,VShyoran,1. We should be returning user friendly value for platform; not what we save in DB.,
Q2 23' S7-Bhagwan kaha h re tu,2023/06/20,2023/07/04,HUB-105022,82,J.Kumar,0,0,0,0,0,0,0,0,0,0,0,0,VShyoran,,
Sprint Totals,,,,,,PR_ADDED: 33,PR_REMOVED: 60,COMMIT_ADDED: 29,COMMIT_REMOVED: 150,APPROVED: 41,COMMENTED: 45,DECLINED: 0,MERGED: 8,OPENED: 4,RESCOPED: 0,UNAPPROVED: 1,UPDATED: 0,,,

Overall Totals,,,,,,PR_ADDED: 3556,PR_REMOVED: 1676,COMMIT_ADDED: 1927,COMMIT_REMOVED: 1160,APPROVED: 121,COMMENTED: 235,DECLINED: 0,MERGED: 47,OPENED: 36,RESCOPED: 17,UNAPPROVED: 7,UPDATED: 4,,,
