SPRINT,START_DATE,END_DATE,TICKET,PR_ID,USER,PR_ADDED,PR_REMOVED,COMMIT_ADDED,COMMIT_REMOVED,APPROVED,COMMENTED,DECLINED,MERGED,OPENED,RESCOPED,UNAPPROVED,UPDATED,AUTHOR,COMMENTS,COMMIT_MESSAGES
Krypto Q2 23' S1 (8w 3d),2023/04/05,2023/04/19,PROD-164396,12517,MGangani,0,0,0,0,1,0,0,0,0,0,0,0,PrabhjotS,,
Krypto Q2 23' S1 (8w 3d),2023/04/05,2023/04/19,PROD-164396,12522,MGangani,0,0,0,0,1,0,0,0,0,0,0,0,PrabhjotS,,
Krypto Q2 23' S1 (8w 3d),2023/04/05,2023/04/19,PROD-161672,9026,MGangani,8,1,54,48,0,3,0,0,1,1,0,0,MGangani,"1. I took reference from booth staff panel in exhibitor page (data-cvent-id=""exhibitor-virtual-booth-meet-now-container"")  https://stash.cvent.net/projects/AX/repos/attendee-experience-web/browse/packages/attendee-experience-web/src/components/exhibitorDetails/MeetNowPanel.js#17
2. Plz find below detials for reproducing it  account id -> 801536232  event name -> instant networking event  event id -> 54c05a96-ce9f-46b9-96b2-0daed71c0d95  user name -> aman.dahiya-att1@j.mail  exhibitor -> Exhibitor A  https://silo606-cvii.core.cvent.org/Accounts/ViewAccount.aspx?aid=801536232  https://web-s606.cvent.com/hub/events/54c05a96-ce9f-46b9-96b2-0daed71c0d95/exhibitors/f3e7ff78-e792-495e-9f5c-113acca097c0
3. We did manual testing of all the related components and everything looks good. Also ran regression and nothing suspicious related to the change.","1. PROD-161672: Appointment panel from Exhibitor page scrolls below footer
2. PROD-161672: revert height calculation and set height to 100%"
Sprint Totals,,,,,,PR_ADDED: 8,PR_REMOVED: 1,COMMIT_ADDED: 54,COMMIT_REMOVED: 48,APPROVED: 2,COMMENTED: 3,DECLINED: 0,MERGED: 0,OPENED: 1,RESCOPED: 1,UNAPPROVED: 0,UPDATED: 0,,,

Krypto Q2 23' S2 (10w 1d),2023/04/19,2023/05/03,PROD-161672,9026,MGangani,8,1,1,1,0,0,0,1,0,1,0,0,MGangani,,1. PROD-161672: dummy commit
Krypto Q2 23' S2 (10w 1d),2023/04/19,2023/05/03,PROD-161672,9139,MGangani,0,0,0,0,0,0,0,0,0,0,0,0,ABadlia,,1. Pull request #9026: PROD-161672: Appointment panel from Exhibitor page scrolls below footer  Merge in AX/attendee-experience-web from prod-161672 to develop  * commit 'b5cfc4135efbaf4908d7da00d3f9f0ba876b28d9':    PROD-161672: dummy commit    PROD-161672 : Updated Snapshot    PROD-161672: revert height calculation and set height to 100%    PROD-161672: Appointment panel from Exhibitor page scrolls below footer
Krypto Q2 23' S2 (10w 1d),2023/04/19,2023/05/03,PROD-161672,9177,MGangani,0,0,0,0,0,0,0,0,0,0,0,0,BRehman,,1. Pull request #9124: HUB-81427 : Update Agenda Date List on Appointment/Reserved Time creation or updation  Merge in AX/attendee-experience-web from hub-81427 to develop  * commit '5b45a11db39d7c0a6f45d1f73211bdaed73f1416':    NA-0: Dummy commit    HUB-81427 : Added comments    HUB-81427: Added Null check    HUB-81427: Handled review comments    HUB-81427 : Added changeset    HUB-81427 : Update Agenda Date List on Appointment/Reserved Time creation or updation
Krypto Q2 23' S2 (10w 1d),2023/04/19,2023/05/03,PROD-165626,148265,MGangani,0,0,0,0,1,0,0,0,0,0,0,0,ShubhamR,,
Krypto Q2 23' S2 (10w 1d),2023/04/19,2023/05/03,PROD-164537,22204,MGangani,0,0,0,0,1,0,0,0,0,0,0,0,PrabhjotS,,
Sprint Totals,,,,,,PR_ADDED: 8,PR_REMOVED: 1,COMMIT_ADDED: 1,COMMIT_REMOVED: 1,APPROVED: 2,COMMENTED: 0,DECLINED: 0,MERGED: 1,OPENED: 0,RESCOPED: 1,UNAPPROVED: 0,UPDATED: 0,,,

Krypto Q2 23' S3 (10w 2d),2023/05/03,2023/05/18,PROD-164537,22204,MGangani,0,0,0,0,0,0,0,0,0,0,0,0,PrabhjotS,,
Sprint Totals,,,,,,PR_ADDED: 0,PR_REMOVED: 0,COMMIT_ADDED: 0,COMMIT_REMOVED: 0,APPROVED: 0,COMMENTED: 0,DECLINED: 0,MERGED: 0,OPENED: 0,RESCOPED: 0,UNAPPROVED: 0,UPDATED: 0,,,

Krypto Q2 23' S4 (10w 1d),2023/05/18,2023/06/01,PROD-167055,12710,MGangani,0,0,0,0,1,0,0,0,0,0,0,0,PrabhjotS,,
Krypto Q2 23' S4 (10w 1d),2023/05/18,2023/06/01,PROD-168163,9344,MGangani,0,0,0,0,1,0,0,0,0,0,0,0,Harshita.Sharma,,
Sprint Totals,,,,,,PR_ADDED: 0,PR_REMOVED: 0,COMMIT_ADDED: 0,COMMIT_REMOVED: 0,APPROVED: 2,COMMENTED: 0,DECLINED: 0,MERGED: 0,OPENED: 0,RESCOPED: 0,UNAPPROVED: 0,UPDATED: 0,,,

Krypto Q2 23' S5(9w 2d),2023/06/01,2023/06/14,PROD-164612,9473,MGangani,17,3,18,4,0,1,0,1,1,1,0,0,MGangani,1. Verified in safari. seems to be working fine,"1. PROD:164612: Prevent booth location to overlap and make it expand till 3 lines and truncate after that
2. PROD-164612: dummy commit"
Krypto Q2 23' S5(9w 2d),2023/06/01,2023/06/14,PROD-164612,9507,MGangani,0,0,963,386,0,0,0,0,0,0,0,0,GStarr,,"1. Pull request #9473: PROD-164612: Prevent booth location to overlap and make it expand till 3 lines and truncate after that  Merge in AX/attendee-experience-web from prod-164612 to develop  * commit '835917246102f29b7f68c4c74c76e2036d8f4a94':    PROD-164612: dummy commit    PROD:164612: Prevent booth location to overlap and make it expand till 3 lines and truncate after that
2. HUB-99617: this change is covered in HUB-99617-delete
3. HUB-99617: update Myschedule cache based on date tabs and agenda item start date
4. Merge branch 'develop' of https://stash.cvent.net/scm/ax/attendee-experience-web into hub-99617-2
5. HUB-99617: Changes to fix failing tests
6. Merge branch 'develop' of https://stash.cvent.net/scm/ax/attendee-experience-web into hub-99617-2  # Conflicts:  #	packages/attendee-experience-web/src/components/appointments/updateAgendaItems.js  #	packages/attendee-experience-web/src/components/appointments/utilities/useAppointmentQuery.js
7. HUB-99617: remove maunal updation on cache object
8. HUB-99617: incorporate changes to handle cache on agenda delete(decline/cancel)
9. HUB-99617: Make context normalized as per review comment and refactor code to handle failing cases for decline/cancel agenda
10. HUB-99617: revert unwanted queries.ts changes
11. Merge branch 'develop' of https://stash.cvent.net/scm/ax/attendee-experience-web into hub-99617-2
12. HUB-99617: Update query param
13. HUB-99617: use Reactive Variable instead of context for MyScheduleFilter
14. HUB-99617: refactoring
15. HUB-99617: lint fix
16. HUB-99617: moved useAgendaItemsCache.js to MySchedule component for better ownership
17. HUB-99617: Fix failing UTS
18. HUB-99617: lint fix
19. HUB-99617: Fixed personal time bugs, added comment and added Uts
20. HUB-99617: lint fix
21. HUB-96617: more UTs
22. Merge branch 'develop' of https://stash.cvent.net/scm/ax/attendee-experience-web into hub-99617-2
23. HUB-99617: fix issue when updating cache with filter and update cache for new property added
24. HUB-99617: fix UTs
25. HUB-99617: fix syntax
26. Pull request #9444: HUB-99617: update Myschedule cache based on date tabs and agenda item start date  Merge in AX/attendee-experience-web from hub-99617-2 to develop  * commit '512a2ffc692f5348b39d27ba7017cb5b5babbe9c': (24 commits)    HUB-99617: fix syntax    HUB-99617: fix UTs    HUB-99617: fix issue when updating cache with filter and update cache for new property added    HUB-96617: more UTs    HUB-99617: lint fix    HUB-99617: Fixed personal time bugs, added comment and added Uts    HUB-99617: lint fix    HUB-99617: Fix failing UTS    HUB-99617: moved useAgendaItemsCache.js to MySchedule component for better ownership    HUB-99617: lint fix    HUB-99617: refactoring    HUB-99617: use Reactive Variable instead of context for MyScheduleFilter    HUB-99617: PR feedback - Wrap updateAgendaItemCache function inside a hook    HUB-99617: Update query param    HUB-99617: Refactor updateAgendaItems function    HUB-99617: revert unwanted queries.ts changes    HUB-99617: Make context normalized as per review comment and refactor code to handle failing cases for decline/cancel agenda    HUB-99617: incorporate changes to handle cache on agenda delete(decline/cancel)    HUB-99617: remove maunal updation on cache object    HUB-99617: Changes to fix failing tests    ..."
Krypto Q2 23' S5(9w 2d),2023/06/01,2023/06/14,PROD-168163,9344,MGangani,0,0,0,0,0,0,0,0,0,0,0,0,Harshita.Sharma,,
Krypto Q2 23' S5(9w 2d),2023/06/01,2023/06/14,PROD-169112,9443,MGangani,0,0,0,0,1,0,0,0,0,0,0,0,ShubhamR,,
Sprint Totals,,,,,,PR_ADDED: 17,PR_REMOVED: 3,COMMIT_ADDED: 981,COMMIT_REMOVED: 390,APPROVED: 1,COMMENTED: 1,DECLINED: 0,MERGED: 1,OPENED: 1,RESCOPED: 1,UNAPPROVED: 0,UPDATED: 0,,,

Krypto Q2 23' S6 (8w 4d),2023/06/16,2023/06/29,PROD-166554,11286,MGangani,0,0,0,0,1,0,0,0,0,0,0,0,Harshita.Sharma,,
Krypto Q2 23' S6 (8w 4d),2023/06/16,2023/06/29,PROD-166554,11273,MGangani,0,0,0,0,1,0,0,0,0,0,0,0,Harshita.Sharma,,
Krypto Q2 23' S6 (8w 4d),2023/06/16,2023/06/29,PROD-169654,9579,MGangani,0,0,0,0,1,0,0,0,0,0,0,0,Harshita.Sharma,,
Krypto Q2 23' S6 (8w 4d),2023/06/16,2023/06/29,PROD-170676,9578,MGangani,0,0,0,0,1,0,0,0,0,0,0,0,ShubhamR,,
Krypto Q2 23' S6 (8w 4d),2023/06/16,2023/06/29,PROD-171599,231,MGangani,58,15,5,0,0,0,0,1,1,0,0,0,MGangani,,1. HUB-103746: Update phrase locales
Krypto Q2 23' S6 (8w 4d),2023/06/16,2023/06/29,PROD-171599,240,MGangani,0,0,0,0,0,0,0,0,0,0,0,0,SBundale,,1. Pull request #231: HUB-103746: phraseapp changes  Merge in AX/language-management from hub-103746-phraseapp to master  * commit 'f818c61d84cc01af54d09d6f42576522ab75212f':    HUB-103746: Update phrase locales    HUB-103746: phraseapp changes
Krypto Q2 23' S6 (8w 4d),2023/06/16,2023/06/29,PROD-171600,1560,MGangani,5945,1315,0,0,0,0,0,0,1,0,0,0,MGangani,,1. Merge branch 'master' of https://stash.cvent.net/scm/ax/attendee-experience-builder into release/1.107.0  # Conflicts:  #	.changeset/gold-carrots-yawn.md  #	.changeset/great-rocks-drive.md  #	.changeset/mean-ties-tease.md  #	.changeset/unlucky-maps-wash.md  #	.changeset/yellow-maps-love.md
Sprint Totals,,,,,,PR_ADDED: 6003,PR_REMOVED: 1330,COMMIT_ADDED: 5,COMMIT_REMOVED: 0,APPROVED: 4,COMMENTED: 0,DECLINED: 0,MERGED: 1,OPENED: 2,RESCOPED: 0,UNAPPROVED: 0,UPDATED: 0,,,

Overall Totals,,,,,,PR_ADDED: 6036,PR_REMOVED: 1335,COMMIT_ADDED: 1041,COMMIT_REMOVED: 439,APPROVED: 11,COMMENTED: 4,DECLINED: 0,MERGED: 3,OPENED: 4,RESCOPED: 3,UNAPPROVED: 0,UPDATED: 0,,,
