SPRINT,START_DATE,END_DATE,TICKET,PR_ID,USER,PR_ADDED,PR_REMOVED,COMMIT_ADDED,COMMIT_REMOVED,APPROVED,COMMENTED,DECLINED,MERGED,OPENED,RESCOPED,UNAPPROVED,UPDATED,AUTHOR,COMMENTS,COMMIT_MESSAGES
Quasar: H'23 (Apr 13- Apr 26),2023/04/13,2023/04/26,CINT-24586,1337,BKaster,0,0,26,1,0,0,0,0,0,0,0,0,Sukhpreet.Singh,,"1. Pull request #1323: HUB-84032: Add auto add to library to video conference call responses that contain webcast information  Merge in API/universal-webcast from HUB-84032-2 to develop  * commit '30e2a0502f89b48a1c0b5b4f6b749a91664280cc':    HUB-84032: Attempt to update test as Host now has @Email tag on email, which might be causing an error    HUB-84032: Add auto add to library to video conference call responses that contain webcast information
2. HUB-84032: Return autoAddToLibrary on webcast object
3. Pull request #1331: HUB-84032: Return autoAddToLibrary on webcast object  Merge in API/universal-webcast from HUB-84032-2 to develop  * commit '34dc9f979bc80839da5b374829751248720dbfbb':    HUB-84032: Return autoAddToLibrary on webcast object"
Quasar: H'23 (Apr 13- Apr 26),2023/04/13,2023/04/26,CINT-24682,1320,BKaster,0,0,0,0,0,0,0,0,0,0,0,0,Vandana.Yadav,,
Quasar: H'23 (Apr 13- Apr 26),2023/04/13,2023/04/26,CINT-24682,1321,BKaster,178,45,0,0,0,0,0,0,0,0,0,0,BKaster,,
Sprint Totals,,,,,,PR_ADDED: 178,PR_REMOVED: 45,COMMIT_ADDED: 26,COMMIT_REMOVED: 1,APPROVED: 0,COMMENTED: 0,DECLINED: 0,MERGED: 0,OPENED: 0,RESCOPED: 0,UNAPPROVED: 0,UPDATED: 0,,,

Overall Totals,,,,,,PR_ADDED: 178,PR_REMOVED: 45,COMMIT_ADDED: 26,COMMIT_REMOVED: 1,APPROVED: 0,COMMENTED: 0,DECLINED: 0,MERGED: 0,OPENED: 0,RESCOPED: 0,UNAPPROVED: 0,UPDATED: 0,,,
