SPRINT,START_DATE,END_DATE,TICKET,PR_ID,USER,PR_ADDED,PR_REMOVED,COMMIT_ADDED,COMMIT_REMOVED,APPROVED,COMMENTED,DECLINED,MERGED,OPENED,RESCOPED,UNAPPROVED,UPDATED,AUTHOR,COMMENTS,COMMIT_MESSAGES
Q2 2023 - Sprint 2,2023/04/20,2023/05/03,PROD-165670,144525,spujara,9988,12,0,0,0,0,0,0,0,0,0,0,spujara,,
Q2 2023 - Sprint 2,2023/04/20,2023/05/03,HUB-97991,144525,spujara,9988,12,0,0,0,0,0,0,0,0,0,0,spujara,,
Sprint Totals,,,,,,PR_ADDED: 19976,PR_REMOVED: 24,COMMIT_ADDED: 0,COMMIT_REMOVED: 0,APPROVED: 0,COMMENTED: 0,DECLINED: 0,MERGED: 0,OPENED: 0,RESCOPED: 0,UNAPPROVED: 0,UPDATED: 0,,,

Q2 2023 - Sprint 3,2023/05/04,2023/05/17,HUB-97991,144525,spujara,9988,12,0,0,0,0,0,0,0,0,0,0,spujara,,
Sprint Totals,,,,,,PR_ADDED: 9988,PR_REMOVED: 12,COMMIT_ADDED: 0,COMMIT_REMOVED: 0,APPROVED: 0,COMMENTED: 0,DECLINED: 0,MERGED: 0,OPENED: 0,RESCOPED: 0,UNAPPROVED: 0,UPDATED: 0,,,

Q2 2023 - Sprint 5,2023/06/01,2023/06/14,PROD-168082,144525,spujara,9988,12,0,0,0,0,0,0,0,0,0,0,spujara,,
Sprint Totals,,,,,,PR_ADDED: 9988,PR_REMOVED: 12,COMMIT_ADDED: 0,COMMIT_REMOVED: 0,APPROVED: 0,COMMENTED: 0,DECLINED: 0,MERGED: 0,OPENED: 0,RESCOPED: 0,UNAPPROVED: 0,UPDATED: 0,,,

Overall Totals,,,,,,PR_ADDED: 39952,PR_REMOVED: 48,COMMIT_ADDED: 0,COMMIT_REMOVED: 0,APPROVED: 0,COMMENTED: 0,DECLINED: 0,MERGED: 0,OPENED: 0,RESCOPED: 0,UNAPPROVED: 0,UPDATED: 0,,,
