SPRINT,START_DATE,END_DATE,TICKET,PR_ID,USER,PR_ADDED,PR_REMOVED,COMMIT_ADDED,COMMIT_REMOVED,APPROVED,COMMENTED,DECLINED,MERGED,OPENED,RESCOPED,UNAPPROVED,UPDATED,AUTHOR,COMMENTS,COMMIT_MESSAGES
Q2 23' S2-Fatela jeb sil jayga,2023/04/11,2023/04/25,HUB-89439,3574,renovatebotman,0,0,358,843,0,0,0,0,0,0,0,0,D.Collette,,1. Update all dependencies
Sprint Totals,,,,,,PR_ADDED: 0,PR_REMOVED: 0,COMMIT_ADDED: 358,COMMIT_REMOVED: 843,APPROVED: 0,COMMENTED: 0,DECLINED: 0,MERGED: 0,OPENED: 0,RESCOPED: 0,UNAPPROVED: 0,UPDATED: 0,,,

Q2 23' S4,2023/05/09,2023/05/23,CMOBL-153113,722,renovatebotman,0,0,45,32,0,0,0,0,0,0,0,0,SDowney,,1. Update dependency dd-trace to v4
Sprint Totals,,,,,,PR_ADDED: 0,PR_REMOVED: 0,COMMIT_ADDED: 45,COMMIT_REMOVED: 32,APPROVED: 0,COMMENTED: 0,DECLINED: 0,MERGED: 0,OPENED: 0,RESCOPED: 0,UNAPPROVED: 0,UPDATED: 0,,,

Q2 23' S5,2023/05/23,2023/06/06,CMOBL-153110,115,renovatebotman,385,357,0,0,0,0,0,0,0,0,0,0,renovatebotman,,
Q2 23' S5,2023/05/23,2023/06/06,CMOBL-153110,271,renovatebotman,418,389,0,0,0,0,0,0,0,2,0,0,renovatebotman,,
Q2 23' S5,2023/05/23,2023/06/06,HUB-99888,1429,renovatebotman,0,0,13,13,0,0,0,0,0,0,0,0,TBehunin,,1. Update all dependencies
Sprint Totals,,,,,,PR_ADDED: 803,PR_REMOVED: 746,COMMIT_ADDED: 13,COMMIT_REMOVED: 13,APPROVED: 0,COMMENTED: 0,DECLINED: 0,MERGED: 0,OPENED: 0,RESCOPED: 2,UNAPPROVED: 0,UPDATED: 0,,,

Q2 23' S7-Bhagwan kaha h re tu,2023/06/20,2023/07/04,CMOBL-152238,71,renovatebotman,377,343,21,16,0,0,0,0,0,1,0,0,renovatebotman,,1. Update all dependencies
Q2 23' S7-Bhagwan kaha h re tu,2023/06/20,2023/07/04,CMOBL-152238,115,renovatebotman,385,357,18,13,0,0,0,0,0,1,0,0,renovatebotman,,1. Update all dependencies
Q2 23' S7-Bhagwan kaha h re tu,2023/06/20,2023/07/04,CMOBL-152238,141,renovatebotman,557,479,14,9,0,0,0,0,0,1,0,0,renovatebotman,,1. Update all dependencies
Q2 23' S7-Bhagwan kaha h re tu,2023/06/20,2023/07/04,CMOBL-152238,271,renovatebotman,418,389,27,22,0,0,0,0,0,1,0,0,renovatebotman,,1. Update all dependencies
Q2 23' S7-Bhagwan kaha h re tu,2023/06/20,2023/07/04,CMOBL-152238,319,renovatebotman,35,11,30,11,0,0,0,0,0,1,0,0,renovatebotman,,1. Update all dependencies
Q2 23' S7-Bhagwan kaha h re tu,2023/06/20,2023/07/04,CMOBL-153110,115,renovatebotman,385,357,0,0,0,0,0,0,0,0,0,0,renovatebotman,,
Q2 23' S7-Bhagwan kaha h re tu,2023/06/20,2023/07/04,CMOBL-153110,271,renovatebotman,418,389,0,0,0,0,0,0,0,0,0,0,renovatebotman,,
Q2 23' S7-Bhagwan kaha h re tu,2023/06/20,2023/07/04,CMOBL-154428,3611,renovatebotman,0,0,85,35,0,0,0,0,0,0,0,0,Subratkumar.Sahoo,,1. Update all dependencies
Sprint Totals,,,,,,PR_ADDED: 2575,PR_REMOVED: 2325,COMMIT_ADDED: 195,COMMIT_REMOVED: 106,APPROVED: 0,COMMENTED: 0,DECLINED: 0,MERGED: 0,OPENED: 0,RESCOPED: 5,UNAPPROVED: 0,UPDATED: 0,,,

Overall Totals,,,,,,PR_ADDED: 3378,PR_REMOVED: 3071,COMMIT_ADDED: 611,COMMIT_REMOVED: 994,APPROVED: 0,COMMENTED: 0,DECLINED: 0,MERGED: 0,OPENED: 0,RESCOPED: 7,UNAPPROVED: 0,UPDATED: 0,,,
