SPRINT,START_DATE,END_DATE,TICKET,PR_ID,USER,PR_ADDED,PR_REMOVED,COMMIT_ADDED,COMMIT_REMOVED,APPROVED,COMMENTED,DECLINED,MERGED,OPENED,RESCOPED,UNAPPROVED,UPDATED,AUTHOR,COMMENTS,COMMIT_MESSAGES
Q2 2023 - Sprint 2,2023/04/20,2023/05/03,PROD-165670,148502,Dhruti.Shah,0,0,0,0,1,0,0,0,0,0,0,1,SMahale,,
Q2 2023 - Sprint 2,2023/04/20,2023/05/03,PROD-165670,148624,Dhruti.Shah,8002,1998,0,0,0,0,0,1,1,0,0,0,Dhruti.Shah,,
Q2 2023 - Sprint 2,2023/04/20,2023/05/03,HUB-97991,148928,Dhruti.Shah,0,0,1,1,0,0,0,0,0,0,0,0,qtpman,,1. up_cvnt_Session_AwardCreditsBySessionEndDate.sql edited online with Bitbucket  Added disctinct to avoid duplicate records in temp table
Q2 2023 - Sprint 2,2023/04/20,2023/05/03,HUB-97991,148879,Dhruti.Shah,0,0,0,0,0,0,0,0,0,0,0,0,SSao,,
Sprint Totals,,,,,,PR_ADDED: 8002,PR_REMOVED: 1998,COMMIT_ADDED: 1,COMMIT_REMOVED: 1,APPROVED: 1,COMMENTED: 0,DECLINED: 0,MERGED: 1,OPENED: 1,RESCOPED: 0,UNAPPROVED: 0,UPDATED: 1,,,

Q2 2023 - Sprint 3,2023/05/04,2023/05/17,HUB-97991,148879,Dhruti.Shah,0,0,0,0,0,0,0,0,0,0,0,0,SSao,,
Sprint Totals,,,,,,PR_ADDED: 0,PR_REMOVED: 0,COMMIT_ADDED: 0,COMMIT_REMOVED: 0,APPROVED: 0,COMMENTED: 0,DECLINED: 0,MERGED: 0,OPENED: 0,RESCOPED: 0,UNAPPROVED: 0,UPDATED: 0,,,

Q2 2023 - Sprint 5,2023/06/01,2023/06/14,PROD-168082,150499,Dhruti.Shah,8640,1360,0,0,0,0,0,0,0,0,0,0,Dhruti.Shah,,
Q2 2023 - Sprint 5,2023/06/01,2023/06/14,PROD-168082,150773,Dhruti.Shah,8181,1819,0,0,0,0,0,0,0,0,0,0,Dhruti.Shah,,
Sprint Totals,,,,,,PR_ADDED: 16821,PR_REMOVED: 3179,COMMIT_ADDED: 0,COMMIT_REMOVED: 0,APPROVED: 0,COMMENTED: 0,DECLINED: 0,MERGED: 0,OPENED: 0,RESCOPED: 0,UNAPPROVED: 0,UPDATED: 0,,,

Overall Totals,,,,,,PR_ADDED: 24823,PR_REMOVED: 5177,COMMIT_ADDED: 1,COMMIT_REMOVED: 1,APPROVED: 1,COMMENTED: 0,DECLINED: 0,MERGED: 1,OPENED: 1,RESCOPED: 0,UNAPPROVED: 0,UPDATED: 1,,,
