SPRINT,START_DATE,END_DATE,TICKET,PR_ID,USER,PR_ADDED,PR_REMOVED,COMMIT_ADDED,COMMIT_REMOVED,APPROVED,COMMENTED,DECLINED,MERGED,OPENED,RESCOPED,UNAPPROVED,UPDATED,AUTHOR,COMMENTS,COMMIT_MESSAGES
Quasar: J'23 (May 11- May 24),2023/05/11,2023/05/24,PROD-162137,149493,AshishD,0,0,44,4,0,0,0,0,0,0,0,0,APrajapati,,"1. PROD-167759: performance tuning for #up_cvnt_elastic_GetInviteesForInsert#
2. PROD-167769: performance tuning for #up_cvnt_elastic_GetInviteesForInsert#  added question_stub in join to hit existing index while fetching data from EVENT_ANSWER table
3. Merge branch 'prod-167759' of ssh://stash.cvent.net:7999/cvt/c4 into prod-167759"
Quasar: J'23 (May 11- May 24),2023/05/11,2023/05/24,PROD-162137,149760,AshishD,8593,1407,0,0,0,0,0,0,0,0,0,0,AshishD,,
Sprint Totals,,,,,,PR_ADDED: 8593,PR_REMOVED: 1407,COMMIT_ADDED: 44,COMMIT_REMOVED: 4,APPROVED: 0,COMMENTED: 0,DECLINED: 0,MERGED: 0,OPENED: 0,RESCOPED: 0,UNAPPROVED: 0,UPDATED: 0,,,

Overall Totals,,,,,,PR_ADDED: 8593,PR_REMOVED: 1407,COMMIT_ADDED: 44,COMMIT_REMOVED: 4,APPROVED: 0,COMMENTED: 0,DECLINED: 0,MERGED: 0,OPENED: 0,RESCOPED: 0,UNAPPROVED: 0,UPDATED: 0,,,
