SPRINT,START_DATE,END_DATE,TICKET,PR_ID,USER,PR_ADDED,PR_REMOVED,COMMIT_ADDED,COMMIT_REMOVED,APPROVED,COMMENTED,DECLINED,MERGED,OPENED,RESCOPED,UNAPPROVED,UPDATED,AUTHOR,COMMENTS,COMMIT_MESSAGES
Sprint Hagen Daz,2023/04/11,2023/04/25,HUB-84883,9139,ZDavidson,0,0,8,15,0,0,0,0,0,0,0,0,ABadlia,,"1. PROD-164402: Fix logo width
2. PROD-164402: Remove icon width ref
3. PROD-164402: Remove icon ref prop
4. Merge branch 'develop' of ssh://stash.cvent.net:7999/ax/attendee-experience-web into PROD-164402
5. Pull request #9112: PROD-164402: Fix logo width  Merge in AX/attendee-experience-web from PROD-164402 to develop  * commit 'b7421d6eabfc25afe1b65a07f071d816b6ce7d8c':    PROD-164402: Remove icon ref prop    PROD-164402: Remove icon width ref    PROD-164402: Fix logo width"
Sprint Hagen Daz,2023/04/11,2023/04/25,HUB-87209,9087,ZDavidson,0,0,621,164,0,0,0,0,0,0,0,0,ACheng,,"1. HUB-90967: Update attendee compliance when sec-gpc header is enabled
2. Merge branch 'develop' of ssh://stash.cvent.net:7999/ax/attendee-experience-web into HUB-90967
3. HUB-90967: Fix lint errors
4. Merge branch 'develop' of ssh://stash.cvent.net:7999/ax/attendee-experience-web into HUB-90967
5. Merge branch 'develop' of ssh://stash.cvent.net:7999/ax/attendee-experience-web into HUB-90967
6. HUB-90967: Ensure compliance mutation is only fired once
7. HUB-90967: Rename UseComplianceProps
8. Pull request #9073: HUB-90967: Update attendee compliance when sec-gpc header is enabled  Merge in AX/attendee-experience-web from HUB-90967 to develop  * commit '31b4d03b6f8c300804477f253bb384185b9ac327':    HUB-90967: Rename UseComplianceProps    HUB-90967: Ensure compliance mutation is only fired once    HUB-90967: Fix lint errors    HUB-90967: Update attendee compliance when sec-gpc header is enabled"
Sprint Hagen Daz,2023/04/11,2023/04/25,HUB-91358,9139,ZDavidson,0,0,0,0,0,0,0,0,0,0,0,0,ABadlia,,
Sprint Hagen Daz,2023/04/11,2023/04/25,PROD-165535,9139,ZDavidson,0,0,0,0,0,0,0,0,0,0,0,0,ABadlia,,
Sprint Totals,,,,,,PR_ADDED: 0,PR_REMOVED: 0,COMMIT_ADDED: 629,COMMIT_REMOVED: 179,APPROVED: 0,COMMENTED: 0,DECLINED: 0,MERGED: 0,OPENED: 0,RESCOPED: 0,UNAPPROVED: 0,UPDATED: 0,,,

Sprint Ice Cream,2023/04/25,2023/05/09,HUB-47777,9177,ZDavidson,0,0,795,417,0,0,0,0,0,0,0,0,BRehman,,"1. WEBINAR-6002: Add CCPA URL to footer and hide Your Details menu options when ATTENDEE_PROFILE feature setting is disabled
2. WEBINAR-6002: Fix lint issues and update UT mocks for usePageDefinitions
3. Merge branch 'develop' of ssh://stash.cvent.net:7999/ax/attendee-experience-web into WEBINAR-6002
4. WEBINAR-6002: Remove console log
5. WEBINAR-6002: refactor footer with image spec and remove injecttestid from nav menu
6. Pull request #9144: WEBINAR-6002: Add CCPA URL to footer and hide Your Details menu options when ATTENDEE_PROFILE feature setting is disabled  Merge in AX/attendee-experience-web from WEBINAR-6002 to develop  * commit 'b9a0ffd11a3b113403e955822d121c470f394f5c':    WEBINAR-6002: refactor footer with image spec and remove injecttestid from nav menu    WEBINAR-6002: Remove console log    WEBINAR-6002: Fix lint issues and update UT mocks for usePageDefinitions    WEBINAR-6002: Add CCPA URL to footer and hide Your Details menu options when ATTENDEE_PROFILE feature setting is disabled"
Sprint Ice Cream,2023/04/25,2023/05/09,HUB-87782,9219,ZDavidson,0,0,64,48,0,0,0,0,0,0,0,0,Subratkumar.Sahoo,,"1. HUB-93224: Update stream-chat and stream-chat-react dependencies
2. Pull request #9191: HUB-93224: Update stream-chat and stream-chat-react dependencies  Merge in AX/attendee-experience-web from HUB-93224 to develop  * commit '71b3431b8d22a290ec41b37cfecb4b040ef7c5c0':    HUB-93224: Update stream-chat and stream-chat-react dependencies
3. CMOBL-153985: Gate new embedded reg form on bvt landing page test
4. Pull request #9206: CMOBL-153985: Gate new embedded reg form on bvt landing page test  Merge in AX/attendee-experience-web from CMOBL-153985 to develop  * commit '4836aeda468e4909b7672ce1398bc76cb59dfd47':    CMOBL-153985: Gate new embedded reg form on bvt landing page test"
Sprint Ice Cream,2023/04/25,2023/05/09,PROD-165535,9139,ZDavidson,0,0,0,0,1,0,0,0,0,0,0,0,ABadlia,,
Sprint Totals,,,,,,PR_ADDED: 0,PR_REMOVED: 0,COMMIT_ADDED: 859,COMMIT_REMOVED: 465,APPROVED: 1,COMMENTED: 0,DECLINED: 0,MERGED: 0,OPENED: 0,RESCOPED: 0,UNAPPROVED: 0,UPDATED: 0,,,

Wizards - Sprint Jalebi,2023/05/09,2023/05/23,PROD-165535,9139,ZDavidson,0,0,0,0,0,0,0,0,0,0,0,0,ABadlia,,
Sprint Totals,,,,,,PR_ADDED: 0,PR_REMOVED: 0,COMMIT_ADDED: 0,COMMIT_REMOVED: 0,APPROVED: 0,COMMENTED: 0,DECLINED: 0,MERGED: 0,OPENED: 0,RESCOPED: 0,UNAPPROVED: 0,UPDATED: 0,,,

Wizards - Sprint Kinder Joy,2023/05/23,2023/06/06,PROD-167500,456,ZDavidson,0,0,0,0,1,0,0,0,0,0,0,0,Michael.Tang,,
Sprint Totals,,,,,,PR_ADDED: 0,PR_REMOVED: 0,COMMIT_ADDED: 0,COMMIT_REMOVED: 0,APPROVED: 1,COMMENTED: 0,DECLINED: 0,MERGED: 0,OPENED: 0,RESCOPED: 0,UNAPPROVED: 0,UPDATED: 0,,,

Wizards - Sprint Leche Flan,2023/06/06,2023/06/20,PROD-167500,456,ZDavidson,0,0,0,0,0,0,0,0,0,0,0,0,Michael.Tang,,
Sprint Totals,,,,,,PR_ADDED: 0,PR_REMOVED: 0,COMMIT_ADDED: 0,COMMIT_REMOVED: 0,APPROVED: 0,COMMENTED: 0,DECLINED: 0,MERGED: 0,OPENED: 0,RESCOPED: 0,UNAPPROVED: 0,UPDATED: 0,,,

Wizards - Sprint Muffin,2023/06/20,2023/07/05,HUB-103623,9667,ZDavidson,6610,3390,0,0,0,0,0,0,1,0,0,0,ZDavidson,,
Wizards - Sprint Muffin,2023/06/20,2023/07/05,HUB-104506,9667,ZDavidson,6610,3390,0,0,0,0,0,0,0,0,0,0,ZDavidson,,
Wizards - Sprint Muffin,2023/06/20,2023/07/05,PROD-170831,9667,ZDavidson,6610,3390,0,0,0,0,0,0,0,0,0,0,ZDavidson,,
Sprint Totals,,,,,,PR_ADDED: 19830,PR_REMOVED: 10170,COMMIT_ADDED: 0,COMMIT_REMOVED: 0,APPROVED: 0,COMMENTED: 0,DECLINED: 0,MERGED: 0,OPENED: 1,RESCOPED: 0,UNAPPROVED: 0,UPDATED: 0,,,

Overall Totals,,,,,,PR_ADDED: 19830,PR_REMOVED: 10170,COMMIT_ADDED: 1488,COMMIT_REMOVED: 644,APPROVED: 2,COMMENTED: 0,DECLINED: 0,MERGED: 0,OPENED: 1,RESCOPED: 0,UNAPPROVED: 0,UPDATED: 0,,,
