SPRINT,START_DATE,END_DATE,TICKET,PR_ID,USER,PR_ADDED,PR_REMOVED,COMMIT_ADDED,COMMIT_REMOVED,APPROVED,COMMENTED,DECLINED,MERGED,OPENED,RESCOPED,UNAPPROVED,UPDATED,AUTHOR,COMMENTS,COMMIT_MESSAGES
PP-Gummy Bears,2023/04/04,2023/04/18,HUB-24122,9087,JMcGough,0,0,365,306,0,0,0,0,0,0,0,0,ACheng,,"1. HUB-80482: Rename event card files
2. HUB-80482: TS conversion for event card files
3. HUB-80482: changeset
4. HUB-80482: Small changes from comments
5. Pull request #9052: HUB-80482: TS conversion for event card files  Merge in AX/attendee-experience-web from HUB-80482 to develop  * commit '2b3c0a6102c802a02e3b240a1a7ca9e0e3c94702':    HUB-80482: Small changes from comments    HUB-80482: changeset    HUB-80482: TS conversion for event card files    HUB-80482: Rename event card files"
PP-Gummy Bears,2023/04/04,2023/04/18,HUB-89600,9044,JMcGough,0,0,362,457,0,0,0,0,0,0,0,0,CLeech,,"1. HUB-80484: TS rename
2. HUB-80484: Tests TS rename
3. HUB-80484: Typescript converstion of sessionlist files
4. HUB-80484: changeset
5. Merge branch 'develop' of ssh://stash.cvent.net:7999/ax/attendee-experience-web into HUB-80484
6. HUB-80484: Update types from comments
7. HUB-80484: Fix filter type error
8. Pull request #9015: HUB-80484: Typescript converstion of sessionlist files  Merge in AX/attendee-experience-web from HUB-80484 to develop  * commit 'b926bde2eaa49fc79c511962746285c05bb9c7b9':    HUB-80484: Fix filter type error    HUB-80484: Update types from comments    HUB-80484: changeset    HUB-80484: Typescript converstion of sessionlist files    HUB-80484: Tests TS rename    HUB-80484: TS rename"
Sprint Totals,,,,,,PR_ADDED: 0,PR_REMOVED: 0,COMMIT_ADDED: 727,COMMIT_REMOVED: 763,APPROVED: 0,COMMENTED: 0,DECLINED: 0,MERGED: 0,OPENED: 0,RESCOPED: 0,UNAPPROVED: 0,UPDATED: 0,,,

PP-Ho Hos,2023/04/18,2023/05/02,PROD-165049,9177,JMcGough,0,0,56,14,0,0,0,0,0,0,0,0,BRehman,,"1. HUB-97554: Hide replay/session ended behind feature flag
2. HUB-97554: changeset
3. HUB-97554: Correct logic for hiding session ended
4. HUB-97554: Fix tests
5. Pull request #9163: HUB-97554: Hide replay/session ended behind feature flag  Merge in AX/attendee-experience-web from HUB-97554 to develop  * commit 'b85893303fcc01f20065276dbaa44544133f9554':    HUB-97554: Fix tests    HUB-97554: Correct logic for hiding session ended    HUB-97554: changeset    HUB-97554: Hide replay/session ended behind feature flag"
PP-Ho Hos,2023/04/18,2023/05/02,HUB-81331,9354,JMcGough,9640,360,0,0,0,0,0,0,0,0,0,0,JMcGough,,
Sprint Totals,,,,,,PR_ADDED: 9640,PR_REMOVED: 360,COMMIT_ADDED: 56,COMMIT_REMOVED: 14,APPROVED: 0,COMMENTED: 0,DECLINED: 0,MERGED: 0,OPENED: 0,RESCOPED: 0,UNAPPROVED: 0,UPDATED: 0,,,

PP-Idli,2023/05/02,2023/05/16,HUB-98019,9219,JMcGough,0,0,127,102,0,0,0,0,0,0,0,0,Subratkumar.Sahoo,,"1. HUB-80486: Fixes from comments + jest upgrade fixes
2. Pull request #9153: HUB-80486: TS conversion for MyEvent  Merge in AX/attendee-experience-web from HUB-80486 to develop  * commit '38f49c4a2e71306e688fd35552e59f9a7cc17005':    HUB-80486: Fixes from comments + jest upgrade fixes    HUB-80486: Fix MyEventPage typing    HUB-80486: changeset    HUB-80486: disable false hook rule error    HUB-80486: Full MyEvent TS conversion    HUB-80486: rename MyEvent spec    HUB-80486: TS conversion for MyEvent    HUB-80486: Rename MyEvent"
PP-Idli,2023/05/02,2023/05/16,HUB-81331,9354,JMcGough,9640,360,0,0,0,0,0,0,0,0,0,0,JMcGough,,
Sprint Totals,,,,,,PR_ADDED: 9640,PR_REMOVED: 360,COMMIT_ADDED: 127,COMMIT_REMOVED: 102,APPROVED: 0,COMMENTED: 0,DECLINED: 0,MERGED: 0,OPENED: 0,RESCOPED: 0,UNAPPROVED: 0,UPDATED: 0,,,

PP-Jalapeno Poppers,2023/05/16,2023/05/30,HUB-81331,9354,JMcGough,9640,360,9,2,0,0,0,1,1,0,0,0,JMcGough,,"1. Bump packages for build
2. changeset"
PP-Jalapeno Poppers,2023/05/16,2023/05/30,HUB-99172,1508,JMcGough,0,0,25,17,0,0,0,0,0,0,0,0,TCox,,"1. NA-0: Skip flaky video card tests
2. NA-0: changeset
3. NA-0: Use xdescribe + update codeowners
4. NA-0: fix prettier issue
5. Pull request #1490: NA-0: Skip flaky video card tests  Merge in AX/attendee-experience-builder from editSingleVideoCard to develop  * commit 'b53799a04f6530c666744bd379adb09437f899fc':    NA-0: fix prettier issue    NA-0: Use xdescribe + update codeowners    NA-0: changeset    NA-0: Skip flaky video card tests
6. Merge remote-tracking branch 'origin/master' into downmerge/1.103.0
7. Pull request #1503: Downmerge/1.103.0  Merge in AX/attendee-experience-builder from downmerge/1.103.0 to develop  * commit '1851f22a22e0576c6bbe093b8f6bf265c5d1478b':    RELEASING: Releasing 3 package(s)    Move retired app features    changeset    Bump packages for build"
PP-Jalapeno Poppers,2023/05/16,2023/05/30,HUB-99172,9409,JMcGough,0,0,0,0,0,0,0,0,0,0,0,0,TCox,,"1. Merge remote-tracking branch 'origin/master' into downmerge/2.17.0
2. Pull request #9388: Downmerge/2.17.0  Merge in AX/attendee-experience-web from downmerge/2.17.0 to develop  * commit '527afdf4bb8c192931e1550ae19c0d2af7a9db17':    RELEASING: Releasing 3 package(s)    PROD-165206 Remove commented code    PROD-165206 Control flyout visibility with prop    changeset    Bump packages for build"
Sprint Totals,,,,,,PR_ADDED: 9640,PR_REMOVED: 360,COMMIT_ADDED: 34,COMMIT_REMOVED: 19,APPROVED: 0,COMMENTED: 0,DECLINED: 0,MERGED: 1,OPENED: 1,RESCOPED: 0,UNAPPROVED: 0,UPDATED: 0,,,

PP-Kit Kat(05/30-06/13),2023/05/30,2023/06/13,HUB-97425,9507,JMcGough,0,0,50,31,0,0,0,0,0,0,0,0,GStarr,,"1. HUB-90176: Move icon button for v2 mobile session card
2. Merge branch 'develop' of ssh://stash.cvent.net:7999/ax/attendee-experience-web into HUB-90176
3. Pull request #9479: HUB-90176: Move icon button for v2 mobile session card  Merge in AX/attendee-experience-web from HUB-90176 to develop  * commit 'b83d020871c58f5b7678cdf7c31754b9c27a31ba':    HUB-90176: Move icon button for v2 mobile session card"
Sprint Totals,,,,,,PR_ADDED: 0,PR_REMOVED: 0,COMMIT_ADDED: 50,COMMIT_REMOVED: 31,APPROVED: 0,COMMENTED: 0,DECLINED: 0,MERGED: 0,OPENED: 0,RESCOPED: 0,UNAPPROVED: 0,UPDATED: 0,,,

PP-Lollipop (06/13-06/27),2023/06/13,2023/06/27,HUB-89579,1583,JMcGough,0,0,420,152,0,0,0,0,0,0,0,0,SSimpson,,"1. HUB-97970: Filter multi-select component
2. Merge branch 'develop' of ssh://stash.cvent.net:7999/ax/attendee-experience-builder into HUB-97970
3. HUB-97970: Locales + more reusable component
4. HUB-97970: Locales + more reusable component
5. HUB-97970: merge conflict
6. Pull request #1543: HUB-97970: Filter multi-select component  Merge in AX/attendee-experience-builder from HUB-97970 to develop  * commit '7e1b45310be5fe3dde9136a2935fbdf978c7d4ac':    HUB-97970: Locales + more reusable component    HUB-97970: Locales + more reusable component    HUB-97970: Filter multi-select component"
Sprint Totals,,,,,,PR_ADDED: 0,PR_REMOVED: 0,COMMIT_ADDED: 420,COMMIT_REMOVED: 152,APPROVED: 0,COMMENTED: 0,DECLINED: 0,MERGED: 0,OPENED: 0,RESCOPED: 0,UNAPPROVED: 0,UPDATED: 0,,,

Overall Totals,,,,,,PR_ADDED: 28920,PR_REMOVED: 1080,COMMIT_ADDED: 1414,COMMIT_REMOVED: 1081,APPROVED: 0,COMMENTED: 0,DECLINED: 0,MERGED: 1,OPENED: 1,RESCOPED: 0,UNAPPROVED: 0,UPDATED: 0,,,
