SPRINT,START_DATE,END_DATE,TICKET,PR_ID,USER,PR_ADDED,PR_REMOVED,COMMIT_ADDED,COMMIT_REMOVED,APPROVED,COMMENTED,DECLINED,MERGED,OPENED,RESCOPED,UNAPPROVED,UPDATED,AUTHOR,COMMENTS,COMMIT_MESSAGES
Sprint Hagen Daz,2023/04/11,2023/04/25,HUB-84883,9139,NCaron,0,0,7,0,0,0,0,0,0,0,0,0,ABadlia,,"1. PROD-165328: Updated profile card component to place profile image slightly lower so fewer heads get cut off
2. Pull request #9101: PROD-165328 - Updated profile card component to place profile image slightly lower so fewer heads get cut off  Merge in AX/attendee-experience-web from PROD-165328 to develop  * commit '04daad6fa3bcd0ced4aee7247ade193577cbfcf0':    PROD-165328: Updated profile card component to place profile image slightly lower so fewer heads get cut off"
Sprint Hagen Daz,2023/04/11,2023/04/25,HUB-91358,9139,NCaron,0,0,0,0,0,0,0,0,0,0,0,0,ABadlia,,
Sprint Hagen Daz,2023/04/11,2023/04/25,HUB-94736,3450,NCaron,0,0,0,0,0,0,0,0,0,0,0,0,ACheng,,"1. Pull request #3407: HUB-93343 - Updated unassignTags function in contentTaggingClient to use new bulk delete endpoint instead of deprecated one  Merge in AX/attendee-experience-data from HUB-93343 to develop  * commit 'a797277022bf72fbaf56275b21ffad6c897511a7':    HUB-93343: Updated unassignTags function in contentTaggingClient to use new bulk delete endpoint instead of deprecated one, cleaned up rest of client for outdated documentation and warnings"
Sprint Hagen Daz,2023/04/11,2023/04/25,HUB-84998,9177,NCaron,0,0,0,0,0,0,0,0,0,0,0,0,BRehman,,
Sprint Hagen Daz,2023/04/11,2023/04/25,HUB-91000,9219,NCaron,0,0,0,0,0,0,0,0,0,0,0,0,Subratkumar.Sahoo,,
Sprint Hagen Daz,2023/04/11,2023/04/25,PROD-165535,9139,NCaron,0,0,0,0,0,0,0,0,0,0,0,0,ABadlia,,
Sprint Totals,,,,,,PR_ADDED: 0,PR_REMOVED: 0,COMMIT_ADDED: 7,COMMIT_REMOVED: 0,APPROVED: 0,COMMENTED: 0,DECLINED: 0,MERGED: 0,OPENED: 0,RESCOPED: 0,UNAPPROVED: 0,UPDATED: 0,,,

Sprint Ice Cream,2023/04/25,2023/05/09,HUB-47777,9177,NCaron,0,0,0,0,1,0,0,0,0,0,0,0,BRehman,,
Sprint Ice Cream,2023/04/25,2023/05/09,HUB-84998,9177,NCaron,0,0,0,0,0,0,0,0,0,0,0,0,BRehman,,
Sprint Ice Cream,2023/04/25,2023/05/09,HUB-87782,9219,NCaron,0,0,0,0,0,0,0,0,0,0,0,0,Subratkumar.Sahoo,,
Sprint Ice Cream,2023/04/25,2023/05/09,HUB-91000,9219,NCaron,0,0,0,0,0,0,0,0,0,0,0,0,Subratkumar.Sahoo,,
Sprint Ice Cream,2023/04/25,2023/05/09,HUB-96475,9219,NCaron,0,0,0,0,0,0,0,0,0,0,0,0,Subratkumar.Sahoo,,
Sprint Ice Cream,2023/04/25,2023/05/09,HUB-96478,471,NCaron,99,29,0,0,0,0,0,0,0,0,0,0,NCaron,,
Sprint Ice Cream,2023/04/25,2023/05/09,HUB-97117,9219,NCaron,0,0,0,0,0,0,0,0,0,0,0,0,Subratkumar.Sahoo,,
Sprint Ice Cream,2023/04/25,2023/05/09,HUB-97118,9354,NCaron,0,0,0,0,0,0,0,0,0,0,0,0,JMcGough,,
Sprint Ice Cream,2023/04/25,2023/05/09,HUB-98838,1481,NCaron,0,0,0,0,0,0,0,0,0,0,0,0,Shea.Sullivan,,
Sprint Ice Cream,2023/04/25,2023/05/09,PROD-165535,9139,NCaron,0,0,6,0,1,0,0,0,0,0,0,0,ABadlia,,"1. PROD-165328: Updated ProfileCardEdit component to match profile picture styles of ProfileCard component
2. Pull request #9133: PROD-165328 - Updated ProfileCardEdit component to match profile picture styles of ProfileCard component  Merge in AX/attendee-experience-web from PROD-165328 to release/2.13.0  * commit 'e3802aa70c6374025a2730553b5f8dffe3457a3c':    PROD-165328: Updated ProfileCardEdit component to match profile picture styles of ProfileCard component"
Sprint Totals,,,,,,PR_ADDED: 99,PR_REMOVED: 29,COMMIT_ADDED: 6,COMMIT_REMOVED: 0,APPROVED: 2,COMMENTED: 0,DECLINED: 0,MERGED: 0,OPENED: 0,RESCOPED: 0,UNAPPROVED: 0,UPDATED: 0,,,

Wizards - Sprint Jalebi,2023/05/09,2023/05/23,HUB-93092,1481,NCaron,0,0,0,0,1,0,0,0,0,0,0,0,Shea.Sullivan,,
Wizards - Sprint Jalebi,2023/05/09,2023/05/23,HUB-97118,9354,NCaron,0,0,0,0,0,0,0,0,0,0,0,0,JMcGough,,
Wizards - Sprint Jalebi,2023/05/09,2023/05/23,HUB-98051,9354,NCaron,0,0,0,0,0,0,0,0,0,0,0,0,JMcGough,,
Wizards - Sprint Jalebi,2023/05/09,2023/05/23,HUB-98056,9354,NCaron,0,0,0,0,0,0,0,0,0,0,0,0,JMcGough,,
Wizards - Sprint Jalebi,2023/05/09,2023/05/23,HUB-98838,1481,NCaron,0,0,0,0,0,0,0,0,0,0,0,0,Shea.Sullivan,,
Wizards - Sprint Jalebi,2023/05/09,2023/05/23,PROD-165535,9139,NCaron,0,0,0,0,0,0,0,0,0,0,0,0,ABadlia,,
Wizards - Sprint Jalebi,2023/05/09,2023/05/23,HUB-96568,1222,NCaron,0,0,0,0,0,0,0,0,0,0,0,0,Michael.Tang,,
Wizards - Sprint Jalebi,2023/05/09,2023/05/23,HUB-96568,477,NCaron,0,0,0,0,0,0,0,0,0,0,0,0,GMa,,
Wizards - Sprint Jalebi,2023/05/09,2023/05/23,HUB-96568,1200,NCaron,0,0,0,0,0,0,0,0,0,0,0,0,Michael.Tang,,
Wizards - Sprint Jalebi,2023/05/09,2023/05/23,HUB-96570,1200,NCaron,0,0,0,0,0,0,0,0,0,0,0,0,Michael.Tang,,
Sprint Totals,,,,,,PR_ADDED: 0,PR_REMOVED: 0,COMMIT_ADDED: 0,COMMIT_REMOVED: 0,APPROVED: 1,COMMENTED: 0,DECLINED: 0,MERGED: 0,OPENED: 0,RESCOPED: 0,UNAPPROVED: 0,UPDATED: 0,,,

Wizards - Sprint Kinder Joy,2023/05/23,2023/06/06,HUB-96464,473,NCaron,0,0,0,0,1,0,0,0,0,0,0,0,PGartner,,
Wizards - Sprint Kinder Joy,2023/05/23,2023/06/06,HUB-96486,474,NCaron,0,0,0,0,1,0,0,0,0,0,0,0,GMa,,
Wizards - Sprint Kinder Joy,2023/05/23,2023/06/06,HUB-97245,9507,NCaron,0,0,0,0,0,0,0,0,0,0,0,0,GStarr,,
Wizards - Sprint Kinder Joy,2023/05/23,2023/06/06,HUB-96568,1222,NCaron,0,0,0,0,0,0,0,0,0,0,0,0,Michael.Tang,,
Wizards - Sprint Kinder Joy,2023/05/23,2023/06/06,HUB-96568,477,NCaron,0,0,0,0,0,0,0,0,0,0,0,0,GMa,,
Wizards - Sprint Kinder Joy,2023/05/23,2023/06/06,HUB-96568,1200,NCaron,0,0,0,0,1,0,0,0,0,0,0,0,Michael.Tang,,
Wizards - Sprint Kinder Joy,2023/05/23,2023/06/06,HUB-96570,1200,NCaron,0,0,0,0,0,0,0,0,0,0,0,0,Michael.Tang,,
Wizards - Sprint Kinder Joy,2023/05/23,2023/06/06,HUB-97972,482,NCaron,0,0,0,0,0,0,0,0,0,0,0,0,TDee,,
Wizards - Sprint Kinder Joy,2023/05/23,2023/06/06,HUB-98062,9507,NCaron,0,0,0,0,0,0,0,0,0,0,0,0,GStarr,,
Wizards - Sprint Kinder Joy,2023/05/23,2023/06/06,PROD-165503,9551,NCaron,0,0,0,0,0,0,0,0,0,0,0,0,MGangani,,
Wizards - Sprint Kinder Joy,2023/05/23,2023/06/06,PROD-167754,9507,NCaron,0,0,0,0,0,0,0,0,0,0,0,0,GStarr,,
Sprint Totals,,,,,,PR_ADDED: 0,PR_REMOVED: 0,COMMIT_ADDED: 0,COMMIT_REMOVED: 0,APPROVED: 3,COMMENTED: 0,DECLINED: 0,MERGED: 0,OPENED: 0,RESCOPED: 0,UNAPPROVED: 0,UPDATED: 0,,,

Wizards - Sprint Leche Flan,2023/06/06,2023/06/20,HUB-96570,1200,NCaron,0,0,0,0,0,0,0,0,0,0,0,0,Michael.Tang,,
Wizards - Sprint Leche Flan,2023/06/06,2023/06/20,HUB-97972,482,NCaron,0,0,0,0,1,0,0,0,0,0,0,0,TDee,,
Wizards - Sprint Leche Flan,2023/06/06,2023/06/20,HUB-98062,9507,NCaron,0,0,0,0,1,0,0,0,0,0,0,0,GStarr,,
Wizards - Sprint Leche Flan,2023/06/06,2023/06/20,HUB-99805,9507,NCaron,0,0,0,0,0,0,0,0,0,0,0,0,GStarr,,
Wizards - Sprint Leche Flan,2023/06/06,2023/06/20,HUB-99976,9507,NCaron,0,0,0,0,0,0,0,0,0,0,0,0,GStarr,,
Wizards - Sprint Leche Flan,2023/06/06,2023/06/20,HUB-103393,9551,NCaron,0,0,0,0,0,0,0,0,0,0,0,0,MGangani,,
Wizards - Sprint Leche Flan,2023/06/06,2023/06/20,HUB-103499,481,NCaron,0,0,0,0,1,0,0,0,0,0,0,0,GMa,,
Wizards - Sprint Leche Flan,2023/06/06,2023/06/20,HUB-96568,1222,NCaron,0,0,0,0,0,0,0,0,0,0,0,0,Michael.Tang,,
Wizards - Sprint Leche Flan,2023/06/06,2023/06/20,HUB-96568,477,NCaron,0,0,0,0,1,1,0,0,0,0,0,0,GMa,1. Wait for back-end changes to be merged before merging this pull request https://stash.cvent.net/projects/CM/repos/gamification/pull-requests/1208/overview,
Wizards - Sprint Leche Flan,2023/06/06,2023/06/20,HUB-96568,1200,NCaron,0,0,0,0,0,0,0,0,0,0,0,0,Michael.Tang,,
Wizards - Sprint Leche Flan,2023/06/06,2023/06/20,HUB-100703,1583,NCaron,0,0,0,0,0,0,0,0,0,0,0,0,SSimpson,,
Wizards - Sprint Leche Flan,2023/06/06,2023/06/20,HUB-101506,1583,NCaron,0,0,0,0,0,0,0,0,0,0,0,0,SSimpson,,
Wizards - Sprint Leche Flan,2023/06/06,2023/06/20,PROD-165503,9551,NCaron,0,0,0,0,0,0,0,0,0,0,0,0,MGangani,,
Wizards - Sprint Leche Flan,2023/06/06,2023/06/20,PROD-166071,9551,NCaron,0,0,0,0,0,0,0,0,0,0,0,0,MGangani,,
Wizards - Sprint Leche Flan,2023/06/06,2023/06/20,PROD-167754,9507,NCaron,0,0,0,0,0,0,0,0,0,0,0,0,GStarr,,
Sprint Totals,,,,,,PR_ADDED: 0,PR_REMOVED: 0,COMMIT_ADDED: 0,COMMIT_REMOVED: 0,APPROVED: 4,COMMENTED: 1,DECLINED: 0,MERGED: 0,OPENED: 0,RESCOPED: 0,UNAPPROVED: 0,UPDATED: 0,,,

Wizards - Sprint Muffin,2023/06/20,2023/07/05,HUB-96568,1222,NCaron,0,0,0,0,1,0,0,0,0,0,0,0,Michael.Tang,,
Wizards - Sprint Muffin,2023/06/20,2023/07/05,HUB-96568,477,NCaron,0,0,0,0,0,0,0,0,0,0,0,0,GMa,,
Wizards - Sprint Muffin,2023/06/20,2023/07/05,HUB-96568,1200,NCaron,0,0,0,0,0,0,0,0,0,0,0,0,Michael.Tang,,
Wizards - Sprint Muffin,2023/06/20,2023/07/05,HUB-100703,1583,NCaron,0,0,0,0,1,0,0,0,0,0,0,0,SSimpson,,
Wizards - Sprint Muffin,2023/06/20,2023/07/05,HUB-101506,1583,NCaron,0,0,0,0,0,0,0,0,0,0,0,0,SSimpson,,
Wizards - Sprint Muffin,2023/06/20,2023/07/05,HUB-101508,1583,NCaron,0,0,0,0,0,0,0,0,0,0,0,0,SSimpson,,
Wizards - Sprint Muffin,2023/06/20,2023/07/05,HUB-103623,9667,NCaron,0,0,0,0,0,0,0,0,0,0,0,0,ZDavidson,,
Wizards - Sprint Muffin,2023/06/20,2023/07/05,HUB-103624,9618,NCaron,0,0,5,10,1,0,0,0,0,1,0,0,SSimpson,,"1. HUB-104019: Updated DiscussionsDetailsPage.spec.tsx, ExhibitorVirtualBoothPage.spec.js, Privacy.spec.js to not include includeInterests variable when calling UPDATE_PROFILE_SECURED mutation"
Wizards - Sprint Muffin,2023/06/20,2023/07/05,HUB-104286,484,NCaron,0,0,0,0,1,0,0,0,0,0,0,0,GMa,,
Wizards - Sprint Muffin,2023/06/20,2023/07/05,HUB-104286,486,NCaron,0,0,0,0,1,0,0,0,0,0,0,0,GMa,,
Wizards - Sprint Muffin,2023/06/20,2023/07/05,HUB-104506,9667,NCaron,0,0,0,0,0,0,0,0,0,0,0,0,ZDavidson,,
Wizards - Sprint Muffin,2023/06/20,2023/07/05,HUB-104506,9618,NCaron,0,0,0,0,0,0,0,0,0,0,0,0,SSimpson,,
Wizards - Sprint Muffin,2023/06/20,2023/07/05,HUB-104507,1222,NCaron,0,0,0,0,0,0,0,0,0,0,0,0,Michael.Tang,,
Wizards - Sprint Muffin,2023/06/20,2023/07/05,HUB-104511,1222,NCaron,0,0,0,0,0,0,0,0,0,0,0,0,Michael.Tang,,
Wizards - Sprint Muffin,2023/06/20,2023/07/05,PROD-165503,9551,NCaron,0,0,85,47,1,0,0,0,0,1,0,0,MGangani,,"1. HUB-104019: Updated usages of UPDATE_PROFILE_SECURED mutation so that the update profile page is the only one that includes professional interests
2. HUB-104019: Updated usages of UPDATE_PROFILE_SECURED mutation to have app feature check for professional interests when needed
3. HUB-104019: Fixed linting issue in EditMyProfile.tsx
4. Pull request #9556: HUB-104019 - Fix UPDATE_PROFILE_SECURED mutation usage  Merge in AX/attendee-experience-web from HUB-104019-release to release/2.21.0  * commit 'cedcd83958417bae54476bfea78ebd5c4718f96a':    HUB-104019: Fixed linting issue in EditMyProfile.tsx    HUB-104019: Updated usages of UPDATE_PROFILE_SECURED mutation to have app feature check for professional interests when needed    HUB-104019: Updated usages of UPDATE_PROFILE_SECURED mutation so that the update profile page is the only one that includes professional interests"
Wizards - Sprint Muffin,2023/06/20,2023/07/05,PROD-166071,9551,NCaron,0,0,0,0,0,0,0,0,0,0,0,0,MGangani,,
Wizards - Sprint Muffin,2023/06/20,2023/07/05,PROD-167754,9507,NCaron,0,0,0,0,0,0,0,0,0,0,0,0,GStarr,,
Wizards - Sprint Muffin,2023/06/20,2023/07/05,HUB-96479,488,NCaron,0,0,0,0,1,0,0,0,0,0,0,0,TDee,,
Wizards - Sprint Muffin,2023/06/20,2023/07/05,PROD-170831,9667,NCaron,0,0,0,0,0,0,0,0,0,0,0,0,ZDavidson,,
Wizards - Sprint Muffin,2023/06/20,2023/07/05,PROD-171381,485,NCaron,0,0,0,0,1,0,0,0,0,0,0,0,TCox,,
Sprint Totals,,,,,,PR_ADDED: 0,PR_REMOVED: 0,COMMIT_ADDED: 90,COMMIT_REMOVED: 57,APPROVED: 8,COMMENTED: 0,DECLINED: 0,MERGED: 0,OPENED: 0,RESCOPED: 2,UNAPPROVED: 0,UPDATED: 0,,,

Overall Totals,,,,,,PR_ADDED: 99,PR_REMOVED: 29,COMMIT_ADDED: 103,COMMIT_REMOVED: 57,APPROVED: 18,COMMENTED: 1,DECLINED: 0,MERGED: 0,OPENED: 0,RESCOPED: 2,UNAPPROVED: 0,UPDATED: 0,,,
