SPRINT,START_DATE,END_DATE,TICKET,PR_ID,USER,PR_ADDED,PR_REMOVED,COMMIT_ADDED,COMMIT_REMOVED,APPROVED,COMMENTED,DECLINED,MERGED,OPENED,RESCOPED,UNAPPROVED,UPDATED,AUTHOR,COMMENTS,COMMIT_MESSAGES
Krypto Q2 23' S1 (8w 3d),2023/04/05,2023/04/19,HUB-77903,9039,JMcGough,0,0,0,0,1,6,0,0,0,0,0,0,MDola,"1. If this is supposed to just take up space, would `<Spacer />` or a margin on the tabs work?
2. [nit] I don't think the MySchedule-specific comments are necessary, checking for `isMySchedulePage` seems self explanatory
3. It might read a bit better if this was  ```  && currentDate.getDate() !== startOfDayTz(currentOrNextDayTab?.value).getDate()
4. It looks like this won't ever get hit, since `currentDate >= eventStartDate` is also in the block above
5. ```suggestion    describe('MyScheduleNavBar', () => {  ```  And then you can remove the nested describe below
6. ```suggestion      it('renders date tabs with attendeeHubMyScheduleDates', async () => {  ```  This will help find the flag when you come back to remove it (even though this test doesn't use the app feature directly). The other tests in this file should also probably follow this pattern",
Krypto Q2 23' S1 (8w 3d),2023/04/05,2023/04/19,HUB-82329,9039,JMcGough,0,0,0,0,0,0,0,0,0,0,0,0,MDola,,
Krypto Q2 23' S1 (8w 3d),2023/04/05,2023/04/19,HUB-94865,9039,JMcGough,0,0,0,0,0,0,0,0,0,0,0,0,MDola,,
Krypto Q2 23' S1 (8w 3d),2023/04/05,2023/04/19,HUB-95249,9039,JMcGough,0,0,0,0,0,0,0,0,0,0,0,0,MDola,,
Sprint Totals,,,,,,PR_ADDED: 0,PR_REMOVED: 0,COMMIT_ADDED: 0,COMMIT_REMOVED: 0,APPROVED: 1,COMMENTED: 6,DECLINED: 0,MERGED: 0,OPENED: 0,RESCOPED: 0,UNAPPROVED: 0,UPDATED: 0,,,

Krypto Q2 23' S2 (10w 1d),2023/04/19,2023/05/03,HUB-80706,9177,JMcGough,0,0,56,14,0,0,0,0,0,0,0,0,BRehman,,"1. HUB-97554: Hide replay/session ended behind feature flag
2. HUB-97554: changeset
3. HUB-97554: Correct logic for hiding session ended
4. HUB-97554: Fix tests
5. Pull request #9163: HUB-97554: Hide replay/session ended behind feature flag  Merge in AX/attendee-experience-web from HUB-97554 to develop  * commit 'b85893303fcc01f20065276dbaa44544133f9554':    HUB-97554: Fix tests    HUB-97554: Correct logic for hiding session ended    HUB-97554: changeset    HUB-97554: Hide replay/session ended behind feature flag"
Krypto Q2 23' S2 (10w 1d),2023/04/19,2023/05/03,HUB-80708,9219,JMcGough,0,0,134,127,0,0,0,0,0,0,0,0,Subratkumar.Sahoo,,"1. Merge branch 'develop' of ssh://stash.cvent.net:7999/ax/attendee-experience-web into HUB-80486
2. HUB-80486: Full MyEvent TS conversion
3. HUB-80486: disable false hook rule error
4. HUB-80486: changeset
5. Merge branch 'develop' of ssh://stash.cvent.net:7999/ax/attendee-experience-web into HUB-80486
6. HUB-80486: Fix MyEventPage typing
7. Merge branch 'develop' of ssh://stash.cvent.net:7999/ax/attendee-experience-web into HUB-80486"
Krypto Q2 23' S2 (10w 1d),2023/04/19,2023/05/03,HUB-72793,9354,JMcGough,9640,360,0,0,0,0,0,0,0,0,0,0,JMcGough,,
Krypto Q2 23' S2 (10w 1d),2023/04/19,2023/05/03,HUB-82374,9354,JMcGough,9640,360,0,0,0,0,0,0,0,0,0,0,JMcGough,,
Krypto Q2 23' S2 (10w 1d),2023/04/19,2023/05/03,HUB-89097,9293,JMcGough,0,0,0,0,0,0,0,0,0,0,0,0,Shea.Sullivan,,
Sprint Totals,,,,,,PR_ADDED: 19280,PR_REMOVED: 720,COMMIT_ADDED: 190,COMMIT_REMOVED: 141,APPROVED: 0,COMMENTED: 0,DECLINED: 0,MERGED: 0,OPENED: 0,RESCOPED: 0,UNAPPROVED: 0,UPDATED: 0,,,

Krypto Q2 23' S3 (10w 2d),2023/05/03,2023/05/18,HUB-72793,9354,JMcGough,9640,360,0,0,0,0,0,0,0,0,0,0,JMcGough,,
Krypto Q2 23' S3 (10w 2d),2023/05/03,2023/05/18,HUB-82374,9354,JMcGough,9640,360,0,0,0,0,0,0,0,0,0,0,JMcGough,,
Krypto Q2 23' S3 (10w 2d),2023/05/03,2023/05/18,HUB-89097,9293,JMcGough,0,0,36,38,0,0,0,0,0,1,0,0,Shea.Sullivan,,"1. HUB-81950: update ticket comment
2. Merge branch 'develop' of ssh://stash.cvent.net:7999/ax/attendee-experience-web into HUB-81950
3. Pull request #9237: HUB-81950: Clean up Snax tests  Merge in AX/attendee-experience-web from HUB-81950 to develop  * commit '270edabc96fc240a40fe82f2ab85310025da8503':    HUB-81950: update ticket comment    HUB-81950: changeset    HUB-81950: Clean up Snax tests
4. PROD-166714: Event card sizing and spacing fixes
5. PROD-166714: changeset
6. PROD-166714: Fix system cards
7. Pull request #9298: PROD-166714: Event card sizing and spacing fixes  Merge in AX/attendee-experience-web from PROD-166714 to release/2.16.0  * commit '9dfcde8539e2b220b6997417816f9ff541fc57f4':    PROD-166714: Fix system cards    PROD-166714: changeset    PROD-166714: Event card sizing and spacing fixes"
Krypto Q2 23' S3 (10w 2d),2023/05/03,2023/05/18,HUB-97152,9354,JMcGough,9640,360,0,0,0,0,0,0,0,0,0,0,JMcGough,,
Krypto Q2 23' S3 (10w 2d),2023/05/03,2023/05/18,HUB-98128,9354,JMcGough,9640,360,0,0,0,0,0,0,0,0,0,0,JMcGough,,
Sprint Totals,,,,,,PR_ADDED: 38560,PR_REMOVED: 1440,COMMIT_ADDED: 36,COMMIT_REMOVED: 38,APPROVED: 0,COMMENTED: 0,DECLINED: 0,MERGED: 0,OPENED: 0,RESCOPED: 1,UNAPPROVED: 0,UPDATED: 0,,,

Krypto Q2 23' S4 (10w 1d),2023/05/18,2023/06/01,HUB-99787,9354,JMcGough,9640,360,9,2,0,0,0,1,1,0,0,0,JMcGough,,"1. Bump packages for build
2. changeset"
Krypto Q2 23' S4 (10w 1d),2023/05/18,2023/06/01,PROD-168163,9409,JMcGough,0,0,0,0,0,0,0,0,0,0,0,0,TCox,,"1. Merge remote-tracking branch 'origin/master' into downmerge/2.17.0
2. Pull request #9388: Downmerge/2.17.0  Merge in AX/attendee-experience-web from downmerge/2.17.0 to develop  * commit '527afdf4bb8c192931e1550ae19c0d2af7a9db17':    RELEASING: Releasing 3 package(s)    PROD-165206 Remove commented code    PROD-165206 Control flyout visibility with prop    changeset    Bump packages for build"
Sprint Totals,,,,,,PR_ADDED: 9640,PR_REMOVED: 360,COMMIT_ADDED: 9,COMMIT_REMOVED: 2,APPROVED: 0,COMMENTED: 0,DECLINED: 0,MERGED: 1,OPENED: 1,RESCOPED: 0,UNAPPROVED: 0,UPDATED: 0,,,

Krypto Q2 23' S5(9w 2d),2023/06/01,2023/06/14,HUB-99617,9507,JMcGough,0,0,50,31,0,0,0,0,0,0,0,0,GStarr,,"1. HUB-90176: Move icon button for v2 mobile session card
2. Merge branch 'develop' of ssh://stash.cvent.net:7999/ax/attendee-experience-web into HUB-90176
3. Pull request #9479: HUB-90176: Move icon button for v2 mobile session card  Merge in AX/attendee-experience-web from HUB-90176 to develop  * commit 'b83d020871c58f5b7678cdf7c31754b9c27a31ba':    HUB-90176: Move icon button for v2 mobile session card"
Sprint Totals,,,,,,PR_ADDED: 0,PR_REMOVED: 0,COMMIT_ADDED: 50,COMMIT_REMOVED: 31,APPROVED: 0,COMMENTED: 0,DECLINED: 0,MERGED: 0,OPENED: 0,RESCOPED: 0,UNAPPROVED: 0,UPDATED: 0,,,

Overall Totals,,,,,,PR_ADDED: 67480,PR_REMOVED: 2520,COMMIT_ADDED: 285,COMMIT_REMOVED: 212,APPROVED: 1,COMMENTED: 6,DECLINED: 0,MERGED: 1,OPENED: 1,RESCOPED: 1,UNAPPROVED: 0,UPDATED: 0,,,
