SPRINT,START_DATE,END_DATE,TICKET,PR_ID,USER,PR_ADDED,PR_REMOVED,COMMIT_ADDED,COMMIT_REMOVED,APPROVED,COMMENTED,DECLINED,MERGED,OPENED,RESCOPED,UNAPPROVED,UPDATED,AUTHOR,COMMENTS,COMMIT_MESSAGES
Snax - Idiotville (4/27-5/10),2023/04/27,2023/05/10,HUB-84805,9222,SKebede,84,58,0,0,0,0,1,0,1,0,0,0,SKebede,,
Sprint Totals,,,,,,PR_ADDED: 84,PR_REMOVED: 58,COMMIT_ADDED: 0,COMMIT_REMOVED: 0,APPROVED: 0,COMMENTED: 0,DECLINED: 1,MERGED: 0,OPENED: 1,RESCOPED: 0,UNAPPROVED: 0,UPDATED: 0,,,

Snax - Sprint Kickapoo,2023/05/25,2023/06/07,HUB-72801,9409,SKebede,0,0,7,2,0,0,0,0,0,0,0,0,TCox,,"1. HUB-96810: fix join_virtual_room SLI incomplete measure due to enrollment restriction
2. Pull request #9385: HUB-96810: fix join_virtual_room SLI incomplete measure due to enrollment restriction  Merge in AX/attendee-experience-web from HUB-96810 to develop  * commit 'f5886d20b70a5072ed1aedef63020a7afcf77ccb':    HUB-96810: fix join_virtual_room SLI incomplete measure due to enrollment restriction"
Snax - Sprint Kickapoo,2023/05/25,2023/06/07,HUB-101227,9448,SKebede,0,0,9,12,0,0,0,0,0,0,0,0,ATawfik,,"1. PROD-166724: Fix layout issues with Network Error Overlay, button covers text
2. PROD-166724: rollback unneeded change
3. PROD-166724: update snapshot files
4. Pull request #9420: PROD-166724: Fix layout issues with Network Error Overlay, button covers text  Merge in AX/attendee-experience-web from PROD-166724 to develop  * commit '336156737a70f6c68cbd1e7b0e7fbbae4ad58187':    PROD-166724: update snapshot files    PROD-166724: rollback unneeded change    PROD-166724: Fix layout issues with Network Error Overlay, button covers text"
Sprint Totals,,,,,,PR_ADDED: 0,PR_REMOVED: 0,COMMIT_ADDED: 16,COMMIT_REMOVED: 14,APPROVED: 0,COMMENTED: 0,DECLINED: 0,MERGED: 0,OPENED: 0,RESCOPED: 0,UNAPPROVED: 0,UPDATED: 0,,,

Overall Totals,,,,,,PR_ADDED: 84,PR_REMOVED: 58,COMMIT_ADDED: 16,COMMIT_REMOVED: 14,APPROVED: 0,COMMENTED: 0,DECLINED: 1,MERGED: 0,OPENED: 1,RESCOPED: 0,UNAPPROVED: 0,UPDATED: 0,,,
