SPRINT,START_DATE,END_DATE,TICKET,PR_ID,USER,PR_ADDED,PR_REMOVED,COMMIT_ADDED,COMMIT_REMOVED,APPROVED,COMMENTED,DECLINED,MERGED,OPENED,RESCOPED,UNAPPROVED,UPDATED,AUTHOR,COMMENTS,COMMIT_MESSAGES
Q2 2023 - Sprint 2,2023/04/20,2023/05/03,PROD-165670,148453,EStraw,1963,676,0,0,0,0,0,1,1,0,0,0,EStraw,,1. Merge branch 'prod' into devsilo619-downmerge-04-25-2023
Q2 2023 - Sprint 2,2023/04/20,2023/05/03,PROD-165670,148570,EStraw,0,0,2,2,0,0,0,0,0,0,0,0,UBansal,,1. SRC-9114: Adjust Store procedure to return empty string instead of default value to match consumer
Sprint Totals,,,,,,PR_ADDED: 1963,PR_REMOVED: 676,COMMIT_ADDED: 2,COMMIT_REMOVED: 2,APPROVED: 0,COMMENTED: 0,DECLINED: 0,MERGED: 1,OPENED: 1,RESCOPED: 0,UNAPPROVED: 0,UPDATED: 0,,,

Q2 2023 - Sprint 5,2023/06/01,2023/06/14,PROD-168082,150499,EStraw,0,0,4228,495,0,0,0,0,0,0,0,0,Dhruti.Shah,,"1. FLEX-87170: Phrase app pull
2. FLEX-87170: Remove code added for running locally
3. FLEX-87170:Adjust to not rely on event flag
4. Merge branch 'prod' into flex-87170
5. FLEX-87170: Removed event feature flag
6. FLEX-87170:Phrase app pull
7. Prod downmerge"
Sprint Totals,,,,,,PR_ADDED: 0,PR_REMOVED: 0,COMMIT_ADDED: 4228,COMMIT_REMOVED: 495,APPROVED: 0,COMMENTED: 0,DECLINED: 0,MERGED: 0,OPENED: 0,RESCOPED: 0,UNAPPROVED: 0,UPDATED: 0,,,

Overall Totals,,,,,,PR_ADDED: 1963,PR_REMOVED: 676,COMMIT_ADDED: 4230,COMMIT_REMOVED: 497,APPROVED: 0,COMMENTED: 0,DECLINED: 0,MERGED: 1,OPENED: 1,RESCOPED: 0,UNAPPROVED: 0,UPDATED: 0,,,
