SPRINT,START_DATE,END_DATE,TICKET,PR_ID,USER,PR_ADDED,PR_REMOVED,COMMIT_ADDED,COMMIT_REMOVED,APPROVED,COMMENTED,DECLINED,MERGED,OPENED,RESCOPED,UNAPPROVED,UPDATED,AUTHOR,COMMENTS,COMMIT_MESSAGES
WOW - S7 (30 Mar - 12Apr) 33,2023/03/30,2023/04/12,WEBINAR-4958,5506,QTP Man,4353,5647,0,0,0,0,0,0,0,0,0,0,QTP Man,,
WOW - S7 (30 Mar - 12Apr) 33,2023/03/30,2023/04/12,WEBINAR-6036,10210,QTP Man,6641,3359,0,0,0,0,0,0,0,0,0,0,QTP Man,,
WOW - S7 (30 Mar - 12Apr) 33,2023/03/30,2023/04/12,WEBINAR-6036,10458,QTP Man,6490,3510,0,0,0,0,0,0,0,0,0,0,QTP Man,,
WOW - S7 (30 Mar - 12Apr) 33,2023/03/30,2023/04/12,WEBINAR-6036,10567,QTP Man,6623,3377,0,0,0,0,0,0,0,0,0,0,QTP Man,,
WOW - S7 (30 Mar - 12Apr) 33,2023/03/30,2023/04/12,WEBINAR-6036,10568,QTP Man,6623,3377,0,0,0,0,0,0,0,0,0,0,QTP Man,,
WOW - S7 (30 Mar - 12Apr) 33,2023/03/30,2023/04/12,WEBINAR-6036,10614,QTP Man,6623,3377,0,0,0,0,0,0,0,0,0,0,QTP Man,,
Sprint Totals,,,,,,PR_ADDED: 37353,PR_REMOVED: 22647,COMMIT_ADDED: 0,COMMIT_REMOVED: 0,APPROVED: 0,COMMENTED: 0,DECLINED: 0,MERGED: 0,OPENED: 0,RESCOPED: 0,UNAPPROVED: 0,UPDATED: 0,,,

WOW - S8 (13 - 26 Apr),2023/04/13,2023/04/26,WEBINAR-6335,10210,QTP Man,6641,3359,0,0,0,0,0,0,0,0,0,0,QTP Man,,
WOW - S8 (13 - 26 Apr),2023/04/13,2023/04/26,WEBINAR-6335,10458,QTP Man,6490,3510,0,0,0,0,0,0,0,0,0,0,QTP Man,,
WOW - S8 (13 - 26 Apr),2023/04/13,2023/04/26,WEBINAR-6335,10567,QTP Man,6623,3377,0,0,0,0,0,0,0,0,0,0,QTP Man,,
WOW - S8 (13 - 26 Apr),2023/04/13,2023/04/26,WEBINAR-6335,10568,QTP Man,6623,3377,0,0,0,0,0,0,0,0,0,0,QTP Man,,
WOW - S8 (13 - 26 Apr),2023/04/13,2023/04/26,WEBINAR-6335,10614,QTP Man,6623,3377,0,0,0,0,0,0,0,0,0,0,QTP Man,,
Sprint Totals,,,,,,PR_ADDED: 33000,PR_REMOVED: 17000,COMMIT_ADDED: 0,COMMIT_REMOVED: 0,APPROVED: 0,COMMENTED: 0,DECLINED: 0,MERGED: 0,OPENED: 0,RESCOPED: 0,UNAPPROVED: 0,UPDATED: 0,,,

Overall Totals,,,,,,PR_ADDED: 70353,PR_REMOVED: 39647,COMMIT_ADDED: 0,COMMIT_REMOVED: 0,APPROVED: 0,COMMENTED: 0,DECLINED: 0,MERGED: 0,OPENED: 0,RESCOPED: 0,UNAPPROVED: 0,UPDATED: 0,,,
