SPRINT,START_DATE,END_DATE,TICKET,PR_ID,USER,PR_ADDED,PR_REMOVED,COMMIT_ADDED,COMMIT_REMOVED,APPROVED,COMMENTED,DECLINED,MERGED,OPENED,RESCOPED,UNAPPROVED,UPDATED,AUTHOR,COMMENTS,COMMIT_MESSAGES
WOW - S7 (30 Mar - 12Apr) 33,2023/03/30,2023/04/12,WEBINAR-4958,148182,APandit,0,0,7,7,0,0,0,0,0,0,0,0,A.Vankar,,"1. [FLEX-87788]: Add sql file to insert magic link datatags into LU_EMAIL_TAG
2. FLEX-87788: Re-create Lookup change"
Sprint Totals,,,,,,PR_ADDED: 0,PR_REMOVED: 0,COMMIT_ADDED: 7,COMMIT_REMOVED: 7,APPROVED: 0,COMMENTED: 0,DECLINED: 0,MERGED: 0,OPENED: 0,RESCOPED: 0,UNAPPROVED: 0,UPDATED: 0,,,

WOW - S8 (13 - 26 Apr),2023/04/13,2023/04/26,WEBINAR-7051,148692,APandit,887,458,0,0,0,0,0,0,0,0,0,0,APandit,,
Sprint Totals,,,,,,PR_ADDED: 887,PR_REMOVED: 458,COMMIT_ADDED: 0,COMMIT_REMOVED: 0,APPROVED: 0,COMMENTED: 0,DECLINED: 0,MERGED: 0,OPENED: 0,RESCOPED: 0,UNAPPROVED: 0,UPDATED: 0,,,

Q2 -WOW - S9 (27 - 10 May) -33,2023/04/27,2023/05/10,PROD-166432,148824,APandit,0,0,9,6,0,0,0,0,0,0,0,0,Sagar.Patel,,"1. FLEX-88383: Inject writing assitant URL into designers
2. FLEX-88383: Inject writing assitant URL into designers
3. FLEX-88383: Inject writing assitant URL into designers"
Sprint Totals,,,,,,PR_ADDED: 0,PR_REMOVED: 0,COMMIT_ADDED: 9,COMMIT_REMOVED: 6,APPROVED: 0,COMMENTED: 0,DECLINED: 0,MERGED: 0,OPENED: 0,RESCOPED: 0,UNAPPROVED: 0,UPDATED: 0,,,

Overall Totals,,,,,,PR_ADDED: 887,PR_REMOVED: 458,COMMIT_ADDED: 16,COMMIT_REMOVED: 13,APPROVED: 0,COMMENTED: 0,DECLINED: 0,MERGED: 0,OPENED: 0,RESCOPED: 0,UNAPPROVED: 0,UPDATED: 0,,,
