SPRINT,START_DATE,END_DATE,TICKET,PR_ID,USER,PR_ADDED,PR_REMOVED,COMMIT_ADDED,COMMIT_REMOVED,APPROVED,COMMENTED,DECLINED,MERGED,OPENED,RESCOPED,UNAPPROVED,UPDATED,AUTHOR,COMMENTS,COMMIT_MESSAGES
Sprint Hagen Daz,2023/04/11,2023/04/25,PROD-164090,12567,DSeal,0,0,0,0,1,0,0,0,0,0,0,0,JWalsh,,
Sprint Hagen Daz,2023/04/11,2023/04/25,PROD-164090,12603,DSeal,4051,1820,0,0,0,0,0,0,0,0,0,0,DSeal,,
Sprint Totals,,,,,,PR_ADDED: 4051,PR_REMOVED: 1820,COMMIT_ADDED: 0,COMMIT_REMOVED: 0,APPROVED: 1,COMMENTED: 0,DECLINED: 0,MERGED: 0,OPENED: 0,RESCOPED: 0,UNAPPROVED: 0,UPDATED: 0,,,

Wizards - Sprint Kinder Joy,2023/05/23,2023/06/06,PROD-158351,12198,DSeal,0,0,0,0,0,0,0,0,0,0,0,0,JWalsh,,
Wizards - Sprint Kinder Joy,2023/05/23,2023/06/06,PROD-158351,12341,DSeal,0,0,0,0,0,0,0,0,0,0,0,0,MPleasant,,
Wizards - Sprint Kinder Joy,2023/05/23,2023/06/06,PROD-158351,12525,DSeal,0,0,0,0,0,0,0,0,0,0,0,0,MMuqsit,,
Sprint Totals,,,,,,PR_ADDED: 0,PR_REMOVED: 0,COMMIT_ADDED: 0,COMMIT_REMOVED: 0,APPROVED: 0,COMMENTED: 0,DECLINED: 0,MERGED: 0,OPENED: 0,RESCOPED: 0,UNAPPROVED: 0,UPDATED: 0,,,

Wizards - Sprint Leche Flan,2023/06/06,2023/06/20,PROD-158351,12198,DSeal,0,0,0,0,0,0,0,0,0,0,0,0,JWalsh,,
Wizards - Sprint Leche Flan,2023/06/06,2023/06/20,PROD-158351,12341,DSeal,0,0,0,0,0,0,0,0,0,0,0,0,MPleasant,,
Wizards - Sprint Leche Flan,2023/06/06,2023/06/20,PROD-158351,12525,DSeal,0,0,0,0,0,0,0,0,0,0,0,0,MMuqsit,,
Sprint Totals,,,,,,PR_ADDED: 0,PR_REMOVED: 0,COMMIT_ADDED: 0,COMMIT_REMOVED: 0,APPROVED: 0,COMMENTED: 0,DECLINED: 0,MERGED: 0,OPENED: 0,RESCOPED: 0,UNAPPROVED: 0,UPDATED: 0,,,

Wizards - Sprint Muffin,2023/06/20,2023/07/05,PROD-158351,12198,DSeal,0,0,0,0,0,0,0,0,0,0,0,0,JWalsh,,
Wizards - Sprint Muffin,2023/06/20,2023/07/05,PROD-158351,12341,DSeal,0,0,0,0,0,0,0,0,0,0,0,0,MPleasant,,
Wizards - Sprint Muffin,2023/06/20,2023/07/05,PROD-158351,12525,DSeal,0,0,0,0,0,0,0,0,0,0,0,0,MMuqsit,,
Sprint Totals,,,,,,PR_ADDED: 0,PR_REMOVED: 0,COMMIT_ADDED: 0,COMMIT_REMOVED: 0,APPROVED: 0,COMMENTED: 0,DECLINED: 0,MERGED: 0,OPENED: 0,RESCOPED: 0,UNAPPROVED: 0,UPDATED: 0,,,

Overall Totals,,,,,,PR_ADDED: 4051,PR_REMOVED: 1820,COMMIT_ADDED: 0,COMMIT_REMOVED: 0,APPROVED: 1,COMMENTED: 0,DECLINED: 0,MERGED: 0,OPENED: 0,RESCOPED: 0,UNAPPROVED: 0,UPDATED: 0,,,
