SPRINT,START_DATE,END_DATE,TICKET,PR_ID,USER,PR_ADDED,PR_REMOVED,COMMIT_ADDED,COMMIT_REMOVED,APPROVED,COMMENTED,DECLINED,MERGED,OPENED,RESCOPED,UNAPPROVED,UPDATED,AUTHOR,COMMENTS,COMMIT_MESSAGES
Krypto Q2 23' S1 (8w 3d),2023/04/05,2023/04/19,PROD-164396,12559,NSaliu,1901,1520,0,0,0,0,0,1,1,0,0,0,NSaliu,,
Krypto Q2 23' S1 (8w 3d),2023/04/05,2023/04/19,PROD-164396,12560,NSaliu,1901,1520,0,0,0,0,0,1,1,0,0,0,NSaliu,,"1. Pull request #12559: Master to Rb - Apr 18  Merge in REP/reporting-content from masterToRbApr18 to release-beta  * commit 'd99b5a15c49552debd1f5c1d60d84483c0f8cbb3': (40 commits)    PROD-163530: replaced showLoopedInstances to showLoopedChapterInstancesWithScoring  from r_a_d alias criteria    PROD-163530: replaced r_a_d.showLoopedInstances with r_a_d.showLoopedChapterInstancesWithScoring for reports using CROSS_SURVEY_RESPONDENT_ANSWER_DUMP DS    PROD-165093:Updated config file    PROD-161820: move PollsByQuestion, AnswerSummaryByPoll, and AnswerSummaryBySession entities to async from sync    CSNALL-59812 missed widget visual issues    PROD-164090: remove join causing duplicate rows in discussion participant over time report    PROD-162432: increasing event query limit to 1000 from default 200    SMM-49960:added my changes back    PROD-164396: update Reports to use Timezone fields for Appointment event start and end time    HUB-89396 : Show appointment-event start and appointment-event end time as per the timezone    NA-0:remove changes    GROUP-88997 Hotels are able to download RL/Delegate list before Reservation Access Date    PROD-144900 : Passing the experiment features value    PROD-163653: Removed pdf Export For Onsite T&C Report    PROD-160991 : Added limit 10000 for rfpOrganizationQuery    PROD-162530 : Fix issue with Poll reporting sorting functionality    PROD-163970:added check for new survey to show legacy survey report    HUB-94411: Added support to show link for Linked event name    Revert ""Pull request #12482: PROD-160991 : Removed limit 200 on rfpOrganizationQuery""    Revert ""HUB-93011: Revert 'Pull request #12486: Release HUB-93011'. This reverts commit 7daaec0ce0d8cf47d5b1f7f4ae4839c760b0c95c""    ..."
Sprint Totals,,,,,,PR_ADDED: 3802,PR_REMOVED: 3040,COMMIT_ADDED: 0,COMMIT_REMOVED: 0,APPROVED: 0,COMMENTED: 0,DECLINED: 0,MERGED: 2,OPENED: 2,RESCOPED: 0,UNAPPROVED: 0,UPDATED: 0,,,

Krypto Q2 23' S4 (10w 1d),2023/05/18,2023/06/01,PROD-167055,12742,NSaliu,8080,1920,0,0,0,0,0,0,0,0,0,0,NSaliu,,
Sprint Totals,,,,,,PR_ADDED: 8080,PR_REMOVED: 1920,COMMIT_ADDED: 0,COMMIT_REMOVED: 0,APPROVED: 0,COMMENTED: 0,DECLINED: 0,MERGED: 0,OPENED: 0,RESCOPED: 0,UNAPPROVED: 0,UPDATED: 0,,,

Overall Totals,,,,,,PR_ADDED: 11882,PR_REMOVED: 4960,COMMIT_ADDED: 0,COMMIT_REMOVED: 0,APPROVED: 0,COMMENTED: 0,DECLINED: 0,MERGED: 2,OPENED: 2,RESCOPED: 0,UNAPPROVED: 0,UPDATED: 0,,,
