SPRINT,START_DATE,END_DATE,TICKET,PR_ID,USER,PR_ADDED,PR_REMOVED,COMMIT_ADDED,COMMIT_REMOVED,APPROVED,COMMENTED,DECLINED,MERGED,OPENED,RESCOPED,UNAPPROVED,UPDATED,AUTHOR,COMMENTS,COMMIT_MESSAGES
Snx-Haaldersbroekerdwarsstraat,2023/04/13,2023/04/26,HUB-72802,9087,ACheng,4711,1559,9,2,0,0,0,1,1,0,0,0,ACheng,,"1. update appFeatures
2. HUB-96468: Prepare next release 2.12.0"
Snx-Haaldersbroekerdwarsstraat,2023/04/13,2023/04/26,HUB-75721,1443,ACheng,0,0,298,343,0,0,0,0,0,0,0,0,Vivek.Bharti,,"1. RELEASING: Releasing 3 package(s)  Releases:    @cvent/attendee-experience-builder-cdk@1.98.0    @cvent/automation-mobile-app-builder@0.43.0    @cvent/mobile-app-builder@1.98.0  [skip ci]
2. HUB-85505: fix determining mood based on constant
3. revert changing moodTheme value
4. HUB-85505: add a new nav item for MoodThemeView"
Snx-Haaldersbroekerdwarsstraat,2023/04/13,2023/04/26,HUB-80482,9087,ACheng,4711,1559,0,0,0,0,0,0,0,0,0,0,ACheng,,
Snx-Haaldersbroekerdwarsstraat,2023/04/13,2023/04/26,HUB-85544,3486,ACheng,0,0,0,0,0,0,0,0,0,0,0,0,ABadlia,,1. Merge remote-tracking branch 'origin/master' into downmerge/2.8.0
Snx-Haaldersbroekerdwarsstraat,2023/04/13,2023/04/26,HUB-91602,9087,ACheng,4711,1559,0,0,0,0,0,0,0,0,0,0,ACheng,,
Snx-Haaldersbroekerdwarsstraat,2023/04/13,2023/04/26,HUB-92413,9087,ACheng,4711,1559,0,0,0,0,0,0,0,0,0,0,ACheng,,
Snx-Haaldersbroekerdwarsstraat,2023/04/13,2023/04/26,HUB-92751,9087,ACheng,4711,1559,0,0,0,0,0,0,0,0,0,0,ACheng,,
Snx-Haaldersbroekerdwarsstraat,2023/04/13,2023/04/26,HUB-96985,3506,ACheng,0,0,35,6,0,0,0,0,0,0,0,0,CEkrut,,"1. HUB-94903: Return registration:true in getEventFeatures for non container events
2. create separate fixture for container event"
Snx-Haaldersbroekerdwarsstraat,2023/04/13,2023/04/26,HUB-80486,9219,ACheng,0,0,88,48,0,0,0,0,0,0,0,0,Subratkumar.Sahoo,,"1. HUB-94903: fix attendee list e2e tests to update filter positions
2. use one expect per it block"
Sprint Totals,,,,,,PR_ADDED: 23555,PR_REMOVED: 7795,COMMIT_ADDED: 430,COMMIT_REMOVED: 399,APPROVED: 0,COMMENTED: 0,DECLINED: 0,MERGED: 1,OPENED: 1,RESCOPED: 0,UNAPPROVED: 0,UPDATED: 0,,,

Snax - Idiotville (4/27-5/10),2023/04/27,2023/05/10,HUB-80480,9219,ACheng,0,0,58,281,0,0,0,0,0,0,0,0,Subratkumar.Sahoo,,"1. Merge branch 'develop' of ssh://stash.cvent.net:7999/ax/attendee-experience-web into hub-94903
2. HUB-94903: remove attendeeListRecommendedFilter feature flag and clean up/update tests
3. fix lint
4. remove extra changeset
5. PROD:165840: update changeset
6. Merge branch 'develop' of ssh://stash.cvent.net:7999/ax/attendee-experience-web into hub-94903
7. Merge branch 'develop' of ssh://stash.cvent.net:7999/ax/attendee-experience-web into hub-94903
8. HUB-94903: fix tests
9. Pull request #9186: HUB-94903: remove attendeeListRecommendedFilter feature flag and clean up/update tests  Merge in AX/attendee-experience-web from hub-94903 to develop  * commit 'ee824fc5d115ee0a0b667cc80f78c100552d1362':    HUB-94903: fix tests    PROD:165840: update changeset    remove extra changeset    fix lint    HUB-94903: remove attendeeListRecommendedFilter feature flag and clean up/update tests    use one expect per it block    HUB-94903: fix attendee list e2e tests to update filter positions"
Sprint Totals,,,,,,PR_ADDED: 0,PR_REMOVED: 0,COMMIT_ADDED: 58,COMMIT_REMOVED: 281,APPROVED: 0,COMMENTED: 0,DECLINED: 0,MERGED: 0,OPENED: 0,RESCOPED: 0,UNAPPROVED: 0,UPDATED: 0,,,

Snax - Jerrys Nose (5/11-5/24),2023/05/11,2023/05/25,HUB-80485,9354,ACheng,0,0,841,145,0,0,0,0,0,0,0,0,JMcGough,,"1. HUB-98570: restructure code, add phrase keys, fix styling, write tests
2. HUB-99256: add leave prevention modal for messaging page
3. add accessibility label to dismiss attendee from attendee search box
4. add changeset
5. use phrase keys, fix leave modal when one attendee is selected by not updating query param when getting first attendee channel
6. fix test
7. remove wrapping error object
8. Pull request #9339: HUB-98570 and HUB-99256: add new step in message creation process and add leave prevention modal on messaging page  Merge in AX/attendee-experience-web from hub-99256 to develop  * commit '5fed12b502bccae349ed0559e287f5ca8102ed0d':    remove wrapping error object    fix test    use phrase keys, fix leave modal when one attendee is selected by not updating query param when getting first attendee channel    add changeset    add accessibility label to dismiss attendee from attendee search box    HUB-99256: add leave prevention modal for messaging page    HUB-98570: restructure code, add phrase keys, fix styling, write tests"
Sprint Totals,,,,,,PR_ADDED: 0,PR_REMOVED: 0,COMMIT_ADDED: 841,COMMIT_REMOVED: 145,APPROVED: 0,COMMENTED: 0,DECLINED: 0,MERGED: 0,OPENED: 0,RESCOPED: 0,UNAPPROVED: 0,UPDATED: 0,,,

Snax - Sprint Kickapoo,2023/05/25,2023/06/07,HUB-101238,9551,ACheng,0,0,0,0,0,0,0,0,0,0,0,0,MGangani,,
Sprint Totals,,,,,,PR_ADDED: 0,PR_REMOVED: 0,COMMIT_ADDED: 0,COMMIT_REMOVED: 0,APPROVED: 0,COMMENTED: 0,DECLINED: 0,MERGED: 0,OPENED: 0,RESCOPED: 0,UNAPPROVED: 0,UPDATED: 0,,,

Snax - Las Vegas,2023/06/08,2023/06/22,HUB-87193,9507,ACheng,0,0,9,1,0,0,0,0,0,0,0,0,GStarr,,"1. HUB-100757: use publicRuntimeConfig.ENVIRONMENT_NAME as fallback when searching for channels by user ids from Stream since environment from appProps is blank in production
2. Pull request #9491: HUB-100757: use publicRuntimeConfig.ENVIRONMENT_NAME as fallback when searching for channels by user ids from Stream since environment from appProps is blank in production  Merge in AX/attendee-experience-web from hub-100757-prod-env to develop  * commit '5e38d3a9b185ce2e96e8147d28428dd77bb21286':    HUB-100757: use publicRuntimeConfig.ENVIRONMENT_NAME as fallback when searching for channels by user ids from Stream since environment from appProps is blank in production"
Snax - Las Vegas,2023/06/08,2023/06/22,HUB-97243,1560,ACheng,0,0,18,0,0,0,0,0,0,0,0,0,MGangani,,"1. HUB-83811: fix some accessibility issues with home page cards and quick link modal
2. add role to list item
3. Pull request #1534: HUB-83811: fix some accessibility issues with home page cards and quick link modal  Merge in AX/attendee-experience-builder from hub-83811 to develop  * commit 'cbda74c681c92b50d9ee8d0ec4220843b2826961':    add role to list item    HUB-83811: fix some accessibility issues with home page cards and quick link modal"
Snax - Las Vegas,2023/06/08,2023/06/22,HUB-101238,9551,ACheng,0,0,1309,1302,0,0,0,0,0,1,0,0,MGangani,,"1. HUB-91408: release attendeeMessagingV2 in version 73, fix bug with stream filter being too complex when querying for existing channel with attendees
2. HUB-91408: split out createMessagingChannel into its own hook
3. Pull request #9533: HUB-91408: release attendeeMessagingV2 in version 73, fix bug with stream filter being too complex when querying for existing channel with attendees  Merge in AX/attendee-experience-web from hub-91408-fix to develop  * commit 'e339c3f5d50959d45ceffee21bc35325fce55596':    HUB-91408: split out createMessagingChannel into its own hook    HUB-91408: release attendeeMessagingV2 in version 73, fix bug with stream filter being too complex when querying for existing channel with attendees
4. HUB-91408: disable attendee-messaging v1 e2e tests when attendeeMessagingV2 feature is on, fix e2es, add some changes made to v1 but not v2
5. revert updating GET_ATTENDEE query in Messaging.js in v2
6. Pull request #9558: HUB-91408: disable attendee-messaging v1 e2e tests when attendeeMessagingV2 feature is on, fix e2es, add some changes made to v1 but not v2  Merge in AX/attendee-experience-web from hub-91408-fix-e2e to release/2.21.0  * commit '01e07280520e0749507b464744265d8dba25c73f':    revert updating GET_ATTENDEE query in Messaging.js in v2    HUB-91408: disable attendee-messaging v1 e2e tests when attendeeMessagingV2 feature is on, fix e2es, add some changes made to v1 but not v2"
Snax - Las Vegas,2023/06/08,2023/06/22,HUB-101440,9618,ACheng,0,0,357,4,0,0,0,0,0,0,0,0,SSimpson,,"1. HUB-99846: handle url as custom page
2. add new fields of custom page settings to getAttendeeHubConfig"
Snax - Las Vegas,2023/06/08,2023/06/22,HUB-101099,9551,ACheng,0,0,0,0,0,0,0,0,0,0,0,0,MGangani,,
Sprint Totals,,,,,,PR_ADDED: 0,PR_REMOVED: 0,COMMIT_ADDED: 1693,COMMIT_REMOVED: 1307,APPROVED: 0,COMMENTED: 0,DECLINED: 0,MERGED: 0,OPENED: 0,RESCOPED: 1,UNAPPROVED: 0,UPDATED: 0,,,

Overall Totals,,,,,,PR_ADDED: 23555,PR_REMOVED: 7795,COMMIT_ADDED: 3022,COMMIT_REMOVED: 2132,APPROVED: 0,COMMENTED: 0,DECLINED: 0,MERGED: 1,OPENED: 1,RESCOPED: 1,UNAPPROVED: 0,UPDATED: 0,,,
