SPRINT,START_DATE,END_DATE,TICKET,PR_ID,USER,PR_ADDED,PR_REMOVED,COMMIT_ADDED,COMMIT_REMOVED,APPROVED,COMMENTED,DECLINED,MERGED,OPENED,RESCOPED,UNAPPROVED,UPDATED,AUTHOR,COMMENTS,COMMIT_MESSAGES
Krypto Q2 23' S2 (10w 1d),2023/04/19,2023/05/03,PROD-165626,148416,qtpman,2973,705,0,0,0,0,0,0,1,0,0,0,qtpman,,
Sprint Totals,,,,,,PR_ADDED: 2973,PR_REMOVED: 705,COMMIT_ADDED: 0,COMMIT_REMOVED: 0,APPROVED: 0,COMMENTED: 0,DECLINED: 0,MERGED: 0,OPENED: 1,RESCOPED: 0,UNAPPROVED: 0,UPDATED: 0,,,

Overall Totals,,,,,,PR_ADDED: 2973,PR_REMOVED: 705,COMMIT_ADDED: 0,COMMIT_REMOVED: 0,APPROVED: 0,COMMENTED: 0,DECLINED: 0,MERGED: 0,OPENED: 1,RESCOPED: 0,UNAPPROVED: 0,UPDATED: 0,,,
