SPRINT,START_DATE,END_DATE,TICKET,PR_ID,USER,PR_ADDED,PR_REMOVED,COMMIT_ADDED,COMMIT_REMOVED,APPROVED,COMMENTED,DECLINED,MERGED,OPENED,RESCOPED,UNAPPROVED,UPDATED,AUTHOR,COMMENTS,COMMIT_MESSAGES
Quasar: J'23 (May 11- May 24),2023/05/11,2023/05/24,PROD-162137,149559,Kritika.Gupta,0,0,98,86,0,0,0,0,0,0,0,0,P.Ahuja,,"1. PROD-167653:SP tuned
2. PROD-167653:SP tuned
3. PROD-167653:SP tuned"
Quasar: J'23 (May 11- May 24),2023/05/11,2023/05/24,WEBINAR-8857,150542,Kritika.Gupta,5024,2919,0,0,0,0,0,0,0,0,0,0,Kritika.Gupta,,
Quasar: J'23 (May 11- May 24),2023/05/11,2023/05/24,WEBINAR-8857,150770,Kritika.Gupta,6111,3019,0,0,0,0,0,0,0,0,0,0,Kritika.Gupta,,
Sprint Totals,,,,,,PR_ADDED: 11135,PR_REMOVED: 5938,COMMIT_ADDED: 98,COMMIT_REMOVED: 86,APPROVED: 0,COMMENTED: 0,DECLINED: 0,MERGED: 0,OPENED: 0,RESCOPED: 0,UNAPPROVED: 0,UPDATED: 0,,,

Overall Totals,,,,,,PR_ADDED: 11135,PR_REMOVED: 5938,COMMIT_ADDED: 98,COMMIT_REMOVED: 86,APPROVED: 0,COMMENTED: 0,DECLINED: 0,MERGED: 0,OPENED: 0,RESCOPED: 0,UNAPPROVED: 0,UPDATED: 0,,,
